SK_ID_CURR,TARGET,NAME_CONTRACT_TYPE,CODE_GENDER,FLAG_OWN_CAR,FLAG_OWN_REALTY,CNT_CHILDREN,AMT_INCOME_TOTAL,AMT_CREDIT,AMT_GOODS_PRICE,AMT_ANNUITY,NAME_TYPE_SUITE,NAME_INCOME_TYPE,NAME_EDUCATION_TYPE,NAME_FAMILY_STATUS,NAME_HOUSING_TYPE,REGION_POPULATION_RELATIVE,DAYS_BIRTH,DAYS_EMPLOYED,DAYS_REGISTRATION,DAYS_ID_PUBLISH,OWN_CAR_AGE,FLAG_MOBIL,FLAG_EMP_PHONE,FLAG_WORK_PHONE,FLAG_CONT_MOBILE,FLAG_PHONE,FLAG_EMAIL,OCCUPATION_TYPE,CNT_FAM_MEMBERS,REGION_RATING_CLIENT,REGION_RATING_CLIENT_W_CITY,WEEKDAY_APPR_PROCESS_START,HOUR_APPR_PROCESS_START,REG_REGION_NOT_LIVE_REGION,REG_REGION_NOT_WORK_REGION,LIVE_REGION_NOT_WORK_REGION,REG_CITY_NOT_LIVE_CITY,REG_CITY_NOT_WORK_CITY,LIVE_CITY_NOT_WORK_CITY,ORGANIZATION_TYPE,EXT_SOURCE_1,EXT_SOURCE_2,EXT_SOURCE_3,APARTMENTS_AVG,APARTMENTS_MODE,APARTMENTS_MEDI,BASEMENTAREA_AVG,BASEMENTAREA_MODE,BASEMENTAREA_MEDI,YEARS_BEGINEXPLUATATION_AVG,YEARS_BEGINEXPLUATATION_MODE,YEARS_BEGINEXPLUATATION_MEDI,YEARS_BUILD_AVG,YEARS_BUILD_MODE,YEARS_BUILD_MEDI,COMMONAREA_AVG,COMMONAREA_MODE,COMMONAREA_MEDI,ELEVATORS_AVG,ELEVATORS_MODE,ELEVATORS_MEDI,ENTRANCES_AVG,ENTRANCES_MODE,ENTRANCES_MEDI,FLOORSMAX_AVG,FLOORSMAX_MODE,FLOORSMAX_MEDI,FLOORSMIN_AVG,FLOORSMIN_MODE,FLOORSMIN_MEDI,LANDAREA_AVG,LANDAREA_MODE,LANDAREA_MEDI,LIVINGAPARTMENTS_AVG,LIVINGAPARTMENTS_MODE,LIVINGAPARTMENTS_MEDI,LIVINGAREA_AVG,LIVINGAREA_MODE,LIVINGAREA_MEDI,NONLIVINGAPARTMENTS_AVG,NONLIVINGAPARTMENTS_MODE,NONLIVINGAPARTMENTS_MEDI,NONLIVINGAREA_AVG,NONLIVINGAREA_MODE,NONLIVINGAREA_MEDI,FONDKAPREMONT_MODE,HOUSETYPE_MODE,TOTALAREA_MODE,WALLSMATERIAL_MODE,EMERGENCYSTATE_MODE,OBS_30_CNT_SOCIAL_CIRCLE,DEF_30_CNT_SOCIAL_CIRCLE,OBS_60_CNT_SOCIAL_CIRCLE,DEF_60_CNT_SOCIAL_CIRCLE,DAYS_LAST_PHONE_CHANGE,FLAG_DOCUMENT_2,FLAG_DOCUMENT_3,FLAG_DOCUMENT_4,FLAG_DOCUMENT_5,FLAG_DOCUMENT_6,FLAG_DOCUMENT_7,FLAG_DOCUMENT_8,FLAG_DOCUMENT_9,FLAG_DOCUMENT_10,FLAG_DOCUMENT_11,FLAG_DOCUMENT_12,FLAG_DOCUMENT_13,FLAG_DOCUMENT_14,FLAG_DOCUMENT_15,FLAG_DOCUMENT_16,FLAG_DOCUMENT_17,FLAG_DOCUMENT_18,FLAG_DOCUMENT_19,FLAG_DOCUMENT_20,FLAG_DOCUMENT_21,AMT_REQ_CREDIT_BUREAU_HOUR,AMT_REQ_CREDIT_BUREAU_DAY,AMT_REQ_CREDIT_BUREAU_WEEK,AMT_REQ_CREDIT_BUREAU_MON,AMT_REQ_CREDIT_BUREAU_QRT,AMT_REQ_CREDIT_BUREAU_YEAR
100001,0,Cash loans,F,N,Y,0,63000.0,94500.0,90000.0,3000.0,Children,Pensioner,Secondary / secondary special,Married,House / apartment,0.013077,-20800,365243,-1360.0,-4993,,1,0,1,1,0,0,Cleaning staff,2.0,2,2,THURSDAY,8,0,0,0,0,0,0,Business Entity Type 3,,0.711047,0.484758,0.8205,0.8182,0.8649,0.8748,0.8748,0.8749,0.4653,0.4539,0.4619,0.3978,0.3863,0.3828,0.5,0.5145,0.5085,0.6946,0.6565,0.7048,0.6376,0.63,0.5912,0.9077,0.8273,0.8585,0.4658,0.4662,0.4871,0.4643,0.448,0.5081,0.8189,0.7583,0.7788,0.712,0.6558,0.6797,0.6627,0.6445,0.6689,0.5243,0.5344,0.5457,,block of flats,,Panel,No,1.0,0.0,1.0,0.0,-749.0,0,1,0,0,0,0,0,0,0,0,0,0,0,0,0,0,0,0,0,0,0.0,0.0,0.0,0.0,0.0,1.0
100002,0,Cash loans,F,N,Y,0,337500.0,1728000.0,1458000.0,57000.0,Unaccompanied,Commercial associate,Secondary / secondary special,Civil marriage,House / apartment,0.024418,-11144,-717,-1056.0,-4270,,1,1,0,1,0,0,IT staff,1.0,2,2,MONDAY,10,0,0,0,0,0,0,Construction,,0.599576,0.455227,0.5707,0.5938,0.6053,0.5162,0.5111,0.546,0.3728,0.3967,0.4015,0.5505,0.5304,0.5621,0.2649,0.2794,0.2891,0.4035,0.4509,0.3943,0.2368,0.2234,0.2955,0.3349,0.3823,0.3644,0.5706,0.5944,0.597,0.531,0.5033,0.5226,0.5341,0.5089,0.5348,0.2996,0.3375,0.3088,0.4947,0.4567,0.5208,0.3021,0.2714,0.3033,,block of flats,,,No,2.0,0.0,2.0,0.0,-3863.0,0,0,0,0,0,0,0,0,0,0,0,0,0,0,0,0,0,0,0,0,1.0,0.0,0.0,0.0,0.0,0.0
100003,0,Cash loans,F,N,Y,0,256500.0,2029500.0,1597500.0,57000.0,Unaccompanied,State servant,Secondary / secondary special,Married,Rented apartment,0.036327,-8123,-1548,-188.0,-1807,,1,1,0,1,0,0,Managers,2.0,3,3,TUESDAY,18,0,0,0,0,0,1,Business Entity Type 3,0.299192,0.595699,,0.6225,0.6084,0.6147,0.6161,0.6101,0.6016,0.6443,0.6679,0.6881,0.423,0.4629,0.4392,0.5598,0.6079,0.5865,0.3488,0.3667,0.3929,0.5826,0.5779,0.5824,0.636,0.5749,0.5884,0.377,0.3358,0.3814,0.3389,0.2871,0.3246,0.5416,0.5147,0.5437,0.6365,0.6038,0.6261,0.5013,0.5403,0.5182,0.3607,0.3823,0.3533,,block of flats,,Panel,,4.0,0.0,4.0,0.0,-485.0,0,0,0,0,0,0,0,0,0,0,0,0,0,0,0,0,0,0,0,0,0.0,0.0,0.0,,0.0,2.0
100004,0,Cash loans,M,N,Y,3,180000.0,963000.0,778500.0,53000.0,Unaccompanied,Commercial associate,Secondary / secondary special,Civil marriage,House / apartment,0.03031,-8734,-2160,-336.0,-2697,,1,1,0,1,0,0,Laborers,5.0,2,2,WEDNESDAY,8,0,0,0,1,0,1,Self-employed,,0.469342,0.591465,0.4428,0.4799,0.4617,0.3409,0.3132,0.3406,0.3695,0.3696,0.3766,0.4089,0.4017,0.4657,0.6422,0.6197,0.6087,0.3305,0.3337,0.3439,0.6669,0.6403,0.7019,0.6729,0.6315,0.6609,0.4155,0.4303,0.4332,0.5607,0.5673,0.5477,0.5928,0.6037,0.5661,0.4964,0.505,0.5086,0.2956,0.3148,0.3403,0.3906,0.4339,0.4003,,block of flats,,,,4.0,0.0,4.0,0.0,-3720.0,0,1,0,0,0,0,1,0,0,0,0,0,0,0,0,0,0,0,0,0,0.0,0.0,,0.0,0.0,1.0
100005,0,Cash loans,M,Y,Y,0,162000.0,436500.0,351000.0,17500.0,Unaccompanied,State servant,Secondary / secondary special,Married,House / apartment,0.035154,-8333,-1758,-1498.0,-2173,,1,1,0,1,1,0,,2.0,2,2,WEDNESDAY,11,0,0,0,1,0,1,Medicine,,0.460825,,0.1565,0.1462,0.1419,0.2139,0.1855,0.2116,0.134,0.0969,0.1785,0.2207,0.261,0.2257,0.193,0.1655,0.1751,0.2404,0.2747,0.2618,0.2426,0.258,0.2685,0.2303,0.2164,0.2409,0.1104,0.1974,0.1777,0.104,0.1448,0.1018,0.1634,0.1214,0.1692,0.2232,0.2364,0.2473,0.1692,0.1455,0.1398,0.1003,0.1184,0.128,reg oper spec account,block of flats,,"Stone, brick",No,0.0,0.0,0.0,0.0,-3684.0,0,1,0,0,1,0,1,0,0,0,0,0,0,0,0,0,0,0,0,0,0.0,0.0,0.0,1.0,0.0,1.0
100006,0,Revolving loans,M,N,N,0,315000.0,792000.0,693000.0,26000.0,Unaccompanied,Working,Secondary / secondary special,Widow,House / apartment,0.045046,-11661,-3963,-1301.0,-2770,,1,1,0,1,0,0,Laborers,1.0,2,2,FRIDAY,10,0,0,0,0,1,0,Business Entity Type 3,,0.25617,,0.5227,0.5462,0.5189,0.4923,0.4783,0.4867,0.4796,0.4795,0.5179,0.2919,0.3296,0.2999,0.346,0.3433,0.3149,0.3455,0.382,0.342,0.5082,0.4921,0.4751,0.2992,0.2629,0.2871,0.3909,0.3382,0.3312,0.3067,0.2828,0.3023,0.3547,0.3287,0.3653,0.2328,0.2788,0.2748,0.4329,0.4158,0.462,0.4206,0.4033,0.4276,reg oper account,block of flats,,,,0.0,0.0,0.0,0.0,-3359.0,0,1,0,0,0,0,0,0,0,0,0,0,0,0,0,0,0,0,0,0,0.0,0.0,0.0,0.0,0.0,1.0
100007,0,Cash loans,F,N,Y,0,288000.0,1323000.0,1228500.0,88000.0,Unaccompanied,Working,Secondary / secondary special,Single / not married,House / apartment,0.022638,-9482,-162,-269.0,-4538,,1,1,1,1,0,0,Managers,2.0,1,1,MONDAY,18,0,1,0,0,0,0,XNA,,0.397705,,0.1704,0.168,0.1808,0.1249,0.1403,0.1028,0.1035,0.0795,0.1167,0.1763,0.2367,0.195,0.1532,0.1034,0.1157,0.1638,0.1244,0.1393,0.1176,0.1436,0.1335,0.1993,0.1593,0.1826,0.2033,0.2294,0.2316,0.1129,0.0926,0.1103,0.1496,0.1637,0.1769,0.074,0.1233,0.1171,0.1957,0.1907,0.2087,0.1542,0.1582,0.1746,,block of flats,,,,1.0,0.0,1.0,0.0,-1581.0,0,1,0,0,0,0,0,0,0,0,0,0,0,0,0,0,0,0,0,0,0.0,0.0,0.0,1.0,1.0,3.0
100008,0,Cash loans,F,N,Y,0,279000.0,999000.0,837000.0,29000.0,Unaccompanied,Pensioner,Secondary / secondary special,Single / not married,House / apartment,0.014086,-23876,365243,-4214.0,-5789,,1,0,0,1,0,0,Sales staff,2.0,1,1,MONDAY,7,0,0,0,0,0,1,XNA,0.302189,0.141508,0.686795,0.2214,0.2779,0.2409,0.247,0.2519,0.2686,0.2524,0.2721,0.2828,0.3029,0.2983,0.3154,0.3061,0.3404,0.3218,0.2253,0.2455,0.1928,0.2226,0.2211,0.2596,0.2314,0.2194,0.2094,0.2088,0.1671,0.198,0.3892,0.3771,0.3538,0.4117,0.3911,0.4084,0.3927,0.3845,0.3863,0.2392,0.2517,0.2668,0.2599,0.2662,0.2481,,,,,,2.0,0.0,2.0,0.0,-4056.0,0,1,0,0,0,0,0,0,0,0,0,0,0,0,0,0,0,0,0,0,0.0,0.0,0.0,0.0,2.0,1.0
100009,0,Cash loans,F,N,Y,0,189000.0,940500.0,760500.0,48500.0,Unaccompanied,Working,Secondary / secondary special,Separated,House / apartment,0.020487,-9773,-3198,-1630.0,-2345,,1,1,0,1,0,0,,1.0,2,2,MONDAY,9,0,0,0,1,0,0,Business Entity Type 3,,0.472257,,0.2847,0.2677,0.2876,0.1915,0.1826,0.1958,0.2071,0.1937,0.1984,0.141,0.1631,0.1398,0.2833,0.3059,0.2815,0.154,0.1193,0.1729,0.1706,0.1928,0.1801,0.1702,0.1683,0.1626,0.1904,0.2336,0.1419,0.1965,0.2071,0.2288,0.1683,0.1721,0.1327,0.1537,0.1563,0.1306,0.2303,0.2202,0.2591,0.2089,0.2519,0.2197,,,0.1664,Panel,,1.0,1.0,1.0,0.0,-2536.0,0,1,0,0,0,0,0,0,0,0,0,0,0,0,0,0,0,0,0,0,0.0,0.0,0.0,2.0,0.0,
100010,0,Cash loans,F,N,N,0,121500.0,661500.0,598500.0,51500.0,Unaccompanied,Working,Secondary / secondary special,Married,House / apartment,0.015155,-8214,-1640,-174.0,-1957,,1,1,1,1,1,0,,2.0,3,3,MONDAY,12,0,0,0,0,0,0,Business Entity Type 3,,0.587335,0.463803,0.5166,0.5053,0.5303,0.5633,0.5449,0.5275,0.4776,0.5096,0.5084,0.4511,0.4668,0.4121,0.5197,0.5482,0.5289,0.3941,0.3573,0.4189,0.6179,0.5787,0.5873,0.71,0.6684,0.6814,0.3026,0.3245,0.2996,0.4177,0.3947,0.3747,0.4582,0.4883,0.4909,0.4387,0.4256,0.4666,0.636,0.5705,0.5731,0.49,0.511,0.4759,,,0.4829,Panel,No,1.0,0.0,1.0,0.0,-1024.0,0,1,0,0,0,0,0,0,0,0,0,0,0,0,0,0,0,0,0,0,0.0,0.0,0.0,1.0,0.0,3.0
100011,0,Cash loans,F,N,Y,0,225000.0,1602000.0,1345500.0,48500.0,Unaccompanied,Pensioner,Secondary / secondary special,Married,With parents,0.0725,-24299,365243,-275.0,-5299,,1,0,1,1,0,0,Private service staff,2.0,2,2,FRIDAY,12,0,0,1,0,0,1,Business Entity Type 3,0.30954,0.459649,0.351241,0.7297,0.7781,0.7432,0.6699,0.6035,0.636,0.3836,0.4224,0.4237,0.8107,0.7947,0.7982,0.8623,0.8123,0.8249,0.7247,0.7927,0.7643,0.3636,0.3646,0.3545,0.6121,0.6002,0.6123,0.6806,0.6624,0.6801,0.828,0.8021,0.8324,0.6232,0.5996,0.6423,0.7459,0.7385,0.7655,0.7351,0.7697,0.7483,0.8245,0.8151,0.8066,,,0.4476,"Stone, brick",,2.0,0.0,2.0,0.0,-1380.0,0,1,0,0,0,0,0,0,0,0,0,0,0,0,0,0,0,0,0,0,,0.0,0.0,0.0,0.0,3.0
100012,0,Revolving loans,F,N,N,1,229500.0,481500.0,432000.0,15500.0,Unaccompanied,Commercial associate,Higher education,Married,House / apartment,0.013441,-19391,-1326,-10586.0,-900,,1,1,1,1,0,0,,3.0,3,3,FRIDAY,16,0,0,0,0,0,0,Business Entity Type 2,,0.627075,,0.3902,0.3822,0.3847,0.5204,0.4998,0.5248,0.5411,0.5268,0.4936,0.505,0.4743,0.4374,0.3579,0.3526,0.3444,0.4002,0.41,0.3811,0.428,0.4133,0.4671,0.2713,0.301,0.3178,0.2472,0.2457,0.2977,0.2256,0.2589,0.2428,0.312,0.326,0.3742,0.2312,0.2497,0.2677,0.3144,0.3266,0.3139,0.4553,0.4259,0.4616,reg oper account,,0.3952,,No,1.0,0.0,1.0,0.0,-315.0,0,0,0,0,1,0,0,0,0,0,0,0,0,0,0,0,0,0,0,0,0.0,0.0,0.0,1.0,0.0,0.0
100013,0,Cash loans,M,N,Y,0,130500.0,576000.0,558000.0,16000.0,Unaccompanied,Working,Higher education,Civil marriage,House / apartment,0.025231,-15559,-6959,-1213.0,-2345,,1,1,0,1,1,0,,2.0,3,3,FRIDAY,15,0,0,0,0,0,0,XNA,,0.583748,0.627315,0.1608,0.1563,0.1834,0.1257,0.0995,0.1166,0.0902,0.0788,0.0919,0.1894,0.2054,0.1848,0.0774,0.0974,0.08,0.2299,0.2029,0.214,0.0839,0.1434,0.1076,0.0947,0.1763,0.1129,0.1748,0.1317,0.1413,0.2186,0.1949,0.2251,0.1489,0.211,0.1356,0.1969,0.1775,0.1969,0.1673,0.1712,0.1675,0.09,0.1353,0.1435,,block of flats,,Panel,,0.0,0.0,0.0,0.0,-1522.0,0,0,0,0,0,0,1,0,0,0,0,0,0,0,0,0,0,0,0,0,0.0,0.0,0.0,0.0,0.0,2.0
100014,0,Cash loans,F,Y,Y,0,121500.0,387000.0,324000.0,10500.0,Unaccompanied,Working,Secondary / secondary special,Civil marriage,Rented apartment,0.007374,-8596,-2022,-1848.0,-5717,,1,1,1,1,0,0,,1.0,2,2,WEDNESDAY,10,0,0,0,0,1,1,Business Entity Type 3,,0.514971,,0.2454,0.2546,0.2853,0.3283,0.3081,0.3318,0.4088,0.3984,0.4343,0.3271,0.3111,0.3004,0.3319,0.3627,0.3493,0.3749,0.3748,0.3079,0.3322,0.3088,0.3462,0.3747,0.3441,0.3898,0.4094,0.4186,0.4235,0.3582,0.3811,0.3931,0.3724,0.3571,0.3317,0.3309,0.3284,0.3017,0.3353,0.361,0.337,0.2617,0.2181,0.2142,,,0.4022,Block,,3.0,1.0,3.0,0.0,-2772.0,0,0,0,0,0,0,0,0,0,0,0,0,0,0,0,0,0,0,0,0,0.0,0.0,0.0,,0.0,
100015,0,Cash loans,M,N,N,1,274500.0,1012500.0,895500.0,55000.0,Unaccompanied,Working,Higher education,Married,House / apartment,0.020305,-13011,-5614,-89.0,-5291,,1,1,0,1,0,0,Laborers,3.0,3,3,FRIDAY,13,0,0,0,0,1,0,Business Entity Type 3,,0.48095,0.21346,0.4515,0.4265,0.4265,0.3324,0.3685,0.3583,0.636,0.6137,0.6068,0.552,0.5792,0.5698,0.423,0.4168,0.425,0.6212,0.6129,0.6102,0.3163,0.3335,0.3154,0.6194,0.6038,0.6271,0.3386,0.3475,0.3509,0.4088,0.4314,0.4244,0.4005,0.3694,0.3754,0.5674,0.5718,0.5201,0.6294,0.6366,0.6345,0.4122,0.4211,0.379,,,0.305,Panel,No,2.0,1.0,2.0,0.0,-2176.0,0,1,0,0,0,0,0,0,0,0,0,0,0,0,0,0,0,0,0,0,,0.0,0.0,0.0,0.0,5.0
100016,0,Cash loans,F,Y,Y,0,369000.0,2313000.0,2178000.0,79000.0,Unaccompanied,Working,Higher education,Single / not married,House / apartment,0.015651,-13793,-281,-3959.0,-4857,13.0,1,1,1,1,1,0,Sales staff,1.0,3,3,WEDNESDAY,11,0,0,0,0,0,1,Government,,0.574455,,0.5832,0.6008,0.586,0.6627,0.701,0.6352,0.6431,0.6737,0.6834,0.4271,0.4267,0.4107,0.6307,0.6249,0.6004,0.6119,0.5928,0.5814,0.339,0.3219,0.3021,0.42,0.4164,0.4039,0.561,0.5077,0.5527,0.6738,0.6592,0.6677,0.6637,0.6537,0.6221,0.7491,0.7352,0.7085,0.5903,0.6129,0.6002,0.3462,0.3519,0.3331,reg oper account,,,"Stone, brick",No,3.0,0.0,3.0,0.0,-638.0,0,1,0,0,0,0,0,0,0,0,0,0,0,0,0,0,0,0,0,0,0.0,0.0,0.0,,0.0,1.0
100017,0,Cash loans,M,N,Y,0,99000.0,661500.0,607500.0,16500.0,Unaccompanied,Working,Secondary / secondary special,Married,House / apartment,0.02843,-10126,-2537,-2010.0,-5332,,1,1,0,1,0,0,Laborers,1.0,2,2,TUESDAY,10,0,0,0,0,0,0,Business Entity Type 3,,0.419666,0.333014,0.253,0.2522,0.2489,0.2558,0.2609,0.2164,0.3383,0.3153,0.3308,0.2357,0.2405,0.2525,0.2321,0.2267,0.2043,0.1752,0.196,0.1702,0.3372,0.3267,0.3618,0.1746,0.144,0.1621,0.1966,0.1813,0.1819,0.3285,0.3208,0.3823,0.1806,0.1687,0.1772,0.199,0.168,0.1883,0.2945,0.263,0.3014,0.2595,0.2224,0.2411,reg oper account,,0.1798,,No,3.0,0.0,3.0,0.0,-1324.0,0,0,0,0,1,0,0,0,0,0,0,0,0,0,0,0,0,0,0,0,0.0,0.0,0.0,0.0,0.0,1.0
100018,0,Cash loans,F,N,N,1,126000.0,1062000.0,990000.0,61500.0,"Spouse, partner",Commercial associate,Secondary / secondary special,Married,House / apartment,0.028893,-12984,-6410,-476.0,-1422,,1,1,0,1,0,0,Laborers,3.0,3,3,THURSDAY,15,0,0,0,0,0,0,XNA,0.401491,0.656099,0.384597,0.4349,0.4047,0.3963,0.3301,0.331,0.3448,0.5833,0.5757,0.5575,0.5548,0.5561,0.6054,0.4366,0.4268,0.4076,0.3954,0.359,0.3837,0.4274,0.4365,0.368,0.5383,0.4991,0.5047,0.3133,0.2983,0.2928,0.5489,0.5414,0.5624,0.2885,0.2756,0.2469,0.4904,0.526,0.4922,0.3906,0.4073,0.3797,0.4827,0.4787,0.4744,,block of flats,0.6258,"Stone, brick",,2.0,0.0,2.0,0.0,-3821.0,0,0,0,0,0,0,0,0,0,0,0,0,0,0,0,0,0,0,0,0,0.0,0.0,0.0,0.0,,1.0
100019,0,Cash loans,F,N,Y,0,180000.0,886500.0,828000.0,36500.0,Unaccompanied,Pensioner,Secondary / secondary special,Married,House / apartment,0.045018,-22295,365243,-8887.0,-349,,1,0,0,1,0,0,,2.0,3,3,TUESDAY,13,0,0,0,1,0,0,Medicine,,0.879287,0.257286,0.2381,0.2575,0.2592,0.2757,0.2536,0.248,0.3901,0.3918,0.3572,0.3302,0.3143,0.3606,0.2596,0.2876,0.2804,0.2912,0.3078,0.2941,0.3658,0.3724,0.3811,0.2071,0.2377,0.2392,0.1927,0.1944,0.2034,0.4051,0.3727,0.3657,0.2524,0.248,0.2468,0.4162,0.3849,0.3559,0.324,0.3078,0.334,0.2754,0.2409,0.2478,reg oper account,block of flats,,,,2.0,0.0,2.0,0.0,-959.0,0,1,0,0,0,0,0,0,0,0,0,0,0,0,0,0,0,0,0,0,0.0,0.0,0.0,,0.0,1.0
100020,0,Cash loans,F,Y,Y,0,193500.0,711000.0,630000.0,19000.0,Unaccompanied,Working,Secondary / secondary special,Married,House / apartment,0.042855,-14704,-4646,-2158.0,-5143,,1,1,0,1,0,0,,2.0,2,2,TUESDAY,17,0,0,0,0,0,0,Security,0.211945,0.29303,,0.6853,0.6949,0.6741,0.3718,0.3899,0.3603,0.5165,0.4737,0.4859,0.4116,0.4161,0.42,0.6913,0.6438,0.6697,0.619,0.5712,0.5815,0.5683,0.5829,0.5889,0.563,0.5737,0.5767,0.7669,0.7599,0.6942,0.382,0.393,0.4274,0.3989,0.4004,0.4025,0.7667,0.7082,0.7178,0.7111,0.7343,0.71,0.6252,0.6437,0.6067,org spec account,block of flats,,Panel,,2.0,0.0,2.0,0.0,-694.0,0,0,0,0,0,0,0,0,0,0,0,0,0,0,0,0,0,0,0,0,0.0,0.0,0.0,0.0,0.0,1.0
100021,1,Cash loans,M,N,Y,0,112500.0,382500.0,337500.0,29000.0,Unaccompanied,Working,Secondary / secondary special,Married,House / apartment,0.017947,-17603,-1867,-2866.0,-2950,,1,1,0,1,0,0,Drivers,2.0,2,1,TUESDAY,13,0,0,0,0,0,0,Business Entity Type 3,0.560262,0.360994,0.192937,0.212,0.2365,0.236,0.1248,0.1417,0.0927,0.2141,0.199,0.2351,0.1929,0.202,0.1917,0.1874,0.2378,0.1993,0.2222,0.1949,0.214,0.2266,0.227,0.2314,0.17,0.2078,0.2162,0.1191,0.1763,0.1274,0.1911,0.209,0.1632,0.0988,0.1444,0.1129,0.1999,0.1858,0.1944,0.2272,0.1961,0.2314,0.1355,0.1275,0.1428,reg oper account,,0.1866,,No,1.0,0.0,1.0,0.0,-218.0,0,1,0,0,0,0,0,0,0,0,0,0,0,0,0,0,0,0,0,0,0.0,0.0,0.0,0.0,0.0,2.0
100022,0,Cash loans,F,N,Y,0,414000.0,621000.0,571500.0,16500.0,Unaccompanied,Commercial associate,Secondary / secondary special,Single / not married,House / apartment,0.010412,-14491,-2001,-6596.0,-1513,,1,1,1,1,1,0,Laborers,2.0,2,2,THURSDAY,15,0,0,0,0,0,1,Business Entity Type 3,0.024144,0.187301,,0.3383,0.3148,0.3139,0.4317,0.4465,0.4215,0.6525,0.6251,0.6448,0.6261,0.6301,0.6711,0.3574,0.3356,0.3547,0.5023,0.4684,0.4672,0.6343,0.5967,0.6202,0.341,0.3308,0.3588,0.5494,0.5168,0.5306,0.5895,0.5851,0.5598,0.4957,0.466,0.4703,0.4634,0.4898,0.4316,0.4335,0.423,0.4432,0.6555,0.6423,0.6587,,block of flats,,,No,4.0,0.0,4.0,0.0,-2662.0,0,1,0,0,0,0,0,0,0,0,0,0,0,0,0,0,0,0,0,0,0.0,0.0,0.0,,1.0,4.0
100023,0,Revolving loans,F,N,N,0,184500.0,1503000.0,1381500.0,61000.0,Unaccompanied,Working,Higher education,Married,House / apartment,0.011198,-8724,-2150,-2012.0,-2864,,1,1,0,1,0,0,Drivers,2.0,2,2,WEDNESDAY,3,0,0,0,0,0,0,Business Entity Type 3,0.795541,0.610758,0.9995,0.2146,0.2305,0.2333,0.1419,0.1126,0.1273,0.2959,0.2816,0.2732,0.2694,0.2576,0.279,0.3308,0.2952,0.2941,0.2333,0.2152,0.2602,0.1542,0.1373,0.1454,0.196,0.2047,0.2419,0.1781,0.17,0.1732,0.1607,0.1268,0.1277,0.212,0.2101,0.1762,0.2219,0.2062,0.2194,0.2604,0.2822,0.2865,0.2101,0.1815,0.1693,reg oper account,block of flats,0.2754,,,2.0,0.0,2.0,0.0,-1633.0,0,1,0,0,0,0,0,0,0,0,0,0,0,0,0,0,0,0,0,0,0.0,0.0,0.0,,,0.0
100024,0,Cash loans,F,Y,Y,0,198000.0,648000.0,594000.0,17500.0,Unaccompanied,Working,Secondary / secondary special,Married,House / apartment,0.022561,-8457,-921,-158.0,-4964,5.0,1,1,1,1,1,0,Drivers,1.0,2,2,FRIDAY,12,0,0,0,0,0,0,Business Entity Type 1,0.780014,0.624246,0.783969,0.2685,0.2514,0.2488,0.3138,0.3314,0.3349,0.3261,0.3707,0.3612,0.3362,0.3732,0.3879,0.3462,0.3578,0.3553,0.4371,0.437,0.407,0.3079,0.3265,0.3478,0.2531,0.2601,0.2398,0.2363,0.1936,0.2742,0.336,0.347,0.3625,0.38,0.4332,0.4233,0.2543,0.3074,0.2749,0.4293,0.4184,0.4486,0.2188,0.1756,0.1913,,,,Monolithic,No,3.0,0.0,3.0,0.0,-3636.0,0,0,0,0,0,0,1,0,0,0,0,0,0,0,0,0,0,0,0,0,0.0,0.0,0.0,0.0,0.0,1.0
100025,0,Cash loans,M,Y,N,0,387000.0,1993500.0,1705500.0,69500.0,Family,Working,Secondary / secondary special,Married,Municipal apartment,0.020622,-20319,-835,-8080.0,-2951,8.0,1,1,0,1,0,0,,2.0,1,1,MONDAY,13,0,0,0,0,0,0,Self-employed,0.564534,0.649023,0.347785,0.5091,0.4641,0.5047,0.4508,0.4759,0.4822,0.8415,0.8561,0.8572,0.6857,0.6903,0.6963,0.8227,0.801,0.7587,0.4263,0.3917,0.4468,0.6425,0.6007,0.6767,0.8552,0.832,0.811,0.5173,0.5424,0.4851,0.8578,0.8658,0.8354,0.662,0.6736,0.6714,0.6476,0.6678,0.6261,0.5711,0.5551,0.6024,0.6197,0.6096,0.6329,reg oper account,,,Wooden,No,0.0,0.0,0.0,0.0,-3908.0,0,0,0,0,0,0,0,0,0,0,0,0,0,0,0,0,0,0,0,0,0.0,0.0,0.0,0.0,0.0,
100026,0,Cash loans,F,N,Y,0,117000.0,661500.0,625500.0,22000.0,Unaccompanied,Commercial associate,Lower secondary,Married,House / apartment,0.021943,-17567,-1116,-806.0,-3771,,1,1,0,1,1,0,Laborers,2.0,2,2,WEDNESDAY,14,0,0,0,0,0,0,Business Entity Type 2,0.435104,0.378513,,0.3302,0.2836,0.2693,0.4241,0.3831,0.4039,0.4071,0.3996,0.4092,0.4387,0.4356,0.4394,0.2665,0.2764,0.2624,0.2948,0.2845,0.3004,0.3255,0.3117,0.3144,0.4615,0.4725,0.501,0.4227,0.4361,0.4159,0.4475,0.4472,0.4191,0.4735,0.5087,0.4867,0.4337,0.4166,0.4592,0.3922,0.3792,0.3576,0.4502,0.3873,0.3865,reg oper account,block of flats,,,,1.0,0.0,1.0,0.0,-2380.0,0,1,0,0,0,0,0,0,0,0,0,0,0,0,0,0,0,0,0,0,0.0,0.0,0.0,1.0,,
100027,0,Cash loans,F,Y,N,0,139500.0,274500.0,225000.0,8500.0,Unaccompanied,Working,Secondary / secondary special,Single / not married,House / apartment,0.01342,-17032,-1843,-96.0,-3080,34.0,1,1,0,1,1,0,,2.0,2,2,THURSDAY,17,0,0,0,0,0,0,Self-employed,,0.9995,0.534874,0.3481,0.3845,0.3767,0.3582,0.3235,0.3332,0.3383,0.3743,0.379,0.6736,0.715,0.668,0.4141,0.3908,0.3923,0.5488,0.5261,0.5442,0.5028,0.5047,0.538,0.6115,0.5886,0.6045,0.4571,0.4164,0.445,0.5487,0.4857,0.4506,0.7372,0.6507,0.7082,0.7049,0.6921,0.6958,0.4633,0.4691,0.4713,0.5431,0.542,0.5405,reg oper account,block of flats,0.6599,"Stone, brick",,1.0,1.0,1.0,0.0,-1677.0,0,0,0,0,0,0,0,0,0,0,0,0,0,0,0,0,0,0,0,0,0.0,0.0,0.0,0.0,0.0,2.0
100028,0,Cash loans,F,Y,N,0,72000.0,171000.0,139500.0,14000.0,Unaccompanied,Working,Secondary / secondary special,Civil marriage,House / apartment,0.045586,-20679,-360,-987.0,-2895,,1,1,0,1,0,0,Security staff,1.0,2,2,FRIDAY,14,0,0,0,0,1,1,Self-employed,0.015263,0.226508,0.172372,0.5305,0.5728,0.5583,0.5123,0.4457,0.4752,0.4196,0.463,0.445,0.3729,0.3624,0.3594,0.8401,0.8213,0.8228,0.5958,0.5542,0.5767,0.4097,0.397,0.4287,0.7663,0.7517,0.7899,0.5021,0.4858,0.4648,0.7111,0.7076,0.7286,0.4248,0.4334,0.4543,0.3716,0.3742,0.363,0.6702,0.6322,0.6427,0.763,0.82,0.7949,,,,,,0.0,0.0,0.0,0.0,-4190.0,0,1,0,0,0,0,0,0,0,0,0,0,0,0,0,0,0,0,0,0,0.0,0.0,0.0,,,1.0
100029,0,Cash loans,M,N,N,0,135000.0,1233000.0,1048500.0,43000.0,"Spouse, partner",Commercial associate,Incomplete higher,Married,House / apartment,0.007504,-15384,-3739,-4664.0,-5716,,1,1,0,1,0,0,,2.0,2,2,FRIDAY,8,0,0,0,0,0,0,Housing,,0.862223,0.540896,0.2321,0.245,0.2213,0.3198,0.3554,0.3712,0.331,0.2887,0.3084,0.1743,0.19,0.1843,0.255,0.2831,0.2739,0.3237,0.3226,0.3343,0.3506,0.3827,0.3485,0.3084,0.2873,0.2435,0.2999,0.3476,0.3072,0.2864,0.2891,0.2807,0.2488,0.2444,0.2435,0.2033,0.1618,0.1683,0.2503,0.2612,0.2689,0.154,0.1628,0.1974,,,0.2047,Panel,No,1.0,0.0,1.0,0.0,-2985.0,0,1,0,0,0,0,0,0,0,0,0,0,0,0,0,0,0,0,0,0,0.0,0.0,0.0,0.0,1.0,1.0
100030,0,Cash loans,F,N,Y,3,63000.0,288000.0,238500.0,7500.0,"Spouse, partner",Pensioner,Secondary / secondary special,Civil marriage,House / apartment,0.012967,-20358,365243,-8814.0,-5568,,1,0,0,1,1,0,Laborers,5.0,3,3,WEDNESDAY,14,0,0,0,0,0,0,Business Entity Type 3,,0.861474,0.531764,0.069,0.0454,0.0674,0.1003,0.1107,0.0984,0.0653,0.0543,0.0279,0.0704,0.0644,0.0771,0.0381,0.0345,0.0897,0.0565,0.0723,0.0643,0.0657,0.0656,0.0874,0.0656,0.0723,0.1083,0.0442,0.0159,0.081,0.0535,0.0689,0.0441,0.0465,0.051,0.0483,0.085,0.0404,0.0569,0.0868,0.0953,0.0589,0.0475,0.0525,0.102,,,,,,1.0,0.0,1.0,0.0,-3515.0,0,1,0,0,0,0,1,0,0,0,0,0,0,0,0,0,0,0,0,0,0.0,0.0,0.0,1.0,,2.0
100031,0,Cash loans,F,N,Y,0,220500.0,625500.0,571500.0,16000.0,Unaccompanied,Commercial associate,Secondary / secondary special,Civil marriage,House / apartment,0.00959,-17846,-4227,-4357.0,-2544,,1,1,1,1,0,0,,2.0,1,1,FRIDAY,15,0,0,0,0,1,0,XNA,0.864043,0.46404,0.283857,0.7531,0.7751,0.7556,0.5775,0.5793,0.6319,0.4508,0.4621,0.4889,0.4343,0.4607,0.3962,0.5695,0.5791,0.5745,0.9548,0.9625,0.966,0.7852,0.8023,0.7999,0.6995,0.6934,0.7214,0.6137,0.6228,0.5997,0.5496,0.5346,0.5475,0.8344,0.8295,0.8537,0.9567,0.971,0.9696,0.7976,0.8216,0.8533,0.8102,0.8114,0.8426,reg oper account,block of flats,0.6301,Panel,,3.0,0.0,3.0,1.0,-1096.0,0,1,0,0,0,0,0,0,0,0,0,0,0,0,0,0,0,0,0,0,0.0,0.0,0.0,1.0,0.0,2.0
100032,0,Revolving loans,M,Y,Y,0,184500.0,670500.0,553500.0,17000.0,Unaccompanied,State servant,Secondary / secondary special,Civil marriage,House / apartment,0.016428,-9982,-216,-3183.0,-4856,,1,1,0,1,1,0,Private service staff,1.0,2,2,THURSDAY,10,0,0,0,0,0,0,Military,0.846147,0.731676,0.529799,0.2101,0.1816,0.1706,0.1262,0.1101,0.1602,0.1121,0.1107,0.1043,0.1768,0.18,0.1765,0.2078,0.1848,0.2081,0.1083,0.1349,0.1807,0.1094,0.1448,0.125,0.088,0.1132,0.1501,0.1983,0.2198,0.2121,0.1074,0.1436,0.0939,0.1944,0.209,0.1824,0.2211,0.2024,0.2001,0.1558,0.1706,0.1233,0.2073,0.1188,0.1376,,block of flats,,Panel,,2.0,0.0,2.0,0.0,-3456.0,0,0,0,0,0,0,0,0,0,0,0,0,0,0,0,0,0,0,0,0,0.0,0.0,0.0,1.0,1.0,2.0
100033,0,Cash loans,F,N,Y,0,126000.0,891000.0,810000.0,30500.0,Family,Commercial associate,Secondary / secondary special,Married,House / apartment,0.040504,-17160,-4243,-7267.0,-4336,,1,1,0,1,0,0,Laborers,1.0,2,2,SUNDAY,11,0,0,0,0,1,0,XNA,,0.58552,0.164578,0.0392,0.0473,0.06,0.0295,0.0387,0.0203,0.0715,0.0095,0.0243,0.0749,0.0,0.0589,0.0181,0.0221,0.0342,0.0441,0.0166,0.0,0.046,0.0034,0.0364,0.0724,0.0358,0.032,0.0178,0.0427,0.0705,0.0454,0.0617,0.0296,0.0364,0.0494,0.0402,0.0537,0.0178,0.0556,0.0212,0.0328,0.0268,0.0055,0.0482,0.0,reg oper account,block of flats,0.0554,,,1.0,1.0,1.0,1.0,-551.0,0,0,0,0,0,0,0,0,0,0,0,0,0,0,0,0,0,0,0,0,0.0,0.0,0.0,0.0,0.0,2.0
100034,0,Cash loans,F,N,Y,0,139500.0,909000.0,801000.0,31500.0,"Spouse, partner",Working,Higher education,Married,House / apartment,0.015644,-13378,-6804,-531.0,-779,,1,1,0,1,1,0,Laborers,2.0,2,2,THURSDAY,15,0,0,0,0,1,0,Business Entity Type 3,0.527695,0.513459,0.29155,0.0953,0.054,0.0845,0.1687,0.1338,0.1834,0.1672,0.1844,0.1709,0.2108,0.146,0.1893,0.1799,0.1653,0.2039,0.148,0.1573,0.1525,0.2014,0.1757,0.203,0.187,0.2253,0.1607,0.099,0.1159,0.0788,0.1589,0.1834,0.183,0.1801,0.1797,0.1722,0.1171,0.1413,0.1178,0.183,0.1814,0.1562,0.185,0.1697,0.1814,,,0.1182,,No,3.0,0.0,3.0,0.0,-1365.0,0,1,0,0,0,0,0,0,0,0,0,0,0,0,0,0,0,0,0,0,0.0,0.0,,0.0,0.0,2.0
100035,0,Cash loans,F,N,N,0,225000.0,391500.0,319500.0,14500.0,Unaccompanied,Working,Secondary / secondary special,Single / not married,House / apartment,0.019914,-8072,-1498,-167.0,-5080,,1,1,0,1,0,0,IT staff,1.0,2,2,WEDNESDAY,12,0,0,0,0,0,0,XNA,,0.753163,0.238839,0.4903,0.5138,0.5317,0.3971,0.3601,0.4201,0.2847,0.3301,0.2952,0.6414,0.6164,0.5768,0.5324,0.5546,0.5424,0.6081,0.6096,0.5902,0.6274,0.6035,0.6095,0.4089,0.4605,0.4125,0.6013,0.6051,0.6092,0.4493,0.4773,0.4693,0.6812,0.6834,0.6418,0.319,0.3144,0.3312,0.5473,0.5657,0.5692,0.3777,0.3888,0.4045,,block of flats,0.5979,"Stone, brick",,0.0,0.0,0.0,0.0,-2798.0,0,1,0,0,0,0,0,0,0,0,0,0,0,0,0,0,0,0,0,0,0.0,,0.0,0.0,0.0,3.0
100036,1,Cash loans,F,N,Y,1,76500.0,733500.0,612000.0,26000.0,Other_A,Working,Higher education,Married,House / apartment,0.028229,-8461,-1855,-916.0,-4233,,1,1,1,1,0,0,,3.0,2,2,FRIDAY,16,0,0,0,0,1,0,Kindergarten,,0.256768,,0.4439,0.4356,0.4469,0.403,0.4224,0.3554,0.4509,0.4164,0.3875,0.2672,0.2422,0.2756,0.3042,0.3026,0.2953,0.2103,0.1754,0.1981,0.1902,0.2146,0.2251,0.2841,0.2864,0.2832,0.3071,0.3036,0.2749,0.2685,0.2509,0.2713,0.3316,0.3181,0.3175,0.2504,0.2811,0.2683,0.3343,0.307,0.3395,0.375,0.3612,0.3383,reg oper account,block of flats,,Monolithic,No,1.0,0.0,1.0,0.0,-287.0,0,0,0,0,0,0,0,0,0,0,0,0,0,0,0,0,0,0,0,0,0.0,0.0,0.0,0.0,0.0,2.0
100037,0,Cash loans,F,Y,N,0,166500.0,1102500.0,976500.0,39000.0,Unaccompanied,Working,Secondary / secondary special,Married,House / apartment,0.01519,-13263,-4276,-1437.0,-5137,,1,1,0,1,0,0,Laborers,2.0,2,2,TUESDAY,13,0,0,0,0,1,0,Bank,0.559191,0.645552,0.693131,0.2424,0.2067,0.2082,0.1938,0.178,0.15,0.1374,0.1206,0.0948,0.2949,0.2601,0.2837,0.2038,0.243,0.208,0.1763,0.1507,0.1889,0.175,0.1638,0.1483,0.3004,0.2879,0.2817,0.1201,0.1637,0.1792,0.1775,0.1845,0.1928,0.1374,0.1552,0.1508,0.1289,0.1327,0.1198,0.2189,0.1731,0.1578,0.2452,0.2522,0.2874,,block of flats,0.1439,,No,2.0,2.0,2.0,0.0,-3119.0,0,0,0,0,0,0,0,0,0,0,0,0,0,0,0,0,0,0,0,0,0.0,0.0,1.0,0.0,0.0,1.0
100038,0,Cash loans,F,N,Y,0,216000.0,774000.0,715500.0,68500.0,Unaccompanied,Working,Higher education,Married,House / apartment,0.023707,-16139,-6419,-1.0,-4737,,1,1,1,1,0,0,Managers,2.0,2,2,FRIDAY,5,0,0,0,0,0,0,Other,0.506672,0.358276,,0.4671,0.5128,0.4819,0.3851,0.3444,0.4016,0.2464,0.2445,0.2334,0.2587,0.226,0.2324,0.3437,0.3633,0.3577,0.374,0.3364,0.3549,0.3714,0.4042,0.4219,0.3463,0.3456,0.3356,0.4446,0.462,0.4916,0.3722,0.3731,0.3892,0.4609,0.4095,0.4508,0.5035,0.5408,0.5049,0.4935,0.4406,0.4442,0.2734,0.3631,0.3274,,block of flats,,Panel,No,3.0,0.0,3.0,0.0,-3490.0,0,1,0,0,1,0,1,0,0,0,0,0,0,0,0,0,0,0,0,0,0.0,0.0,0.0,0.0,1.0,2.0
100039,0,Cash loans,M,Y,N,0,54000.0,108000.0,94500.0,8500.0,Unaccompanied,Working,Secondary / secondary special,Married,House / apartment,0.021845,-10105,-3037,-19.0,-5607,,1,1,0,1,0,0,,1.0,2,2,THURSDAY,12,0,0,0,0,0,0,Military,,0.504836,0.528409,0.16,0.176,0.1532,0.2721,0.2802,0.2667,0.3607,0.3597,0.3485,0.218,0.2259,0.2292,0.3747,0.3865,0.4141,0.3867,0.3679,0.3676,0.3341,0.3886,0.3497,0.304,0.2844,0.319,0.2595,0.2853,0.2815,0.1482,0.1856,0.2154,0.2709,0.2364,0.2449,0.24,0.2674,0.2228,0.2912,0.2821,0.2384,0.2959,0.3003,0.3074,,block of flats,0.2342,"Stone, brick",,0.0,0.0,0.0,0.0,-3899.0,0,1,0,0,0,0,0,0,0,0,0,0,0,0,0,0,0,0,0,0,0.0,0.0,0.0,0.0,,
100040,0,Cash loans,M,N,Y,1,216000.0,1503000.0,1242000.0,52500.0,Unaccompanied,Commercial associate,Higher education,Married,House / apartment,0.009276,-9191,-2616,-747.0,-3246,,1,1,0,1,0,0,Core staff,3.0,2,1,WEDNESDAY,11,0,0,0,1,0,0,Business Entity Type 3,,0.651741,0.702081,0.2773,0.318,0.3077,0.4726,0.4746,0.4331,0.5116,0.4941,0.5211,0.3241,0.307,0.3203,0.4839,0.4457,0.4846,0.2444,0.2252,0.2709,0.2419,0.2861,0.2722,0.3413,0.3816,0.3616,0.4639,0.4988,0.4865,0.3046,0.2943,0.3161,0.5077,0.5013,0.541,0.4061,0.4152,0.3984,0.436,0.4096,0.4056,0.5404,0.5138,0.4971,,,,Panel,,2.0,0.0,2.0,1.0,-3888.0,0,1,0,0,0,0,0,0,0,0,0,0,0,0,0,0,0,0,0,0,,0.0,0.0,0.0,0.0,4.0
100041,0,Cash loans,F,N,Y,0,58500.0,297000.0,247500.0,15500.0,Unaccompanied,Commercial associate,Secondary / secondary special,Separated,House / apartment,0.014022,-13030,-6456,-2611.0,-367,,1,1,0,1,1,0,Laborers,1.0,3,3,TUESDAY,14,0,0,0,0,0,0,Other,0.9995,0.542777,0.602835,0.2149,0.21,0.1903,0.2589,0.2444,0.216,0.2127,0.204,0.2077,0.1597,0.184,0.1727,0.2675,0.2368,0.254,0.1496,0.1413,0.1481,0.1882,0.1697,0.1805,0.2073,0.1546,0.1526,0.1624,0.147,0.1618,0.0938,0.125,0.1192,0.1847,0.1346,0.1658,0.1809,0.1696,0.1214,0.1679,0.2113,0.2129,0.2296,0.237,0.2309,,,0.19,,,4.0,0.0,4.0,0.0,-408.0,0,1,0,0,0,0,0,0,0,0,0,0,0,0,0,0,0,0,0,0,0.0,0.0,0.0,,0.0,1.0
100042,0,Cash loans,F,N,N,0,139500.0,243000.0,193500.0,13000.0,Unaccompanied,Working,Higher education,Married,House / apartment,0.023298,-19126,-3853,-6919.0,-1656,,1,1,0,1,0,0,Managers,2.0,2,2,TUESDAY,13,0,0,0,1,0,0,Other,,0.357416,0.465956,0.3597,0.3633,0.3573,0.2561,0.232,0.233,0.3327,0.2897,0.296,0.4762,0.456,0.4849,0.2939,0.2853,0.249,0.4028,0.3786,0.3767,0.5325,0.5515,0.5352,0.3383,0.366,0.3619,0.4393,0.4696,0.4571,0.3227,0.3286,0.3538,0.3984,0.3897,0.3886,0.4205,0.3775,0.3927,0.3091,0.2912,0.2918,0.5661,0.5562,0.5327,,block of flats,0.4108,"Stone, brick",,2.0,1.0,2.0,0.0,-157.0,0,1,0,0,0,0,0,0,0,0,0,0,0,0,0,0,0,0,0,0,0.0,0.0,0.0,0.0,0.0,4.0
100043,0,Cash loans,F,Y,N,1,76500.0,261000.0,207000.0,16500.0,Unaccompanied,Working,Higher education,Married,House / apartment,0.041408,-18838,-809,-8403.0,-876,,1,1,0,1,0,0,,2.0,1,2,TUESDAY,9,0,0,0,0,0,0,Business Entity Type 3,0.594009,0.487581,0.333495,0.1663,0.1685,0.1428,0.2312,0.2208,0.2381,0.1099,0.1235,0.0944,0.149,0.1663,0.1451,0.1844,0.1909,0.1938,0.2555,0.2748,0.265,0.2245,0.2419,0.2252,0.221,0.2136,0.1889,0.197,0.1741,0.1707,0.1181,0.1479,0.1087,0.2007,0.206,0.175,0.1747,0.1584,0.1525,0.2534,0.2417,0.2389,0.1649,0.1681,0.2147,,block of flats,,,No,0.0,0.0,0.0,0.0,-3846.0,0,0,0,0,0,0,0,0,0,0,0,0,0,0,0,0,0,0,0,0,0.0,,0.0,0.0,,2.0
100044,0,Cash loans,M,N,N,1,324000.0,4050000.0,3946500.0,119000.0,Unaccompanied,Working,Secondary / secondary special,Widow,House / apartment,0.041384,-17416,-6388,-10375.0,-1406,,1,1,0,1,1,0,Laborers,2.0,1,1,MONDAY,13,0,0,0,1,0,0,Other,0.43644,0.699102,0.606195,0.8236,0.8609,0.8137,0.422,0.4728,0.4387,0.5577,0.5659,0.5447,0.5447,0.5871,0.5898,0.64,0.6162,0.6377,0.5821,0.5768,0.6187,0.4145,0.4083,0.3826,0.5782,0.5907,0.565,0.5235,0.547,0.5533,0.7028,0.6865,0.6823,0.7577,0.768,0.7623,0.3886,0.3621,0.3774,0.7285,0.6866,0.6836,0.7301,0.7291,0.6858,,,,Panel,No,1.0,0.0,1.0,0.0,-3604.0,0,1,0,0,0,0,0,0,0,0,0,0,0,0,0,0,0,0,0,0,0.0,0.0,0.0,,,0.0
100045,0,Cash loans,F,N,N,0,76500.0,301500.0,243000.0,7500.0,Unaccompanied,Working,Secondary / secondary special,Married,Rented apartment,0.068561,-13729,-1591,-5598.0,-3434,,1,1,0,1,1,0,,2.0,2,2,FRIDAY,14,0,0,0,0,0,1,Self-employed,,0.61563,0.494736,0.6206,0.5808,0.6278,0.4672,0.4769,0.4471,0.8671,0.8441,0.857,0.881,0.867,0.9127,0.6482,0.7024,0.6251,0.8634,0.8689,0.8549,0.7245,0.7156,0.6991,0.817,0.8173,0.8184,0.5941,0.588,0.5948,0.8744,0.8792,0.8508,0.8484,0.8558,0.8295,0.7161,0.746,0.7282,0.9343,0.9195,0.8934,0.8403,0.8239,0.8509,reg oper account,,,,,1.0,0.0,1.0,0.0,-3006.0,0,1,0,0,0,0,0,0,0,0,0,0,0,0,0,0,0,0,0,0,0.0,0.0,0.0,1.0,0.0,3.0
100046,0,Cash loans,F,Y,Y,3,58500.0,153000.0,121500.0,5500.0,Unaccompanied,Working,Secondary / secondary special,Married,House / apartment,0.025267,-13966,-1861,-1742.0,-5844,,1,1,1,1,1,0,Cleaning staff,4.0,3,3,TUESDAY,13,0,0,0,0,1,1,Business Entity Type 2,,0.441015,0.644829,0.5007,0.4818,0.5247,0.3515,0.3577,0.3274,0.4204,0.4207,0.4206,0.2562,0.222,0.3284,0.3848,0.3904,0.3456,0.2951,0.3089,0.3143,0.486,0.468,0.478,0.5082,0.4981,0.4863,0.4349,0.3792,0.4216,0.4065,0.4223,0.4398,0.4086,0.4338,0.3708,0.4413,0.4619,0.4412,0.2731,0.2921,0.2472,0.5089,0.4954,0.4926,reg oper account,block of flats,0.5174,"Stone, brick",No,0.0,1.0,0.0,0.0,-1323.0,0,1,0,0,0,0,0,0,0,0,0,0,0,0,0,0,0,0,0,0,0.0,0.0,0.0,,1.0,3.0
100047,0,Cash loans,F,N,N,1,157500.0,351000.0,333000.0,9000.0,Unaccompanied,Working,Secondary / secondary special,Civil marriage,House / apartment,0.014473,-10889,-2003,-1798.0,-4576,,1,1,1,1,0,0,Sales staff,3.0,2,2,TUESDAY,15,0,0,0,0,0,0,Kindergarten,,0.481582,,0.8963,0.8941,0.9084,0.4208,0.3902,0.4406,0.8485,0.843,0.8115,0.6954,0.6708,0.703,0.8585,0.877,0.8898,0.4592,0.4776,0.4784,0.7767,0.7848,0.7604,0.6879,0.6885,0.6598,0.6702,0.6457,0.6217,0.6051,0.6302,0.6759,0.6333,0.6418,0.6305,0.8473,0.8602,0.8561,0.7664,0.7698,0.7401,0.5583,0.5784,0.5249,,block of flats,0.3588,Panel,No,,0.0,1.0,0.0,-2506.0,0,1,0,0,0,0,0,0,0,0,0,0,0,0,0,0,0,0,0,0,0.0,0.0,,0.0,0.0,
100048,0,Cash loans,F,N,Y,0,117000.0,1210500.0,1107000.0,33000.0,Unaccompanied,Working,Secondary / secondary special,Widow,House / apartment,0.017973,-9624,-3050,-357.0,-2620,,1,1,0,1,1,0,Private service staff,2.0,2,2,FRIDAY,9,0,0,0,0,0,1,Business Entity Type 3,0.566243,0.244413,0.479526,0.2832,0.3097,0.2438,0.5829,0.6281,0.6086,0.5233,0.5198,0.519,0.4822,0.5236,0.5023,0.5038,0.5237,0.5692,0.6073,0.5985,0.5452,0.4805,0.4479,0.4667,0.241,0.3167,0.283,0.3031,0.2647,0.2916,0.5618,0.5509,0.5932,0.6049,0.6141,0.6076,0.5302,0.5774,0.5795,0.2887,0.2896,0.2982,0.2726,0.2939,0.2956,,,0.6359,,,1.0,0.0,1.0,0.0,-3380.0,0,1,0,0,0,0,0,0,0,0,0,0,0,0,0,0,0,0,0,0,0.0,0.0,0.0,1.0,0.0,3.0
100049,0,Cash loans,F,N,Y,1,63000.0,391500.0,337500.0,23500.0,Unaccompanied,State servant,Secondary / secondary special,Single / not married,House / apartment,0.017426,-7896,-1322,-1268.0,-2942,,1,1,0,1,0,0,,3.0,2,2,WEDNESDAY,11,0,0,0,1,0,0,Business Entity Type 3,0.400673,0.408475,,0.2016,0.2089,0.1938,0.1706,0.1733,0.1677,0.1774,0.1615,0.2104,0.0888,0.1154,0.1064,0.1419,0.1755,0.19,0.1378,0.1219,0.095,0.107,0.1396,0.1315,0.2203,0.1821,0.1536,0.0572,0.0681,0.0955,0.101,0.1063,0.1411,0.1084,0.0671,0.0994,0.1286,0.1135,0.1069,0.1503,0.1323,0.1363,0.1388,0.1164,0.149,,block of flats,0.119,"Stone, brick",,5.0,0.0,5.0,0.0,-3834.0,0,1,0,0,0,0,0,0,0,0,0,0,0,0,0,0,0,0,0,0,0.0,0.0,0.0,,1.0,1.0
100050,0,Cash loans,M,Y,Y,0,198000.0,1674000.0,1521000.0,114500.0,Unaccompanied,Commercial associate,Incomplete higher,Married,House / apartment,0.014522,-19923,-1844,-5569.0,-3112,,1,1,1,1,0,0,,2.0,2,2,SATURDAY,5,0,0,0,1,0,0,Trade: type 3,0.463948,0.363044,0.711879,0.6988,0.654,0.7145,0.6452,0.6198,0.6483,0.6697,0.6872,0.6882,0.7273,0.6879,0.7042,0.5868,0.558,0.6019,0.7167,0.6734,0.7261,0.7866,0.748,0.7769,0.4856,0.5433,0.523,0.4275,0.4049,0.417,0.5751,0.5809,0.5778,0.5366,0.5171,0.5533,0.7442,0.757,0.7697,0.762,0.7535,0.7106,0.3539,0.3937,0.3586,reg oper account,block of flats,,,No,3.0,2.0,3.0,0.0,-865.0,0,1,0,0,0,0,0,0,0,0,0,0,0,0,0,0,0,0,0,0,0.0,0.0,,0.0,0.0,
100051,0,Cash loans,F,N,Y,0,49500.0,220500.0,211500.0,13500.0,Unaccompanied,Commercial associate,Lower secondary,Married,House / apartment,0.023711,-14738,-8164,-1171.0,-2463,,1,1,0,1,1,0,,1.0,2,1,TUESDAY,16,0,0,0,0,0,0,Business Entity Type 2,,0.327722,0.335534,0.589,0.5617,0.5713,0.3227,0.3362,0.3461,0.337,0.3129,0.3906,0.6242,0.6379,0.6337,0.5119,0.4934,0.5381,0.5956,0.5673,0.6402,0.4348,0.4379,0.4402,0.5016,0.5329,0.5391,0.581,0.5727,0.5563,0.4037,0.4255,0.373,0.5229,0.5375,0.5274,0.6329,0.6651,0.6469,0.4977,0.4783,0.5162,0.5811,0.5597,0.5725,,block of flats,0.5182,,No,3.0,0.0,3.0,0.0,-4007.0,0,1,0,0,1,0,0,0,0,0,0,0,0,0,1,0,0,0,0,0,0.0,0.0,0.0,1.0,0.0,2.0
100052,0,Cash loans,M,N,Y,0,81000.0,630000.0,504000.0,49000.0,Unaccompanied,Working,Secondary / secondary special,Civil marriage,With parents,0.024405,-7714,-1140,-728.0,-3588,,1,1,0,1,0,0,Accountants,2.0,2,2,SATURDAY,12,0,0,0,0,0,0,XNA,0.703563,0.688504,,0.1667,0.1467,0.1249,0.2282,0.2234,0.1981,0.161,0.104,0.1382,0.1444,0.1444,0.1577,0.21,0.2334,0.2209,0.1676,0.1756,0.1885,0.1561,0.176,0.1231,0.1879,0.213,0.1981,0.1255,0.1892,0.1306,0.0976,0.132,0.1355,0.1755,0.1915,0.1833,0.0944,0.1116,0.1297,0.1238,0.1779,0.173,0.2225,0.1913,0.1817,,block of flats,0.193,Panel,,0.0,1.0,0.0,0.0,-1976.0,0,1,0,0,0,0,0,0,0,0,0,0,0,0,0,0,0,0,0,0,0.0,0.0,0.0,1.0,0.0,2.0
100053,0,Cash loans,F,N,N,1,108000.0,265500.0,220500.0,9500.0,Family,Working,Secondary / secondary special,Separated,House / apartment,0.009032,-15208,-7315,-3163.0,-5650,,1,1,0,1,0,0,,2.0,2,2,FRIDAY,12,0,0,0,0,0,0,Self-employed,0.606473,0.657673,0.474111,0.0686,0.08,0.1175,0.1063,0.1111,0.1175,0.1061,0.0912,0.0853,0.1455,0.1438,0.1152,0.1403,0.1873,0.1711,0.0623,0.0503,0.1146,0.1291,0.1371,0.1032,0.1505,0.1895,0.1827,0.0908,0.1192,0.1115,0.1466,0.1835,0.1671,0.1665,0.1488,0.1351,0.0556,0.0729,0.0795,0.1629,0.1728,0.1627,0.1051,0.0767,0.1031,,,0.1733,,No,3.0,0.0,3.0,1.0,-1974.0,0,0,0,0,0,0,0,0,0,0,0,0,0,0,0,0,0,0,0,0,,,0.0,0.0,,0.0
100054,0,Cash loans,M,N,Y,0,229500.0,981000.0,936000.0,53000.0,Unaccompanied,Working,Secondary / secondary special,Married,House / apartment,0.036715,-11350,-2195,-4758.0,-603,,1,1,0,1,0,1,,2.0,3,3,TUESDAY,12,0,0,0,0,0,1,Trade: type 7,0.311305,0.28777,0.663832,0.275,0.2958,0.2896,0.2627,0.2116,0.2611,0.212,0.2457,0.2006,0.245,0.2269,0.2241,0.2287,0.2041,0.1942,0.3758,0.3577,0.3606,0.3975,0.3688,0.3688,0.3238,0.3333,0.3128,0.2862,0.3175,0.2705,0.3307,0.324,0.2878,0.3678,0.3835,0.4466,0.345,0.3464,0.2983,0.3834,0.3835,0.4133,0.2036,0.1793,0.1941,,block of flats,0.4167,"Stone, brick",No,0.0,0.0,0.0,0.0,-241.0,0,0,0,0,0,0,0,0,0,0,0,0,0,0,0,0,0,0,0,0,0.0,0.0,0.0,0.0,0.0,1.0
100055,0,Cash loans,M,N,N,0,301500.0,1377000.0,1287000.0,37000.0,Unaccompanied,State servant,Higher education,Civil marriage,House / apartment,0.005988,-13758,-1100,-190.0,-2136,,1,1,0,1,0,0,Laborers,2.0,2,2,MONDAY,14,0,0,0,0,0,1,Business Entity Type 3,,0.669321,0.582252,0.1539,0.1181,0.1551,0.2455,0.2404,0.2814,0.1094,0.1076,0.1378,0.1618,0.1632,0.1399,0.1983,0.1992,0.2031,0.1392,0.1885,0.1582,0.1738,0.1787,0.1769,0.1345,0.1372,0.1629,0.2577,0.1996,0.2035,0.2276,0.2604,0.2281,0.1805,0.1839,0.2186,0.1456,0.0896,0.1391,0.1269,0.1254,0.1115,0.1659,0.1764,0.1349,reg oper account,,0.1434,Monolithic,,1.0,0.0,1.0,0.0,-763.0,0,1,0,0,0,0,0,0,0,0,0,0,0,0,0,0,0,0,0,0,0.0,0.0,,0.0,1.0,
100056,0,Cash loans,M,N,Y,0,270000.0,2254500.0,2205000.0,79500.0,Unaccompanied,Working,Incomplete higher,Married,House / apartment,0.016291,-17249,-10674,-2314.0,-487,,1,1,0,1,0,0,,2.0,2,2,WEDNESDAY,15,0,0,1,0,1,0,Business Entity Type 3,,0.295501,0.734896,0.5937,0.6237,0.6105,0.5895,0.6064,0.563,0.6928,0.6726,0.6418,0.5536,0.5452,0.5396,0.5818,0.6192,0.587,0.646,0.6128,0.6014,0.6232,0.6159,0.6138,0.7096,0.654,0.6926,0.5743,0.5456,0.5533,0.5211,0.4682,0.482,0.5498,0.5134,0.5221,0.6474,0.6592,0.6574,0.4495,0.4836,0.4553,0.5591,0.4818,0.5617,,,0.4573,Block,,2.0,0.0,2.0,0.0,-2678.0,0,1,0,0,0,0,0,0,0,0,0,0,0,0,0,0,0,0,0,0,0.0,0.0,0.0,1.0,0.0,3.0
100057,0,Cash loans,F,N,Y,0,135000.0,625500.0,526500.0,30000.0,Unaccompanied,Working,Secondary / secondary special,Married,House / apartment,0.038134,-19205,-1000,-11619.0,-5104,,1,1,0,1,1,0,Laborers,1.0,2,2,TUESDAY,11,0,0,0,0,0,0,Self-employed,,0.554298,0.308706,0.4071,0.3874,0.3829,0.3186,0.3321,0.3471,0.2209,0.2422,0.219,0.2974,0.3044,0.2986,0.1655,0.1912,0.1956,0.3111,0.2764,0.2712,0.3885,0.3341,0.3522,0.2176,0.1703,0.219,0.1952,0.1969,0.1461,0.3646,0.3629,0.3637,0.2873,0.3098,0.3337,0.3624,0.3443,0.3617,0.1983,0.1861,0.2224,0.1947,0.1958,0.2185,,block of flats,0.2233,,No,1.0,0.0,1.0,0.0,-3222.0,0,0,0,0,0,0,0,0,0,0,0,0,0,0,0,0,0,0,0,0,0.0,0.0,,0.0,1.0,
100058,0,Cash loans,F,N,Y,2,40500.0,112500.0,108000.0,3000.0,Family,State servant,Secondary / secondary special,Married,House / apartment,0.027251,-17648,-935,-3749.0,-1188,,1,1,0,1,1,0,Drivers,4.0,2,2,MONDAY,13,0,0,0,0,0,0,Business Entity Type 3,,0.607127,,0.8012,0.7576,0.7986,0.8155,0.8001,0.8472,0.6043,0.6238,0.6128,0.7836,0.7826,0.828,0.6599,0.6742,0.6051,0.6867,0.697,0.7082,0.6814,0.6692,0.6837,0.8216,0.7735,0.8053,0.5551,0.5417,0.5493,0.6034,0.6215,0.6209,0.4087,0.3563,0.4165,0.4366,0.4656,0.428,0.4486,0.4595,0.4634,0.512,0.4927,0.4436,reg oper account,block of flats,0.8294,,,0.0,0.0,0.0,0.0,-246.0,0,0,0,0,0,0,0,0,0,0,0,0,0,0,0,0,0,0,0,0,0.0,0.0,0.0,0.0,0.0,3.0
100059,0,Cash loans,F,Y,Y,1,184500.0,747000.0,634500.0,19500.0,Unaccompanied,Working,Secondary / secondary special,Married,House / apartment,0.014987,-20438,-513,-2713.0,-3919,4.0,1,1,1,1,1,0,Security staff,3.0,2,2,FRIDAY,13,0,0,0,0,1,0,Security,0.325093,0.317989,0.285592,0.0257,0.0645,0.0484,0.0285,0.0366,0.0525,0.0638,0.0808,0.0514,0.0232,0.0201,0.0451,0.0545,0.0576,0.023,0.0248,0.0603,0.0203,0.0517,0.0425,0.0209,0.0035,0.0421,0.0177,0.0,0.0638,0.0478,0.0266,0.0263,0.0253,0.0027,0.0279,0.0372,0.0,0.0066,0.0463,0.035,0.0014,0.06,0.0464,0.0054,0.0,,specific housing,,Panel,No,2.0,0.0,2.0,0.0,-1146.0,0,1,0,0,1,0,0,0,0,0,0,0,0,0,0,0,0,0,0,0,0.0,0.0,0.0,0.0,,3.0
100060,0,Cash loans,F,N,Y,0,328500.0,508500.0,468000.0,15000.0,Unaccompanied,Working,Secondary / secondary special,Widow,House / apartment,0.063383,-11014,-4440,-2198.0,-391,,1,1,0,1,0,0,,2.0,2,2,FRIDAY,5,0,0,0,0,0,0,Business Entity Type 3,,0.695582,0.730529,0.027,0.0726,0.0334,0.0189,0.0375,0.031,0.0222,0.0482,0.0193,0.0275,0.065,0.0459,0.0242,0.0336,0.0564,0.0435,0.0645,0.021,0.0128,0.0597,0.0,0.0268,0.0373,0.0205,0.0559,0.0595,0.0459,0.0258,0.0377,0.0097,0.0385,0.0617,0.0511,0.0414,0.0411,0.0124,0.0655,0.0226,0.0676,0.0555,0.0341,0.0183,,,,Panel,,1.0,0.0,1.0,0.0,-1817.0,0,0,0,0,0,0,0,0,0,0,0,0,0,0,0,0,0,0,0,0,0.0,0.0,1.0,0.0,0.0,2.0
100061,0,Cash loans,F,N,Y,1,288000.0,315000.0,301500.0,9500.0,Unaccompanied,Commercial associate,Lower secondary,Married,Municipal apartment,0.014235,-17092,-8095,-5937.0,-2861,,1,1,1,1,0,0,Managers,3.0,2,2,WEDNESDAY,10,0,0,0,0,0,0,Business Entity Type 2,0.305563,0.69302,,0.2849,0.244,0.2872,0.3031,0.2666,0.2896,0.3632,0.4011,0.4168,0.3391,0.3103,0.3479,0.297,0.3251,0.3378,0.3573,0.3608,0.3708,0.2254,0.2282,0.2363,0.3814,0.4082,0.3512,0.2356,0.2519,0.2892,0.4652,0.4312,0.4814,0.3147,0.3053,0.3182,0.506,0.4572,0.5031,0.3303,0.3436,0.3363,0.3044,0.2895,0.2654,,block of flats,0.547,,,1.0,0.0,1.0,1.0,-3639.0,0,1,0,0,0,0,0,0,0,0,0,0,0,0,0,0,0,0,0,0,0.0,,0.0,0.0,,0.0
100062,0,Cash loans,M,Y,Y,1,189000.0,1165500.0,949500.0,29500.0,Unaccompanied,Working,Secondary / secondary special,Single / not married,House / apartment,0.005405,-20346,-2614,-494.0,-5390,,1,1,0,1,1,1,Drivers,2.0,2,2,FRIDAY,13,0,0,0,0,0,0,Government,0.795574,0.306952,0.405591,0.2495,0.2117,0.2349,0.1993,0.195,0.1831,0.2265,0.23,0.2483,0.1817,0.1868,0.2221,0.2958,0.3474,0.323,0.2856,0.3091,0.3167,0.2868,0.3126,0.2671,0.304,0.3021,0.2543,0.211,0.2551,0.2209,0.2951,0.3121,0.2895,0.2455,0.2408,0.2657,0.1623,0.1504,0.1468,0.2248,0.2212,0.2835,0.1963,0.1717,0.2154,,block of flats,,,No,0.0,1.0,0.0,1.0,-2691.0,0,1,0,0,0,0,0,0,0,0,0,0,0,0,0,0,0,0,0,0,0.0,0.0,0.0,,0.0,4.0
100063,0,Cash loans,M,Y,Y,0,76500.0,243000.0,198000.0,8500.0,Unaccompanied,State servant,Secondary / secondary special,Married,House / apartment,0.02476,-12065,-673,-831.0,-5714,,1,1,0,1,0,0,Cooking staff,2.0,2,2,WEDNESDAY,16,0,0,0,0,0,1,Business Entity Type 3,0.547621,0.846568,0.538907,0.4854,0.4264,0.4681,0.7204,0.7097,0.6871,0.717,0.717,0.7544,0.6626,0.6742,0.7103,0.5783,0.6015,0.6243,0.5063,0.4802,0.4834,0.5773,0.6455,0.6312,0.4532,0.4739,0.4656,0.6083,0.6194,0.5812,0.6964,0.7205,0.7323,0.4626,0.4614,0.4876,0.4352,0.4116,0.4401,0.7714,0.7569,0.7809,0.4196,0.3938,0.4663,reg oper account,block of flats,0.3172,,No,1.0,1.0,1.0,0.0,-2849.0,0,0,0,0,0,0,0,0,0,0,0,0,0,0,0,0,0,0,0,0,0.0,0.0,0.0,0.0,0.0,
100064,0,Cash loans,F,Y,N,0,108000.0,364500.0,328500.0,10000.0,Unaccompanied,Working,Secondary / secondary special,Civil marriage,House / apartment,0.006208,-19058,-1788,-2412.0,-888,,1,1,0,1,0,0,Core staff,2.0,2,2,TUESDAY,17,0,0,0,0,0,1,Business Entity Type 3,0.479248,0.380897,0.550104,0.5403,0.4585,0.4977,0.4199,0.3796,0.3808,0.6439,0.6751,0.6742,0.3337,0.3123,0.3284,0.6606,0.6938,0.6847,0.6353,0.6386,0.6289,0.6356,0.6118,0.6773,0.6422,0.6642,0.6678,0.355,0.3851,0.369,0.2902,0.3154,0.3274,0.6113,0.6462,0.6037,0.2812,0.2874,0.3028,0.3006,0.3333,0.3197,0.5729,0.5478,0.5374,reg oper account,,0.2899,"Stone, brick",,1.0,0.0,1.0,0.0,-1120.0,0,1,0,0,0,0,0,0,0,0,0,0,0,0,0,0,0,0,0,0,0.0,0.0,0.0,0.0,0.0,1.0
100065,0,Cash loans,F,N,Y,0,427500.0,2632500.0,2497500.0,220500.0,Unaccompanied,Pensioner,Secondary / secondary special,Married,House / apartment,0.011168,-20477,365243,-1950.0,-3968,,1,0,0,1,0,0,Managers,1.0,2,2,WEDNESDAY,8,0,0,0,0,1,0,Business Entity Type 3,0.494157,0.832709,0.807464,0.3353,0.3059,0.2618,0.2536,0.2856,0.2624,0.5238,0.4864,0.4876,0.4731,0.4972,0.4664,0.4891,0.468,0.5236,0.3267,0.3302,0.3219,0.4392,0.4283,0.4394,0.2762,0.2565,0.2481,0.2727,0.2507,0.2784,0.2855,0.2618,0.2954,0.2118,0.2249,0.2484,0.4584,0.4397,0.4066,0.2334,0.2342,0.2144,0.3581,0.371,0.3292,reg oper account,,,Panel,No,0.0,0.0,0.0,0.0,-1925.0,0,0,0,0,0,0,0,0,0,0,0,0,0,0,0,0,0,0,0,0,0.0,0.0,0.0,0.0,,
100066,0,Cash loans,M,N,N,0,67500.0,567000.0,450000.0,21500.0,Unaccompanied,Working,Secondary / secondary special,Separated,House / apartment,0.027512,-16842,-642,-2679.0,-1359,,1,1,0,1,0,0,,2.0,2,2,MONDAY,15,0,0,0,0,0,0,Self-employed,,0.718448,,0.3271,0.3725,0.334,0.6941,0.6738,0.6508,0.4477,0.411,0.4566,0.7203,0.711,0.7371,0.3271,0.3354,0.3478,0.6531,0.6858,0.6976,0.3863,0.3353,0.3462,0.4737,0.4664,0.4603,0.4934,0.4441,0.4305,0.2945,0.35,0.363,0.4226,0.4462,0.4192,0.4904,0.4829,0.5059,0.7574,0.7859,0.7587,0.6337,0.6257,0.6448,,,,"Stone, brick",,0.0,0.0,0.0,0.0,-2594.0,0,0,0,0,0,0,0,0,0,0,0,0,0,0,0,0,0,0,0,0,0.0,0.0,0.0,,1.0,1.0
100067,0,Cash loans,M,N,N,0,76500.0,400500.0,382500.0,16000.0,Unaccompanied,Pensioner,Secondary / secondary special,Married,House / apartment,0.014052,-20998,365243,-3117.0,-4377,,1,0,0,1,0,0,,2.0,2,2,TUESDAY,15,0,0,0,0,0,0,Business Entity Type 3,0.661871,0.354333,,0.5185,0.5382,0.5315,0.9352,0.9048,0.8693,0.9175,0.9045,0.8713,0.6606,0.6907,0.6867,0.5251,0.5501,0.5544,0.5223,0.4907,0.4999,0.8014,0.762,0.7756,0.7031,0.7189,0.6954,0.7404,0.7063,0.6778,0.593,0.6537,0.6192,0.9087,0.9058,0.8977,0.4373,0.4378,0.462,0.7483,0.6942,0.7215,0.8687,0.8464,0.8284,,,0.9217,Panel,No,1.0,0.0,1.0,0.0,-663.0,0,1,0,0,1,0,0,0,0,0,0,0,0,0,0,0,0,0,0,0,0.0,0.0,0.0,1.0,,1.0
100068,0,Cash loans,F,N,Y,0,247500.0,2785500.0,2362500.0,250000.0,Family,Pensioner,Secondary / secondary special,Civil marriage,House / apartment,0.026803,-20198,365243,-8796.0,-3223,,1,0,0,1,0,0,Laborers,2.0,2,2,TUESDAY,13,0,0,0,0,0,0,Industry: type 9,,0.484468,0.73852,0.5321,0.56,0.5291,0.9091,0.8888,0.9085,0.9375,0.9656,0.9273,0.4938,0.528,0.4807,0.5423,0.5611,0.5508,0.5124,0.4605,0.4622,0.6093,0.6051,0.586,0.788,0.7896,0.8343,0.7882,0.8011,0.8156,0.72,0.7637,0.7074,0.6749,0.705,0.6915,0.5734,0.6118,0.5668,0.5189,0.5325,0.5689,0.4699,0.5198,0.507,,block of flats,0.9664,Panel,No,2.0,0.0,2.0,0.0,-1226.0,0,1,0,0,0,0,0,0,0,0,0,0,0,0,0,0,0,0,0,0,0.0,0.0,0.0,0.0,0.0,
100069,0,Cash loans,F,N,Y,2,117000.0,603000.0,517500.0,48000.0,Group of people,Pensioner,Secondary / secondary special,Married,House / apartment,0.00912,-21942,365243,-7500.0,-4789,,1,0,0,1,0,0,Core staff,3.0,2,2,MONDAY,5,0,0,0,1,0,0,School,,0.561229,0.201642,0.184,0.1642,0.1732,0.2745,0.2455,0.2596,0.278,0.2643,0.2708,0.2341,0.2477,0.2469,0.2048,0.2025,0.2154,0.1853,0.212,0.1615,0.4058,0.3734,0.4046,0.3322,0.3224,0.3575,0.2492,0.2413,0.2465,0.2488,0.2199,0.2253,0.2862,0.2977,0.2909,0.2864,0.2718,0.264,0.1851,0.1968,0.1759,0.3018,0.3285,0.2939,reg oper account,,,Panel,No,0.0,0.0,0.0,0.0,-4127.0,0,0,0,0,0,0,0,0,0,0,0,0,0,0,0,0,0,0,0,0,0.0,0.0,0.0,1.0,0.0,2.0
100070,0,Cash loans,M,N,Y,0,76500.0,351000.0,297000.0,33000.0,Unaccompanied,Pensioner,Higher education,Married,House / apartment,0.031842,-20388,365243,-4228.0,-5377,,1,0,0,1,0,0,Managers,1.0,3,3,SATURDAY,10,0,0,0,0,0,0,Business Entity Type 3,,0.837525,0.782469,0.3861,0.3865,0.4406,0.3422,0.3221,0.3264,0.4788,0.4471,0.4226,0.2627,0.2834,0.2619,0.5229,0.4989,0.4742,0.4258,0.3893,0.4402,0.4029,0.4418,0.3972,0.2761,0.2612,0.2743,0.5216,0.5513,0.5919,0.3353,0.3173,0.3168,0.2785,0.2688,0.2844,0.2814,0.2896,0.2175,0.4964,0.5149,0.5034,0.2999,0.3092,0.3084,reg oper spec account,block of flats,0.2369,Panel,,0.0,0.0,0.0,0.0,-652.0,0,1,0,0,0,0,0,0,0,0,0,0,0,0,0,0,0,0,0,0,0.0,0.0,0.0,0.0,0.0,
100071,0,Cash loans,F,N,Y,1,342000.0,1521000.0,1462500.0,81000.0,Unaccompanied,Commercial associate,Higher education,Widow,House / apartment,0.006554,-8009,-305,-151.0,-2123,,1,1,0,1,0,0,Laborers,3.0,2,3,THURSDAY,12,0,0,0,0,0,0,Business Entity Type 3,0.617666,0.5988,0.176053,0.4827,0.459,0.4775,0.5188,0.5423,0.496,0.2198,0.2256,0.2244,0.3237,0.3459,0.3506,0.4436,0.461,0.4668,0.5713,0.5959,0.5698,0.3569,0.3857,0.4053,0.4176,0.3991,0.3887,0.29,0.3035,0.3093,0.2985,0.3114,0.3234,0.28,0.2514,0.2941,0.423,0.4219,0.4574,0.419,0.3601,0.404,0.5094,0.5137,0.5376,,block of flats,,,No,1.0,1.0,1.0,0.0,-703.0,0,1,0,0,0,0,0,0,0,0,0,0,0,0,0,0,0,0,0,0,0.0,0.0,0.0,0.0,,1.0
100072,0,Cash loans,F,N,Y,2,189000.0,364500.0,292500.0,31500.0,Unaccompanied,Working,Secondary / secondary special,Married,House / apartment,0.042355,-12319,-5744,-1710.0,-294,,1,1,0,1,0,0,,4.0,2,2,SATURDAY,11,0,1,0,0,0,0,Business Entity Type 3,,0.499499,0.409275,0.0483,0.0535,0.0622,0.0468,0.0567,0.047,0.1047,0.0695,0.0631,0.0702,0.0074,0.1231,0.047,0.0701,0.0684,0.1144,0.0999,0.0708,0.0444,0.0665,0.0307,0.0721,0.0475,0.0447,0.0757,0.0479,0.0731,0.0516,0.0626,0.0976,0.0443,0.0821,0.0801,0.0412,0.0638,0.0482,0.0222,0.0,0.0364,0.0431,0.0419,0.0057,,,0.0333,,No,1.0,0.0,1.0,0.0,-3439.0,0,0,0,0,0,0,0,0,0,0,0,0,0,0,0,0,0,0,0,0,0.0,0.0,0.0,0.0,0.0,1.0
100073,0,Cash loans,M,N,N,0,117000.0,774000.0,693000.0,34000.0,Unaccompanied,Working,Secondary / secondary special,Separated,House / apartment,0.013927,-10997,-1217,-403.0,-1903,,1,1,1,1,0,0,Sales staff,2.0,3,3,TUESDAY,5,0,0,0,0,0,0,Trade: type 7,,0.366508,0.405805,0.1939,0.2107,0.216,0.1931,0.1732,0.2085,0.2315,0.1993,0.2096,0.1471,0.1929,0.1719,0.3059,0.33,0.3354,0.3126,0.31,0.2764,0.2094,0.2263,0.2337,0.1911,0.1985,0.2108,0.3172,0.2838,0.3109,0.2873,0.2954,0.2864,0.2262,0.2381,0.2174,0.3382,0.3227,0.3349,0.3707,0.3547,0.3678,0.234,0.225,0.224,,,,,,5.0,0.0,5.0,0.0,-2811.0,0,1,0,0,0,0,0,0,0,0,0,0,0,0,0,0,0,0,0,0,0.0,0.0,,0.0,0.0,0.0
100074,0,Cash loans,M,N,Y,0,76500.0,76500.0,63000.0,2000.0,Family,Working,Lower secondary,Married,House / apartment,0.04832,-13682,-4298,-6640.0,-1295,,1,1,0,1,1,0,,2.0,2,2,SATURDAY,11,0,0,0,0,1,1,Business Entity Type 1,0.635619,0.612625,0.487083,0.0527,0.0595,0.0665,0.0794,0.0761,0.0958,0.066,0.0772,0.0523,0.0792,0.0527,0.0643,0.0588,0.0487,0.0654,0.0169,0.0637,0.0823,0.0486,0.0213,0.0609,0.085,0.09,0.0355,0.1224,0.0518,0.0699,0.1032,0.0664,0.0809,0.0656,0.0344,0.0662,0.0477,0.0863,0.0559,0.0673,0.0957,0.0794,0.0303,0.0649,0.0412,,,0.0797,"Stone, brick",No,1.0,0.0,1.0,0.0,-545.0,0,1,0,0,0,0,0,0,0,0,0,0,0,0,0,0,0,0,0,0,0.0,0.0,,0.0,0.0,1.0
100075,0,Cash loans,M,Y,Y,1,454500.0,1282500.0,1237500.0,45000.0,Unaccompanied,Working,Higher education,Single / not married,House / apartment,0.011105,-18617,-2174,-1040.0,-747,,1,1,0,1,0,0,Laborers,3.0,2,2,TUESDAY,9,0,1,0,0,0,1,Self-employed,,0.405609,,0.355,0.3225,0.3328,0.3076,0.312,0.3225,0.321,0.333,0.3435,0.3271,0.3181,0.3427,0.2547,0.263,0.2832,0.3755,0.3948,0.3966,0.2797,0.2448,0.2797,0.4124,0.4006,0.387,0.3046,0.2708,0.3032,0.3332,0.3146,0.3273,0.2671,0.2255,0.2282,0.2106,0.2722,0.1751,0.2469,0.2438,0.2284,0.3993,0.3932,0.3744,,,0.2149,,No,2.0,0.0,2.0,0.0,-1137.0,0,0,0,0,0,0,0,0,0,0,0,0,0,0,0,0,0,0,0,0,,0.0,0.0,0.0,0.0,1.0
100076,0,Cash loans,M,Y,Y,1,144000.0,567000.0,531000.0,19000.0,Unaccompanied,Working,Higher education,Separated,Rented apartment,0.061675,-14833,-2692,-6676.0,-4304,,1,1,0,1,1,0,Core staff,3.0,2,2,WEDNESDAY,14,0,0,0,0,1,0,Self-employed,0.681044,0.473293,0.711747,0.2497,0.2211,0.2436,0.2432,0.2956,0.2803,0.2779,0.289,0.2951,0.2986,0.3111,0.2883,0.1896,0.2064,0.2469,0.2775,0.2845,0.2736,0.3261,0.3132,0.3172,0.236,0.226,0.2226,0.3087,0.32,0.3107,0.1515,0.177,0.1726,0.171,0.1263,0.2054,0.2017,0.2508,0.2197,0.2958,0.3021,0.3279,0.345,0.3193,0.3201,,block of flats,,,,3.0,0.0,3.0,1.0,-2100.0,0,1,0,0,0,0,0,0,0,0,0,0,0,0,0,0,0,0,0,0,0.0,0.0,0.0,1.0,0.0,0.0
100077,0,Cash loans,F,N,Y,0,315000.0,796500.0,657000.0,73000.0,Unaccompanied,Commercial associate,Secondary / secondary special,Separated,House / apartment,0.010327,-15053,-580,-4301.0,-5415,,1,1,0,1,0,0,Accountants,2.0,2,2,TUESDAY,14,0,0,0,0,1,0,XNA,0.768978,0.704674,0.631941,1.0,1.0,0.9864,0.6735,0.6999,0.6908,0.9495,0.9362,0.8981,0.8869,0.8318,0.8897,0.5061,0.5346,0.5046,0.7268,0.7053,0.7016,0.4617,0.4918,0.4843,0.6127,0.5967,0.5824,0.6581,0.6704,0.68,0.6932,0.7208,0.7048,0.7398,0.7212,0.7393,0.5713,0.5333,0.5275,0.4892,0.5233,0.4777,0.969,0.9894,0.9831,,block of flats,,,,0.0,0.0,0.0,0.0,-253.0,0,1,0,0,1,0,1,0,0,0,0,0,0,0,0,0,0,0,0,0,,0.0,0.0,1.0,0.0,1.0
100078,0,Cash loans,F,N,Y,0,238500.0,724500.0,607500.0,20500.0,,Commercial associate,Secondary / secondary special,Married,House / apartment,0.006149,-16346,-841,-7289.0,-3115,,1,1,0,1,0,1,Medicine staff,1.0,1,1,MONDAY,14,0,0,0,0,0,0,School,,0.326122,0.33096,0.3689,0.3487,0.3631,0.2708,0.2869,0.2873,0.4365,0.3998,0.421,0.3804,0.4163,0.4079,0.4715,0.4142,0.4808,0.3637,0.3934,0.3839,0.4016,0.3951,0.4398,0.3982,0.3685,0.3755,0.4278,0.4103,0.4708,0.2545,0.2999,0.3008,0.4536,0.4461,0.4763,0.2026,0.2122,0.2135,0.3243,0.3344,0.3574,0.4465,0.4031,0.4299,,block of flats,,,,3.0,0.0,3.0,0.0,-3383.0,0,0,0,0,0,0,0,0,0,0,0,0,0,0,0,0,0,0,0,0,0.0,0.0,0.0,0.0,,
100079,0,Cash loans,F,N,Y,0,112500.0,1206000.0,1030500.0,84000.0,Unaccompanied,State servant,Secondary / secondary special,Married,House / apartment,0.019206,-15016,-861,-7158.0,-3196,,1,1,0,1,1,0,Drivers,1.0,2,2,WEDNESDAY,11,0,0,0,0,0,0,Construction,0.699467,0.81472,0.476467,0.4937,0.5213,0.5474,0.4053,0.406,0.4213,0.3386,0.3157,0.3296,0.2922,0.2966,0.2602,0.5185,0.5356,0.5089,0.3609,0.3657,0.3639,0.3523,0.348,0.375,0.3324,0.3789,0.355,0.4516,0.4974,0.4902,0.5325,0.5362,0.5347,0.504,0.5513,0.525,0.3708,0.38,0.3649,0.34,0.3304,0.3658,0.3131,0.3479,0.2654,,,0.5802,Panel,No,2.0,0.0,2.0,0.0,-1111.0,0,1,0,0,0,0,0,0,0,0,0,0,0,0,0,0,0,0,0,0,0.0,0.0,0.0,0.0,0.0,1.0
100080,0,Cash loans,F,N,N,1,112500.0,805500.0,693000.0,42000.0,Family,Working,Higher education,Civil marriage,House / apartment,0.040189,-17474,-1846,-8034.0,-3567,,1,1,1,1,0,0,,3.0,2,2,FRIDAY,12,0,0,0,0,1,0,XNA,0.521056,0.59893,0.691868,0.2625,0.2395,0.2796,0.3296,0.3746,0.3455,0.5127,0.4965,0.5138,0.4893,0.4616,0.4784,0.4695,0.5256,0.5012,0.4208,0.4204,0.4134,0.4038,0.3377,0.4187,0.406,0.4236,0.4258,0.2453,0.2191,0.2209,0.3902,0.4306,0.4032,0.3821,0.3728,0.3898,0.3845,0.4001,0.3907,0.313,0.2898,0.2918,0.5658,0.5258,0.5077,,,0.5122,,No,4.0,1.0,4.0,0.0,-2275.0,0,1,0,0,0,0,0,0,0,0,0,0,0,0,0,0,0,0,0,0,0.0,0.0,0.0,1.0,1.0,1.0
100081,0,Cash loans,F,Y,Y,1,324000.0,868500.0,819000.0,34000.0,Unaccompanied,Pensioner,Secondary / secondary special,Married,House / apartment,0.030533,-22971,365243,-7822.0,-5390,,1,0,1,1,0,0,Laborers,3.0,1,1,FRIDAY,12,0,0,0,0,1,0,Transport: type 4,0.027704,0.455829,0.35686,0.5875,0.5744,0.5812,0.3246,0.291,0.2725,0.3649,0.3245,0.364,0.3572,0.3525,0.2928,0.3128,0.3036,0.2958,0.3032,0.2674,0.301,0.5624,0.5531,0.5488,0.5758,0.605,0.6046,0.2708,0.2971,0.277,0.3194,0.3088,0.3424,0.3391,0.3383,0.3617,0.4077,0.4035,0.4015,0.4895,0.4565,0.4525,0.3085,0.3455,0.3219,,block of flats,0.3157,,,5.0,0.0,5.0,0.0,-3503.0,0,1,0,0,0,0,1,0,0,0,0,0,0,0,0,0,0,0,0,0,0.0,0.0,1.0,0.0,0.0,1.0
100082,0,Cash loans,F,N,Y,0,328500.0,990000.0,882000.0,26000.0,Unaccompanied,Commercial associate,Secondary / secondary special,Separated,House / apartment,0.038458,-7995,-1420,-224.0,-101,,1,1,1,1,0,0,Laborers,2.0,2,2,WEDNESDAY,15,0,0,0,0,0,1,Business Entity Type 3,,0.640877,0.752594,0.2485,0.2663,0.2585,0.1834,0.166,0.1455,0.339,0.3378,0.3571,0.3153,0.3291,0.2844,0.2317,0.2119,0.2263,0.2365,0.2176,0.3036,0.2694,0.2215,0.2302,0.2679,0.2834,0.2917,0.1778,0.1537,0.1406,0.1701,0.1661,0.2224,0.3603,0.3678,0.3328,0.3423,0.3284,0.3628,0.213,0.2291,0.1824,0.215,0.1798,0.2614,,block of flats,0.1864,,No,1.0,0.0,1.0,0.0,-3145.0,0,0,0,0,0,0,0,0,0,0,0,0,0,0,0,0,0,0,0,0,0.0,0.0,0.0,0.0,0.0,3.0
100083,0,Cash loans,F,N,Y,0,54000.0,103500.0,90000.0,2500.0,Family,State servant,Incomplete higher,Married,House / apartment,0.030909,-19448,-732,-7198.0,-3160,,1,1,0,1,0,0,High skill tech staff,1.0,2,2,FRIDAY,10,0,0,0,0,0,1,Business Entity Type 3,,0.534159,,0.5659,0.5592,0.5674,0.5606,0.5645,0.534,0.3534,0.3472,0.3256,0.3517,0.3623,0.3484,0.366,0.3383,0.3138,0.5319,0.5296,0.5356,0.5475,0.5441,0.5752,0.4818,0.5373,0.5369,0.4587,0.4284,0.4531,0.4545,0.454,0.4481,0.4381,0.4286,0.4512,0.2958,0.3074,0.292,0.2791,0.3012,0.2264,0.2584,0.2683,0.286,,,0.4469,Monolithic,,2.0,0.0,2.0,0.0,-4040.0,0,1,0,0,0,0,1,0,0,0,0,0,0,0,0,0,0,0,0,0,0.0,0.0,0.0,0.0,,1.0
100084,0,Cash loans,M,N,Y,0,198000.0,1138500.0,1053000.0,34000.0,Unaccompanied,Pensioner,Incomplete higher,Married,House / apartment,0.011245,-21103,365243,-8.0,-5200,,1,0,0,1,1,0,,2.0,1,1,TUESDAY,10,0,0,1,0,0,1,Kindergarten,0.555672,0.586639,,0.173,0.1951,0.1347,0.3156,0.3574,0.3843,0.2766,0.2667,0.2221,0.2538,0.2796,0.2254,0.3312,0.3248,0.3783,0.2485,0.2232,0.1932,0.3237,0.3353,0.3375,0.2415,0.2225,0.2446,0.2052,0.1885,0.2007,0.2597,0.2928,0.2536,0.3007,0.319,0.3098,0.2566,0.293,0.2832,0.326,0.3521,0.3155,0.3022,0.2658,0.2882,,block of flats,0.1729,,No,0.0,0.0,0.0,0.0,-562.0,0,0,0,0,0,0,0,0,0,0,0,0,0,0,0,0,0,0,0,0,,,0.0,2.0,0.0,1.0
100085,0,Cash loans,F,N,N,2,139500.0,472500.0,414000.0,15000.0,Unaccompanied,Working,Secondary / secondary special,Single / not married,House / apartment,0.030075,-11922,-1661,-1368.0,-972,,1,1,0,1,1,0,Sales staff,4.0,2,2,TUESDAY,15,0,0,0,0,0,1,Self-employed,0.391783,0.314806,0.463721,0.1803,0.1476,0.1319,0.134,0.1598,0.1354,0.1946,0.1858,0.1813,0.2908,0.264,0.2952,0.243,0.2346,0.209,0.1501,0.1965,0.1564,0.2116,0.1967,0.1994,0.2648,0.2538,0.2391,0.2134,0.1853,0.1905,0.241,0.2629,0.2032,0.2483,0.2702,0.2351,0.2236,0.227,0.2611,0.2209,0.2534,0.2202,0.1758,0.1935,0.1995,,block of flats,0.265,Panel,,1.0,0.0,1.0,0.0,-2168.0,0,1,0,0,1,0,0,0,0,0,0,0,0,0,0,0,0,0,0,1,0.0,0.0,0.0,1.0,0.0,3.0
100086,0,Cash loans,F,N,N,2,85500.0,112500.0,90000.0,4500.0,Unaccompanied,Working,Secondary / secondary special,Married,House / apartment,0.019808,-14142,-1267,-6110.0,-3472,,1,1,0,1,0,0,,4.0,3,3,TUESDAY,15,0,0,0,0,0,0,Business Entity Type 3,,0.532948,0.431167,0.6865,0.7223,0.715,0.5521,0.5709,0.5262,0.7548,0.7316,0.749,0.4639,0.4718,0.4538,0.4958,0.4909,0.5144,0.4821,0.5085,0.4663,0.9097,0.8833,0.8469,0.5514,0.5193,0.5234,0.7084,0.676,0.6982,0.3677,0.3757,0.3863,0.7002,0.7054,0.6986,0.4256,0.4871,0.4754,0.6076,0.6371,0.6016,0.922,0.881,0.8888,,,0.4991,Panel,No,1.0,0.0,1.0,0.0,-3737.0,0,1,0,0,0,0,1,0,0,0,0,0,0,0,0,0,0,0,0,0,0.0,,0.0,0.0,1.0,1.0
100087,0,Cash loans,F,N,N,1,171000.0,706500.0,567000.0,23500.0,Unaccompanied,State servant,Secondary / secondary special,Married,House / apartment,0.012043,-16931,-1772,-4839.0,-45,,1,1,0,1,0,0,Core staff,3.0,2,2,WEDNESDAY,14,0,0,0,0,0,0,Business Entity Type 3,0.588683,0.461073,0.481318,0.3576,0.3683,0.33,0.718,0.7158,0.6892,0.6428,0.5967,0.6837,0.6232,0.6508,0.6432,0.4274,0.4316,0.4229,0.5715,0.5165,0.4872,0.5774,0.572,0.6126,0.8082,0.7927,0.8163,0.6296,0.6344,0.6244,0.3734,0.3771,0.4115,0.8042,0.83,0.8052,0.4585,0.4644,0.4456,0.7216,0.7067,0.6868,0.3572,0.3285,0.3571,,,,,No,2.0,0.0,2.0,0.0,-130.0,0,1,0,0,0,0,0,0,0,0,0,0,0,0,0,0,0,0,0,0,0.0,0.0,,0.0,0.0,3.0
100088,0,Cash loans,F,Y,Y,0,72000.0,355500.0,301500.0,25000.0,Unaccompanied,Commercial associate,Secondary / secondary special,Married,House / apartment,0.020899,-9404,-2830,-431.0,-5006,,1,1,0,1,0,0,Sales staff,2.0,3,3,TUESDAY,17,0,0,0,0,0,0,XNA,,0.440903,0.715741,0.6096,0.6482,0.6415,0.726,0.6838,0.6866,0.4976,0.4584,0.4912,0.7504,0.7379,0.7532,0.5106,0.4736,0.5009,0.7237,0.7238,0.6954,0.7565,0.8221,0.7842,0.5132,0.5119,0.5036,0.7765,0.8149,0.7745,0.448,0.396,0.4316,0.4628,0.4785,0.4554,0.6931,0.7019,0.7079,0.8231,0.8151,0.8005,0.7708,0.817,0.8317,,block of flats,,Block,,1.0,0.0,1.0,0.0,-1769.0,0,1,0,0,0,0,1,0,0,0,0,0,0,0,0,0,0,0,0,0,0.0,0.0,0.0,0.0,0.0,0.0
100089,1,Cash loans,M,N,Y,0,112500.0,747000.0,670500.0,41500.0,Unaccompanied,Pensioner,Secondary / secondary special,Widow,House / apartment,0.018058,-24697,365243,-15451.0,-3929,,1,0,0,1,0,0,Sales staff,1.0,2,2,TUESDAY,19,0,0,0,0,0,0,Business Entity Type 3,0.439277,0.422803,0.656653,0.3001,0.3023,0.3339,0.3593,0.3404,0.3502,0.3333,0.3375,0.3345,0.3181,0.2975,0.3043,0.4407,0.4082,0.4579,0.3174,0.3176,0.322,0.3715,0.3729,0.3868,0.4746,0.4554,0.4412,0.4678,0.4674,0.4426,0.5295,0.5228,0.5388,0.5391,0.4869,0.5199,0.4643,0.4675,0.4499,0.2904,0.3014,0.2416,0.3801,0.3812,0.3228,,block of flats,0.5826,,No,1.0,0.0,1.0,0.0,-3274.0,0,0,0,0,0,0,0,0,0,0,0,0,0,0,0,0,0,0,0,0,0.0,0.0,0.0,1.0,0.0,
100090,0,Cash loans,F,N,N,0,94500.0,355500.0,288000.0,9000.0,Unaccompanied,Pensioner,Secondary / secondary special,Married,House / apartment,0.04499,-22501,365243,-46.0,-5782,,1,0,0,1,0,0,Laborers,2.0,2,2,WEDNESDAY,16,0,0,0,0,1,1,Bank,0.480425,0.806157,0.639941,0.3039,0.3246,0.3178,0.2641,0.2411,0.2493,0.3638,0.3857,0.3374,0.2579,0.257,0.2707,0.3163,0.3209,0.278,0.2767,0.3125,0.2966,0.4321,0.4296,0.402,0.3111,0.2734,0.2887,0.2785,0.2881,0.3002,0.4151,0.4217,0.3941,0.1443,0.1763,0.2195,0.2645,0.2507,0.2843,0.3769,0.3147,0.3349,0.3751,0.3243,0.2904,reg oper account,,,Panel,,4.0,0.0,4.0,0.0,-3281.0,0,1,0,0,0,0,0,0,0,0,0,0,0,0,0,0,0,0,0,0,0.0,0.0,0.0,1.0,1.0,2.0
100091,0,Cash loans,F,N,Y,0,112500.0,355500.0,315000.0,9000.0,Unaccompanied,Commercial associate,Higher education,Widow,Rented apartment,0.01359,-19915,-4806,-11210.0,-1799,,1,1,0,1,0,0,Core staff,1.0,2,2,SATURDAY,10,0,0,0,0,1,0,Government,0.598666,0.671002,,0.6252,0.6106,0.6138,0.7236,0.7247,0.7058,0.3501,0.3403,0.3248,0.422,0.4308,0.4201,0.6507,0.6075,0.6535,0.5177,0.5173,0.5002,0.6905,0.6981,0.6603,0.6318,0.63,0.6073,0.672,0.6442,0.6408,0.6311,0.6026,0.6276,0.6745,0.6402,0.6392,0.539,0.5707,0.5277,0.6878,0.6933,0.7069,0.5478,0.5838,0.5556,,,0.4724,Panel,,2.0,0.0,2.0,0.0,-1598.0,0,0,0,0,0,0,0,0,0,0,0,0,0,0,0,0,0,0,0,0,,0.0,0.0,1.0,1.0,5.0
100092,0,Cash loans,M,N,Y,0,139500.0,1620000.0,1350000.0,82500.0,Unaccompanied,Pensioner,Higher education,Married,House / apartment,0.013201,-24991,365243,-12532.0,-4392,,1,0,0,1,1,0,,2.0,2,2,SATURDAY,15,0,0,0,0,0,0,XNA,,0.582749,0.719995,0.4357,0.4829,0.4732,0.2669,0.284,0.2828,0.5353,0.5179,0.5025,0.4666,0.4804,0.5021,0.4208,0.4253,0.4561,0.3919,0.444,0.4059,0.2951,0.3407,0.3621,0.4502,0.4577,0.4426,0.5005,0.4986,0.4764,0.3024,0.2796,0.2998,0.3121,0.3021,0.2654,0.3176,0.2864,0.3173,0.2597,0.2356,0.2615,0.2618,0.2201,0.2704,,,,,No,2.0,0.0,2.0,0.0,-1632.0,0,1,0,0,0,0,0,0,0,0,0,0,0,0,0,0,0,0,0,0,0.0,0.0,0.0,0.0,,5.0
100093,0,Cash loans,F,N,Y,1,85500.0,333000.0,306000.0,19500.0,Family,State servant,Higher education,Married,House / apartment,0.012126,-19221,-6468,-859.0,-4615,,1,1,1,1,1,0,,3.0,2,2,SUNDAY,12,0,0,0,0,0,0,Trade: type 7,,0.235962,0.3551,0.4184,0.4402,0.4569,0.4475,0.4616,0.4592,0.4888,0.4855,0.4647,0.4289,0.4043,0.3524,0.3961,0.359,0.345,0.3464,0.3466,0.353,0.3692,0.4087,0.3929,0.463,0.4362,0.4716,0.361,0.3588,0.3725,0.2764,0.267,0.2735,0.4389,0.4434,0.422,0.4424,0.384,0.3958,0.3351,0.3537,0.3645,0.2896,0.3297,0.318,,,0.3357,Wooden,No,1.0,0.0,1.0,0.0,-3223.0,0,1,0,0,0,0,0,0,0,0,0,0,0,0,0,0,0,0,0,0,0.0,0.0,,,1.0,1.0
100094,0,Cash loans,F,N,Y,0,351000.0,2034000.0,1597500.0,120500.0,Unaccompanied,Pensioner,Higher education,Married,House / apartment,0.060617,-23296,365243,-348.0,-186,,1,0,0,1,0,0,Drivers,2.0,2,2,TUESDAY,10,0,0,0,1,0,0,XNA,,0.363987,0.362896,0.6758,0.6653,0.713,0.7097,0.6814,0.6826,0.4721,0.4195,0.4719,0.7325,0.7717,0.7719,0.8067,0.7964,0.8077,0.4816,0.5155,0.5079,1.0,0.9852,0.9996,0.544,0.4818,0.5164,0.6574,0.6494,0.637,0.9295,0.9344,0.8569,0.9926,1.0,1.0,0.7293,0.7242,0.7385,0.9156,0.876,0.9127,0.7104,0.7346,0.7094,,block of flats,,Panel,No,3.0,0.0,3.0,0.0,-1659.0,0,0,0,0,0,0,0,0,0,0,0,0,0,0,0,0,0,0,0,0,0.0,0.0,0.0,1.0,0.0,
100095,0,Cash loans,F,Y,N,0,193500.0,562500.0,490500.0,23000.0,Unaccompanied,Working,Secondary / secondary special,Married,House / apartment,0.012554,-19283,-462,-11854.0,-4556,,1,1,0,1,0,0,Managers,2.0,1,1,TUESDAY,10,0,0,0,0,0,0,Business Entity Type 3,,0.74457,0.647445,0.1072,0.1661,0.1182,0.0867,0.0734,0.0577,0.1384,0.1458,0.1545,0.156,0.1673,0.145,0.1526,0.1242,0.1358,0.1263,0.1551,0.129,0.1447,0.1328,0.1017,0.0149,0.1193,0.0964,0.1229,0.1114,0.0856,0.1322,0.1586,0.1617,0.1249,0.0978,0.1066,0.1035,0.1256,0.0809,0.0802,0.1415,0.1099,0.1148,0.1075,0.1039,reg oper account,block of flats,0.062,"Stone, brick",No,1.0,0.0,1.0,0.0,-813.0,0,0,0,0,0,0,0,0,0,0,0,0,0,0,0,0,0,0,0,0,0.0,0.0,,0.0,0.0,5.0
100096,0,Cash loans,F,N,Y,3,396000.0,2259000.0,1786500.0,135000.0,Family,Working,Secondary / secondary special,Married,House / apartment,0.041786,-12539,-2401,-136.0,-4269,,1,1,1,1,1,0,Laborers,5.0,2,2,THURSDAY,13,0,0,1,0,1,0,XNA,,0.790817,0.441238,0.1222,0.1565,0.1443,0.1822,0.1587,0.1928,0.1084,0.1023,0.1035,0.1142,0.1302,0.1319,0.1915,0.1762,0.2018,0.1349,0.1429,0.1127,0.1524,0.1071,0.1724,0.1111,0.0895,0.0784,0.0816,0.0898,0.0689,0.1359,0.1104,0.1235,0.1996,0.1595,0.1683,0.1716,0.1841,0.2115,0.1289,0.0922,0.1356,0.0941,0.0992,0.0981,reg oper account,block of flats,0.1009,,No,2.0,0.0,2.0,0.0,-2534.0,0,1,0,0,0,0,0,0,0,0,0,0,0,0,0,0,0,0,0,0,0.0,0.0,0.0,0.0,0.0,3.0
100097,0,Cash loans,F,N,N,0,135000.0,238500.0,202500.0,8000.0,Unaccompanied,Working,Secondary / secondary special,Married,House / apartment,0.009866,-9657,-1083,-2974.0,-3685,,1,1,0,1,0,0,Managers,2.0,2,2,THURSDAY,15,0,0,0,0,0,0,XNA,,0.434048,0.637134,0.0684,0.0677,0.0835,0.0849,0.1034,0.1084,0.0195,0.0552,0.0866,0.0721,0.0903,0.078,0.0984,0.0841,0.0495,0.1309,0.0962,0.1232,0.0649,0.0571,0.0606,0.1032,0.1222,0.1065,0.1518,0.0529,0.1171,0.0372,0.1077,0.0739,0.0486,0.0951,0.1074,0.0947,0.1028,0.1154,0.0794,0.0469,0.0473,0.0709,0.135,0.0991,reg oper account,block of flats,0.0464,,No,0.0,0.0,0.0,0.0,-1304.0,0,1,0,0,1,0,0,0,0,0,0,0,0,0,0,0,0,0,0,0,0.0,0.0,0.0,0.0,1.0,3.0
100098,0,Cash loans,F,N,Y,0,108000.0,328500.0,256500.0,27000.0,Unaccompanied,Working,Secondary / secondary special,Married,House / apartment,0.025601,-20371,-543,-4106.0,-3380,,1,1,1,1,0,0,Sales staff,1.0,2,2,WEDNESDAY,17,0,0,0,0,0,0,Business Entity Type 3,0.936052,0.312309,0.6167,0.3663,0.3278,0.3845,0.3687,0.4074,0.4228,0.2764,0.284,0.2761,0.4185,0.3872,0.4258,0.418,0.3975,0.3602,0.1814,0.1971,0.1825,0.3283,0.323,0.2947,0.3997,0.3957,0.4191,0.315,0.296,0.2793,0.4486,0.4515,0.4026,0.4467,0.4237,0.4713,0.2418,0.2831,0.2408,0.3597,0.3492,0.3695,0.2451,0.2488,0.2834,reg oper account,block of flats,,,No,1.0,0.0,1.0,0.0,-3931.0,0,1,0,0,0,0,0,0,0,0,0,0,0,0,0,0,0,0,0,0,0.0,,0.0,0.0,,5.0
100099,0,Cash loans,F,N,Y,2,387000.0,778500.0,679500.0,59500.0,Unaccompanied,Pensioner,Higher education,Single / not married,House / apartment,0.022005,-20597,365243,-3271.0,-4801,,1,0,1,1,0,0,,4.0,2,2,FRIDAY,14,0,0,0,0,0,0,Other,0.635538,0.42753,0.624119,0.6661,0.6656,0.6984,0.7465,0.7619,0.7793,0.8185,0.8669,0.8268,0.5826,0.5961,0.5713,0.4924,0.5124,0.4938,0.6082,0.6323,0.5978,0.4598,0.4411,0.466,0.8104,0.7876,0.7732,0.8845,0.8824,0.8944,0.4296,0.4156,0.3937,0.7392,0.7369,0.7029,0.7477,0.726,0.7251,0.7647,0.759,0.7079,0.8853,0.8778,0.8665,,,,Wooden,No,1.0,0.0,1.0,0.0,-2127.0,0,0,0,0,0,0,0,0,0,0,0,0,0,0,0,0,0,0,0,0,0.0,0.0,0.0,0.0,0.0,2.0
100100,0,Revolving loans,F,N,Y,0,108000.0,301500.0,283500.0,16500.0,Unaccompanied,Pensioner,Secondary / secondary special,Married,House / apartment,0.040174,-20893,365243,-7837.0,-621,,1,0,1,1,0,0,Laborers,1.0,1,1,SUNDAY,14,0,0,0,0,0,0,XNA,,0.705001,0.204479,0.4136,0.3752,0.4036,0.5137,0.534,0.4921,0.3302,0.3183,0.2919,0.4128,0.4161,0.3892,0.3018,0.2966,0.2688,0.3658,0.342,0.3714,0.5326,0.5392,0.5343,0.3006,0.3176,0.2747,0.2686,0.2771,0.2598,0.4314,0.413,0.4356,0.408,0.3959,0.4476,0.4248,0.492,0.469,0.3633,0.3747,0.3458,0.2986,0.2413,0.3187,,block of flats,,,,0.0,0.0,0.0,0.0,-128.0,0,1,0,0,1,0,1,0,0,0,0,0,0,0,0,0,0,0,0,0,,,0.0,1.0,1.0,1.0
100101,0,Revolving loans,F,Y,Y,0,135000.0,1048500.0,837000.0,31500.0,Group of people,Working,Secondary / secondary special,Married,House / apartment,0.03672,-21762,-1341,-5693.0,-2356,8.0,1,1,0,1,0,0,HR staff,1.0,1,1,WEDNESDAY,11,0,0,0,0,0,0,XNA,,0.560656,0.754817,0.5647,0.5479,0.5302,0.526,0.4921,0.526,0.5028,0.5469,0.5655,0.6829,0.7093,0.64,0.7278,0.7194,0.7354,0.6397,0.6127,0.6169,0.9061,0.8566,0.9,0.8722,0.8913,0.8673,0.6138,0.6284,0.6164,0.8564,0.7591,0.8344,0.6682,0.7136,0.6817,0.6825,0.7248,0.71,0.7735,0.7837,0.8052,0.8252,0.8418,0.8264,,,,"Stone, brick",,2.0,0.0,2.0,1.0,-3517.0,0,0,0,0,0,0,0,0,0,0,0,0,0,0,0,0,0,0,0,0,,0.0,0.0,0.0,0.0,1.0
100102,0,Cash loans,F,N,Y,0,220500.0,612000.0,567000.0,31000.0,Unaccompanied,Working,Secondary / secondary special,Married,House / apartment,0.019674,-16163,-981,-2568.0,-1622,,1,1,0,1,0,0,Sales staff,2.0,2,2,SUNDAY,13,0,0,0,0,0,0,Other,,0.713994,0.809271,0.3406,0.3484,0.3094,0.2699,0.2201,0.2199,0.3522,0.2932,0.355,0.4295,0.4278,0.4325,0.4113,0.4243,0.4129,0.2639,0.2293,0.2685,0.1975,0.1834,0.2158,0.3712,0.3524,0.3716,0.3774,0.3774,0.3971,0.2077,0.2238,0.1939,0.237,0.2405,0.2282,0.2734,0.2755,0.2766,0.2365,0.2178,0.2112,0.419,0.363,0.3576,reg oper account,block of flats,,,,1.0,0.0,1.0,0.0,-3740.0,0,1,0,0,0,0,0,0,0,0,0,0,0,0,0,0,0,0,0,0,0.0,0.0,0.0,,0.0,2.0
100103,0,Cash loans,M,N,Y,1,76500.0,441000.0,396000.0,18500.0,Family,Working,Secondary / secondary special,Married,House / apartment,0.013404,-14971,-1776,-4499.0,-5072,,1,1,0,1,0,0,Core staff,3.0,2,3,TUESDAY,7,0,0,0,0,0,0,Government,,0.393264,0.398325,0.211,0.165,0.2113,0.2756,0.2856,0.2664,0.1396,0.1376,0.1247,0.2024,0.1772,0.2257,0.1914,0.1553,0.1844,0.1798,0.1963,0.1976,0.1953,0.2064,0.1934,0.2652,0.211,0.2787,0.1462,0.1364,0.1709,0.1891,0.2399,0.2185,0.2494,0.204,0.1972,0.1638,0.1324,0.1395,0.285,0.2514,0.2638,0.1901,0.2284,0.1811,reg oper account,,,Panel,,1.0,0.0,1.0,0.0,-2554.0,0,1,0,0,0,0,0,0,0,0,0,0,0,0,0,0,0,0,0,0,0.0,0.0,0.0,0.0,0.0,3.0
100104,0,Revolving loans,F,Y,Y,0,216000.0,1939500.0,1710000.0,65500.0,Unaccompanied,Pensioner,Secondary / secondary special,Single / not married,House / apartment,0.051213,-21472,365243,-3428.0,-1013,7.0,1,0,0,1,1,0,Laborers,2.0,2,2,MONDAY,14,0,0,0,0,0,0,Bank,0.142882,0.154802,,0.2359,0.2832,0.2321,0.376,0.4175,0.4532,0.3157,0.3378,0.3162,0.4747,0.4302,0.4192,0.3091,0.2791,0.3099,0.2513,0.2117,0.2344,0.2831,0.2865,0.3211,0.4304,0.4347,0.4437,0.2678,0.2537,0.2434,0.3916,0.4281,0.372,0.2751,0.2212,0.2547,0.396,0.3688,0.3858,0.2875,0.3142,0.2912,0.3703,0.4049,0.3972,reg oper account,,0.4461,,,3.0,0.0,3.0,0.0,-4002.0,0,1,0,0,0,0,0,0,0,0,0,0,0,0,0,0,0,0,0,0,,0.0,0.0,0.0,0.0,3.0
100105,1,Cash loans,F,N,N,0,202500.0,778500.0,702000.0,23000.0,Unaccompanied,Commercial associate,Secondary / secondary special,Civil marriage,House / apartment,0.012599,-9239,-321,-24.0,-363,,1,1,0,1,0,0,Drivers,1.0,2,2,WEDNESDAY,13,0,0,0,0,0,0,Business Entity Type 1,,0.322244,0.219417,0.194,0.1372,0.1695,0.2839,0.2564,0.2557,0.3422,0.3539,0.3266,0.3635,0.3403,0.3341,0.3112,0.3422,0.3273,0.1954,0.1821,0.2325,0.2651,0.353,0.3426,0.2866,0.332,0.3065,0.1042,0.1505,0.2031,0.361,0.3674,0.3216,0.3392,0.3124,0.3389,0.2419,0.2266,0.2174,0.2751,0.2446,0.2577,0.2168,0.2188,0.2415,,block of flats,0.1551,,,3.0,0.0,3.0,0.0,-541.0,0,1,0,0,0,0,0,0,0,0,0,0,0,0,0,0,0,0,0,0,0.0,0.0,0.0,0.0,0.0,1.0
100106,0,Cash loans,F,N,Y,0,297000.0,2002500.0,1696500.0,104000.0,Unaccompanied,Working,Secondary / secondary special,Civil marriage,House / apartment,0.004584,-18825,-5612,-9356.0,-5549,,1,1,0,1,1,0,,1.0,2,2,THURSDAY,18,0,0,0,0,0,0,Business Entity Type 3,,0.633327,0.365185,0.3969,0.395,0.3645,0.2756,0.3134,0.3125,0.4008,0.3952,0.3752,0.2105,0.2289,0.2519,0.3112,0.2931,0.3601,0.2321,0.226,0.2328,0.2909,0.329,0.3316,0.1985,0.189,0.1844,0.3158,0.331,0.3224,0.2797,0.243,0.2091,0.2725,0.2702,0.29,0.3828,0.3641,0.3511,0.2945,0.2733,0.3159,0.2058,0.217,0.1933,,,,,,1.0,0.0,1.0,0.0,-872.0,0,1,0,0,0,0,0,0,0,0,0,0,0,0,0,0,0,0,0,0,0.0,0.0,0.0,,0.0,3.0
100107,0,Cash loans,F,N,Y,0,238500.0,1246500.0,1147500.0,39000.0,Unaccompanied,Working,Higher education,Married,House / apartment,0.005907,-19240,-1767,-4999.0,-2377,,1,1,1,1,0,0,,2.0,2,2,TUESDAY,12,0,0,0,0,0,0,Business Entity Type 3,0.33931,0.326803,0.368065,0.1991,0.2157,0.2076,0.1358,0.1354,0.1559,0.1557,0.1848,0.1508,0.1721,0.2001,0.198,0.1811,0.2127,0.1993,0.1989,0.1671,0.1774,0.1218,0.1207,0.1227,0.1973,0.1759,0.1762,0.1328,0.1553,0.1076,0.0947,0.1458,0.1629,0.1424,0.1627,0.1249,0.1902,0.2032,0.1549,0.1947,0.1938,0.167,0.0861,0.1706,0.1565,,,,,,1.0,0.0,1.0,0.0,-2103.0,0,1,0,0,0,0,0,0,0,0,0,0,0,0,0,0,0,0,0,0,0.0,0.0,0.0,0.0,0.0,
100108,0,Cash loans,F,Y,Y,1,301500.0,1255500.0,1174500.0,67500.0,Unaccompanied,Commercial associate,Secondary / secondary special,Married,House / apartment,0.00687,-15892,-1162,-5508.0,-4771,,1,1,0,1,0,0,Laborers,2.0,2,2,THURSDAY,16,0,0,0,0,0,1,Self-employed,0.178545,0.346285,0.422269,0.5537,0.5644,0.5557,0.5339,0.5391,0.5312,0.3982,0.3971,0.4088,0.4972,0.5345,0.5152,0.4488,0.4138,0.4075,0.3916,0.36,0.3635,0.4093,0.3881,0.3846,0.3984,0.3938,0.3723,0.4726,0.5061,0.4736,0.4072,0.3732,0.4058,0.3244,0.3213,0.3553,0.5626,0.5291,0.574,0.2615,0.2689,0.266,0.487,0.5228,0.5344,,block of flats,0.3943,,No,1.0,0.0,1.0,0.0,-1495.0,0,0,0,0,1,0,0,0,0,0,0,0,0,0,0,0,0,0,0,0,0.0,0.0,,0.0,0.0,3.0
100109,1,Cash loans,M,N,N,0,139500.0,823500.0,769500.0,28000.0,Unaccompanied,Commercial associate,Secondary / secondary special,Civil marriage,House / apartment,0.027055,-13196,-239,-3055.0,-1399,,1,1,0,1,1,0,,2.0,3,3,WEDNESDAY,11,0,0,0,0,1,1,Self-employed,,0.600413,0.486655,0.2718,0.2654,0.2712,0.2435,0.1802,0.2112,0.3219,0.3441,0.3256,0.3018,0.3089,0.3415,0.3673,0.3765,0.3803,0.2518,0.2858,0.2914,0.3713,0.3712,0.3938,0.2272,0.2205,0.1915,0.2606,0.2933,0.2623,0.3011,0.3182,0.3093,0.3494,0.3709,0.3976,0.3046,0.3404,0.3138,0.2376,0.2549,0.3252,0.1621,0.2064,0.2087,,,,,No,2.0,0.0,2.0,0.0,-90.0,0,1,0,0,0,0,0,0,0,0,0,0,0,0,0,0,0,0,0,0,0.0,0.0,0.0,0.0,2.0,0.0
100110,0,Cash loans,M,Y,Y,0,90000.0,967500.0,805500.0,41000.0,Unaccompanied,Pensioner,Secondary / secondary special,Separated,House / apartment,0.0725,-23712,365243,-8663.0,-4205,,1,0,0,1,0,0,High skill tech staff,2.0,3,3,MONDAY,18,0,0,0,0,0,0,Construction,,0.411425,0.818874,0.0812,0.1405,0.1006,0.0699,0.0732,0.1087,0.1376,0.1185,0.1106,0.161,0.1157,0.1837,0.12,0.1238,0.1221,0.0849,0.0826,0.0695,0.1945,0.1457,0.1985,0.1771,0.1905,0.1539,0.1164,0.1178,0.0738,0.1997,0.2208,0.2021,0.1576,0.1576,0.1852,0.14,0.1777,0.1734,0.1523,0.1175,0.146,0.1436,0.1233,0.1146,reg oper account,,,Panel,No,2.0,0.0,2.0,0.0,-1882.0,0,1,0,0,1,0,0,0,0,0,0,0,0,0,0,0,0,0,0,0,0.0,0.0,0.0,,0.0,1.0
100111,0,Cash loans,F,Y,Y,0,468000.0,1287000.0,1170000.0,34000.0,Family,State servant,Secondary / secondary special,Married,House / apartment,0.005279,-20704,-426,-1685.0,-5553,,1,1,0,1,0,0,,2.0,3,3,FRIDAY,17,0,0,0,1,0,0,Trade: type 7,0.759379,0.604158,0.485947,0.279,0.3048,0.2691,0.164,0.1294,0.1445,0.1218,0.118,0.095,0.1629,0.163,0.184,0.1506,0.133,0.162,0.2375,0.2131,0.2105,0.2618,0.276,0.2444,0.2563,0.2567,0.2715,0.259,0.2031,0.2286,0.2404,0.2548,0.2502,0.1694,0.1513,0.1783,0.1912,0.1868,0.1908,0.2518,0.2359,0.2275,0.1397,0.1185,0.1549,,block of flats,0.2201,,,1.0,2.0,1.0,0.0,-13.0,0,1,0,0,0,0,0,0,0,0,0,0,0,0,0,0,0,0,0,0,0.0,0.0,0.0,0.0,0.0,1.0
100112,0,Cash loans,F,Y,Y,0,63000.0,144000.0,117000.0,3500.0,Family,Working,Secondary / secondary special,Married,House / apartment,0.011511,-9920,-3346,-3048.0,-4579,,1,1,0,1,0,0,Laborers,2.0,2,2,WEDNESDAY,16,0,0,0,0,1,0,Self-employed,0.184719,0.274628,0.421401,0.1686,0.1902,0.1954,0.2051,0.1928,0.2069,0.1584,0.1532,0.1647,0.1148,0.093,0.1136,0.144,0.0952,0.0827,0.1804,0.1332,0.1827,0.1934,0.1949,0.1969,0.2018,0.1733,0.1881,0.1631,0.1373,0.1595,0.1768,0.1794,0.212,0.1787,0.2033,0.1755,0.1767,0.1413,0.1118,0.1894,0.1159,0.1759,0.1198,0.096,0.0788,,,0.2239,,No,2.0,0.0,2.0,0.0,-895.0,0,1,0,0,0,0,0,0,0,0,0,0,0,0,0,0,0,0,0,0,0.0,0.0,0.0,0.0,1.0,1.0
100113,1,Cash loans,M,Y,Y,0,67500.0,148500.0,130500.0,4500.0,Unaccompanied,Working,Secondary / secondary special,Single / not married,House / apartment,0.019761,-12102,-5528,-1796.0,-1766,0.0,1,1,0,1,0,0,Accountants,1.0,3,3,THURSDAY,12,0,0,0,0,0,0,Industry: type 3,,0.257445,0.496347,0.1578,0.1155,0.1598,0.1001,0.0662,0.0847,0.1073,0.1063,0.1613,0.1102,0.0788,0.0835,0.0832,0.0797,0.112,0.1482,0.127,0.0989,0.0715,0.0695,0.0762,0.1175,0.0859,0.128,0.1096,0.0917,0.1037,0.1314,0.137,0.1474,0.1174,0.1525,0.085,0.1564,0.1598,0.1179,0.1512,0.1331,0.1504,0.1203,0.0626,0.0494,,block of flats,,Others,,3.0,0.0,3.0,0.0,-3279.0,0,1,0,0,0,0,0,0,0,0,0,0,0,0,0,0,0,0,0,0,0.0,0.0,0.0,,,3.0
100114,0,Cash loans,F,Y,Y,0,202500.0,1363500.0,1062000.0,36500.0,Children,Working,Secondary / secondary special,Widow,House / apartment,0.048752,-17234,-499,-9490.0,-3607,,1,1,0,1,0,0,,2.0,2,2,SUNDAY,11,0,0,0,0,1,0,XNA,0.224726,0.238841,0.187684,0.5259,0.55,0.5501,0.7947,0.8242,0.8374,0.6465,0.6554,0.6364,0.4505,0.4375,0.4408,0.5858,0.5391,0.5517,0.3633,0.3816,0.3434,0.4772,0.5296,0.4949,0.4366,0.4673,0.4847,0.5572,0.539,0.5452,0.4884,0.4735,0.4521,0.5791,0.6124,0.6203,0.4801,0.4685,0.4453,0.4855,0.5047,0.5292,0.4345,0.4465,0.4279,,block of flats,0.8581,"Stone, brick",No,2.0,1.0,2.0,0.0,-648.0,0,1,0,0,0,0,1,0,0,0,0,0,0,0,0,0,0,0,0,0,0.0,0.0,0.0,0.0,0.0,4.0
100115,0,Cash loans,F,Y,Y,0,360000.0,2614500.0,2142000.0,185500.0,Unaccompanied,Working,Higher education,Married,House / apartment,0.011473,-19539,-5790,-9604.0,-4988,1.0,1,1,0,1,1,0,Sales staff,2.0,2,2,SATURDAY,11,0,0,0,0,0,0,Medicine,,0.325721,0.1512,0.4456,0.4531,0.4009,0.2228,0.2221,0.2529,0.3669,0.346,0.363,0.2498,0.2363,0.2592,0.2461,0.2649,0.2281,0.4295,0.4247,0.3978,0.4443,0.464,0.4855,0.4704,0.4872,0.4655,0.4404,0.4546,0.45,0.3812,0.3613,0.3818,0.2435,0.2454,0.259,0.4851,0.472,0.4882,0.2563,0.2407,0.2864,0.3355,0.302,0.3479,,,,"Stone, brick",,1.0,0.0,1.0,0.0,-2560.0,0,0,0,0,0,0,1,0,0,0,0,0,0,0,0,0,0,0,0,0,0.0,0.0,0.0,0.0,0.0,0.0
100116,0,Cash loans,F,Y,N,0,162000.0,468000.0,423000.0,16000.0,Unaccompanied,Working,Higher education,Married,House / apartment,0.026973,-16959,-1846,-6560.0,-5131,8.0,1,1,0,1,1,0,Managers,2.0,1,1,SUNDAY,9,0,0,1,0,0,0,Government,0.272063,0.422514,,0.2701,0.3068,0.2684,0.1653,0.1623,0.1221,0.3287,0.3511,0.3595,0.2181,0.2415,0.2325,0.1668,0.2128,0.1972,0.2942,0.2421,0.3232,0.1774,0.1999,0.2005,0.2454,0.1582,0.2142,0.1352,0.1244,0.1378,0.1912,0.1689,0.19,0.3145,0.3387,0.3349,0.1633,0.1873,0.17,0.2726,0.2989,0.2866,0.293,0.3162,0.2995,,block of flats,0.3423,Panel,,1.0,1.0,1.0,1.0,-3798.0,0,0,0,0,0,0,0,0,0,0,0,0,0,0,0,0,0,0,0,0,0.0,0.0,,0.0,1.0,5.0
100117,0,Cash loans,M,Y,Y,1,256500.0,310500.0,297000.0,19500.0,Unaccompanied,Working,Secondary / secondary special,Civil marriage,House / apartment,0.016014,-16087,-222,-3210.0,-1796,24.0,1,1,0,1,0,0,Sales staff,2.0,2,2,WEDNESDAY,14,0,0,0,0,0,0,Self-employed,0.397482,0.454055,0.599269,0.2894,0.2442,0.2518,0.2808,0.246,0.2874,0.1445,0.1522,0.1931,0.1983,0.1777,0.2162,0.3023,0.3216,0.333,0.2194,0.2211,0.2081,0.1943,0.213,0.1769,0.1893,0.171,0.2071,0.1625,0.1534,0.1837,0.321,0.3103,0.2977,0.2888,0.3479,0.314,0.1659,0.1554,0.1739,0.1707,0.1731,0.224,0.3284,0.3572,0.2731,,block of flats,0.1882,"Stone, brick",No,1.0,0.0,1.0,0.0,-331.0,0,1,0,0,0,0,0,0,0,0,0,0,0,0,0,0,0,0,0,0,,0.0,0.0,1.0,0.0,1.0
100118,0,Cash loans,M,Y,Y,2,49500.0,135000.0,108000.0,7500.0,Unaccompanied,Working,Higher education,Single / not married,House / apartment,0.0725,-8892,-540,-12.0,-1371,27.0,1,1,0,1,0,1,Managers,4.0,2,2,MONDAY,11,0,0,0,0,0,0,Business Entity Type 3,0.663134,0.512527,0.546753,0.5706,0.5471,0.5779,0.6345,0.6095,0.6328,0.6082,0.6461,0.598,0.5974,0.5987,0.6285,0.5557,0.5523,0.5404,0.8092,0.815,0.8371,0.8624,0.8913,0.8865,0.9131,0.9448,0.9263,0.4386,0.416,0.4372,0.5491,0.4822,0.4701,0.9221,0.8618,0.8955,0.5893,0.56,0.6328,0.4433,0.4032,0.4563,0.4367,0.4075,0.4407,,block of flats,0.3987,Panel,,0.0,1.0,0.0,0.0,-1220.0,0,0,0,0,0,0,1,0,0,0,0,0,0,0,0,0,1,0,0,0,0.0,,,0.0,0.0,0.0
100119,0,Cash loans,F,Y,Y,0,112500.0,594000.0,531000.0,23000.0,Unaccompanied,Pensioner,Secondary / secondary special,Married,House / apartment,0.020453,-20589,365243,-2785.0,-2600,22.0,1,0,1,1,0,0,High skill tech staff,2.0,2,2,FRIDAY,13,0,0,0,0,0,0,Business Entity Type 3,0.311705,0.492813,0.569893,0.3142,0.3375,0.352,0.3096,0.286,0.2807,0.1933,0.1836,0.2129,0.179,0.1582,0.1949,0.3206,0.3199,0.3213,0.3452,0.3379,0.3467,0.2241,0.2545,0.2404,0.1639,0.1892,0.2499,0.2291,0.2421,0.2272,0.2138,0.2415,0.2231,0.3406,0.273,0.332,0.2294,0.2078,0.2281,0.1751,0.212,0.2056,0.2723,0.2772,0.2468,,,0.3056,Panel,No,1.0,0.0,1.0,0.0,-1056.0,0,1,0,0,0,0,0,0,0,0,0,0,0,0,0,0,0,0,0,0,,0.0,,0.0,0.0,2.0
100120,0,Cash loans,M,N,Y,0,54000.0,202500.0,184500.0,6500.0,Unaccompanied,Working,Secondary / secondary special,Married,House / apartment,0.023314,-20351,-2688,-7782.0,-1503,,1,1,1,1,0,0,,1.0,1,1,SATURDAY,13,0,0,0,0,0,0,Business Entity Type 3,0.516204,0.535647,0.476922,0.0605,0.08,0.0848,0.0684,0.0328,0.0482,0.03,0.027,0.0,0.0839,0.0956,0.0662,0.0498,0.0421,0.0639,0.0318,0.0395,0.0498,0.0742,0.0578,0.0581,0.0847,0.0894,0.0903,0.0917,0.1047,0.026,0.0909,0.1108,0.0867,0.0554,0.0683,0.0842,0.069,0.036,0.0627,0.0566,0.0196,0.0347,0.097,0.0899,0.0855,,block of flats,,,,0.0,0.0,0.0,0.0,-1192.0,0,1,0,0,0,0,0,0,0,0,0,0,0,0,0,0,0,0,0,0,0.0,0.0,0.0,0.0,0.0,1.0
100121,0,Cash loans,F,N,Y,0,225000.0,967500.0,936000.0,30500.0,Family,Pensioner,Higher education,Married,Municipal apartment,0.019703,-21194,365243,-3106.0,-4321,,1,0,0,1,0,0,Sales staff,2.0,2,2,WEDNESDAY,9,0,0,0,0,1,0,XNA,,0.412128,0.510774,0.3521,0.295,0.2853,0.2797,0.3091,0.3041,0.2278,0.1957,0.1574,0.288,0.322,0.2983,0.1604,0.1639,0.195,0.2318,0.2069,0.2217,0.1436,0.1524,0.1613,0.2858,0.2522,0.2568,0.3089,0.2904,0.3337,0.3364,0.3131,0.3096,0.2554,0.2068,0.2109,0.1824,0.1996,0.2031,0.3214,0.2977,0.2909,0.184,0.2152,0.22,,block of flats,0.3586,Panel,No,2.0,0.0,2.0,0.0,-2676.0,0,0,0,0,0,0,0,0,0,0,0,0,0,0,0,0,0,0,0,0,0.0,0.0,0.0,1.0,1.0,2.0
100122,0,Cash loans,F,N,Y,0,63000.0,184500.0,166500.0,5000.0,Unaccompanied,Working,Lower secondary,Single / not married,House / apartment,0.01446,-13098,-1858,-257.0,-3550,,1,1,1,1,0,0,Laborers,2.0,3,3,SUNDAY,16,0,0,0,0,0,0,Medicine,0.23762,0.501444,0.586421,0.5264,0.5181,0.5105,0.5487,0.5119,0.5172,0.3331,0.3204,0.2976,0.5698,0.5844,0.598,0.3989,0.4305,0.4315,0.3482,0.3296,0.3294,0.4537,0.4447,0.4175,0.3838,0.3687,0.3803,0.5636,0.5334,0.5739,0.5454,0.6078,0.5937,0.5995,0.5509,0.5364,0.6268,0.6139,0.6871,0.334,0.3442,0.3283,0.7187,0.7401,0.7264,not specified,block of flats,0.5965,,,2.0,0.0,2.0,0.0,-2497.0,0,1,0,0,0,0,0,0,0,0,0,0,0,0,0,0,0,0,0,0,0.0,0.0,0.0,,,3.0
100123,0,Cash loans,F,Y,Y,0,72000.0,490500.0,391500.0,18500.0,Family,Working,Secondary / secondary special,Single / not married,House / apartment,0.033698,-12764,-4101,-2465.0,-2877,,1,1,0,1,0,0,Managers,1.0,2,2,MONDAY,12,0,0,0,0,0,0,XNA,,0.203251,0.345446,0.1419,0.152,0.1913,0.2971,0.2984,0.3065,0.1334,0.157,0.1707,0.189,0.1726,0.1565,0.2154,0.1949,0.1698,0.3118,0.3304,0.3064,0.2861,0.2695,0.3014,0.2941,0.3072,0.2808,0.1913,0.2293,0.2253,0.2216,0.2403,0.2249,0.1675,0.1699,0.1626,0.2678,0.2878,0.2795,0.2949,0.2491,0.2738,0.2186,0.237,0.2351,reg oper account,,,,No,0.0,0.0,0.0,0.0,-3808.0,0,0,0,0,0,0,0,0,0,0,0,0,0,0,0,0,0,0,0,0,0.0,0.0,0.0,,0.0,2.0
100124,0,Cash loans,F,N,Y,2,193500.0,913500.0,738000.0,24000.0,Unaccompanied,Working,Secondary / secondary special,Married,House / apartment,0.009115,-12838,-4886,-459.0,-4860,,1,1,0,1,0,0,Drivers,3.0,2,2,FRIDAY,15,0,0,0,0,0,0,Construction,0.449831,0.530123,0.300276,0.3678,0.3705,0.3179,0.4096,0.388,0.3769,0.468,0.4328,0.4242,0.3248,0.339,0.3813,0.5053,0.5097,0.5047,0.4757,0.4378,0.4616,0.4685,0.5058,0.4682,0.3901,0.3995,0.4253,0.4723,0.4743,0.4413,0.493,0.4838,0.4861,0.4133,0.3986,0.4149,0.3076,0.3261,0.2722,0.4629,0.4861,0.398,0.4229,0.428,0.4467,,block of flats,,"Stone, brick",,0.0,0.0,0.0,0.0,-4005.0,0,1,0,0,0,0,0,0,0,0,0,0,0,0,0,0,0,0,0,0,0.0,0.0,0.0,1.0,0.0,3.0
100125,0,Cash loans,F,Y,Y,1,265500.0,1431000.0,1296000.0,39000.0,Unaccompanied,Working,Secondary / secondary special,Married,House / apartment,0.005405,-13436,-1191,-1310.0,-1282,,1,1,1,1,0,0,Managers,3.0,1,1,THURSDAY,8,0,0,0,0,1,0,Other,,0.39793,0.294181,0.2578,0.3023,0.2807,0.2735,0.3104,0.3262,0.3196,0.2893,0.3118,0.3315,0.3575,0.314,0.242,0.2392,0.2064,0.209,0.2049,0.2253,0.1884,0.1659,0.1599,0.2982,0.2899,0.2656,0.3762,0.3802,0.3279,0.1504,0.1887,0.2415,0.3005,0.3478,0.3604,0.2726,0.2609,0.2657,0.2263,0.2416,0.2396,0.3933,0.3862,0.3643,,,0.3988,,No,0.0,0.0,0.0,0.0,-1151.0,0,1,0,0,0,0,0,0,0,0,0,0,0,0,0,0,0,0,0,0,0.0,0.0,0.0,0.0,0.0,3.0
100126,0,Cash loans,F,Y,N,0,135000.0,576000.0,472500.0,16000.0,Unaccompanied,Working,Secondary / secondary special,Single / not married,House / apartment,0.017037,-18687,-2791,-4616.0,-5014,11.0,1,1,0,1,0,0,Laborers,2.0,2,2,WEDNESDAY,10,0,0,0,0,1,0,Self-employed,,0.28332,0.557826,0.4422,0.4274,0.4468,0.3557,0.3584,0.389,0.4284,0.4371,0.4312,0.2603,0.2239,0.2308,0.2804,0.2676,0.2422,0.4,0.3598,0.3925,0.2339,0.2721,0.2529,0.3242,0.3438,0.3429,0.2222,0.186,0.2148,0.4152,0.4284,0.4323,0.234,0.2602,0.2454,0.3134,0.3087,0.2665,0.4508,0.4516,0.4431,0.3022,0.2834,0.296,,,0.371,Mixed,No,1.0,0.0,1.0,1.0,-1476.0,0,0,0,0,0,0,0,0,0,0,0,0,0,0,0,0,0,0,0,0,0.0,0.0,0.0,1.0,1.0,2.0
100127,0,Cash loans,F,Y,Y,2,202500.0,1053000.0,1017000.0,62500.0,Unaccompanied,Pensioner,Secondary / secondary special,Married,House / apartment,0.031006,-22704,365243,-793.0,-3382,12.0,1,0,0,1,0,0,,4.0,2,2,TUESDAY,11,0,0,0,0,1,0,XNA,0.347546,0.354523,0.348174,0.5664,0.5549,0.5266,0.3111,0.2831,0.3156,0.6075,0.5994,0.6163,0.5305,0.5437,0.5394,0.4335,0.4581,0.4116,0.4832,0.5429,0.5499,0.6117,0.5844,0.5764,0.4315,0.4562,0.3676,0.5739,0.5663,0.5601,0.558,0.5645,0.5336,0.3057,0.2618,0.3133,0.4439,0.4307,0.4459,0.3072,0.2708,0.2531,0.3295,0.2928,0.3112,,,0.2648,Panel,No,2.0,1.0,2.0,1.0,-1007.0,0,0,0,0,0,0,0,0,0,0,0,0,0,0,0,0,0,0,0,0,0.0,0.0,0.0,1.0,0.0,5.0
100128,0,Cash loans,M,N,Y,0,198000.0,994500.0,958500.0,38500.0,Unaccompanied,Pensioner,Secondary / secondary special,Married,House / apartment,0.013045,-21850,365243,-718.0,-5857,,1,0,1,1,1,0,,2.0,2,2,TUESDAY,13,0,0,0,1,1,0,Business Entity Type 3,,0.511235,0.129186,0.5491,0.5286,0.5998,0.5292,0.5396,0.5356,0.8576,0.8999,0.8649,0.8036,0.8872,0.8863,0.4985,0.4777,0.5134,0.7083,0.6812,0.66,0.6316,0.7039,0.641,0.8451,0.8292,0.8677,0.4283,0.4455,0.4385,0.9186,0.9033,0.9115,0.7704,0.7708,0.7548,0.4402,0.4924,0.4607,0.6115,0.5135,0.5762,0.5163,0.5231,0.4767,,block of flats,0.8946,Panel,No,2.0,0.0,2.0,0.0,-1379.0,0,1,0,0,0,0,0,0,0,0,0,0,0,0,0,0,0,0,0,0,0.0,0.0,,0.0,2.0,1.0
100129,0,Cash loans,F,Y,N,0,130500.0,306000.0,297000.0,9500.0,Unaccompanied,Working,Higher education,Married,House / apartment,0.020992,-13972,-4390,-833.0,-3598,5.0,1,1,0,1,1,0,Laborers,2.0,2,2,THURSDAY,12,0,0,0,0,0,1,Self-employed,,0.591431,0.525082,0.3395,0.3263,0.3632,0.2831,0.2842,0.2545,0.4267,0.3787,0.3674,0.382,0.344,0.384,0.2666,0.3419,0.2969,0.4351,0.4373,0.4678,0.4218,0.4346,0.3808,0.3836,0.3757,0.3859,0.2592,0.2788,0.2923,0.2222,0.2459,0.212,0.22,0.2342,0.2284,0.2931,0.274,0.2455,0.2837,0.3032,0.2709,0.4425,0.4716,0.4535,reg oper account,block of flats,0.4401,,No,0.0,0.0,0.0,0.0,-780.0,0,1,0,0,0,0,0,0,0,0,0,0,0,0,0,0,0,0,0,0,0.0,,0.0,0.0,0.0,0.0
100130,0,Cash loans,F,Y,N,0,81000.0,387000.0,324000.0,10000.0,Unaccompanied,Working,Secondary / secondary special,Married,House / apartment,0.008773,-20118,-2016,-6500.0,-4573,6.0,1,1,0,1,0,0,Security staff,1.0,3,3,THURSDAY,17,0,0,0,0,0,0,XNA,,0.22995,,0.7409,0.7299,0.7269,1.0,0.9713,1.0,0.8359,0.7845,0.7894,0.5096,0.5366,0.5268,0.5628,0.5523,0.56,0.717,0.7433,0.7219,1.0,1.0,0.9541,0.7681,0.7575,0.7945,0.6064,0.6294,0.6079,0.949,0.9157,0.9217,0.7268,0.7041,0.6905,0.8742,0.8567,0.905,1.0,0.997,0.9985,0.8182,0.8304,0.801,,block of flats,1.0,,No,0.0,0.0,0.0,0.0,-2189.0,0,1,0,0,0,0,0,0,0,0,0,0,0,0,0,0,0,0,0,0,,0.0,0.0,0.0,,4.0
100131,0,Cash loans,F,Y,Y,0,202500.0,1219500.0,1125000.0,118000.0,Unaccompanied,Working,Secondary / secondary special,Civil marriage,With parents,0.036139,-10216,-1638,-3310.0,-1137,,1,1,0,1,0,0,Core staff,1.0,2,2,MONDAY,15,0,0,0,0,0,0,Security,0.47083,0.355134,,0.6591,0.6336,0.6351,0.5952,0.596,0.5875,0.6948,0.6542,0.6991,0.4636,0.4547,0.4131,0.5988,0.5925,0.6177,0.4905,0.497,0.5241,0.3878,0.3398,0.3627,0.6687,0.6979,0.6911,0.5205,0.5135,0.5308,0.3406,0.3349,0.3187,0.5247,0.4966,0.4916,0.5271,0.5238,0.5732,0.6838,0.6241,0.7007,0.4469,0.4609,0.4453,reg oper spec account,,0.5567,,,2.0,0.0,2.0,0.0,-1313.0,0,1,0,0,0,0,0,0,0,0,0,0,0,0,0,0,0,0,0,0,0.0,0.0,,0.0,0.0,5.0
100132,0,Revolving loans,F,Y,N,1,207000.0,1525500.0,1390500.0,77000.0,Unaccompanied,Pensioner,Higher education,Married,House / apartment,0.028014,-22888,365243,-2200.0,-1396,,1,0,0,1,0,0,Accountants,3.0,1,1,THURSDAY,10,0,0,0,0,1,0,Business Entity Type 2,,0.342356,0.198268,0.1683,0.1887,0.1782,0.0943,0.1142,0.0994,0.1537,0.1267,0.1157,0.1022,0.1614,0.0954,0.1691,0.1746,0.1159,0.1843,0.1501,0.2045,0.1754,0.1347,0.125,0.1863,0.1348,0.1473,0.2539,0.2299,0.2546,0.2095,0.2339,0.2309,0.1541,0.1878,0.1726,0.2254,0.2023,0.215,0.1216,0.126,0.1294,0.0986,0.1227,0.1235,,block of flats,0.18,"Stone, brick",,0.0,0.0,0.0,0.0,-3050.0,0,1,0,0,0,0,0,0,0,0,0,0,0,0,0,0,0,0,0,0,,0.0,0.0,0.0,,0.0
100133,0,Cash loans,M,N,Y,0,238500.0,1170000.0,922500.0,57500.0,Unaccompanied,Working,Secondary / secondary special,Single / not married,House / apartment,0.01893,-13478,-839,-4360.0,-3337,,1,1,0,1,0,0,,2.0,1,1,THURSDAY,22,0,0,0,0,1,0,Business Entity Type 3,,0.442248,,0.5973,0.5278,0.5584,0.7841,0.7637,0.7686,0.409,0.3994,0.4299,0.4718,0.5293,0.5287,0.635,0.6854,0.6913,0.6224,0.5869,0.6256,0.7121,0.7237,0.6962,0.465,0.4422,0.4341,0.3871,0.3961,0.4025,0.5014,0.4896,0.5361,0.6037,0.6192,0.6071,0.8132,0.8159,0.8513,0.688,0.6798,0.6496,0.3844,0.4061,0.3818,,block of flats,,"Stone, brick",,3.0,0.0,3.0,0.0,-999.0,0,1,0,0,1,0,0,0,0,0,0,0,0,0,0,0,0,0,0,0,,0.0,0.0,0.0,0.0,3.0
100134,0,Cash loans,M,N,Y,0,175500.0,400500.0,333000.0,21500.0,"Spouse, partner",Working,Secondary / secondary special,Single / not married,House / apartment,0.020762,-21549,-5473,-1458.0,-1383,,1,1,0,1,0,0,Sales staff,2.0,2,2,TUESDAY,12,0,1,0,0,0,0,Self-employed,,0.441279,0.427497,0.4427,0.4364,0.3911,0.2795,0.303,0.2769,0.1858,0.1745,0.1902,0.3974,0.3908,0.3917,0.2438,0.2265,0.2553,0.2617,0.2335,0.2078,0.2072,0.2199,0.205,0.3046,0.2868,0.3011,0.2647,0.2715,0.2854,0.1966,0.2113,0.2116,0.4242,0.424,0.416,0.3035,0.2845,0.2853,0.3251,0.3604,0.3434,0.2049,0.2549,0.2104,,block of flats,,,,0.0,0.0,0.0,0.0,-3345.0,0,0,0,0,0,0,0,0,0,0,0,0,0,0,0,0,0,0,0,0,0.0,0.0,0.0,0.0,0.0,2.0
100135,0,Cash loans,M,N,N,0,76500.0,189000.0,153000.0,5500.0,Unaccompanied,Pensioner,Secondary / secondary special,Married,House / apartment,0.007881,-20975,365243,-7636.0,-264,,1,0,0,1,0,0,Low-skill Laborers,1.0,1,1,WEDNESDAY,16,0,1,0,0,0,1,Construction,0.0005,0.0005,0.449271,0.5878,0.5623,0.5811,0.2561,0.2722,0.2705,0.5836,0.5311,0.5068,0.362,0.3408,0.3607,0.507,0.4924,0.5434,0.5167,0.5054,0.5376,0.4172,0.4141,0.4095,0.5315,0.5365,0.5808,0.4883,0.557,0.5235,0.2804,0.2298,0.2878,0.5036,0.5292,0.4776,0.5514,0.563,0.5963,0.5198,0.4778,0.5477,0.3245,0.3068,0.3129,,block of flats,0.5925,,,2.0,0.0,2.0,0.0,-786.0,0,1,0,0,0,0,0,0,0,0,0,0,0,0,0,0,0,0,0,0,0.0,0.0,0.0,1.0,0.0,0.0
100136,0,Cash loans,F,Y,N,2,216000.0,661500.0,567000.0,58500.0,Unaccompanied,Pensioner,Secondary / secondary special,Civil marriage,House / apartment,0.008103,-22556,365243,-996.0,-2673,34.0,1,0,0,1,0,0,Managers,4.0,2,2,MONDAY,11,0,0,0,0,0,0,Industry: type 9,,0.493785,0.55696,0.3731,0.3582,0.3829,0.3982,0.3858,0.3966,0.4157,0.4232,0.4054,0.7593,0.7526,0.7361,0.6063,0.6315,0.6388,0.4711,0.48,0.4837,0.3896,0.4111,0.4168,0.7551,0.7446,0.7411,0.5037,0.5136,0.5471,0.781,0.7905,0.7914,0.5053,0.515,0.5031,0.3674,0.3882,0.3701,0.4022,0.4253,0.4564,0.3618,0.332,0.3581,reg oper account,block of flats,0.3631,Panel,No,0.0,0.0,0.0,0.0,-74.0,0,0,0,0,0,0,0,0,0,0,0,0,0,0,0,0,0,0,0,0,0.0,0.0,0.0,0.0,0.0,2.0
100137,1,Revolving loans,F,N,Y,0,148500.0,643500.0,625500.0,31000.0,Unaccompanied,Commercial associate,Secondary / secondary special,Married,House / apartment,0.017338,-13230,-1736,-5264.0,-1580,,1,1,0,1,0,0,Laborers,2.0,2,2,MONDAY,14,0,0,0,0,0,0,Industry: type 9,,0.814713,0.375974,0.3451,0.3449,0.3511,0.5745,0.5641,0.5388,0.7005,0.7289,0.7294,0.71,0.6773,0.6992,0.3954,0.3376,0.366,0.3601,0.3231,0.3339,0.6581,0.6541,0.6815,0.5653,0.5578,0.5968,0.6946,0.7067,0.707,0.3686,0.3675,0.4074,0.4621,0.448,0.4128,0.6113,0.6507,0.6372,0.6655,0.6744,0.6651,0.6719,0.6937,0.6984,,,0.3571,,,0.0,1.0,0.0,0.0,-2050.0,0,0,0,0,0,0,0,0,0,0,0,0,0,0,0,0,0,0,0,0,0.0,0.0,0.0,0.0,0.0,3.0
100138,1,Cash loans,F,Y,Y,0,112500.0,409500.0,387000.0,13000.0,Unaccompanied,Working,Secondary / secondary special,Civil marriage,House / apartment,0.025714,-11875,-2879,-3497.0,-3900,,1,1,0,1,1,0,Private service staff,2.0,2,2,SATURDAY,15,0,0,0,0,0,0,Trade: type 7,,0.456734,0.701984,0.3687,0.3529,0.3483,0.242,0.2446,0.2728,0.3824,0.3726,0.3797,0.4637,0.461,0.4279,0.3247,0.3115,0.3055,0.3666,0.4019,0.3911,0.4854,0.5016,0.4596,0.2878,0.2504,0.2643,0.4282,0.4381,0.4172,0.2756,0.2983,0.2885,0.2827,0.2706,0.2452,0.3411,0.3593,0.3601,0.2429,0.2404,0.2532,0.2985,0.2853,0.2769,reg oper account,block of flats,,Block,,1.0,0.0,1.0,0.0,-50.0,0,0,0,0,0,0,0,0,0,0,0,0,0,0,0,0,0,0,0,0,0.0,0.0,0.0,0.0,0.0,3.0
100139,0,Cash loans,F,Y,Y,0,126000.0,265500.0,220500.0,12000.0,Unaccompanied,Working,Higher education,Married,House / apartment,0.026534,-21296,-3474,-8595.0,-3460,27.0,1,1,0,1,0,0,,1.0,2,2,SUNDAY,7,0,0,0,1,1,0,XNA,,0.536991,,0.667,0.7458,0.7135,0.6497,0.6667,0.682,0.8219,0.8795,0.8048,0.7392,0.7991,0.7396,0.8129,0.8571,0.8132,0.8306,0.8033,0.798,0.4017,0.4321,0.3353,0.7773,0.7789,0.7802,0.7008,0.7268,0.6956,0.7295,0.6847,0.6864,0.6152,0.5806,0.621,0.7102,0.7863,0.787,0.6411,0.6624,0.6213,0.5386,0.4985,0.4948,,,,,No,2.0,0.0,2.0,0.0,-4106.0,0,0,0,0,0,0,0,0,0,0,0,0,0,0,0,0,0,0,0,0,0.0,0.0,0.0,,0.0,4.0
100140,0,Cash loans,F,N,Y,2,99000.0,207000.0,184500.0,14500.0,Unaccompanied,Working,Secondary / secondary special,Widow,House / apartment,0.014932,-13752,-7178,-19.0,-3077,,1,1,0,1,0,0,Drivers,4.0,2,2,THURSDAY,18,0,0,0,0,0,0,Other,,0.695288,0.577268,0.5983,0.6151,0.583,0.5415,0.5904,0.5803,0.5367,0.5479,0.5404,0.3572,0.3622,0.3409,0.3826,0.3902,0.3553,0.5825,0.5904,0.5651,0.4404,0.5075,0.4897,0.3471,0.3599,0.3803,0.437,0.4457,0.4568,0.3165,0.3024,0.3101,0.3178,0.3148,0.3058,0.3489,0.3718,0.377,0.2917,0.3013,0.3402,0.6079,0.5858,0.603,,block of flats,0.3462,"Stone, brick",No,0.0,0.0,0.0,0.0,-961.0,0,1,0,0,0,0,0,0,0,0,0,0,0,0,0,0,0,0,0,0,0.0,0.0,0.0,0.0,0.0,2.0
100141,0,Cash loans,F,N,N,0,238500.0,292500.0,238500.0,10500.0,Children,Commercial associate,Higher education,Married,House / apartment,0.029685,-17799,-1946,-8744.0,-4988,,1,1,0,1,1,0,Laborers,2.0,2,2,WEDNESDAY,10,0,0,1,1,0,0,Government,,0.81066,0.290651,0.6037,0.6607,0.6503,0.6674,0.7188,0.6886,0.4901,0.4606,0.521,0.8199,0.8606,0.8371,0.9274,0.9204,0.9815,0.5305,0.5059,0.4886,0.5684,0.518,0.5273,0.9687,0.9738,0.9438,0.8782,0.8965,0.8791,0.8072,0.7865,0.8045,0.6144,0.5984,0.6189,0.8737,0.8657,0.8756,1.0,0.9588,0.998,0.7231,0.6698,0.7212,,block of flats,0.4583,Panel,,1.0,0.0,1.0,0.0,-2576.0,0,1,0,0,0,0,0,0,0,0,0,0,0,0,0,0,0,0,0,0,0.0,0.0,0.0,,0.0,1.0
100142,0,Cash loans,F,N,Y,0,67500.0,49500.0,40500.0,2000.0,Unaccompanied,Pensioner,Higher education,Married,House / apartment,0.045124,-20463,365243,-983.0,-404,,1,0,1,1,0,0,,2.0,1,1,FRIDAY,11,0,0,0,0,0,0,Kindergarten,0.622495,0.582745,0.746135,0.1958,0.2056,0.197,0.2636,0.274,0.2884,0.2339,0.1883,0.2275,0.2398,0.182,0.1974,0.1625,0.1995,0.171,0.2726,0.2808,0.288,0.2693,0.2014,0.2753,0.1061,0.1401,0.1475,0.1611,0.2075,0.1713,0.2529,0.2182,0.2208,0.2535,0.2533,0.2377,0.2821,0.2883,0.3036,0.2114,0.1614,0.2145,0.2532,0.2754,0.2504,,block of flats,,Panel,,2.0,0.0,2.0,0.0,-483.0,0,1,0,0,1,0,0,0,0,0,0,0,0,0,0,0,0,0,0,0,0.0,0.0,0.0,0.0,0.0,2.0
100143,0,Revolving loans,F,Y,Y,1,85500.0,310500.0,247500.0,8000.0,Unaccompanied,Working,Secondary / secondary special,Married,House / apartment,0.0177,-17036,-1557,-4343.0,-4703,,1,1,0,1,1,0,,2.0,2,2,WEDNESDAY,10,0,0,0,0,0,0,Business Entity Type 1,0.883807,0.55759,0.838369,0.4924,0.5105,0.4977,0.2903,0.254,0.2914,0.2667,0.2468,0.2956,0.3094,0.2615,0.313,0.2607,0.2819,0.2717,0.3406,0.3195,0.3236,0.4522,0.482,0.4502,0.3073,0.2841,0.3077,0.4441,0.4509,0.4285,0.3639,0.3524,0.3501,0.2911,0.2915,0.2885,0.457,0.4403,0.4389,0.31,0.3289,0.327,0.4495,0.4731,0.4698,,,,Panel,No,1.0,0.0,1.0,0.0,-2840.0,0,1,0,0,0,0,0,0,0,0,0,0,0,0,0,0,0,0,0,0,0.0,0.0,0.0,0.0,0.0,3.0
100144,0,Cash loans,F,N,Y,0,121500.0,1696500.0,1543500.0,52500.0,Unaccompanied,Pensioner,Secondary / secondary special,Married,House / apartment,0.022658,-22845,365243,-11425.0,-2891,,1,0,0,1,1,0,,2.0,3,2,MONDAY,10,0,0,0,0,0,1,Self-employed,,0.707363,0.769682,0.1631,0.1206,0.1853,0.2263,0.2241,0.2094,0.1018,0.1271,0.1375,0.2601,0.2367,0.2495,0.2275,0.2679,0.2128,0.1167,0.1699,0.1427,0.2571,0.2776,0.2568,0.1405,0.1512,0.0908,0.1347,0.1762,0.1426,0.1459,0.0851,0.0972,0.1569,0.1925,0.1808,0.1975,0.1675,0.1958,0.2225,0.2118,0.1879,0.2452,0.2447,0.2184,,block of flats,0.1377,,No,0.0,0.0,0.0,0.0,-3464.0,0,1,0,0,0,0,0,0,0,0,0,0,0,0,0,0,1,0,0,0,0.0,,0.0,0.0,0.0,1.0
100145,0,Cash loans,M,N,Y,0,355500.0,3726000.0,3397500.0,94000.0,Unaccompanied,Working,Higher education,Married,House / apartment,0.016439,-11773,-3027,-2735.0,-4179,,1,1,1,1,0,1,,2.0,2,2,SUNDAY,10,0,0,0,0,0,0,XNA,0.963691,0.741587,0.50486,0.2484,0.2461,0.2677,0.5112,0.4863,0.4994,0.3906,0.4132,0.4167,0.4928,0.5207,0.5326,0.2316,0.2093,0.2627,0.4423,0.4615,0.4897,0.3121,0.3009,0.2734,0.4987,0.4954,0.4884,0.4012,0.3718,0.4125,0.4932,0.501,0.5301,0.3622,0.3342,0.3714,0.2855,0.3203,0.3302,0.4627,0.5107,0.4951,0.4384,0.4545,0.4327,,block of flats,,Block,No,1.0,0.0,1.0,0.0,-537.0,0,1,0,0,0,0,0,0,0,0,0,0,0,0,0,0,0,0,0,0,0.0,0.0,0.0,,0.0,1.0
100146,0,Cash loans,M,Y,Y,0,261000.0,594000.0,562500.0,38000.0,Unaccompanied,Pensioner,Secondary / secondary special,Married,With parents,0.017291,-22825,365243,-12291.0,-4902,,1,0,0,1,0,0,Managers,2.0,2,2,SATURDAY,8,0,0,0,0,1,0,Self-employed,0.514445,0.350931,0.705606,0.7294,0.7051,0.7048,0.605,0.6125,0.5782,0.5143,0.5417,0.4808,0.5287,0.4978,0.4952,0.7845,0.7675,0.7745,0.4267,0.3867,0.3953,0.4152,0.4221,0.3928,0.6365,0.6778,0.6418,0.5139,0.4902,0.5257,0.5192,0.5435,0.514,0.7647,0.7199,0.7638,0.5601,0.5561,0.5537,0.576,0.5525,0.5757,0.6917,0.6863,0.673,,block of flats,,,,1.0,1.0,1.0,1.0,-3099.0,0,1,0,0,0,0,0,0,0,0,0,0,0,0,0,0,0,0,0,0,0.0,0.0,0.0,1.0,1.0,1.0
100147,0,Cash loans,F,N,N,0,58500.0,247500.0,234000.0,7500.0,Unaccompanied,Working,Secondary / secondary special,Married,House / apartment,0.020773,-21479,-1510,-9209.0,-1812,,1,1,0,1,1,1,,1.0,2,2,SATURDAY,15,0,0,0,0,1,0,Trade: type 3,0.366868,0.50803,0.396765,0.4049,0.4113,0.3778,0.6111,0.5845,0.6158,0.4707,0.4683,0.5024,0.6273,0.624,0.6351,0.6895,0.6741,0.6838,0.526,0.4763,0.5174,0.533,0.5283,0.4709,0.6604,0.6223,0.6666,0.6632,0.6611,0.6362,0.6173,0.5759,0.5502,0.4201,0.4846,0.4609,0.6199,0.6288,0.6473,0.6522,0.62,0.6594,0.5089,0.4769,0.4903,,block of flats,,,,0.0,0.0,0.0,0.0,-2834.0,0,1,0,0,0,0,0,0,0,0,0,0,0,0,0,0,0,0,0,0,0.0,,0.0,0.0,0.0,0.0
100148,0,Cash loans,M,Y,Y,0,310500.0,540000.0,436500.0,20500.0,Unaccompanied,Working,Secondary / secondary special,Married,House / apartment,0.053761,-19560,-9120,-8782.0,-1441,,1,1,0,1,0,0,,1.0,2,2,TUESDAY,12,0,0,0,0,0,0,Self-employed,,0.315472,0.556912,0.2478,0.2517,0.2296,0.238,0.1998,0.2147,0.189,0.1534,0.2058,0.2622,0.2458,0.2828,0.2311,0.2131,0.2445,0.1,0.0969,0.1196,0.2228,0.1891,0.177,0.1232,0.0988,0.1359,0.1844,0.2434,0.2135,0.085,0.129,0.1302,0.2251,0.2419,0.2565,0.1798,0.2266,0.221,0.1223,0.1073,0.1397,0.1596,0.2067,0.1703,,,,Panel,,3.0,1.0,3.0,0.0,-3128.0,0,1,0,0,0,0,0,0,0,0,0,0,0,0,0,0,0,0,0,0,0.0,0.0,0.0,0.0,1.0,2.0
100149,0,Cash loans,F,N,Y,0,310500.0,589500.0,549000.0,19000.0,Unaccompanied,Working,Secondary / secondary special,Single / not married,House / apartment,0.032983,-13425,-2155,-1263.0,-4517,,1,1,0,1,0,0,Managers,2.0,2,2,MONDAY,12,0,0,0,1,0,0,Business Entity Type 3,0.528037,0.565437,0.859696,0.3944,0.3823,0.342,0.3057,0.3253,0.343,0.3103,0.316,0.3362,0.6105,0.605,0.6026,0.2997,0.3481,0.2869,0.5193,0.4578,0.4613,0.608,0.6223,0.5908,0.42,0.4191,0.4389,0.4133,0.3685,0.3906,0.442,0.4212,0.4511,0.2934,0.3267,0.2805,0.3626,0.4078,0.4053,0.3032,0.2707,0.3216,0.3502,0.3165,0.3373,reg oper account,block of flats,0.341,Panel,,1.0,0.0,1.0,0.0,-948.0,0,1,0,0,0,0,0,0,0,0,0,0,0,0,0,0,0,0,0,0,0.0,0.0,0.0,0.0,,7.0
100150,0,Cash loans,M,N,Y,0,76500.0,153000.0,,6500.0,Unaccompanied,Commercial associate,Secondary / secondary special,Married,House / apartment,0.031191,-20383,-628,-3553.0,-3810,,1,1,0,1,0,0,Laborers,2.0,2,3,FRIDAY,15,0,0,0,0,1,0,XNA,,0.666531,0.319261,0.2754,0.2676,0.3047,0.313,0.309,0.3142,0.1562,0.1233,0.1494,0.1821,0.2089,0.1994,0.2715,0.2885,0.2931,0.1234,0.1367,0.1551,0.2273,0.248,0.2402,0.312,0.2803,0.3046,0.2891,0.267,0.3017,0.3401,0.2972,0.3312,0.3032,0.4012,0.3397,0.2489,0.2354,0.2467,0.2231,0.195,0.2532,0.1475,0.1093,0.1403,,,,,No,1.0,0.0,1.0,0.0,-3169.0,0,0,0,0,0,0,0,0,0,0,0,0,0,0,0,0,0,0,0,0,0.0,0.0,0.0,0.0,0.0,
100151,0,Cash loans,M,N,Y,0,36000.0,126000.0,108000.0,7500.0,Unaccompanied,Working,Secondary / secondary special,Married,House / apartment,0.014115,-9859,-1281,-1251.0,-1117,,1,1,0,1,1,0,,1.0,2,1,TUESDAY,18,0,0,0,0,0,0,Business Entity Type 2,,0.638333,0.664789,0.258,0.2621,0.2841,0.1642,0.1864,0.1525,0.2563,0.2701,0.2737,0.1374,0.1276,0.1268,0.2552,0.2694,0.2671,0.1301,0.1249,0.1224,0.2879,0.3025,0.328,0.2435,0.2407,0.2196,0.2535,0.2264,0.2524,0.1803,0.1597,0.2324,0.1833,0.1771,0.1734,0.2252,0.1973,0.1765,0.2737,0.3103,0.2849,0.1608,0.1415,0.1508,,block of flats,,"Stone, brick",,2.0,0.0,2.0,0.0,-2575.0,0,1,0,0,0,0,0,0,0,0,0,0,0,0,0,0,0,0,0,0,0.0,0.0,0.0,0.0,0.0,1.0
100152,0,Cash loans,F,N,Y,0,139500.0,490500.0,432000.0,43000.0,Unaccompanied,Working,Secondary / secondary special,Separated,House / apartment,0.010715,-8269,-193,-804.0,-1618,,1,1,0,1,0,0,Drivers,1.0,2,2,FRIDAY,7,0,0,0,0,0,0,Housing,,0.579517,0.9995,0.0659,0.0656,0.0494,0.0918,0.0988,0.1486,0.0782,0.0999,0.0689,0.0724,0.0575,0.0592,0.0622,0.0523,0.0401,0.1017,0.1072,0.1145,0.0391,0.0766,0.0801,0.1212,0.0742,0.0968,0.0502,0.0417,0.0687,0.1271,0.0949,0.1478,0.0723,0.1114,0.1222,0.1454,0.1555,0.1102,0.0962,0.0983,0.1068,0.0732,0.1215,0.1162,,block of flats,0.1347,Panel,No,0.0,0.0,0.0,0.0,-2059.0,0,1,0,0,1,0,0,0,0,0,0,0,0,0,0,0,0,0,0,0,,0.0,0.0,0.0,,6.0
100153,0,Cash loans,M,N,Y,2,274500.0,1228500.0,972000.0,35000.0,Family,Pensioner,Higher education,Single / not married,Office apartment,0.023808,-24975,365243,-10985.0,-5124,,1,0,0,1,1,0,Sales staff,4.0,2,2,MONDAY,17,0,0,0,0,0,0,XNA,,0.482497,0.458318,0.5336,0.524,0.5,0.3667,0.3999,0.3554,0.3604,0.3765,0.3235,0.384,0.4281,0.4257,0.7338,0.7369,0.7299,0.6986,0.6894,0.6794,0.6128,0.5734,0.6275,0.7564,0.7562,0.8093,0.5115,0.5109,0.5454,0.5013,0.4926,0.5394,0.7183,0.7153,0.6958,0.4521,0.4184,0.3904,0.6546,0.6278,0.6484,0.3924,0.4122,0.3872,,,0.3034,,,2.0,0.0,2.0,0.0,-1639.0,0,0,0,0,0,0,0,0,0,0,0,0,0,0,0,0,0,0,0,0,0.0,,,0.0,0.0,1.0
100154,0,Cash loans,M,Y,Y,0,351000.0,1971000.0,1597500.0,57000.0,Family,Pensioner,Secondary / secondary special,Married,House / apartment,0.040433,-23952,365243,-7634.0,-3334,8.0,1,0,0,1,0,0,Core staff,2.0,2,2,SATURDAY,12,0,0,0,0,0,0,School,,0.540364,0.753594,0.1463,0.1388,0.183,0.1305,0.2028,0.1723,0.1279,0.1654,0.1634,0.1612,0.1881,0.1174,0.229,0.2175,0.2091,0.203,0.1589,0.2131,0.1418,0.1034,0.0978,0.1385,0.1784,0.1576,0.2041,0.2096,0.2493,0.1309,0.134,0.1305,0.1351,0.1119,0.1109,0.1098,0.1058,0.1391,0.1549,0.1349,0.1488,0.0741,0.1164,0.1224,,block of flats,0.136,,,2.0,0.0,2.0,0.0,-466.0,0,1,0,0,0,0,0,0,0,0,0,0,0,0,0,0,0,0,0,0,,0.0,1.0,0.0,0.0,2.0
100155,0,Cash loans,M,N,Y,0,90000.0,292500.0,243000.0,19500.0,Unaccompanied,Commercial associate,Higher education,Married,House / apartment,0.054436,-9956,-549,-2098.0,-5467,,1,1,0,1,0,0,Medicine staff,2.0,2,2,MONDAY,8,0,0,0,0,1,0,XNA,,0.614947,0.222258,0.6117,0.6254,0.6274,0.6185,0.6,0.6497,0.6606,0.6444,0.6409,0.5242,0.5376,0.5502,0.4382,0.3892,0.4014,0.498,0.5563,0.5484,0.4473,0.455,0.4662,0.5181,0.527,0.5003,0.5204,0.5314,0.5588,0.775,0.7761,0.8447,0.5768,0.5648,0.5526,0.7754,0.7919,0.7514,0.5965,0.6233,0.613,0.5048,0.5385,0.5057,reg oper account,,0.3375,Panel,,1.0,0.0,1.0,0.0,-1902.0,0,0,0,0,0,0,0,0,0,0,0,0,0,0,0,0,0,0,0,0,0.0,0.0,0.0,1.0,0.0,4.0
100156,0,Cash loans,M,N,N,0,387000.0,1539000.0,1237500.0,52500.0,Unaccompanied,Commercial associate,Secondary / secondary special,Married,House / apartment,0.004087,-8641,-420,-146.0,-4205,,1,1,1,1,1,0,Core staff,2.0,2,2,WEDNESDAY,13,0,0,0,0,0,0,XNA,0.476203,0.499862,,0.2864,0.2794,0.2604,0.3948,0.347,0.3433,0.3424,0.3455,0.3272,0.4164,0.3885,0.4135,0.3484,0.3345,0.3468,0.4434,0.4675,0.4435,0.3472,0.3277,0.3439,0.1967,0.2204,0.2368,0.3214,0.3325,0.3526,0.3369,0.3127,0.3304,0.3075,0.2997,0.2982,0.3228,0.3287,0.3468,0.3124,0.262,0.2561,0.4037,0.4292,0.4391,,,,"Stone, brick",,2.0,0.0,2.0,0.0,-1978.0,0,1,0,0,0,0,0,0,0,0,0,0,0,0,0,0,0,0,0,0,0.0,0.0,0.0,0.0,0.0,2.0
100157,0,Cash loans,F,N,Y,1,45000.0,94500.0,90000.0,3000.0,Unaccompanied,Commercial associate,Secondary / secondary special,Married,House / apartment,0.0725,-10313,-937,-1018.0,-1237,,1,1,1,1,0,1,Secretaries,3.0,1,1,SATURDAY,12,0,0,0,0,0,0,XNA,,0.24041,0.578276,0.0353,0.0517,0.0466,0.0386,0.0319,0.0319,0.0,0.0253,0.0175,0.0242,0.0,0.0,0.0271,0.0404,0.0408,0.0,0.0433,0.0328,0.0083,0.0354,0.0208,0.0039,0.0193,0.042,0.0,0.0388,0.0474,0.0271,0.0,0.0,0.0574,0.0341,0.0345,0.0272,0.0283,0.0308,0.0368,0.0466,0.0126,0.0026,0.0332,0.0561,,block of flats,,"Stone, brick",,0.0,0.0,0.0,0.0,-3756.0,0,1,0,0,0,0,0,0,0,0,0,0,0,0,0,0,0,0,0,0,0.0,0.0,0.0,0.0,1.0,2.0
100158,0,Cash loans,F,N,Y,0,121500.0,225000.0,189000.0,8500.0,Family,Commercial associate,Secondary / secondary special,Civil marriage,House / apartment,0.024217,-13583,-4523,-6177.0,-1243,,1,1,0,1,0,0,,2.0,2,2,FRIDAY,15,0,0,0,0,1,0,Medicine,,0.373754,0.437237,0.2855,0.2465,0.2537,0.1905,0.1473,0.1741,0.1839,0.2402,0.218,0.294,0.3061,0.3276,0.1427,0.1515,0.1347,0.2001,0.2215,0.2361,0.2315,0.2267,0.1687,0.322,0.2813,0.31,0.1599,0.1653,0.1311,0.1815,0.2041,0.1685,0.2075,0.2305,0.2321,0.3357,0.3221,0.3294,0.2371,0.2097,0.2261,0.3195,0.2986,0.3086,,,,,No,2.0,1.0,2.0,0.0,-1103.0,0,1,0,0,0,0,0,0,0,0,0,0,0,0,0,0,0,0,0,0,0.0,0.0,0.0,0.0,0.0,3.0
100159,0,Cash loans,M,Y,Y,0,117000.0,198000.0,175500.0,10000.0,Unaccompanied,Working,Secondary / secondary special,Married,House / apartment,0.032854,-14742,-8168,-962.0,-5791,,1,1,0,1,1,0,,2.0,3,3,MONDAY,13,0,0,1,0,0,0,Transport: type 4,,0.215836,,0.4136,0.4181,0.4015,0.4416,0.4352,0.3986,0.529,0.5459,0.5448,0.5472,0.5272,0.5533,0.3697,0.4109,0.4287,0.6077,0.6276,0.5681,0.3343,0.3408,0.3426,0.3698,0.3085,0.3522,0.3181,0.3122,0.3476,0.5382,0.5478,0.584,0.6299,0.6125,0.653,0.5043,0.5387,0.5011,0.5742,0.582,0.5969,0.5027,0.5413,0.5418,,,,Block,No,0.0,0.0,0.0,0.0,-2446.0,0,0,0,0,0,0,0,0,0,0,0,0,0,0,0,0,0,0,0,0,,0.0,0.0,1.0,0.0,0.0
100160,0,Cash loans,F,N,Y,0,279000.0,1557000.0,1525500.0,42500.0,Unaccompanied,Working,Secondary / secondary special,Widow,House / apartment,0.006358,-11031,-2818,-295.0,-4437,,1,1,0,1,0,0,Core staff,1.0,2,2,SUNDAY,13,0,0,0,0,0,0,Trade: type 7,,0.335937,0.688286,0.5415,0.4986,0.4757,0.4898,0.5414,0.5224,0.3892,0.4153,0.4029,0.3168,0.3158,0.2843,0.6357,0.6362,0.6427,0.515,0.5194,0.5206,0.4707,0.4587,0.476,0.6032,0.6094,0.5892,0.6198,0.5646,0.561,0.5737,0.576,0.536,0.4084,0.4404,0.4029,0.2612,0.3168,0.3212,0.6326,0.6233,0.5558,0.4784,0.4776,0.5009,,block of flats,,,No,1.0,0.0,1.0,0.0,-97.0,0,1,0,0,0,0,0,0,0,0,0,0,0,0,0,0,0,0,0,0,0.0,0.0,0.0,1.0,1.0,
100161,0,Cash loans,F,Y,N,0,301500.0,976500.0,873000.0,33500.0,Unaccompanied,Working,Higher education,Single / not married,House / apartment,0.016146,-19147,-498,-8326.0,-3567,,1,1,1,1,0,0,Laborers,2.0,2,2,THURSDAY,11,0,0,0,0,0,0,Other,0.799024,0.942242,0.705356,0.0283,0.0649,0.0336,0.0258,0.039,0.0209,0.0174,0.0794,0.0565,0.1235,0.1087,0.0645,0.0346,0.0478,0.0117,0.0754,0.0431,0.0475,0.0499,0.0602,0.0504,0.0496,0.0519,0.0487,0.0705,0.0824,0.0768,0.0626,0.0711,0.0706,0.1045,0.0779,0.0134,0.0126,0.0634,0.0064,0.0844,0.0315,0.0478,0.0551,0.0895,0.0705,,,,"Stone, brick",No,1.0,0.0,1.0,1.0,-925.0,0,0,0,0,0,0,0,0,0,0,0,0,0,0,0,0,0,0,0,0,0.0,0.0,,,0.0,1.0
100162,0,Revolving loans,F,N,Y,1,247500.0,346500.0,297000.0,11000.0,Family,Working,Secondary / secondary special,Widow,Rented apartment,0.031146,-21343,-1760,-1492.0,-4059,,1,1,1,1,0,0,Sales staff,2.0,2,2,THURSDAY,9,0,0,0,0,0,0,Self-employed,0.568787,0.002487,0.309837,0.5394,0.596,0.537,0.689,0.6446,0.6523,0.5451,0.5583,0.5425,0.5873,0.5497,0.5507,0.4798,0.4913,0.5089,0.8495,0.8551,0.8941,0.6429,0.5902,0.5773,0.434,0.4316,0.4787,0.5209,0.5025,0.5072,0.8631,0.875,0.9213,0.5339,0.5271,0.5684,0.8299,0.853,0.8733,0.875,0.8553,0.8322,0.4944,0.4499,0.4951,,,,,,0.0,0.0,0.0,0.0,-2574.0,0,1,0,0,0,0,0,0,0,0,0,0,0,0,0,0,0,0,0,0,0.0,0.0,0.0,0.0,,2.0
100163,0,Cash loans,F,N,Y,2,72000.0,270000.0,261000.0,9000.0,Unaccompanied,Working,Incomplete higher,Married,Municipal apartment,0.009027,-11813,-5238,-1755.0,-2486,,1,1,0,1,1,0,Core staff,4.0,2,2,MONDAY,14,0,0,0,0,0,0,Kindergarten,,0.242613,0.605498,0.4236,0.4199,0.441,0.4237,0.419,0.4536,0.5323,0.5675,0.5647,0.7187,0.7178,0.7365,0.8965,0.8743,0.8676,0.7953,0.7719,0.7542,0.7782,0.8154,0.7797,0.6845,0.6687,0.664,0.8059,0.809,0.7509,0.4584,0.4264,0.4633,0.6835,0.6997,0.6807,0.7539,0.7839,0.7261,0.4023,0.3659,0.4233,0.6149,0.6337,0.6251,org spec account,,,"Stone, brick",No,2.0,1.0,2.0,0.0,-560.0,0,0,0,0,0,0,0,0,0,0,0,0,0,0,0,0,0,0,0,0,0.0,0.0,0.0,0.0,,2.0
100164,0,Cash loans,F,N,Y,1,234000.0,459000.0,378000.0,14500.0,Family,Working,Secondary / secondary special,Single / not married,House / apartment,0.00312,-20933,-1319,-8924.0,-1876,,1,1,0,1,0,0,Laborers,3.0,2,2,SATURDAY,10,0,0,0,1,0,0,Industry: type 9,0.536671,0.845324,0.411728,0.318,0.3604,0.3029,0.2408,0.2747,0.2455,0.2825,0.327,0.2966,0.2789,0.3235,0.3479,0.184,0.1959,0.2087,0.2695,0.2972,0.2913,0.2319,0.2562,0.2416,0.2088,0.1788,0.2304,0.2639,0.2962,0.299,0.2919,0.251,0.2315,0.2183,0.2161,0.2075,0.1799,0.171,0.1766,0.2994,0.2832,0.2764,0.3218,0.2721,0.3205,reg oper account,,0.1449,,,0.0,0.0,0.0,0.0,-219.0,0,1,0,0,0,0,0,0,0,0,0,0,0,0,0,0,0,0,0,0,0.0,0.0,0.0,0.0,0.0,2.0
100165,1,Cash loans,M,N,N,0,193500.0,1881000.0,1534500.0,131000.0,Unaccompanied,Working,Secondary / secondary special,Single / not married,House / apartment,0.023024,-19321,-2071,-4628.0,-4942,,1,1,0,1,0,0,Laborers,2.0,2,2,THURSDAY,13,0,0,0,0,0,1,School,,0.403459,0.299939,0.6224,0.6167,0.6429,0.5858,0.5437,0.534,0.6693,0.6785,0.6919,0.5919,0.5766,0.5909,0.7314,0.7205,0.7402,0.8632,0.8694,0.8829,0.7492,0.7637,0.7975,0.5951,0.6188,0.6315,0.5686,0.4855,0.5294,0.8882,0.8935,0.8934,0.8821,0.8868,0.8769,0.7709,0.7858,0.7358,0.7042,0.692,0.6674,0.4576,0.5065,0.4795,,block of flats,0.3861,"Stone, brick",,1.0,1.0,1.0,0.0,-2070.0,0,1,0,0,1,0,0,0,0,0,0,0,0,0,0,0,0,0,0,0,1.0,0.0,0.0,0.0,0.0,0.0
100166,0,Cash loans,F,Y,Y,0,58500.0,166500.0,148500.0,4500.0,Unaccompanied,Pensioner,Secondary / secondary special,Single / not married,House / apartment,0.018132,-22615,365243,-13877.0,-5369,,1,0,1,1,1,0,Sales staff,2.0,2,2,THURSDAY,17,0,0,0,0,0,0,Medicine,0.628338,0.536533,,0.4503,0.4471,0.4353,0.3981,0.3421,0.3666,0.4912,0.4786,0.4822,0.6968,0.6606,0.6849,0.6149,0.6469,0.6505,0.6731,0.7005,0.698,0.4479,0.4478,0.4052,0.7056,0.727,0.6972,0.5689,0.5713,0.5504,0.4449,0.448,0.4384,0.6129,0.625,0.5608,0.6413,0.617,0.66,0.4503,0.5091,0.5205,0.6634,0.6888,0.7087,,block of flats,0.7053,"Stone, brick",No,1.0,0.0,1.0,0.0,-1795.0,0,0,0,0,1,0,0,0,0,0,0,0,0,0,0,0,0,0,0,0,0.0,0.0,0.0,1.0,0.0,0.0
100167,0,Cash loans,M,N,Y,0,45000.0,256500.0,220500.0,14000.0,Unaccompanied,Commercial associate,Higher education,Married,House / apartment,0.045702,-8521,-384,-1626.0,-5438,,1,1,0,1,1,0,Laborers,2.0,2,2,SUNDAY,12,0,0,0,0,1,0,School,0.420843,0.475738,0.270777,0.1875,0.2112,0.1749,0.2182,0.1733,0.199,0.1517,0.158,0.1929,0.2539,0.2578,0.2338,0.1166,0.1141,0.1248,0.2013,0.2002,0.1625,0.1034,0.0818,0.1563,0.2403,0.2275,0.1934,0.2839,0.2566,0.222,0.2751,0.2634,0.269,0.1989,0.1989,0.1862,0.1204,0.1334,0.151,0.2419,0.2627,0.2729,0.1777,0.1926,0.2098,,block of flats,,Panel,,1.0,0.0,1.0,0.0,-950.0,0,1,0,0,0,0,0,0,0,0,0,0,0,0,0,0,0,0,0,0,0.0,0.0,0.0,,0.0,3.0
100168,0,Cash loans,M,N,Y,1,261000.0,1854000.0,1741500.0,53000.0,Unaccompanied,Commercial associate,Secondary / secondary special,Married,Rented apartment,0.016935,-19551,-4883,-4960.0,-4683,,1,1,0,1,0,0,Laborers,3.0,2,2,WEDNESDAY,14,0,0,0,0,0,0,Self-employed,,0.251083,,0.1561,0.1796,0.1864,0.2167,0.1975,0.197,0.2383,0.2308,0.2274,0.2991,0.2446,0.2704,0.269,0.2044,0.2548,0.254,0.2375,0.2223,0.1243,0.1613,0.1857,0.2839,0.3176,0.2907,0.2316,0.2735,0.2568,0.1333,0.155,0.1209,0.2757,0.3478,0.3238,0.1466,0.1579,0.1179,0.1689,0.1273,0.1333,0.2425,0.2705,0.2953,,block of flats,0.2162,,,1.0,0.0,1.0,0.0,-2740.0,0,1,0,0,0,0,0,0,0,0,0,0,0,0,0,0,0,0,0,0,,0.0,0.0,0.0,0.0,
100169,0,Cash loans,F,Y,Y,2,135000.0,310500.0,243000.0,8500.0,Unaccompanied,Pensioner,Secondary / secondary special,Married,House / apartment,0.017721,-21238,365243,-13870.0,-5229,10.0,1,0,0,1,0,0,Laborers,4.0,2,2,FRIDAY,12,0,0,0,0,0,0,XNA,0.870851,0.782306,0.453329,0.6075,0.6224,0.5676,0.6811,0.6498,0.6512,0.5722,0.5532,0.5741,0.7908,0.7762,0.7892,0.3881,0.4025,0.385,0.6696,0.6654,0.6742,0.5415,0.546,0.5523,0.6136,0.5787,0.5546,0.3869,0.3574,0.3447,0.5244,0.5693,0.5946,0.8072,0.8023,0.7818,0.4326,0.3873,0.4398,0.3741,0.3485,0.3876,0.5744,0.5901,0.581,org spec account,block of flats,,"Stone, brick",No,0.0,0.0,0.0,0.0,-2573.0,0,1,0,0,0,0,0,0,0,0,0,0,0,0,0,0,0,0,0,0,0.0,0.0,0.0,1.0,0.0,
100170,0,Revolving loans,F,N,N,2,72000.0,292500.0,265500.0,10000.0,Unaccompanied,Working,Secondary / secondary special,Married,House / apartment,0.02882,-8215,-245,-293.0,-3126,,1,1,0,1,1,0,Cleaning staff,4.0,2,2,FRIDAY,11,0,0,0,0,0,0,Security,0.941334,0.646318,0.694759,0.3402,0.3721,0.3776,0.3337,0.2832,0.3382,0.3674,0.3642,0.3455,0.3811,0.359,0.3533,0.5638,0.5329,0.5465,0.3784,0.3315,0.3387,0.4725,0.439,0.4582,0.4663,0.4386,0.4843,0.5418,0.5099,0.5037,0.5521,0.5408,0.5616,0.3195,0.3111,0.3323,0.4655,0.478,0.4435,0.5459,0.5208,0.5433,0.4235,0.4521,0.4301,,block of flats,0.5206,,No,2.0,0.0,2.0,0.0,-2065.0,0,0,0,0,0,0,0,0,0,0,0,0,0,0,0,0,0,0,0,0,0.0,0.0,0.0,,1.0,
100171,0,Cash loans,F,Y,Y,0,130500.0,688500.0,634500.0,24500.0,Unaccompanied,Working,Secondary / secondary special,Separated,House / apartment,0.035492,-18406,-476,-1548.0,-1868,,1,1,1,1,1,0,,2.0,2,2,TUESDAY,7,0,0,0,0,0,0,Self-employed,,0.324579,0.535158,0.3244,0.3262,0.3101,0.2761,0.2869,0.32,0.4311,0.4442,0.4537,0.4807,0.4758,0.4264,0.2971,0.3113,0.345,0.5583,0.5353,0.5784,0.494,0.4678,0.4735,0.3544,0.3498,0.3436,0.4591,0.4294,0.4641,0.2417,0.2679,0.2558,0.5394,0.5296,0.5214,0.3643,0.3334,0.3622,0.5558,0.5417,0.5781,0.4934,0.4721,0.4381,,block of flats,0.3938,,No,2.0,0.0,2.0,0.0,-2169.0,0,1,0,0,0,0,0,0,0,0,0,0,0,0,0,0,0,0,0,0,0.0,0.0,0.0,0.0,0.0,1.0
100172,0,Cash loans,M,Y,Y,1,180000.0,747000.0,729000.0,56500.0,Unaccompanied,Working,Secondary / secondary special,Single / not married,House / apartment,0.01205,-11113,-683,-2595.0,-496,,1,1,0,1,1,0,Laborers,3.0,3,2,FRIDAY,12,0,0,0,1,0,1,Self-employed,,0.789388,0.592809,0.2297,0.2188,0.2229,0.1704,0.1219,0.1585,0.1694,0.1906,0.2086,0.1854,0.1799,0.17,0.2243,0.1961,0.223,0.1944,0.1897,0.1877,0.0949,0.1281,0.0903,0.1669,0.1688,0.1456,0.1677,0.1789,0.1748,0.1487,0.1329,0.1607,0.1483,0.1292,0.1241,0.1796,0.1937,0.1744,0.1446,0.119,0.1106,0.1831,0.2337,0.1968,,,0.2533,,,0.0,0.0,0.0,0.0,-2702.0,0,0,0,0,0,0,1,0,0,0,0,0,0,0,0,0,0,0,0,0,,,0.0,2.0,0.0,1.0
100173,0,Cash loans,M,Y,Y,0,139500.0,661500.0,535500.0,28500.0,Unaccompanied,Commercial associate,Higher education,Married,House / apartment,0.033586,-19024,-3804,-5708.0,-1852,2.0,1,1,0,1,0,0,Private service staff,1.0,1,1,SATURDAY,12,0,0,0,0,0,0,Business Entity Type 3,0.509613,0.220968,0.226582,0.0991,0.1386,0.1059,0.2171,0.2228,0.2404,0.0851,0.1285,0.1388,0.1976,0.1604,0.1852,0.0859,0.0977,0.0248,0.093,0.1315,0.1623,0.0809,0.1123,0.12,0.0977,0.1313,0.0833,0.1949,0.1288,0.145,0.2249,0.2316,0.2199,0.181,0.1683,0.2039,0.1882,0.1804,0.1985,0.1269,0.1621,0.1286,0.0568,0.1289,0.0893,,block of flats,0.2257,,No,4.0,0.0,4.0,0.0,-3471.0,0,1,0,0,0,0,0,0,0,0,0,0,0,0,0,0,0,0,0,0,,0.0,0.0,0.0,0.0,3.0
100174,0,Revolving loans,F,Y,N,1,63000.0,117000.0,99000.0,4000.0,Unaccompanied,Working,Secondary / secondary special,Married,House / apartment,0.013532,-16587,-849,-1447.0,-2643,5.0,1,1,0,1,1,0,,3.0,2,2,THURSDAY,9,0,0,0,0,0,0,Self-employed,,0.541953,0.349268,0.3224,0.3039,0.2814,0.3125,0.2502,0.2749,0.4606,0.4262,0.4315,0.4653,0.432,0.4033,0.3044,0.3686,0.3037,0.4577,0.5316,0.4552,0.4312,0.4221,0.3786,0.4903,0.4541,0.447,0.4586,0.4819,0.4743,0.4209,0.3828,0.3976,0.3174,0.3324,0.3189,0.3427,0.2912,0.3173,0.3045,0.3153,0.2949,0.4394,0.4404,0.4374,reg oper account,,,"Stone, brick",No,0.0,0.0,0.0,0.0,-3859.0,0,1,0,0,0,0,0,0,0,0,0,0,0,0,0,0,0,0,0,0,0.0,0.0,0.0,1.0,1.0,1.0
100175,0,Cash loans,F,Y,Y,0,414000.0,2191500.0,2119500.0,176000.0,Unaccompanied,Pensioner,Higher education,Married,House / apartment,0.018893,-23652,365243,-4265.0,-502,27.0,1,0,0,1,1,0,,2.0,2,2,TUESDAY,5,0,0,0,0,0,0,XNA,,0.381751,,0.1079,0.0915,0.121,0.063,0.0764,0.0574,0.0923,0.1177,0.095,0.0971,0.075,0.0872,0.1174,0.1184,0.1078,0.0788,0.0626,0.0729,0.1002,0.0842,0.1291,0.0947,0.0985,0.0764,0.0805,0.0696,0.0884,0.0732,0.1164,0.0944,0.1265,0.0872,0.1143,0.0639,0.1107,0.1057,0.1307,0.1179,0.0967,0.0578,0.0603,0.0496,,,,,,1.0,0.0,1.0,0.0,-1757.0,0,1,0,0,0,0,0,0,0,0,0,0,0,0,0,0,0,0,0,0,0.0,0.0,0.0,1.0,0.0,2.0
100176,1,Cash loans,F,N,Y,0,256500.0,765000.0,693000.0,57500.0,Unaccompanied,Working,Secondary / secondary special,Civil marriage,House / apartment,0.028344,-8003,-1428,-186.0,-1979,,1,1,0,1,1,0,,1.0,2,2,TUESDAY,7,0,0,0,0,1,0,XNA,,0.262518,0.563239,0.3469,0.3627,0.3448,0.4285,0.4297,0.4034,0.4273,0.3589,0.4117,0.4469,0.4512,0.4752,0.5039,0.4709,0.4898,0.4348,0.4276,0.441,0.4402,0.4261,0.441,0.3845,0.402,0.4,0.2011,0.2282,0.2125,0.276,0.3088,0.3037,0.2417,0.311,0.2475,0.3724,0.3135,0.2954,0.2454,0.2821,0.2787,0.4441,0.4361,0.4298,reg oper account,block of flats,,,,0.0,0.0,0.0,0.0,-1578.0,0,1,0,0,0,0,0,0,0,0,0,0,0,0,0,0,0,0,0,0,,0.0,0.0,2.0,1.0,2.0
100177,0,Cash loans,F,Y,N,0,121500.0,576000.0,454500.0,14500.0,,Working,Higher education,Separated,House / apartment,0.031579,-20343,-1933,-1835.0,-5571,,1,1,0,1,1,0,Medicine staff,2.0,1,1,TUESDAY,18,0,0,0,0,0,0,Security,0.656836,0.814782,,0.2899,0.3095,0.2788,0.3158,0.3658,0.3099,0.2944,0.2785,0.2965,0.2369,0.2045,0.2041,0.3384,0.3321,0.3824,0.2181,0.223,0.2159,0.3745,0.3369,0.3577,0.2021,0.1964,0.2016,0.2745,0.2688,0.2417,0.3213,0.3339,0.3375,0.2426,0.2015,0.2001,0.2356,0.2789,0.2336,0.2808,0.2983,0.281,0.2016,0.2681,0.2012,reg oper account,block of flats,,,,1.0,0.0,1.0,0.0,-98.0,0,0,0,0,1,0,0,0,0,0,0,0,0,0,0,0,0,0,0,0,0.0,,,,1.0,2.0
100178,1,Revolving loans,M,N,Y,2,126000.0,814500.0,648000.0,41000.0,Family,Commercial associate,Incomplete higher,Married,House / apartment,0.02278,-9772,-2956,-789.0,-1574,,1,1,0,1,0,1,High skill tech staff,4.0,2,2,MONDAY,12,0,0,0,0,0,0,Trade: type 3,,0.348249,,0.3729,0.3831,0.3619,0.3526,0.3438,0.3356,0.3036,0.3088,0.3006,0.2605,0.2319,0.2275,0.4908,0.4773,0.451,0.493,0.4775,0.5023,0.2627,0.3129,0.2744,0.2587,0.2443,0.2733,0.2959,0.2902,0.3013,0.3605,0.3806,0.3628,0.4781,0.5391,0.5081,0.2526,0.2612,0.27,0.2415,0.2235,0.2509,0.3365,0.3095,0.3196,,,0.23,,,0.0,0.0,0.0,0.0,-2290.0,0,0,0,0,0,0,1,0,0,0,0,0,0,0,0,0,0,0,0,0,0.0,0.0,0.0,0.0,0.0,0.0
100179,0,Cash loans,M,Y,N,0,180000.0,1012500.0,949500.0,49500.0,Family,Working,Secondary / secondary special,Married,House / apartment,0.009569,-19489,-2363,-11569.0,-2358,0.0,1,1,0,1,1,0,Managers,2.0,2,2,THURSDAY,7,0,0,0,0,0,0,Housing,,0.741295,0.299164,0.2325,0.26,0.2356,0.2936,0.2516,0.2815,0.1992,0.1656,0.1743,0.2474,0.2473,0.2223,0.1436,0.1735,0.1679,0.1099,0.1579,0.1582,0.2612,0.2817,0.281,0.2132,0.2262,0.184,0.1275,0.1229,0.1386,0.1047,0.1353,0.122,0.2629,0.2213,0.2453,0.2397,0.2387,0.1981,0.3013,0.2675,0.3014,0.1362,0.1522,0.1693,,block of flats,0.1274,,,1.0,0.0,1.0,0.0,-3243.0,0,0,0,0,0,0,1,0,0,0,0,0,0,0,0,0,0,0,0,0,,0.0,0.0,2.0,0.0,2.0
100180,0,Cash loans,F,Y,N,0,81000.0,382500.0,342000.0,22000.0,Unaccompanied,Commercial associate,Incomplete higher,Widow,House / apartment,0.005865,-17473,-1766,-8469.0,-3861,,1,1,0,1,0,0,Managers,2.0,3,3,THURSDAY,10,0,0,0,0,1,0,XNA,0.435216,0.401912,0.674465,0.1832,0.1238,0.1043,0.2116,0.1944,0.1767,0.2454,0.236,0.2462,0.1152,0.1027,0.0788,0.1685,0.1981,0.1961,0.1166,0.1553,0.1247,0.1613,0.1241,0.1302,0.2035,0.2088,0.2263,0.1321,0.1196,0.1202,0.1036,0.0593,0.0987,0.1743,0.1385,0.1761,0.1843,0.1437,0.1412,0.1514,0.1303,0.1281,0.1444,0.1325,0.1275,,,,Panel,,1.0,0.0,1.0,0.0,-416.0,0,0,0,0,0,0,0,0,0,0,0,0,0,0,0,0,0,0,0,0,0.0,0.0,,0.0,,0.0
100181,0,Cash loans,M,N,N,0,175500.0,976500.0,873000.0,33000.0,Unaccompanied,Commercial associate,Higher education,Single / not married,Rented apartment,0.016643,-8661,-2086,-820.0,-5309,,1,1,1,1,0,1,,2.0,2,3,THURSDAY,12,0,0,0,0,0,0,Other,,0.345454,0.497187,0.2342,0.2276,0.205,0.2969,0.2962,0.3567,0.4914,0.4464,0.4277,0.2857,0.2798,0.2918,0.339,0.2737,0.2799,0.3408,0.3517,0.31,0.3748,0.3921,0.3259,0.4537,0.4676,0.4851,0.2205,0.2115,0.2541,0.4746,0.5062,0.4825,0.3463,0.3811,0.3913,0.434,0.4551,0.4814,0.4774,0.4859,0.5495,0.4304,0.4822,0.4598,,,0.2561,"Stone, brick",No,3.0,0.0,3.0,0.0,-560.0,0,1,0,0,0,0,0,0,0,0,0,0,0,0,0,0,0,0,0,0,0.0,0.0,0.0,0.0,0.0,1.0
100182,0,Cash loans,F,Y,Y,0,72000.0,409500.0,391500.0,17000.0,Family,Pensioner,Secondary / secondary special,Civil marriage,House / apartment,0.034149,-24244,365243,-6284.0,-5530,,1,0,0,1,0,0,Core staff,1.0,3,3,MONDAY,14,0,1,0,0,0,0,XNA,0.842797,0.0005,,0.0439,0.0186,0.042,0.0243,0.0213,0.0297,0.039,0.0114,0.0448,0.0049,0.006,0.0211,0.0305,0.0549,0.0404,0.0303,0.0499,0.0391,0.0105,0.0642,0.0193,0.0159,0.0335,0.0629,0.0258,0.0264,0.0161,0.0352,0.0431,0.0372,0.0403,0.0186,0.0668,0.0425,0.0496,0.0554,0.0213,0.0459,0.0484,0.0516,0.0321,0.0,reg oper account,,0.022,,No,2.0,0.0,2.0,0.0,-1744.0,0,0,0,0,0,0,0,0,0,0,0,0,0,0,0,0,0,0,0,0,,0.0,0.0,0.0,0.0,0.0
100183,0,Cash loans,M,Y,Y,2,139500.0,1237500.0,1026000.0,36500.0,Unaccompanied,Commercial associate,Secondary / secondary special,Married,House / apartment,0.024713,-21370,-1460,-117.0,-4873,,1,1,0,1,0,0,Accountants,4.0,2,2,FRIDAY,11,0,1,0,0,0,0,XNA,,0.539916,0.490043,0.2818,0.2926,0.3038,0.2423,0.2502,0.2353,0.4036,0.4024,0.4121,0.3005,0.2784,0.3221,0.1906,0.1987,0.1981,0.3405,0.3978,0.3847,0.2363,0.2348,0.229,0.2092,0.2377,0.2685,0.2692,0.2182,0.2981,0.2347,0.2207,0.2158,0.3706,0.3539,0.3524,0.2359,0.185,0.2499,0.236,0.2397,0.2471,0.171,0.1624,0.199,reg oper account,block of flats,0.2091,,,2.0,0.0,2.0,0.0,-1737.0,0,1,0,0,0,0,0,0,0,0,0,0,0,0,0,0,0,0,0,0,0.0,0.0,0.0,1.0,0.0,2.0
100184,0,Cash loans,F,N,N,0,76500.0,292500.0,238500.0,11500.0,Unaccompanied,Working,Secondary / secondary special,Married,House / apartment,0.021728,-20815,-1169,-4837.0,-879,,1,1,1,1,0,0,Laborers,2.0,2,2,SATURDAY,19,0,0,0,0,0,0,XNA,0.519789,0.268935,0.553687,0.0464,0.0525,0.0127,0.0502,0.0155,0.0147,0.0202,0.068,0.0082,0.0589,0.0546,0.0493,0.0406,0.0,0.0358,0.0019,0.0,0.0,0.0253,0.0344,0.0112,0.0417,0.0214,0.0302,0.0192,0.0451,0.0201,0.0,0.0139,0.0545,0.0212,0.0339,0.0175,0.0399,0.0379,0.0234,0.0198,0.0,0.0507,0.0177,0.0361,0.0581,,block of flats,0.0335,"Stone, brick",No,0.0,0.0,0.0,0.0,-3079.0,0,1,0,0,1,0,0,0,0,0,0,0,0,0,0,0,0,0,0,0,,,0.0,0.0,0.0,
100185,0,Cash loans,F,N,N,0,81000.0,346500.0,315000.0,33000.0,Unaccompanied,Working,Secondary / secondary special,Single / not married,House / apartment,0.018619,-9754,-3180,-1644.0,-669,,1,1,0,1,0,0,Drivers,1.0,3,3,FRIDAY,19,0,0,0,0,0,0,Self-employed,0.32088,0.40835,0.233083,0.1687,0.1789,0.1652,0.2597,0.2651,0.2708,0.3166,0.2619,0.274,0.2869,0.327,0.3454,0.2258,0.2684,0.2804,0.4113,0.4222,0.3867,0.3893,0.3774,0.3953,0.3317,0.3376,0.3161,0.2121,0.225,0.2464,0.2126,0.1925,0.1879,0.2288,0.2141,0.2394,0.2982,0.3219,0.3332,0.2116,0.1997,0.1906,0.3586,0.3325,0.3388,reg oper account,,,Panel,No,0.0,0.0,0.0,0.0,-2681.0,0,0,0,0,1,0,0,0,0,0,0,0,0,0,0,0,0,0,0,0,0.0,0.0,0.0,,0.0,1.0
100186,0,Cash loans,M,Y,N,1,364500.0,2371500.0,2268000.0,97000.0,Unaccompanied,Commercial associate,Secondary / secondary special,Married,House / apartment,0.02265,-10137,-1156,-2513.0,-4449,30.0,1,1,0,1,0,1,Realty agents,3.0,2,2,FRIDAY,13,0,0,0,0,0,0,XNA,,0.295985,0.548658,0.5062,0.5184,0.5157,0.4174,0.4498,0.4864,0.4248,0.3992,0.404,0.2772,0.3217,0.2775,0.4203,0.4003,0.4026,0.373,0.3999,0.4195,0.3119,0.297,0.266,0.344,0.2919,0.2976,0.5729,0.6236,0.5871,0.3347,0.3808,0.3435,0.6311,0.5591,0.5917,0.4631,0.437,0.4553,0.3999,0.4113,0.3991,0.5311,0.5862,0.5649,,,0.3657,,No,2.0,0.0,2.0,0.0,-1894.0,0,0,0,0,0,0,0,0,0,0,0,0,0,0,0,0,0,0,0,0,0.0,0.0,0.0,0.0,0.0,1.0
100187,0,Cash loans,F,Y,Y,0,153000.0,454500.0,378000.0,39000.0,Unaccompanied,Working,Secondary / secondary special,Civil marriage,House / apartment,0.010096,-9859,-3284,-775.0,-5312,33.0,1,1,1,1,1,1,Laborers,1.0,1,1,WEDNESDAY,11,0,0,0,0,0,0,XNA,0.635608,0.479902,0.58962,0.1836,0.1342,0.1864,0.2931,0.2254,0.2352,0.2209,0.2447,0.2213,0.2501,0.2301,0.2506,0.2116,0.1832,0.1915,0.1567,0.189,0.1417,0.1832,0.2281,0.2102,0.1488,0.1502,0.133,0.2333,0.2786,0.2085,0.1542,0.1618,0.1516,0.1807,0.1748,0.1844,0.1733,0.1853,0.1845,0.1866,0.1736,0.2016,0.1153,0.1005,0.1391,,block of flats,0.2429,,No,4.0,0.0,4.0,0.0,-2578.0,0,1,0,0,0,0,0,0,0,0,0,0,0,0,0,0,0,0,0,0,0.0,0.0,0.0,0.0,0.0,3.0
100188,0,Cash loans,M,N,Y,0,166500.0,310500.0,283500.0,9000.0,Children,Working,Secondary / secondary special,Single / not married,House / apartment,0.030333,-18442,-907,-10554.0,-3730,,1,1,0,1,0,1,Laborers,2.0,2,2,SUNDAY,13,0,0,1,1,0,0,XNA,,0.844507,,0.1551,0.1451,0.1304,0.1658,0.1589,0.135,0.1755,0.185,0.1588,0.1668,0.2147,0.1879,0.0892,0.095,0.1024,0.0765,0.0803,0.1018,0.1669,0.1692,0.1642,0.1049,0.1435,0.1407,0.0479,0.0705,0.0994,0.0753,0.1,0.0867,0.1233,0.1425,0.1366,0.1649,0.163,0.1635,0.0938,0.1063,0.1353,0.085,0.0794,0.0829,,block of flats,0.1096,,,0.0,0.0,0.0,0.0,-3082.0,0,1,0,0,0,0,0,0,0,0,0,0,0,0,0,0,0,0,0,0,0.0,,0.0,0.0,1.0,0.0
100189,0,Cash loans,M,N,Y,0,49500.0,252000.0,202500.0,19000.0,Unaccompanied,Working,Secondary / secondary special,Married,House / apartment,0.031602,-9960,-3386,-2657.0,-5486,,1,1,0,1,0,0,High skill tech staff,1.0,2,2,SATURDAY,8,0,0,0,0,0,0,Business Entity Type 3,,0.9995,0.576813,0.2148,0.2217,0.1973,0.2161,0.2345,0.2587,0.1381,0.105,0.1311,0.2503,0.1996,0.1908,0.2138,0.1927,0.1868,0.271,0.2026,0.2836,0.1855,0.2307,0.1981,0.2889,0.2792,0.3008,0.2298,0.2534,0.2137,0.3006,0.281,0.2871,0.1648,0.1634,0.1989,0.1283,0.1402,0.1246,0.1898,0.1663,0.1916,0.2021,0.2215,0.1824,reg oper account,block of flats,,,No,0.0,0.0,0.0,0.0,-1133.0,0,1,0,0,0,0,0,0,0,0,0,0,0,0,0,0,0,0,0,0,0.0,0.0,0.0,0.0,0.0,5.0
100190,0,Cash loans,F,Y,Y,0,108000.0,378000.0,306000.0,23000.0,Unaccompanied,Commercial associate,Secondary / secondary special,Married,House / apartment,0.015003,-8590,-2016,-61.0,-4002,23.0,1,1,0,1,0,0,High skill tech staff,2.0,3,3,SUNDAY,15,0,0,0,0,0,0,Business Entity Type 1,0.453606,0.585376,0.752173,0.2132,0.1909,0.193,0.1592,0.1907,0.1601,0.1811,0.18,0.1892,0.3095,0.318,0.352,0.1407,0.162,0.2214,0.3294,0.3592,0.3637,0.2558,0.2873,0.274,0.222,0.1932,0.2083,0.3445,0.3368,0.3045,0.2368,0.2264,0.2002,0.2207,0.1998,0.1979,0.2559,0.2511,0.254,0.2925,0.2911,0.2541,0.3021,0.3319,0.2923,,block of flats,,Mixed,,2.0,0.0,2.0,0.0,-3620.0,0,1,0,0,0,0,0,0,0,0,0,0,0,0,0,0,0,0,0,0,1.0,0.0,0.0,1.0,0.0,0.0
100191,0,Revolving loans,F,N,Y,0,189000.0,378000.0,364500.0,16000.0,Unaccompanied,Working,Secondary / secondary special,Civil marriage,House / apartment,0.024519,-13230,-1284,-5773.0,-2105,,1,1,0,1,1,0,High skill tech staff,2.0,2,2,THURSDAY,13,0,0,0,0,1,0,Business Entity Type 3,,0.557819,0.583526,0.3296,0.3302,0.3271,0.3207,0.2969,0.2934,0.4953,0.475,0.546,0.3073,0.3071,0.3218,0.6,0.6202,0.6013,0.4452,0.425,0.4253,0.5446,0.519,0.4895,0.405,0.3895,0.3995,0.4275,0.4797,0.4756,0.5729,0.585,0.58,0.6011,0.5971,0.5882,0.6183,0.5804,0.6031,0.3441,0.3037,0.3676,0.615,0.6326,0.6158,reg oper account,,0.3028,"Stone, brick",,1.0,1.0,1.0,0.0,-853.0,0,1,0,0,0,0,1,0,0,0,0,0,0,0,0,0,0,0,0,0,0.0,0.0,0.0,0.0,0.0,3.0
100192,0,Cash loans,M,N,N,0,162000.0,832500.0,670500.0,52500.0,Unaccompanied,State servant,Lower secondary,Separated,House / apartment,0.006451,-21443,-923,-1818.0,-5071,,1,1,0,1,0,0,Secretaries,2.0,2,1,WEDNESDAY,8,0,0,0,0,0,0,Other,0.76777,0.513226,0.602789,0.1491,0.1871,0.1815,0.1343,0.1288,0.1666,0.1477,0.171,0.1581,0.1225,0.1431,0.1274,0.1789,0.1341,0.1647,0.1425,0.1296,0.1566,0.108,0.108,0.107,0.0971,0.0982,0.1296,0.1473,0.1335,0.1494,0.1518,0.1842,0.1854,0.1743,0.1582,0.1947,0.1814,0.128,0.1274,0.1301,0.1598,0.1216,0.0744,0.0992,0.0796,reg oper account,,,,No,0.0,0.0,0.0,0.0,-2831.0,0,1,0,0,0,0,0,0,0,0,0,0,0,0,0,0,0,0,0,0,,0.0,0.0,0.0,,2.0
100193,0,Cash loans,F,N,Y,0,45000.0,387000.0,301500.0,15000.0,Unaccompanied,Working,Secondary / secondary special,Married,House / apartment,0.020908,-12061,-1172,-4911.0,-4544,,1,1,0,1,0,0,Laborers,2.0,3,3,MONDAY,10,0,0,0,0,0,0,Business Entity Type 3,,0.30333,0.394833,0.5751,0.538,0.5791,0.5922,0.6201,0.6245,0.3343,0.3165,0.3166,0.4353,0.4491,0.4355,0.3446,0.349,0.3138,0.5686,0.5699,0.5771,0.5674,0.5333,0.5397,0.5432,0.5673,0.5264,0.352,0.3158,0.3103,0.3702,0.3611,0.3659,0.5377,0.5387,0.5671,0.3847,0.3945,0.3716,0.2802,0.2686,0.2718,0.4189,0.4323,0.3954,reg oper account,block of flats,,,No,0.0,1.0,0.0,0.0,-3700.0,0,0,0,0,0,0,0,0,0,0,0,0,0,0,0,0,0,0,0,0,0.0,0.0,0.0,0.0,1.0,1.0
100194,0,Cash loans,F,N,Y,1,166500.0,265500.0,247500.0,11000.0,"Spouse, partner",Working,Secondary / secondary special,Civil marriage,Municipal apartment,0.017219,-17987,-1765,-5988.0,-2252,,1,1,0,1,0,0,Drivers,3.0,2,2,WEDNESDAY,14,0,0,0,1,0,0,XNA,0.554768,0.321387,0.467592,0.1651,0.1594,0.1676,0.1351,0.1695,0.1457,0.1969,0.2262,0.2103,0.2231,0.2744,0.2107,0.2553,0.2325,0.2574,0.124,0.1495,0.1538,0.246,0.2466,0.2021,0.2133,0.2218,0.2299,0.2454,0.2387,0.2397,0.2097,0.2142,0.209,0.1853,0.1945,0.131,0.158,0.172,0.1991,0.2958,0.2597,0.2652,0.1586,0.2014,0.167,,block of flats,,Monolithic,No,2.0,0.0,2.0,0.0,-182.0,0,0,0,0,0,0,0,0,0,0,0,0,0,0,0,0,0,0,0,0,0.0,0.0,0.0,0.0,0.0,1.0
100195,0,Cash loans,F,N,Y,1,180000.0,1233000.0,1053000.0,32000.0,Unaccompanied,Working,Secondary / secondary special,Married,House / apartment,0.040823,-9721,-2483,-910.0,-3536,,1,1,0,1,0,0,Managers,3.0,2,2,MONDAY,7,0,0,0,0,0,1,Business Entity Type 3,,0.56142,0.368726,0.2724,0.268,0.2473,0.2995,0.3274,0.282,0.2151,0.2482,0.2517,0.2462,0.2723,0.2772,0.1996,0.2023,0.1936,0.2538,0.2618,0.2551,0.3087,0.3043,0.2575,0.2005,0.213,0.2071,0.1791,0.1845,0.1754,0.1535,0.1575,0.1721,0.2198,0.1987,0.2365,0.2258,0.2261,0.2469,0.2619,0.2806,0.3436,0.2792,0.232,0.2935,reg oper account,block of flats,0.1293,"Stone, brick",,1.0,0.0,1.0,0.0,-735.0,0,0,0,0,0,0,0,0,0,0,0,0,0,0,0,0,0,0,0,0,1.0,0.0,0.0,0.0,0.0,1.0
100196,0,Cash loans,M,N,Y,2,297000.0,288000.0,247500.0,23000.0,Unaccompanied,Working,Lower secondary,Separated,House / apartment,0.016533,-16518,-1729,-3116.0,-3477,,1,1,0,1,1,0,,4.0,2,2,MONDAY,9,0,0,0,0,0,0,Bank,0.405786,0.411611,0.318141,0.6924,0.6854,0.6473,0.6327,0.6493,0.6887,0.6511,0.624,0.6261,0.5207,0.5583,0.5334,0.8106,0.8271,0.8115,0.8956,0.8566,0.8677,0.8187,0.8252,0.8456,0.6304,0.5809,0.5973,0.5613,0.5365,0.5274,0.852,0.8355,0.8622,0.3787,0.432,0.4408,0.6436,0.6592,0.652,0.3957,0.3932,0.4633,0.784,0.8313,0.8078,,block of flats,0.8773,Block,No,2.0,0.0,2.0,0.0,-1382.0,0,1,0,0,0,0,0,0,0,0,0,0,0,0,0,0,0,0,0,0,1.0,0.0,0.0,0.0,0.0,1.0
100197,0,Cash loans,F,N,N,0,103500.0,324000.0,306000.0,12000.0,Family,Working,Secondary / secondary special,Single / not married,House / apartment,0.032044,-15949,-1183,-4194.0,-594,,1,1,0,1,0,0,,2.0,2,2,SATURDAY,11,0,0,0,0,1,0,Construction,0.41019,0.794177,0.613771,0.3216,0.356,0.35,0.2763,0.2911,0.2658,0.3358,0.3349,0.3128,0.2535,0.2458,0.2965,0.2093,0.2376,0.223,0.3631,0.3309,0.3516,0.2206,0.2263,0.2679,0.1713,0.1983,0.1671,0.224,0.2302,0.209,0.3382,0.3074,0.3473,0.2292,0.2131,0.206,0.2876,0.2999,0.2973,0.2871,0.2866,0.2891,0.3744,0.3869,0.3613,reg oper account,,,Mixed,No,1.0,1.0,1.0,0.0,-3422.0,0,0,0,0,0,0,0,0,0,0,0,0,0,0,0,0,0,0,0,0,0.0,0.0,0.0,2.0,0.0,1.0
100198,0,Cash loans,F,Y,Y,0,45000.0,481500.0,391500.0,15000.0,Unaccompanied,Commercial associate,Secondary / secondary special,Married,House / apartment,0.014673,-20550,-12709,-11023.0,-1660,,1,1,1,1,0,0,Drivers,1.0,2,2,MONDAY,15,0,0,0,0,0,0,Kindergarten,0.668849,0.434551,0.783165,0.1361,0.1352,0.1594,0.1514,0.16,0.1697,0.0446,0.0999,0.1009,0.1712,0.1719,0.2125,0.1533,0.145,0.1537,0.1171,0.1125,0.1615,0.1328,0.1354,0.1112,0.1839,0.1431,0.1734,0.1297,0.0929,0.1028,0.1819,0.1735,0.1375,0.0856,0.0825,0.0693,0.1231,0.1307,0.124,0.157,0.1735,0.1875,0.1423,0.1726,0.1425,,block of flats,0.1478,Panel,No,2.0,0.0,2.0,0.0,-2552.0,0,1,0,0,0,0,0,0,0,0,0,0,0,0,0,0,0,0,0,0,0.0,0.0,,1.0,0.0,2.0
100199,0,Cash loans,M,N,Y,5,85500.0,279000.0,252000.0,20000.0,Unaccompanied,Working,Secondary / secondary special,Single / not married,House / apartment,0.004532,-17877,-1473,-8813.0,-1366,,1,1,0,1,0,1,,6.0,2,2,MONDAY,18,0,0,0,0,0,1,Business Entity Type 3,,0.539996,0.947848,0.2245,0.2047,0.2394,0.2929,0.2968,0.3069,0.213,0.1754,0.1994,0.1601,0.1891,0.1806,0.2945,0.2579,0.312,0.1843,0.2011,0.1527,0.3159,0.2974,0.283,0.2804,0.2181,0.2535,0.2296,0.2072,0.234,0.2188,0.26,0.2654,0.2705,0.2492,0.2231,0.2209,0.1961,0.2074,0.292,0.301,0.2977,0.2043,0.261,0.2299,,,,"Stone, brick",,2.0,0.0,2.0,0.0,-3454.0,0,1,0,0,0,0,0,0,0,0,0,0,0,0,0,0,0,0,0,0,0.0,0.0,0.0,1.0,0.0,1.0
100200,0,Cash loans,F,N,Y,1,81000.0,333000.0,279000.0,11500.0,Unaccompanied,Working,Secondary / secondary special,Single / not married,House / apartment,0.01626,-9391,-968,-823.0,-1705,,1,1,0,1,0,0,Managers,3.0,1,1,THURSDAY,13,0,0,0,0,1,0,Self-employed,0.705685,0.469353,,0.3336,0.3771,0.3324,0.2076,0.1948,0.225,0.1667,0.2111,0.2255,0.2583,0.216,0.2578,0.203,0.2373,0.2312,0.289,0.2783,0.2729,0.4009,0.3981,0.3747,0.1978,0.1758,0.2239,0.4034,0.3598,0.3651,0.2138,0.2351,0.2309,0.3387,0.2807,0.3211,0.3182,0.3145,0.329,0.1595,0.1845,0.149,0.2011,0.1751,0.1934,,block of flats,,"Stone, brick",,6.0,0.0,6.0,0.0,-2993.0,0,1,0,0,0,0,0,0,0,0,0,0,0,0,0,0,0,0,0,0,0.0,0.0,0.0,,0.0,
100201,0,Cash loans,M,N,Y,0,220500.0,1309500.0,1048500.0,36500.0,Family,Working,Higher education,Single / not married,With parents,0.021126,-13437,-4130,-5461.0,-3153,,1,1,0,1,1,0,Core staff,1.0,3,3,WEDNESDAY,2,0,0,0,1,0,0,Construction,,0.546233,0.451926,0.0386,0.0486,0.0382,0.0625,0.0765,0.0525,0.0287,0.0122,0.061,0.0399,0.0255,0.0822,0.0254,0.0242,0.0231,0.0401,0.058,0.0595,0.0031,0.018,0.0615,0.0461,0.0375,0.0101,0.0522,0.0409,0.0571,0.0507,0.0253,0.0439,0.0345,0.0722,0.063,0.0257,0.0264,0.0401,0.0188,0.0563,0.0666,0.0359,0.0116,0.0253,reg oper spec account,,,"Stone, brick",,1.0,0.0,1.0,1.0,-3534.0,0,1,0,0,0,0,0,0,0,0,0,0,0,0,0,0,0,0,0,0,0.0,,0.0,0.0,0.0,1.0
100202,0,Revolving loans,F,N,Y,0,31500.0,49500.0,45000.0,1500.0,Family,Working,Secondary / secondary special,Married,House / apartment,0.020533,-7678,-1104,-387.0,-3079,,1,1,0,1,1,0,,1.0,2,2,TUESDAY,8,0,0,0,0,0,0,XNA,,0.523307,,0.4414,0.427,0.445,0.4508,0.4486,0.4877,0.7005,0.7148,0.7039,0.7826,0.7812,0.773,0.803,0.8173,0.8422,0.5129,0.4893,0.4941,0.6738,0.6553,0.6472,0.7665,0.77,0.7888,0.8898,0.9189,0.8991,0.7334,0.7286,0.6891,0.46,0.4228,0.4149,0.5507,0.521,0.5402,0.4492,0.4753,0.4342,0.8079,0.8151,0.8427,,,0.7673,,No,1.0,0.0,1.0,0.0,-3263.0,0,1,0,0,0,0,0,0,0,0,0,0,0,0,0,0,0,0,0,0,0.0,0.0,0.0,0.0,,3.0
100203,0,Cash loans,M,N,N,0,117000.0,477000.0,400500.0,12500.0,Unaccompanied,State servant,Secondary / secondary special,Single / not married,House / apartment,0.020726,-11103,-4528,-1335.0,-5149,,1,1,0,1,1,0,Sales staff,2.0,2,2,FRIDAY,23,0,0,0,0,1,0,Business Entity Type 3,,0.586433,0.690071,0.1949,0.1936,0.2258,0.3289,0.342,0.3235,0.164,0.1921,0.1746,0.2417,0.2303,0.2301,0.246,0.2827,0.2607,0.1531,0.1499,0.1623,0.2184,0.2289,0.1912,0.2882,0.2998,0.3376,0.2429,0.2379,0.2663,0.2313,0.2142,0.2186,0.3095,0.3717,0.3655,0.3329,0.3326,0.3587,0.3453,0.3351,0.3854,0.2721,0.2825,0.2655,,,0.2088,,No,0.0,0.0,0.0,0.0,-238.0,0,0,0,0,0,0,0,0,0,0,0,0,0,0,0,0,0,0,0,0,0.0,,0.0,0.0,0.0,2.0
100204,0,Cash loans,F,N,N,0,324000.0,1309500.0,1246500.0,41500.0,Unaccompanied,Working,Secondary / secondary special,Civil marriage,House / apartment,0.013661,-21507,-12375,-2064.0,-43,,1,1,0,1,1,0,Laborers,2.0,2,2,WEDNESDAY,13,0,0,0,0,0,0,XNA,0.650931,0.705271,0.956846,0.3357,0.3566,0.3317,0.3471,0.3694,0.3867,0.4066,0.4106,0.4109,0.4071,0.4294,0.4372,0.3499,0.3162,0.3832,0.4212,0.4127,0.393,0.3315,0.3436,0.3296,0.1675,0.2105,0.2022,0.2528,0.2452,0.2453,0.3075,0.2763,0.3118,0.4257,0.426,0.4435,0.3067,0.3358,0.3161,0.3638,0.3859,0.3285,0.2161,0.2406,0.2138,,block of flats,0.3011,"Stone, brick",No,0.0,0.0,0.0,0.0,-1867.0,0,0,0,0,0,0,0,0,0,0,0,0,0,0,0,0,0,0,0,0,,0.0,,0.0,2.0,
100205,0,Cash loans,F,N,Y,0,148500.0,1611000.0,1552500.0,74000.0,"Spouse, partner",Pensioner,Incomplete higher,Married,House / apartment,0.015299,-20166,365243,-10438.0,-4946,,1,0,0,1,0,1,Managers,2.0,2,2,WEDNESDAY,4,1,0,0,0,1,1,Business Entity Type 1,,0.64855,0.559255,0.0557,0.0376,0.0744,0.0495,0.08,0.0294,0.0214,0.0546,0.0501,0.0564,0.0123,0.0449,0.0249,0.0162,0.0397,0.0805,0.0407,0.0541,0.0432,0.0648,0.033,0.0728,0.0939,0.0834,0.0789,0.0391,0.0547,0.0684,0.0681,0.0453,0.0447,0.0118,0.0173,0.0485,0.0332,0.0337,0.0711,0.0505,0.0617,0.0542,0.0493,0.0521,,,,"Stone, brick",,2.0,0.0,2.0,0.0,-3921.0,0,0,0,0,1,0,0,0,0,0,0,0,0,0,0,0,0,0,0,0,0.0,0.0,0.0,0.0,1.0,2.0
100206,0,Cash loans,M,N,Y,0,238500.0,472500.0,450000.0,12500.0,"Spouse, partner",Working,Secondary / secondary special,Married,House / apartment,0.009302,-20029,-1349,-6893.0,-1488,,1,1,0,1,0,0,Managers,2.0,2,2,THURSDAY,20,0,0,0,0,0,0,Business Entity Type 3,0.591408,0.615904,0.449804,0.384,0.3419,0.3745,0.3652,0.3921,0.4136,0.319,0.2995,0.3055,0.298,0.2881,0.3002,0.3513,0.3522,0.3748,0.4436,0.4023,0.4092,0.4646,0.4626,0.4591,0.4281,0.4169,0.4026,0.4085,0.3887,0.4038,0.352,0.3365,0.3598,0.4564,0.4337,0.4181,0.5437,0.519,0.5046,0.4301,0.4298,0.466,0.3983,0.3907,0.4035,,block of flats,0.222,,,0.0,0.0,0.0,0.0,-2143.0,0,0,0,0,0,0,0,0,0,0,0,0,0,0,0,0,0,0,0,0,0.0,0.0,0.0,0.0,0.0,
100207,0,Cash loans,F,Y,Y,2,58500.0,184500.0,157500.0,11000.0,Unaccompanied,Working,Incomplete higher,Separated,Municipal apartment,0.005423,-8008,-269,-443.0,-2106,,1,1,0,1,1,0,Accountants,3.0,3,3,TUESDAY,8,0,0,0,0,0,0,Business Entity Type 3,0.57086,0.659765,0.441901,0.7748,0.7397,0.7574,0.8507,0.8403,0.8522,0.6695,0.6712,0.6447,0.4269,0.4201,0.4186,0.7775,0.8234,0.7724,0.6797,0.7197,0.6922,0.5397,0.527,0.5824,0.6645,0.6516,0.7293,0.6551,0.6502,0.6522,0.6793,0.6281,0.625,0.6264,0.6174,0.6118,0.5847,0.6284,0.615,0.8814,0.9035,0.9153,0.5145,0.5019,0.4772,,,0.4551,Panel,,2.0,1.0,2.0,1.0,-3610.0,0,1,0,0,0,0,0,0,0,0,0,0,0,0,0,0,0,0,0,0,0.0,0.0,0.0,0.0,0.0,4.0
100208,0,Cash loans,F,N,Y,0,63000.0,148500.0,121500.0,5500.0,Children,Pensioner,Secondary / secondary special,Married,House / apartment,0.017506,-25077,365243,-10396.0,-909,,1,0,0,1,0,0,,2.0,2,2,WEDNESDAY,14,0,0,1,1,0,0,Other,,0.412824,,0.6107,0.6321,0.6014,0.671,0.6366,0.6993,0.5911,0.5947,0.5819,0.4831,0.5039,0.4803,0.5482,0.5114,0.5244,0.6739,0.669,0.662,0.7282,0.6749,0.6992,0.4068,0.3712,0.3692,0.5363,0.5796,0.5712,0.3793,0.3859,0.3814,0.3791,0.3714,0.3259,0.7112,0.7246,0.7061,0.7386,0.7181,0.73,0.4604,0.483,0.4261,,block of flats,,,,0.0,1.0,0.0,0.0,-30.0,0,1,0,0,0,0,0,0,0,0,0,0,0,0,0,0,0,0,0,0,0.0,0.0,0.0,0.0,1.0,0.0
100209,0,Cash loans,F,Y,Y,0,324000.0,715500.0,684000.0,21500.0,Unaccompanied,Working,Secondary / secondary special,Married,With parents,0.011781,-20339,-2217,-11166.0,-79,13.0,1,1,0,1,0,0,High skill tech staff,2.0,2,2,THURSDAY,8,0,0,0,0,0,0,Business Entity Type 3,,0.709473,0.719969,0.6902,0.7021,0.6879,0.8427,0.8224,0.8113,0.8003,0.7878,0.781,0.6669,0.6658,0.6286,0.6283,0.6452,0.6365,0.3868,0.3981,0.4208,0.8305,0.7973,0.7943,0.4251,0.4133,0.4188,0.7298,0.7443,0.7336,0.4969,0.507,0.4983,0.4216,0.4051,0.3857,0.5535,0.5526,0.5298,0.5247,0.4862,0.5264,0.4766,0.4081,0.3993,,,,"Stone, brick",No,2.0,0.0,2.0,1.0,-2152.0,0,1,0,0,1,0,0,0,0,0,0,0,0,0,0,0,0,0,0,0,0.0,0.0,0.0,0.0,,6.0
100210,0,Cash loans,M,Y,N,0,157500.0,1143000.0,994500.0,31500.0,Unaccompanied,Pensioner,Secondary / secondary special,Civil marriage,House / apartment,0.036526,-22621,365243,-1661.0,-719,,1,0,0,1,1,0,Cooking staff,2.0,2,2,SUNDAY,19,0,0,0,0,0,0,XNA,,0.389958,0.515494,0.1357,0.1625,0.1157,0.15,0.1783,0.1535,0.2697,0.2943,0.3003,0.1079,0.1417,0.1646,0.2112,0.1527,0.171,0.2556,0.2633,0.208,0.2991,0.2732,0.3035,0.2187,0.2213,0.2147,0.2589,0.2706,0.2464,0.2919,0.2438,0.2749,0.1469,0.1162,0.1692,0.2734,0.2758,0.287,0.2768,0.2892,0.2805,0.275,0.2662,0.2853,,block of flats,,,,0.0,0.0,0.0,0.0,-822.0,0,0,0,0,0,0,1,0,0,0,0,0,0,0,0,0,0,0,0,0,0.0,0.0,0.0,0.0,0.0,
100211,0,Cash loans,F,N,Y,1,157500.0,625500.0,576000.0,16500.0,Unaccompanied,Working,Higher education,Married,House / apartment,0.004834,-9326,-369,-744.0,-1346,,1,1,1,1,0,0,,3.0,2,2,WEDNESDAY,7,0,0,0,0,0,0,XNA,0.175421,0.651251,0.662415,0.1622,0.1045,0.1004,0.065,0.0816,0.0809,0.1087,0.1415,0.1039,0.0558,0.0367,0.0666,0.1052,0.1296,0.147,0.133,0.119,0.0851,0.133,0.1433,0.1032,0.1061,0.0707,0.1049,0.135,0.1101,0.0745,0.11,0.1125,0.1123,0.1322,0.1561,0.1515,0.0494,0.077,0.0489,0.0247,0.0835,0.0979,0.1121,0.1355,0.1269,,,0.054,,,0.0,0.0,0.0,0.0,-973.0,0,0,0,0,0,1,0,0,0,0,0,0,0,0,0,0,0,0,0,0,0.0,0.0,0.0,0.0,0.0,0.0
100212,0,Cash loans,F,N,N,1,81000.0,234000.0,220500.0,18500.0,Unaccompanied,Working,Higher education,Civil marriage,House / apartment,0.022398,-20149,-1922,-3508.0,-2307,,1,1,1,1,0,0,Core staff,3.0,2,2,MONDAY,10,0,0,0,0,0,1,Government,0.623843,0.828892,0.776496,0.272,0.2753,0.2512,0.2178,0.2167,0.2262,0.3669,0.369,0.3663,0.2618,0.2854,0.2972,0.3123,0.3311,0.3155,0.1655,0.2054,0.1861,0.3561,0.3494,0.3474,0.2894,0.2334,0.2571,0.3351,0.3372,0.3504,0.2552,0.3085,0.2628,0.1617,0.1818,0.1288,0.4317,0.4186,0.4282,0.395,0.339,0.3513,0.2463,0.2566,0.2733,reg oper spec account,block of flats,0.4244,,No,1.0,0.0,1.0,0.0,-587.0,0,0,0,0,0,0,0,0,0,0,0,0,0,0,0,0,0,0,0,0,0.0,0.0,0.0,0.0,0.0,3.0
100213,0,Cash loans,F,N,Y,0,157500.0,463500.0,387000.0,14500.0,Unaccompanied,Pensioner,Secondary / secondary special,Married,House / apartment,0.069675,-21616,365243,-408.0,-1870,,1,0,1,1,0,0,Cooking staff,2.0,1,1,THURSDAY,15,0,0,0,0,0,0,Business Entity Type 3,,0.44352,0.523387,0.7186,0.7007,0.6721,0.5507,0.5495,0.5254,0.562,0.5744,0.5755,0.605,0.5786,0.5957,0.7592,0.7273,0.7401,0.6046,0.6007,0.6315,0.4281,0.4465,0.4465,0.7201,0.6951,0.7358,0.6465,0.6943,0.6825,0.7495,0.7805,0.7674,0.4604,0.4584,0.4426,0.4052,0.4054,0.4086,0.8204,0.8047,0.8188,0.6719,0.653,0.7013,,,0.6792,,,2.0,1.0,2.0,0.0,-3662.0,0,0,0,0,0,0,0,0,0,0,0,0,0,0,0,0,0,0,0,0,0.0,0.0,0.0,1.0,0.0,3.0
100214,0,Cash loans,F,N,Y,0,76500.0,220500.0,175500.0,13500.0,Unaccompanied,Working,Secondary / secondary special,Married,House / apartment,0.016696,-10534,-1407,-854.0,-626,,1,1,1,1,0,0,Sales staff,2.0,2,2,FRIDAY,10,0,0,0,0,0,1,Medicine,,0.559729,,0.511,0.5213,0.4873,0.7245,0.7487,0.7326,0.4131,0.4677,0.4306,0.3979,0.4282,0.4356,0.3381,0.2986,0.366,0.6594,0.6558,0.6723,0.5389,0.5258,0.5402,0.4332,0.4728,0.4597,0.5638,0.5813,0.597,0.6763,0.6621,0.6434,0.6821,0.6886,0.676,0.7328,0.6945,0.7305,0.603,0.616,0.623,0.5499,0.5514,0.4865,,block of flats,0.5651,,No,2.0,0.0,2.0,0.0,-3129.0,0,0,0,0,0,0,0,0,0,0,0,0,0,0,0,0,0,0,0,0,0.0,0.0,0.0,1.0,0.0,
100215,0,Cash loans,F,N,Y,0,283500.0,850500.0,769500.0,25500.0,Unaccompanied,State servant,Secondary / secondary special,Widow,House / apartment,0.018668,-21063,-4413,-9902.0,-2027,,1,1,0,1,0,0,Drivers,1.0,2,3,THURSDAY,14,0,0,0,0,0,0,Self-employed,,0.427962,0.352724,0.1693,0.2264,0.2007,0.2367,0.2175,0.2418,0.2059,0.2131,0.222,0.133,0.1571,0.1597,0.21,0.2167,0.1736,0.2469,0.2434,0.2436,0.3005,0.278,0.3335,0.1108,0.1287,0.1427,0.1843,0.2006,0.1882,0.1383,0.1164,0.1419,0.2122,0.2447,0.2118,0.2673,0.1891,0.2088,0.1833,0.1934,0.1899,0.1944,0.186,0.1681,,block of flats,0.1873,"Stone, brick",No,0.0,0.0,0.0,0.0,-1584.0,0,1,0,0,1,0,0,0,0,0,0,0,0,0,0,0,0,0,0,0,0.0,0.0,0.0,1.0,0.0,
100216,0,Cash loans,F,N,Y,1,657000.0,1278000.0,1147500.0,41000.0,Unaccompanied,State servant,Secondary / secondary special,Single / not married,House / apartment,0.024358,-20220,-3335,-1997.0,-925,,1,1,0,1,0,0,Managers,2.0,2,2,FRIDAY,15,0,0,1,0,0,1,Self-employed,0.331727,0.55954,0.703541,0.2584,0.2708,0.2493,0.3165,0.2887,0.3249,0.2442,0.2133,0.1937,0.2563,0.2774,0.2658,0.3007,0.2689,0.2492,0.1554,0.1846,0.2104,0.2455,0.2282,0.2555,0.2789,0.2957,0.2589,0.2766,0.2826,0.2973,0.2626,0.2796,0.3051,0.2139,0.1963,0.2133,0.299,0.3775,0.3453,0.2829,0.2433,0.2464,0.2989,0.3529,0.3239,,,0.3187,,No,4.0,1.0,4.0,0.0,-4130.0,0,1,0,0,0,0,0,0,0,0,0,0,0,0,0,0,0,0,0,0,0.0,0.0,0.0,0.0,0.0,2.0
100217,0,Cash loans,F,N,Y,0,193500.0,652500.0,544500.0,42500.0,Unaccompanied,Working,Higher education,Married,House / apartment,0.025568,-10589,-4014,-2997.0,-4102,,1,1,0,1,0,0,Core staff,2.0,2,2,SATURDAY,13,0,0,0,0,0,0,Government,0.389664,0.580429,0.434574,0.0757,0.0482,0.0704,0.0776,0.0967,0.0756,0.106,0.1089,0.1377,0.0612,0.1045,0.0819,0.1009,0.1066,0.0482,0.0487,0.1095,0.0635,0.1329,0.1598,0.1122,0.1111,0.1177,0.1339,0.1525,0.1304,0.1503,0.1758,0.0968,0.0875,0.0592,0.0908,0.0405,0.0448,0.0449,0.0381,0.1509,0.1328,0.1377,0.1853,0.1834,0.1386,,block of flats,0.0675,"Stone, brick",No,3.0,0.0,3.0,0.0,-78.0,0,1,0,0,0,0,0,0,0,0,0,0,0,0,0,0,0,0,0,0,0.0,,0.0,0.0,0.0,
100218,0,Cash loans,F,N,N,1,103500.0,333000.0,297000.0,9500.0,Unaccompanied,Working,Secondary / secondary special,Separated,House / apartment,0.014516,-13280,-6706,-6293.0,-4012,,1,1,1,1,1,0,,2.0,2,2,WEDNESDAY,8,0,0,0,1,0,1,Other,,0.675847,0.731588,0.0442,0.0099,0.0196,0.0552,0.027,0.0605,0.0318,0.087,0.0559,0.0508,0.0141,0.0699,0.0326,0.0236,0.0503,0.0455,0.0241,0.0311,0.0164,0.0151,0.0822,0.0488,0.0,0.0527,0.029,0.0392,0.061,0.0723,0.0289,0.0385,0.0698,0.0746,0.058,0.095,0.0603,0.071,0.0874,0.0747,0.0331,0.1015,0.0384,0.0716,,,,Block,,1.0,0.0,1.0,0.0,-322.0,0,0,0,0,0,0,0,0,0,0,0,0,0,0,0,0,0,0,0,0,0.0,0.0,0.0,,0.0,1.0
100219,0,Revolving loans,F,Y,Y,0,36000.0,94500.0,90000.0,4000.0,Children,Pensioner,Secondary / secondary special,Separated,House / apartment,0.010008,-22670,365243,-1982.0,-376,,1,0,0,1,0,0,,2.0,1,1,SATURDAY,9,0,0,0,0,0,1,Medicine,0.266625,0.743065,0.382954,0.1905,0.1709,0.2097,0.3147,0.2653,0.3209,0.2067,0.1681,0.1513,0.1774,0.2374,0.188,0.2958,0.3014,0.2623,0.2478,0.2051,0.2353,0.2775,0.2985,0.26,0.2215,0.2352,0.2464,0.1653,0.1908,0.1624,0.2081,0.1775,0.1932,0.147,0.1522,0.1371,0.1274,0.1323,0.1085,0.1738,0.2236,0.1797,0.2174,0.2357,0.2201,,block of flats,0.1308,Panel,,2.0,1.0,2.0,0.0,-2587.0,0,1,0,0,0,0,0,0,0,0,0,0,0,0,0,0,0,0,0,0,0.0,0.0,0.0,0.0,0.0,0.0
100220,1,Cash loans,F,Y,Y,0,58500.0,247500.0,211500.0,9500.0,Unaccompanied,Working,Secondary / secondary special,Civil marriage,House / apartment,0.028028,-14767,-3741,-2350.0,-3908,,1,1,0,1,1,0,Laborers,1.0,2,2,WEDNESDAY,11,0,0,0,0,0,0,XNA,,0.550708,,0.2798,0.2562,0.2731,0.2692,0.2131,0.245,0.3036,0.3368,0.302,0.2433,0.2293,0.2621,0.3072,0.3135,0.3111,0.3258,0.3114,0.3271,0.3518,0.3719,0.3714,0.2544,0.2733,0.2477,0.251,0.2307,0.2191,0.2154,0.1768,0.2055,0.2638,0.2759,0.3166,0.3515,0.3627,0.3755,0.2167,0.2322,0.2296,0.3051,0.3229,0.3425,,block of flats,0.2089,,,1.0,0.0,1.0,0.0,-1520.0,0,1,0,0,0,0,0,0,0,0,0,0,0,0,0,0,0,0,0,0,0.0,0.0,0.0,,0.0,2.0
100221,0,Cash loans,F,Y,Y,0,346500.0,1543500.0,1278000.0,39500.0,Family,Commercial associate,Secondary / secondary special,Married,House / apartment,0.005729,-20334,-1136,-803.0,-5450,2.0,1,1,1,1,1,0,Laborers,2.0,2,2,FRIDAY,14,0,0,0,1,0,0,Kindergarten,,0.050457,0.393663,0.25,0.2383,0.2014,0.3104,0.288,0.2657,0.369,0.4052,0.379,0.2543,0.1953,0.2309,0.3255,0.295,0.2708,0.3581,0.3276,0.2928,0.218,0.2081,0.2087,0.3252,0.3117,0.2979,0.2543,0.2951,0.2721,0.317,0.324,0.3226,0.2698,0.2768,0.2712,0.1591,0.2293,0.2086,0.1736,0.1716,0.1941,0.2852,0.2887,0.2617,not specified,,,Panel,,1.0,0.0,1.0,0.0,-3051.0,0,0,0,0,0,0,0,0,0,0,0,0,0,0,0,0,0,0,0,0,0.0,0.0,0.0,0.0,2.0,0.0
100222,1,Cash loans,F,N,Y,0,85500.0,247500.0,229500.0,8500.0,Unaccompanied,Working,Incomplete higher,Married,House / apartment,0.031328,-20125,-1915,-8098.0,-5670,,1,1,0,1,0,0,,2.0,2,2,THURSDAY,15,0,0,0,0,0,0,Other,0.018106,0.156705,0.307088,0.4713,0.4507,0.482,0.2815,0.2604,0.2421,0.2897,0.3343,0.33,0.3855,0.3545,0.4091,0.3398,0.3602,0.3712,0.3167,0.3259,0.3091,0.2517,0.2488,0.2842,0.2072,0.2582,0.2404,0.432,0.372,0.4162,0.3008,0.3612,0.3681,0.2014,0.2102,0.1788,0.2859,0.2498,0.2557,0.3376,0.3278,0.2902,0.2338,0.2352,0.2108,,block of flats,,,,1.0,0.0,1.0,0.0,-3390.0,0,0,0,0,0,0,0,0,0,0,0,0,0,0,0,0,0,0,0,0,0.0,0.0,0.0,0.0,0.0,4.0
100223,0,Cash loans,F,N,Y,0,121500.0,436500.0,409500.0,16000.0,Unaccompanied,Working,Secondary / secondary special,Single / not married,House / apartment,0.014667,-10173,-3598,-1298.0,-339,,1,1,0,1,0,0,Sales staff,1.0,2,2,THURSDAY,13,0,0,0,0,0,0,Self-employed,0.618085,0.953006,0.359547,0.3338,0.3382,0.3675,0.6368,0.6223,0.6721,0.4877,0.4569,0.501,0.6309,0.6928,0.6267,0.7017,0.7281,0.7113,0.4861,0.5332,0.4726,0.5268,0.524,0.5176,0.6644,0.6591,0.6603,0.7742,0.7546,0.7525,0.5764,0.5913,0.5719,0.4518,0.4757,0.4603,0.4613,0.4266,0.438,0.6252,0.5702,0.6135,0.5669,0.5661,0.5152,reg oper account,block of flats,0.3644,,No,1.0,0.0,1.0,0.0,-2509.0,0,1,0,0,0,0,1,0,0,0,0,0,0,0,0,0,0,0,0,0,,0.0,0.0,0.0,0.0,0.0
100224,1,Revolving loans,F,N,Y,0,211500.0,2704500.0,2623500.0,257500.0,Unaccompanied,Working,Higher education,Separated,House / apartment,0.018736,-15521,-737,-4263.0,-5521,,1,1,0,1,1,0,Drivers,2.0,2,2,MONDAY,14,0,0,0,0,1,0,Self-employed,,0.406647,0.213262,0.672,0.6906,0.6733,0.3269,0.3434,0.3247,0.6196,0.6474,0.6536,0.3235,0.3594,0.3346,0.4549,0.4675,0.4521,0.3411,0.3548,0.3303,0.6636,0.6165,0.6629,0.4908,0.5123,0.5056,0.46,0.4482,0.4771,0.4173,0.3474,0.3589,0.5001,0.4487,0.4476,0.3977,0.386,0.3931,0.3649,0.3926,0.3791,0.5329,0.4927,0.5275,,,0.7048,Block,No,0.0,0.0,0.0,0.0,-286.0,0,1,0,0,0,0,0,0,0,0,0,0,0,0,0,0,0,0,0,0,0.0,0.0,,0.0,0.0,3.0
100225,0,Cash loans,F,Y,Y,1,333000.0,4050000.0,3280500.0,253500.0,Unaccompanied,Commercial associate,Secondary / secondary special,Married,House / apartment,0.013499,-15277,-7656,-6135.0,-2441,23.0,1,1,0,1,0,0,Laborers,3.0,2,2,THURSDAY,7,0,0,0,0,0,0,Business Entity Type 3,0.525985,0.34163,0.501395,0.2876,0.2733,0.3046,0.341,0.3423,0.3277,0.1968,0.2211,0.2144,0.2636,0.2465,0.2815,0.2849,0.2508,0.2466,0.4279,0.4074,0.3887,0.374,0.3728,0.3809,0.392,0.4082,0.4116,0.3479,0.3495,0.3731,0.3575,0.3428,0.3422,0.4157,0.4175,0.4242,0.2108,0.2161,0.1921,0.3886,0.3666,0.3912,0.2657,0.2749,0.2588,,block of flats,0.3271,Block,No,1.0,0.0,1.0,0.0,-2319.0,0,0,0,0,0,0,0,0,0,0,0,0,0,0,0,0,0,0,0,0,0.0,0.0,0.0,0.0,,1.0
100226,0,Revolving loans,F,N,Y,0,130500.0,283500.0,270000.0,26500.0,Unaccompanied,Commercial associate,Secondary / secondary special,Married,House / apartment,0.045407,-14086,-1519,-5271.0,-5243,,1,1,0,1,0,0,Core staff,2.0,2,2,WEDNESDAY,13,0,0,0,0,1,0,School,,0.311603,0.534881,0.163,0.118,0.1,0.0486,0.0886,0.0486,0.0955,0.1123,0.1225,0.0951,0.1151,0.1478,0.1141,0.0865,0.0857,0.0491,0.0653,0.0232,0.098,0.041,0.0673,0.0512,0.0512,0.0491,0.1304,0.1262,0.1271,0.1016,0.0788,0.1237,0.0949,0.113,0.0904,0.0683,0.0899,0.0939,0.0939,0.0689,0.0342,0.0551,0.0182,0.0423,,,0.1121,"Stone, brick",,2.0,0.0,2.0,1.0,-1068.0,0,0,0,1,0,0,0,0,0,0,0,0,0,0,0,0,0,0,0,0,0.0,0.0,0.0,0.0,0.0,3.0
100227,0,Cash loans,M,N,N,3,117000.0,274500.0,256500.0,13500.0,Unaccompanied,Commercial associate,Secondary / secondary special,Married,House / apartment,0.021822,-17851,-2259,-4467.0,-1222,,1,1,1,1,0,0,,4.0,2,2,MONDAY,12,0,0,0,0,0,0,XNA,0.33122,0.548796,0.44573,0.4351,0.3884,0.3958,0.3149,0.3172,0.2853,0.2488,0.2765,0.2701,0.4368,0.4417,0.4066,0.2451,0.2267,0.2439,0.3405,0.3441,0.3356,0.4061,0.3893,0.3794,0.3541,0.3813,0.4095,0.2311,0.1798,0.1989,0.2984,0.2934,0.2601,0.395,0.3912,0.3927,0.4343,0.4321,0.4644,0.2759,0.2784,0.2596,0.2143,0.2474,0.2379,reg oper spec account,,0.1848,Panel,,0.0,0.0,0.0,0.0,-1459.0,0,1,0,0,0,0,0,0,0,0,0,0,0,0,0,0,0,0,0,0,0.0,0.0,1.0,2.0,0.0,
100228,0,Cash loans,F,N,N,0,153000.0,333000.0,306000.0,16500.0,Unaccompanied,Working,Secondary / secondary special,Married,House / apartment,0.015318,-16872,-803,-8646.0,-4145,,1,1,0,1,1,0,Laborers,2.0,2,2,THURSDAY,14,0,0,0,0,0,0,Self-employed,,0.701377,0.328669,0.138,0.1763,0.1553,0.1514,0.1788,0.2033,0.1335,0.1521,0.1041,0.0922,0.11,0.1403,0.1541,0.1293,0.1093,0.1694,0.2007,0.2121,0.2257,0.2185,0.2441,0.1655,0.1942,0.1638,0.1614,0.1934,0.1782,0.2302,0.1942,0.1651,0.1913,0.1673,0.1654,0.1648,0.1725,0.1428,0.1172,0.1261,0.1368,0.0976,0.1399,0.0988,,block of flats,,"Stone, brick",No,2.0,0.0,2.0,0.0,-878.0,0,1,0,0,0,0,0,0,0,0,0,0,0,0,0,0,0,0,0,0,0.0,0.0,0.0,0.0,0.0,2.0
100229,0,Cash loans,F,Y,Y,0,103500.0,720000.0,607500.0,28000.0,Unaccompanied,Working,Secondary / secondary special,Single / not married,House / apartment,0.015053,-11589,-479,-4547.0,-4816,17.0,1,1,1,1,1,0,Sales staff,2.0,3,3,MONDAY,15,0,0,0,0,0,0,Industry: type 9,0.508395,0.539138,0.600681,0.6714,0.6216,0.6316,0.5709,0.5493,0.548,0.6434,0.6628,0.6317,0.3919,0.4088,0.41,0.7717,0.7982,0.8113,0.4503,0.4253,0.4257,0.6111,0.6051,0.6199,0.7764,0.7581,0.7504,0.6769,0.6541,0.6521,0.5689,0.5603,0.5803,0.7513,0.7694,0.766,0.7158,0.733,0.7325,0.6771,0.675,0.6724,0.6128,0.5939,0.5804,reg oper account,,0.4408,Panel,,2.0,0.0,2.0,0.0,-1466.0,0,1,0,0,1,0,0,0,0,0,0,0,0,0,0,0,0,0,0,0,0.0,0.0,0.0,0.0,1.0,1.0
100230,0,Cash loans,F,N,Y,2,108000.0,337500.0,265500.0,11000.0,Unaccompanied,Working,Secondary / secondary special,Married,House / apartment,0.017059,-12630,-1362,-3179.0,-1599,,1,1,0,1,0,0,,4.0,2,2,MONDAY,9,0,0,0,0,0,0,Self-employed,,0.473305,,0.2834,0.2739,0.2903,0.1451,0.1758,0.1422,0.1758,0.1673,0.1753,0.2979,0.3137,0.325,0.1585,0.1994,0.1604,0.2483,0.2101,0.2576,0.3646,0.333,0.322,0.2397,0.2314,0.204,0.1881,0.1874,0.1188,0.2978,0.3007,0.2688,0.2903,0.2827,0.2461,0.2379,0.2008,0.1756,0.2726,0.2153,0.2086,0.3477,0.3038,0.3245,,,0.1496,,,2.0,0.0,2.0,0.0,-2486.0,0,0,0,0,0,0,0,0,0,0,0,0,0,0,0,0,0,0,0,0,0.0,0.0,0.0,0.0,1.0,1.0
100231,0,Cash loans,F,N,Y,1,184500.0,819000.0,720000.0,53000.0,Unaccompanied,Working,Higher education,Single / not married,House / apartment,0.0725,-20325,-6625,-143.0,-4424,,1,1,0,1,0,0,Laborers,3.0,2,2,MONDAY,12,0,1,0,0,0,0,Business Entity Type 3,0.607844,0.077399,0.368005,0.2503,0.2821,0.3203,0.1975,0.2171,0.1959,0.1825,0.2279,0.182,0.2155,0.2401,0.2284,0.1815,0.2239,0.214,0.1297,0.1408,0.1314,0.1877,0.166,0.1548,0.2049,0.2226,0.2013,0.2883,0.2841,0.261,0.2655,0.2785,0.237,0.2253,0.2046,0.2554,0.2019,0.152,0.1886,0.1988,0.1703,0.162,0.2587,0.2282,0.2696,,,0.1514,Panel,No,0.0,0.0,0.0,0.0,-2072.0,0,1,0,0,0,0,0,0,0,0,0,0,0,0,0,0,0,0,0,0,0.0,0.0,0.0,0.0,0.0,2.0
100232,1,Cash loans,F,N,Y,0,162000.0,1894500.0,1584000.0,67500.0,,Working,Secondary / secondary special,Single / not married,House / apartment,0.008264,-12311,-892,-4025.0,-1068,,1,1,0,1,0,0,Core staff,1.0,2,2,FRIDAY,16,1,1,0,0,1,0,Security,,0.227394,0.45299,0.3676,0.4095,0.3927,0.4615,0.4534,0.4605,0.7722,0.7447,0.776,0.611,0.6349,0.6589,0.5196,0.5305,0.5238,0.6887,0.701,0.6749,0.4209,0.4531,0.4469,0.8281,0.801,0.7684,0.704,0.6793,0.6825,0.4405,0.4229,0.4444,0.5269,0.5055,0.5185,0.4046,0.422,0.3771,0.6203,0.6259,0.6295,0.3789,0.3758,0.4172,,terraced house,0.7721,,No,2.0,0.0,2.0,1.0,-2819.0,0,1,0,0,0,0,0,0,0,0,0,0,0,0,0,0,0,0,0,0,0.0,0.0,0.0,0.0,0.0,2.0
100233,0,Revolving loans,F,N,Y,1,477000.0,1849500.0,1548000.0,49500.0,Unaccompanied,Commercial associate,Secondary / secondary special,Married,House / apartment,0.036595,-13996,-7422,-6327.0,-4257,,1,1,0,1,0,0,Managers,3.0,3,3,MONDAY,13,0,0,0,0,0,1,Self-employed,,0.387018,0.455034,0.2399,0.2399,0.1988,0.2349,0.2254,0.2023,0.237,0.2932,0.2592,0.237,0.2583,0.2664,0.2597,0.2557,0.2552,0.2567,0.2465,0.2453,0.2133,0.2213,0.2117,0.1957,0.1653,0.1685,0.2184,0.2026,0.2145,0.215,0.2018,0.193,0.1543,0.1568,0.1566,0.294,0.2737,0.2899,0.3307,0.296,0.2815,0.2684,0.3072,0.2815,,block of flats,0.2272,,,1.0,0.0,1.0,0.0,-1966.0,0,1,0,0,0,0,0,0,0,0,0,0,0,0,0,0,0,0,0,0,0.0,0.0,0.0,1.0,0.0,1.0
100234,0,Cash loans,F,N,Y,0,189000.0,1089000.0,1053000.0,70000.0,Unaccompanied,Working,Secondary / secondary special,Separated,With parents,0.026596,-21529,-1015,-6587.0,-5696,,1,1,1,1,0,0,,1.0,2,2,THURSDAY,12,0,0,0,0,0,1,Business Entity Type 3,0.862403,0.619618,0.320455,0.344,0.3739,0.3072,0.2467,0.2283,0.2378,0.3902,0.3448,0.3516,0.3867,0.3957,0.4447,0.2651,0.2789,0.2761,0.3438,0.2896,0.2825,0.1906,0.2122,0.2102,0.318,0.3357,0.3505,0.4466,0.4454,0.4545,0.271,0.3242,0.2655,0.2634,0.2847,0.2471,0.3219,0.3347,0.3051,0.4434,0.4445,0.476,0.2214,0.2294,0.2421,,block of flats,0.3018,,No,2.0,0.0,2.0,0.0,-2913.0,0,0,0,0,0,0,0,0,0,0,0,0,0,0,0,0,0,0,0,0,0.0,0.0,0.0,1.0,1.0,1.0
100235,0,Revolving loans,F,N,Y,0,279000.0,1449000.0,1174500.0,48500.0,Unaccompanied,Working,Secondary / secondary special,Married,House / apartment,0.04858,-19882,-619,-8085.0,-1795,,1,1,0,1,1,0,,2.0,2,2,SUNDAY,8,0,0,0,0,1,1,Self-employed,,0.590059,0.762474,0.3841,0.3553,0.3595,0.2263,0.224,0.2377,0.1879,0.2234,0.2058,0.3232,0.2841,0.2897,0.3391,0.2997,0.3558,0.3528,0.347,0.3714,0.2494,0.1647,0.2009,0.388,0.3908,0.3924,0.349,0.3562,0.3593,0.217,0.2214,0.1953,0.2989,0.2973,0.289,0.3357,0.2795,0.2907,0.2987,0.3192,0.3279,0.3693,0.3762,0.3099,,,0.2777,,,1.0,0.0,1.0,0.0,-1292.0,0,1,0,0,1,0,0,0,0,0,0,0,0,0,0,0,0,0,0,0,,,0.0,0.0,0.0,
100236,0,Cash loans,M,N,Y,0,81000.0,229500.0,220500.0,20000.0,Unaccompanied,Commercial associate,Secondary / secondary special,Married,House / apartment,0.02762,-17627,-2320,-2605.0,-5757,,1,1,0,1,0,0,,2.0,2,2,TUESDAY,14,0,1,0,0,0,0,XNA,0.553898,0.547147,,0.4109,0.3822,0.3847,0.5954,0.6438,0.6245,0.3804,0.3693,0.3912,0.6374,0.6369,0.6453,0.6711,0.6865,0.6783,0.7949,0.769,0.8037,0.5064,0.5185,0.5117,0.6101,0.63,0.5863,0.6983,0.7039,0.7285,0.3745,0.3716,0.3263,0.7233,0.7815,0.7376,0.4012,0.3998,0.4217,0.3588,0.3245,0.3384,0.5547,0.6013,0.5724,org spec account,block of flats,,Panel,No,2.0,0.0,2.0,0.0,-757.0,0,1,0,0,0,0,0,0,0,0,0,0,0,0,0,0,0,0,0,0,0.0,0.0,0.0,,1.0,1.0
100237,0,Cash loans,M,Y,Y,0,198000.0,1381500.0,1215000.0,53500.0,Unaccompanied,Working,Secondary / secondary special,Married,House / apartment,0.018739,-12001,-3550,-2070.0,-4003,,1,1,0,1,0,0,Cooking staff,1.0,3,3,WEDNESDAY,8,0,0,0,0,0,0,XNA,,0.330154,0.550585,0.1988,0.2189,0.2197,0.2968,0.2883,0.2913,0.2633,0.2501,0.2726,0.2756,0.3015,0.2878,0.1584,0.1724,0.2005,0.2129,0.2238,0.2549,0.2648,0.2531,0.2328,0.2577,0.233,0.2342,0.2317,0.2471,0.2514,0.1901,0.169,0.1997,0.1267,0.1615,0.1528,0.2382,0.2218,0.239,0.206,0.1998,0.242,0.2067,0.1551,0.1686,,,0.269,,No,2.0,0.0,2.0,1.0,-1451.0,0,0,0,0,1,0,0,0,0,0,0,0,0,0,0,0,0,0,0,0,,0.0,0.0,0.0,1.0,1.0
100238,1,Cash loans,F,N,N,0,99000.0,243000.0,229500.0,7500.0,Unaccompanied,State servant,Secondary / secondary special,Married,With parents,0.035196,-16627,-2172,-7334.0,-3026,,1,1,1,1,0,0,Managers,2.0,3,3,SATURDAY,11,0,0,0,0,1,0,Self-employed,0.383059,0.430183,0.537313,0.2844,0.3291,0.312,0.5227,0.5282,0.4872,0.4734,0.445,0.4637,0.315,0.2932,0.2832,0.2939,0.299,0.2505,0.5226,0.5529,0.5292,0.2237,0.2469,0.2757,0.3969,0.3774,0.4347,0.4086,0.4745,0.4683,0.4082,0.4232,0.4073,0.3908,0.3844,0.37,0.2183,0.2365,0.2316,0.2333,0.2549,0.2405,0.3192,0.2775,0.2703,reg oper account,,,Panel,,6.0,0.0,6.0,0.0,-1354.0,0,1,0,0,0,0,0,0,0,0,0,0,0,0,0,0,0,0,0,0,0.0,,0.0,2.0,1.0,4.0
100239,1,Cash loans,F,Y,Y,0,184500.0,1503000.0,1255500.0,136500.0,Unaccompanied,Working,Secondary / secondary special,Married,House / apartment,0.021563,-16816,-2093,-8512.0,-1963,,1,1,0,1,0,0,Cleaning staff,2.0,2,3,FRIDAY,10,0,0,0,0,1,0,Trade: type 7,0.205541,0.541934,,0.2401,0.2462,0.2678,0.1302,0.1144,0.1491,0.1466,0.1295,0.1282,0.204,0.2174,0.22,0.2206,0.2062,0.1948,0.2123,0.1937,0.1562,0.1962,0.1499,0.1447,0.2617,0.2632,0.2332,0.2944,0.2424,0.2344,0.2647,0.2652,0.2232,0.2535,0.2796,0.2664,0.2014,0.1913,0.2067,0.1816,0.1801,0.2102,0.208,0.2363,0.2248,,,0.1638,,No,3.0,0.0,3.0,0.0,-1849.0,0,0,0,0,0,0,0,0,0,0,0,0,0,0,0,0,0,0,0,0,0.0,0.0,0.0,0.0,0.0,2.0
100240,0,Cash loans,M,N,Y,2,216000.0,612000.0,553500.0,30500.0,Unaccompanied,Working,Secondary / secondary special,Widow,House / apartment,0.029862,-13533,-6958,-338.0,-3290,,1,1,0,1,1,0,Core staff,4.0,2,1,MONDAY,13,0,0,0,0,0,1,Business Entity Type 3,0.592186,0.455815,0.576326,0.17,0.1075,0.1527,0.2532,0.2205,0.2331,0.2099,0.2472,0.2176,0.2591,0.2884,0.291,0.2688,0.2696,0.3071,0.1786,0.1908,0.1859,0.2736,0.2616,0.2393,0.1286,0.1825,0.1544,0.2144,0.2082,0.2145,0.3078,0.2873,0.3014,0.2538,0.2465,0.2506,0.3001,0.2567,0.2808,0.2742,0.2876,0.2566,0.2015,0.1919,0.2018,,block of flats,0.2807,Panel,,1.0,0.0,1.0,0.0,-1996.0,0,0,0,0,0,0,0,0,0,0,0,0,0,0,0,0,0,0,0,0,0.0,0.0,0.0,0.0,0.0,4.0
100241,0,Cash loans,F,Y,Y,1,153000.0,459000.0,409500.0,12500.0,Family,Pensioner,Higher education,Married,House / apartment,0.045332,-22582,365243,-54.0,-5903,,1,0,0,1,0,0,Accountants,3.0,2,2,TUESDAY,10,0,0,0,0,1,0,Medicine,0.363331,0.397693,0.423912,0.3934,0.3941,0.3611,0.4357,0.4137,0.4102,0.4428,0.3978,0.3869,0.2279,0.1937,0.2287,0.4338,0.4653,0.4564,0.2329,0.2247,0.2922,0.2546,0.2116,0.2294,0.3236,0.3294,0.3327,0.2081,0.2223,0.2259,0.2248,0.2454,0.252,0.2019,0.2701,0.2135,0.4406,0.4047,0.47,0.36,0.3785,0.3663,0.2902,0.3209,0.3277,reg oper account,block of flats,,,No,0.0,0.0,0.0,0.0,-1938.0,0,1,0,0,0,0,1,0,0,0,0,0,0,0,0,0,0,0,0,0,0.0,0.0,0.0,0.0,0.0,5.0
100242,0,Cash loans,M,N,N,1,553500.0,1188000.0,1147500.0,71000.0,Unaccompanied,Commercial associate,Secondary / secondary special,Married,Municipal apartment,0.019804,-12891,-1125,-1593.0,-32,,1,1,0,1,0,0,,3.0,2,2,THURSDAY,11,0,0,0,0,0,0,Government,,0.944176,,0.1067,0.1392,0.1573,0.1991,0.216,0.2515,0.3345,0.323,0.3154,0.3245,0.3512,0.3213,0.155,0.1742,0.1639,0.3229,0.2939,0.3173,0.2426,0.1864,0.1908,0.2167,0.1907,0.1764,0.2465,0.2541,0.2609,0.2755,0.2665,0.2261,0.3081,0.3156,0.32,0.3134,0.3476,0.3099,0.1909,0.2049,0.2172,0.2472,0.2848,0.3122,org spec account,block of flats,0.1297,Mixed,,0.0,0.0,0.0,0.0,-1943.0,0,1,0,0,0,0,0,0,0,0,0,0,0,0,0,0,0,0,0,0,0.0,,0.0,1.0,1.0,1.0
100243,0,Cash loans,F,N,N,1,324000.0,760500.0,621000.0,24000.0,Family,Pensioner,Incomplete higher,Civil marriage,House / apartment,0.014374,-24870,365243,-4913.0,-5197,,1,0,0,1,1,0,Managers,3.0,2,2,FRIDAY,9,0,0,0,0,0,0,Military,0.222777,0.407918,0.53799,0.1817,0.1972,0.1261,0.1746,0.1605,0.1274,0.1392,0.1316,0.1243,0.1116,0.1,0.0892,0.0336,0.1045,0.0592,0.1753,0.1826,0.1811,0.1063,0.0977,0.0872,0.121,0.1604,0.1042,0.1432,0.1254,0.1644,0.1251,0.1529,0.0834,0.14,0.146,0.2076,0.1612,0.1755,0.1832,0.0825,0.1669,0.161,0.063,0.0953,0.0902,,,0.1393,,,1.0,0.0,1.0,0.0,-178.0,0,1,0,0,0,0,0,0,0,0,0,0,0,0,0,0,0,0,0,0,0.0,0.0,0.0,0.0,0.0,2.0
100244,0,Cash loans,M,N,Y,0,279000.0,859500.0,706500.0,30500.0,Unaccompanied,Working,Secondary / secondary special,Separated,House / apartment,0.012545,-21205,-6433,-10212.0,-891,,1,1,0,1,0,0,,1.0,2,2,MONDAY,11,0,0,0,1,0,0,XNA,,0.542464,0.444055,0.3307,0.3686,0.3704,0.2743,0.2718,0.3,0.3696,0.3452,0.362,0.468,0.4966,0.4529,0.4198,0.4418,0.4008,0.319,0.359,0.3458,0.2976,0.3118,0.311,0.3472,0.4036,0.3351,0.4565,0.4835,0.4556,0.2941,0.2452,0.27,0.3355,0.3687,0.3846,0.4257,0.3976,0.3977,0.3011,0.3035,0.3097,0.3095,0.3084,0.331,,block of flats,,,No,3.0,0.0,3.0,0.0,-955.0,0,0,0,0,0,0,0,0,0,0,0,0,0,0,0,0,0,0,0,0,0.0,0.0,0.0,0.0,,3.0
100245,0,Cash loans,M,Y,Y,0,225000.0,229500.0,220500.0,15500.0,Unaccompanied,Working,Higher education,Married,Municipal apartment,0.024726,-18033,-1176,-15.0,-5257,,1,1,0,1,1,0,Drivers,2.0,2,2,SATURDAY,13,0,0,0,0,0,0,Business Entity Type 3,,0.840649,0.490393,0.404,0.4123,0.4462,0.4002,0.4216,0.4272,0.3071,0.294,0.2838,0.3447,0.3417,0.3402,0.2447,0.2641,0.2735,0.2929,0.2902,0.2957,0.2019,0.1946,0.2008,0.3813,0.3151,0.3299,0.2748,0.2317,0.2504,0.2533,0.2454,0.2559,0.3955,0.4341,0.4348,0.2551,0.2429,0.2385,0.4181,0.4093,0.4155,0.4174,0.4154,0.4251,,,,,No,3.0,1.0,3.0,0.0,-1744.0,0,1,0,0,0,0,0,0,0,0,0,0,0,0,0,0,0,0,0,0,0.0,0.0,0.0,0.0,0.0,2.0
100246,1,Cash loans,F,N,Y,0,387000.0,1327500.0,1062000.0,41000.0,Unaccompanied,Commercial associate,Higher education,Married,House / apartment,0.010849,-9208,-1297,-1810.0,-3275,,1,1,0,1,1,0,,2.0,2,2,WEDNESDAY,11,0,0,0,0,0,0,Industry: type 9,0.764469,0.552025,0.523204,0.3118,0.2633,0.2527,0.5442,0.5344,0.5322,0.3109,0.2838,0.3248,0.4863,0.5168,0.5189,0.5841,0.5675,0.599,0.3163,0.344,0.3174,0.6354,0.6412,0.6669,0.3673,0.3635,0.3257,0.6671,0.68,0.6534,0.4764,0.4772,0.4374,0.3283,0.2966,0.3696,0.6006,0.5738,0.6125,0.5528,0.5228,0.5544,0.4361,0.4258,0.416,not specified,block of flats,0.3477,,No,0.0,0.0,0.0,0.0,-2073.0,0,1,0,0,1,0,0,0,0,0,0,0,0,0,0,0,0,0,0,0,0.0,0.0,0.0,2.0,1.0,1.0
100247,0,Cash loans,F,Y,Y,0,67500.0,198000.0,180000.0,7500.0,Unaccompanied,Working,Secondary / secondary special,Married,House / apartment,0.015054,-11964,-5153,-2255.0,-5393,,1,1,0,1,1,0,Drivers,1.0,2,1,MONDAY,11,0,0,0,0,0,0,Industry: type 3,0.658086,0.367915,0.78929,0.6363,0.623,0.6576,0.4995,0.5119,0.5432,0.5332,0.5104,0.4926,0.6576,0.6337,0.6457,0.5945,0.6017,0.5996,0.5715,0.5928,0.5821,0.6207,0.6337,0.6469,0.4442,0.4465,0.4329,0.6153,0.6303,0.5607,0.3593,0.4001,0.3739,0.4348,0.3758,0.4336,0.3088,0.3121,0.2784,0.5801,0.5819,0.5799,0.4698,0.4898,0.4822,,block of flats,0.518,,No,0.0,1.0,0.0,0.0,-3462.0,0,1,0,0,0,0,0,0,0,0,0,0,0,0,0,0,0,0,0,0,0.0,0.0,0.0,1.0,1.0,1.0
100248,0,Cash loans,F,Y,Y,0,310500.0,1872000.0,1485000.0,140000.0,Unaccompanied,Commercial associate,Secondary / secondary special,Married,House / apartment,0.010264,-15102,-8528,-5156.0,-1090,,1,1,0,1,0,0,,2.0,2,2,TUESDAY,13,0,0,1,0,0,1,School,0.467054,0.409382,0.45508,0.2157,0.2852,0.2566,0.2719,0.2547,0.2717,0.223,0.2444,0.2563,0.2147,0.2177,0.2364,0.17,0.2015,0.2148,0.211,0.183,0.2021,0.2642,0.2548,0.2394,0.2261,0.2107,0.2491,0.22,0.2715,0.2482,0.2154,0.192,0.1619,0.1836,0.1236,0.1815,0.332,0.3558,0.356,0.2697,0.2361,0.2636,0.3453,0.3492,0.3112,,block of flats,0.2083,Panel,,1.0,0.0,1.0,0.0,-324.0,0,0,0,0,0,0,0,0,0,0,0,0,0,0,0,0,0,0,0,0,0.0,0.0,0.0,0.0,0.0,
100249,1,Cash loans,F,N,Y,0,85500.0,423000.0,337500.0,11000.0,Unaccompanied,Working,Secondary / secondary special,Married,House / apartment,0.025628,-14096,-2314,-2926.0,-286,,1,1,0,1,0,0,Managers,2.0,1,1,THURSDAY,15,0,0,1,0,0,0,XNA,,0.27495,0.093387,0.2161,0.1801,0.2018,0.4106,0.4056,0.3651,0.2104,0.1998,0.177,0.3201,0.2769,0.2982,0.3914,0.4599,0.4247,0.2374,0.1864,0.1891,0.3395,0.2831,0.3385,0.2407,0.2779,0.2843,0.1855,0.1898,0.185,0.3432,0.3063,0.3126,0.3611,0.3297,0.3671,0.3524,0.336,0.3604,0.1786,0.1633,0.1775,0.305,0.303,0.3252,reg oper account,block of flats,0.2828,,,2.0,0.0,2.0,0.0,-568.0,0,1,0,0,0,0,0,0,0,0,0,0,0,0,0,0,0,0,0,0,0.0,,0.0,0.0,3.0,2.0
100250,0,Cash loans,F,N,Y,0,108000.0,283500.0,256500.0,11500.0,Unaccompanied,Working,Secondary / secondary special,Single / not married,House / apartment,0.01173,-7743,-1168,-844.0,-2872,,1,1,0,1,0,0,,2.0,2,2,SATURDAY,14,0,0,0,0,0,0,Housing,0.594757,0.498595,0.752632,0.2891,0.2789,0.2317,0.1697,0.151,0.179,0.1169,0.1203,0.1092,0.1647,0.2109,0.2168,0.1647,0.1716,0.1597,0.1792,0.1926,0.1632,0.1122,0.1087,0.1471,0.2175,0.1812,0.1912,0.2798,0.2538,0.2347,0.2674,0.2296,0.2442,0.1231,0.1238,0.1041,0.1856,0.1956,0.171,0.1855,0.1324,0.1309,0.1794,0.1635,0.1489,,block of flats,,,No,0.0,0.0,0.0,1.0,-3258.0,0,1,0,0,0,0,1,0,0,0,0,0,0,0,0,0,0,0,0,0,,0.0,0.0,,0.0,3.0
100251,0,Cash loans,M,N,N,0,198000.0,598500.0,531000.0,18500.0,Unaccompanied,Working,Secondary / secondary special,Married,House / apartment,0.008421,-20991,-1790,-4527.0,-4668,,1,1,0,1,0,0,Laborers,2.0,2,2,TUESDAY,8,0,0,0,0,0,0,Self-employed,,0.314746,0.307561,0.1985,0.1799,0.184,0.1565,0.1351,0.1848,0.2149,0.2414,0.1978,0.3298,0.3009,0.2679,0.1697,0.1889,0.1658,0.2153,0.2059,0.207,0.1783,0.1653,0.1794,0.3135,0.288,0.2916,0.2409,0.2319,0.2315,0.1682,0.1978,0.1737,0.256,0.2391,0.2591,0.2792,0.2755,0.2823,0.2766,0.2955,0.3428,0.2953,0.297,0.2812,reg oper account,block of flats,0.1344,"Stone, brick",,1.0,0.0,1.0,1.0,-3574.0,0,1,0,0,1,0,0,0,0,0,0,0,0,0,0,0,0,0,0,0,0.0,0.0,0.0,1.0,1.0,
100252,0,Cash loans,F,N,Y,0,288000.0,985500.0,882000.0,59500.0,Unaccompanied,Pensioner,Secondary / secondary special,Married,House / apartment,0.009392,-21130,365243,-3293.0,-4769,,1,0,0,1,0,0,,2.0,2,3,THURSDAY,15,0,0,0,0,0,0,Business Entity Type 3,0.575842,0.596387,0.815228,0.1858,0.1889,0.1776,0.2524,0.275,0.2355,0.2596,0.3126,0.2573,0.3482,0.3568,0.3632,0.2523,0.2309,0.232,0.2807,0.3552,0.3337,0.3439,0.3125,0.3218,0.2184,0.2284,0.2405,0.312,0.2864,0.3251,0.1855,0.1935,0.2197,0.3287,0.3213,0.3352,0.2704,0.3004,0.2889,0.1965,0.1759,0.1751,0.2169,0.2475,0.2714,,,0.1346,,,0.0,0.0,0.0,0.0,-903.0,0,1,0,0,0,0,0,0,0,0,0,0,0,0,0,0,0,0,0,0,0.0,0.0,0.0,0.0,0.0,2.0
100253,0,Cash loans,F,N,Y,0,76500.0,675000.0,589500.0,48000.0,Unaccompanied,Working,Higher education,Single / not married,House / apartment,0.013124,-20829,-1261,-7576.0,-4586,,1,1,0,1,0,0,,2.0,2,2,WEDNESDAY,17,0,0,0,0,0,1,Trade: type 7,,0.736082,0.656537,0.4981,0.4998,0.4683,0.9939,0.9844,0.9993,0.9259,0.9088,0.911,0.9948,1.0,1.0,0.9225,0.9469,0.8812,0.8521,0.8649,0.9096,0.97,1.0,0.9761,0.9482,0.9135,0.9413,0.9474,0.949,0.9573,0.9817,1.0,1.0,0.8733,0.9007,0.9486,0.4578,0.5107,0.4744,0.8938,0.8871,0.8628,0.5765,0.5542,0.5525,reg oper account,,,Panel,,0.0,0.0,0.0,0.0,-427.0,0,1,0,0,0,0,0,0,0,0,0,0,0,0,0,0,0,0,0,0,0.0,0.0,0.0,0.0,0.0,2.0
100254,0,Cash loans,M,N,Y,0,112500.0,279000.0,261000.0,8500.0,Family,State servant,Secondary / secondary special,Married,House / apartment,0.013884,-13775,-1268,-2315.0,-4804,,1,1,0,1,1,0,Sales staff,2.0,2,2,MONDAY,14,0,0,0,0,0,1,Self-employed,,0.378318,0.177009,0.5058,0.4941,0.5149,0.7229,0.7155,0.7269,0.3964,0.3402,0.3636,0.604,0.6675,0.633,0.6911,0.6931,0.6914,0.6064,0.6588,0.6587,0.6071,0.6495,0.5893,0.5589,0.5883,0.5908,0.6139,0.6283,0.6151,0.5173,0.4898,0.5105,0.6451,0.6677,0.6782,0.5555,0.5781,0.5986,0.3813,0.3416,0.4262,0.4346,0.4274,0.4476,,,,,No,5.0,0.0,5.0,0.0,-1415.0,0,1,0,0,0,0,0,0,0,0,0,0,0,0,0,0,0,0,0,0,0.0,,0.0,0.0,0.0,3.0
100255,0,Cash loans,F,N,Y,2,153000.0,400500.0,391500.0,13500.0,Unaccompanied,Working,Higher education,Married,House / apartment,0.021855,-19541,-4475,-2443.0,-4652,,1,1,0,1,0,0,Laborers,4.0,1,1,TUESDAY,4,0,0,0,0,0,0,Business Entity Type 3,0.840913,0.589551,0.634792,0.2149,0.1766,0.2373,0.1408,0.1132,0.0775,0.1107,0.1143,0.1047,0.1388,0.1931,0.1298,0.2108,0.2029,0.2129,0.1823,0.2058,0.1886,0.1908,0.1654,0.1959,0.2198,0.178,0.2146,0.1574,0.1358,0.1409,0.2651,0.2486,0.2568,0.1472,0.1543,0.1195,0.1886,0.171,0.2009,0.1451,0.1422,0.1313,0.1027,0.1129,0.1411,,block of flats,0.1195,Panel,,0.0,0.0,0.0,0.0,-2674.0,0,1,0,0,0,0,0,0,0,0,0,0,0,0,0,0,0,0,0,0,0.0,0.0,0.0,,0.0,1.0
100256,0,Cash loans,F,N,Y,0,130500.0,274500.0,229500.0,15000.0,Unaccompanied,Working,Secondary / secondary special,Civil marriage,House / apartment,0.016917,-17763,-1648,-9862.0,-5169,,1,1,0,1,0,0,Security staff,2.0,1,1,THURSDAY,13,0,0,0,0,1,0,School,0.848293,0.723797,0.374552,0.3263,0.2764,0.3085,0.2347,0.268,0.2402,0.4429,0.4594,0.4354,0.2697,0.2826,0.2897,0.4745,0.481,0.4583,0.2088,0.2406,0.2219,0.3835,0.349,0.361,0.2684,0.2808,0.3059,0.4442,0.4461,0.4376,0.4054,0.3894,0.3855,0.2727,0.2097,0.264,0.2165,0.2212,0.1993,0.2035,0.1962,0.2222,0.4238,0.4511,0.4534,,block of flats,0.362,,,1.0,0.0,1.0,0.0,-453.0,0,1,0,0,0,0,0,0,0,0,0,0,0,0,0,0,0,0,0,0,0.0,0.0,0.0,,0.0,1.0
100257,0,Cash loans,M,Y,N,1,234000.0,405000.0,342000.0,12500.0,Unaccompanied,Working,Secondary / secondary special,Married,Municipal apartment,0.023526,-14960,-7008,-5331.0,-1023,13.0,1,1,0,1,0,0,Cleaning staff,3.0,2,2,SUNDAY,17,0,0,0,1,0,0,Trade: type 7,,0.647285,0.920601,0.5156,0.5566,0.5166,0.5472,0.5101,0.5569,0.3019,0.3023,0.3603,0.5909,0.6246,0.6286,0.3676,0.3598,0.3707,0.5428,0.5185,0.5399,0.4197,0.41,0.4267,0.3275,0.3351,0.3268,0.5461,0.5291,0.5473,0.5741,0.5847,0.5968,0.3282,0.3693,0.3641,0.4571,0.4405,0.4297,0.4217,0.4096,0.45,0.5842,0.5939,0.5704,,,,Panel,,1.0,0.0,1.0,0.0,-2422.0,0,1,0,0,0,0,0,0,0,0,0,0,0,0,0,0,0,0,0,0,0.0,0.0,0.0,1.0,0.0,4.0
100258,1,Cash loans,F,N,N,1,972000.0,4050000.0,3420000.0,161000.0,Family,Commercial associate,Secondary / secondary special,Married,House / apartment,0.024727,-8769,-1602,-226.0,-1414,,1,1,1,1,0,0,Sales staff,3.0,2,2,TUESDAY,11,0,0,0,0,0,0,Construction,0.392251,0.27079,0.205886,0.1726,0.1767,0.1613,0.1274,0.1227,0.1332,0.0364,0.1107,0.0833,0.0994,0.1144,0.0618,0.1428,0.1872,0.1504,0.1338,0.1582,0.1153,0.128,0.125,0.1285,0.1757,0.1737,0.1588,0.1422,0.1528,0.1761,0.1963,0.1633,0.169,0.1082,0.1119,0.085,0.1648,0.1535,0.1755,0.0926,0.0944,0.0836,0.0912,0.1198,0.1018,,block of flats,0.168,Panel,No,3.0,0.0,3.0,0.0,-987.0,0,0,0,0,0,0,0,0,0,0,0,0,0,0,0,0,0,0,0,0,0.0,0.0,0.0,0.0,,1.0
100259,0,Cash loans,F,Y,Y,0,184500.0,805500.0,751500.0,39500.0,Unaccompanied,Pensioner,Secondary / secondary special,Married,House / apartment,0.029596,-23057,365243,-10818.0,-20,,1,0,0,1,0,0,HR staff,2.0,2,2,WEDNESDAY,22,0,0,0,0,0,0,Business Entity Type 3,0.214104,0.640214,0.459404,0.5544,0.5525,0.5223,0.6166,0.6158,0.6319,0.7784,0.7151,0.8041,0.3387,0.336,0.3364,0.6983,0.7323,0.6978,0.6063,0.6003,0.6122,0.4499,0.4172,0.4133,0.6546,0.6319,0.6357,0.5685,0.5319,0.5561,0.7088,0.742,0.739,0.4108,0.4161,0.4264,0.6532,0.6799,0.7001,0.621,0.6265,0.626,0.699,0.7103,0.7187,,block of flats,,Panel,No,2.0,0.0,2.0,0.0,-3720.0,0,0,0,0,0,0,0,0,0,0,0,0,0,0,0,0,0,0,0,0,0.0,,0.0,1.0,0.0,0.0
100260,0,Cash loans,F,N,N,0,99000.0,783000.0,666000.0,23500.0,Unaccompanied,Working,Secondary / secondary special,Married,House / apartment,0.00573,-11064,-4490,-654.0,-2591,,1,1,0,1,0,0,Medicine staff,1.0,2,2,WEDNESDAY,5,0,0,0,0,1,0,XNA,,0.498831,0.409709,0.9968,1.0,1.0,0.8936,0.8383,0.8559,0.5085,0.5159,0.555,0.7688,0.7503,0.7695,0.8716,0.8836,0.8264,0.8065,0.8115,0.8262,0.9279,0.9683,0.9702,0.9507,0.9545,0.8778,1.0,1.0,1.0,0.4691,0.4306,0.4817,0.5578,0.6039,0.5637,0.5372,0.5346,0.5542,1.0,0.9915,1.0,0.7765,0.7763,0.7806,,block of flats,,,No,0.0,0.0,0.0,0.0,-1410.0,0,0,0,0,0,0,0,0,0,0,0,0,0,0,0,0,0,0,0,0,0.0,,0.0,0.0,0.0,
100261,0,Cash loans,M,N,Y,0,72000.0,499500.0,459000.0,17500.0,Children,Working,Secondary / secondary special,Married,House / apartment,0.009297,-20432,-1839,-4271.0,-1577,,1,1,1,1,0,0,Managers,2.0,2,1,THURSDAY,13,0,0,0,0,0,0,School,,0.800112,0.737167,0.1629,0.2235,0.181,0.187,0.1882,0.1679,0.2594,0.2932,0.2794,0.3303,0.3253,0.3488,0.3728,0.3879,0.397,0.2957,0.3176,0.3222,0.2644,0.287,0.2813,0.337,0.3284,0.3017,0.4018,0.374,0.4017,0.3354,0.3585,0.3624,0.3312,0.3317,0.3217,0.1969,0.2182,0.2035,0.4308,0.4302,0.366,0.3843,0.406,0.4063,,,0.3736,Panel,No,0.0,0.0,0.0,0.0,-1164.0,0,0,0,0,0,0,0,0,0,0,0,0,0,0,0,0,0,0,0,0,0.0,0.0,0.0,0.0,1.0,
100262,1,Cash loans,F,N,Y,0,121500.0,1773000.0,1539000.0,70500.0,Unaccompanied,Commercial associate,Secondary / secondary special,Married,House / apartment,0.026379,-17148,-1586,-1249.0,-3761,,1,1,0,1,1,0,,1.0,2,2,WEDNESDAY,14,0,0,0,0,0,0,Business Entity Type 2,0.28882,0.528862,,0.0917,0.0549,0.1028,0.0821,0.035,0.0836,0.1026,0.1162,0.0869,0.0198,0.0853,0.0941,0.0313,0.0415,0.0601,0.1026,0.054,0.1064,0.0756,0.0735,0.0582,0.0598,0.0431,0.0901,0.0748,0.0584,0.0139,0.1222,0.1108,0.1059,0.0927,0.0441,0.0534,0.0581,0.0657,0.0516,0.084,0.1094,0.0928,0.0757,0.0314,0.0539,reg oper account,block of flats,,Panel,No,0.0,0.0,0.0,0.0,-4100.0,0,1,0,0,0,0,0,0,0,0,0,0,0,0,0,0,0,0,0,0,0.0,0.0,0.0,0.0,,2.0
100263,0,Cash loans,F,Y,Y,0,85500.0,319500.0,288000.0,9500.0,Unaccompanied,Working,Secondary / secondary special,Married,House / apartment,0.021319,-21673,-1861,-716.0,-3316,,1,1,0,1,0,0,Cleaning staff,2.0,2,2,SUNDAY,13,0,0,0,0,1,0,Business Entity Type 1,,0.705037,0.995981,0.2663,0.3151,0.2947,0.2394,0.2702,0.2733,0.2222,0.2506,0.2547,0.248,0.2594,0.264,0.2444,0.2804,0.2714,0.2479,0.2662,0.1913,0.3259,0.331,0.3101,0.3153,0.3438,0.3163,0.1925,0.1928,0.1609,0.3652,0.395,0.41,0.2607,0.2719,0.2683,0.2597,0.2503,0.2559,0.276,0.3014,0.2869,0.3343,0.2828,0.3109,,,,,,2.0,0.0,2.0,0.0,-2924.0,0,1,0,0,0,0,0,0,0,0,0,0,0,0,0,0,0,0,0,0,,,0.0,0.0,0.0,2.0
100264,0,Cash loans,F,N,Y,2,189000.0,639000.0,603000.0,24500.0,Family,Commercial associate,Higher education,Married,House / apartment,0.034268,-15739,-7802,-2534.0,-3486,,1,1,0,1,1,0,Drivers,4.0,3,3,FRIDAY,13,0,1,0,0,0,0,Self-employed,0.412631,0.717995,0.634367,0.6048,0.5668,0.5637,0.6047,0.6163,0.6075,0.5661,0.5512,0.4956,0.7322,0.7077,0.6872,0.4196,0.4472,0.4286,0.4681,0.4631,0.4888,0.7426,0.7073,0.7285,0.371,0.3477,0.3905,0.4706,0.5118,0.5242,0.751,0.7677,0.7946,0.6206,0.5786,0.5913,0.4333,0.4818,0.448,0.7201,0.718,0.7528,0.351,0.3433,0.3361,,block of flats,0.4935,,No,2.0,0.0,2.0,0.0,-1718.0,0,1,0,0,0,0,0,0,0,0,0,0,0,0,0,0,0,0,0,0,0.0,,,0.0,,
100265,0,Revolving loans,F,Y,Y,2,189000.0,360000.0,319500.0,9500.0,Family,Commercial associate,Secondary / secondary special,Married,House / apartment,0.00718,-8877,-2302,-1012.0,-3952,,1,1,0,1,0,0,Sales staff,4.0,2,2,THURSDAY,9,0,0,0,0,0,0,XNA,,0.709188,0.438702,0.1469,0.1361,0.1539,0.2141,0.2138,0.1732,0.269,0.2626,0.2874,0.235,0.2252,0.2454,0.2029,0.1577,0.191,0.1455,0.1154,0.1098,0.1707,0.1408,0.1388,0.2132,0.2277,0.1988,0.1654,0.146,0.1586,0.2041,0.1979,0.1641,0.119,0.0938,0.1095,0.2358,0.2106,0.2396,0.2215,0.1866,0.2122,0.2976,0.2368,0.2593,reg oper account,block of flats,0.2469,Mixed,No,2.0,1.0,2.0,0.0,-2424.0,0,0,0,0,0,0,0,0,0,0,0,0,0,0,0,0,0,0,0,0,0.0,0.0,0.0,0.0,0.0,1.0
100266,0,Cash loans,M,N,N,0,112500.0,643500.0,562500.0,18500.0,Unaccompanied,Working,Higher education,Civil marriage,House / apartment,0.013928,-14476,-6279,-1480.0,-5994,,1,1,0,1,0,0,Laborers,2.0,2,2,TUESDAY,10,0,0,0,0,0,0,XNA,,0.420072,0.489792,0.0924,0.0758,0.1308,0.064,0.1173,0.1045,0.1093,0.1003,0.0754,0.1271,0.1709,0.1274,0.0182,0.0519,0.0589,0.0923,0.0969,0.1117,0.0791,0.078,0.0782,0.1802,0.1032,0.0915,0.1064,0.1107,0.1612,0.084,0.0823,0.0724,0.0617,0.0726,0.0305,0.1149,0.0705,0.0989,0.0656,0.0747,0.0784,0.0953,0.0834,0.1009,reg oper account,block of flats,,,No,4.0,0.0,4.0,0.0,-551.0,0,1,0,0,0,0,0,0,0,0,0,0,0,0,0,0,0,0,0,0,0.0,1.0,0.0,0.0,,1.0
100267,0,Cash loans,F,N,Y,0,436500.0,1818000.0,1516500.0,87500.0,Unaccompanied,Commercial associate,Secondary / secondary special,Widow,House / apartment,0.015561,-9263,-1424,-72.0,-638,,1,1,0,1,0,0,Core staff,1.0,2,2,MONDAY,14,0,0,0,0,0,0,XNA,0.576296,0.155718,0.492766,0.2586,0.2106,0.1916,0.3584,0.3172,0.3253,0.409,0.408,0.345,0.421,0.4448,0.4089,0.2485,0.1709,0.1673,0.2006,0.2547,0.2558,0.3723,0.3849,0.3285,0.4564,0.472,0.4305,0.2854,0.2424,0.2613,0.4137,0.4286,0.4193,0.3572,0.3465,0.3625,0.3526,0.3088,0.3432,0.3621,0.3126,0.3363,0.4047,0.4847,0.3971,,block of flats,0.293,,No,0.0,0.0,0.0,0.0,-3706.0,0,1,0,0,0,0,0,0,0,0,0,0,0,0,0,0,0,0,0,0,0.0,0.0,0.0,0.0,1.0,2.0
100268,0,Cash loans,M,N,N,0,99000.0,553500.0,490500.0,23000.0,Unaccompanied,Commercial associate,Secondary / secondary special,Married,House / apartment,0.020734,-20510,-5351,-1998.0,-1657,,1,1,1,1,0,0,Laborers,2.0,1,1,FRIDAY,5,0,0,0,0,0,0,Other,,0.402251,0.273124,0.2803,0.2816,0.2772,0.5088,0.5021,0.4966,0.4904,0.5049,0.4797,0.6212,0.5816,0.5857,0.2851,0.3018,0.2892,0.6441,0.6569,0.6315,0.3749,0.3865,0.4094,0.5628,0.5397,0.5265,0.4169,0.4498,0.4133,0.399,0.3944,0.3556,0.3922,0.4355,0.3984,0.6067,0.6514,0.6129,0.503,0.4735,0.4722,0.4094,0.4588,0.4808,,block of flats,,,No,2.0,0.0,2.0,0.0,-193.0,0,0,0,0,0,0,0,0,0,0,0,0,0,0,0,0,0,0,0,0,0.0,0.0,0.0,0.0,0.0,3.0
100269,0,Cash loans,F,N,Y,1,139500.0,292500.0,243000.0,7500.0,Unaccompanied,Working,Secondary / secondary special,Married,House / apartment,0.019121,-11636,-2283,-710.0,-2505,,1,1,1,1,0,0,Laborers,3.0,2,2,THURSDAY,15,0,0,0,0,0,0,Self-employed,,0.577961,0.360322,0.2527,0.2134,0.2272,0.1354,0.14,0.1023,0.3109,0.2506,0.2558,0.2489,0.2559,0.2358,0.1409,0.1627,0.1758,0.3053,0.2795,0.2459,0.1011,0.173,0.1334,0.1879,0.2121,0.2095,0.1786,0.1903,0.2237,0.1374,0.1427,0.1713,0.2954,0.3039,0.2842,0.2728,0.3198,0.2799,0.2543,0.2179,0.2374,0.3156,0.2634,0.3017,,,0.2422,,No,0.0,0.0,0.0,0.0,-1861.0,0,1,0,0,0,0,0,0,0,0,0,0,0,0,0,0,0,0,0,0,0.0,0.0,0.0,0.0,0.0,0.0
100270,0,Cash loans,F,N,N,0,207000.0,981000.0,931500.0,26500.0,Unaccompanied,Working,Higher education,Civil marriage,House / apartment,0.025012,-10480,-3906,-1871.0,-428,,1,1,0,1,0,0,Core staff,2.0,2,2,FRIDAY,12,0,0,0,0,1,0,Self-employed,,0.373305,0.453,0.1854,0.1724,0.1926,0.1429,0.1654,0.1701,0.1815,0.1536,0.1386,0.1083,0.1117,0.1073,0.0935,0.1217,0.0928,0.1778,0.2193,0.2191,0.1634,0.1874,0.191,0.1084,0.1427,0.1346,0.2123,0.2349,0.1919,0.2224,0.2261,0.1904,0.0987,0.132,0.077,0.1737,0.1639,0.1443,0.127,0.1705,0.1156,0.1761,0.1759,0.2012,reg oper account,,0.2095,,Yes,1.0,2.0,1.0,0.0,-1782.0,0,1,0,0,0,0,0,0,0,0,0,0,0,0,0,0,0,0,0,0,0.0,,,1.0,1.0,5.0
100271,0,Cash loans,M,N,Y,0,238500.0,1039500.0,891000.0,66000.0,Unaccompanied,Working,Secondary / secondary special,Married,Rented apartment,0.017417,-14958,-4732,-1427.0,-4911,,1,1,1,1,1,0,,2.0,3,3,FRIDAY,14,0,0,0,0,0,1,Medicine,,0.996429,0.475111,0.7181,0.7205,0.6983,0.5973,0.5978,0.5868,0.6838,0.6976,0.6578,0.446,0.4526,0.4062,0.736,0.7177,0.7358,0.3995,0.4247,0.3943,0.4395,0.4402,0.4434,0.654,0.6532,0.6544,0.628,0.6235,0.6699,0.6253,0.6189,0.6519,0.7259,0.7348,0.7431,0.473,0.4873,0.452,0.6891,0.6694,0.6639,0.6733,0.6867,0.6554,,block of flats,0.5919,Panel,,2.0,0.0,2.0,0.0,-1851.0,0,1,0,0,0,0,0,0,0,0,0,0,0,0,0,0,0,0,0,0,0.0,0.0,0.0,0.0,1.0,0.0
100272,0,Cash loans,F,N,N,1,297000.0,1251000.0,1008000.0,68500.0,Unaccompanied,Pensioner,Secondary / secondary special,Married,House / apartment,0.043789,-24596,365243,-7485.0,-2327,,1,0,0,1,0,0,,3.0,2,2,SATURDAY,15,0,0,0,0,0,0,Business Entity Type 3,,0.638249,0.798646,0.4552,0.4595,0.4605,0.6029,0.5749,0.5623,0.6651,0.6445,0.6131,0.4698,0.461,0.4442,0.7721,0.8185,0.7762,0.6499,0.6421,0.6365,0.738,0.7104,0.7381,0.6853,0.6629,0.702,0.7016,0.7031,0.6912,0.8521,0.8271,0.8084,0.492,0.532,0.5179,0.6636,0.6886,0.6595,0.7537,0.7575,0.7357,0.702,0.6977,0.6306,,block of flats,0.8273,Panel,No,0.0,0.0,0.0,0.0,-3710.0,0,0,0,0,1,0,0,0,0,0,0,0,0,0,0,0,0,0,0,0,0.0,0.0,0.0,0.0,0.0,1.0
100273,0,Cash loans,F,N,Y,0,184500.0,495000.0,409500.0,23500.0,Unaccompanied,Commercial associate,Higher education,Separated,With parents,0.053361,-14940,-1934,-2911.0,-1000,,1,1,1,1,0,0,Medicine staff,2.0,2,2,MONDAY,23,0,0,0,1,0,0,Business Entity Type 1,,0.66948,0.595589,0.6552,0.6847,0.6596,0.563,0.5353,0.5643,0.6435,0.6288,0.6357,0.5099,0.4504,0.4954,0.5105,0.4809,0.497,0.3678,0.3015,0.3544,0.608,0.6001,0.5951,0.5347,0.5769,0.5524,0.6959,0.7041,0.6703,0.4957,0.4957,0.4957,0.5423,0.5195,0.5379,0.5123,0.5086,0.5197,0.5885,0.5954,0.5971,0.4558,0.3934,0.4615,,,0.4549,,No,2.0,0.0,2.0,0.0,-2730.0,0,1,0,0,0,0,0,0,0,0,0,0,0,0,0,0,0,0,0,0,0.0,0.0,,,0.0,1.0
100274,0,Cash loans,M,N,Y,0,261000.0,1957500.0,1737000.0,54000.0,"Spouse, partner",Working,Higher education,Married,House / apartment,0.00935,-8215,-1640,-258.0,-3108,,1,1,0,1,0,0,,1.0,1,1,FRIDAY,17,0,0,0,0,0,0,Business Entity Type 3,0.343907,0.589852,0.464849,0.2419,0.2424,0.2272,0.1212,0.1312,0.112,0.1846,0.203,0.2104,0.1297,0.1445,0.1434,0.178,0.205,0.197,0.175,0.145,0.1417,0.2456,0.2763,0.2072,0.2394,0.2745,0.1902,0.255,0.2463,0.2454,0.2859,0.2672,0.2666,0.213,0.2259,0.1867,0.2204,0.23,0.2665,0.2513,0.2415,0.2761,0.2111,0.1966,0.2015,reg oper account,,0.1226,,No,1.0,0.0,1.0,0.0,-2751.0,0,1,0,0,0,0,0,0,0,0,0,0,0,0,0,0,0,0,0,0,0.0,0.0,0.0,1.0,1.0,3.0
100275,0,Cash loans,F,Y,Y,0,103500.0,1246500.0,1201500.0,33000.0,Family,Working,Higher education,Married,House / apartment,0.01923,-18253,-5497,-7682.0,-1151,18.0,1,1,0,1,0,0,,2.0,2,2,WEDNESDAY,8,0,0,0,0,0,0,Business Entity Type 3,,0.682009,0.521611,0.4141,0.4255,0.43,0.4643,0.4494,0.4519,0.2676,0.2489,0.2877,0.33,0.3313,0.3309,0.3136,0.3342,0.2853,0.5349,0.5378,0.5456,0.4963,0.4867,0.4816,0.4734,0.4124,0.442,0.2238,0.2003,0.211,0.2649,0.2868,0.3186,0.4339,0.43,0.4166,0.2676,0.2586,0.2634,0.3525,0.3852,0.3792,0.5317,0.5047,0.4565,,block of flats,0.4339,,No,0.0,0.0,0.0,0.0,-2317.0,0,1,0,0,0,0,0,0,0,0,0,0,0,0,0,0,0,0,0,0,0.0,0.0,0.0,0.0,0.0,3.0
100276,0,Cash loans,F,N,N,0,243000.0,513000.0,432000.0,15000.0,Unaccompanied,Working,Higher education,Married,House / apartment,0.03067,-8156,-1582,-901.0,-2323,,1,1,0,1,1,0,,1.0,3,3,THURSDAY,19,0,0,0,0,0,0,Business Entity Type 3,,0.466972,0.581035,0.1118,0.1453,0.136,0.2583,0.2035,0.2378,0.2022,0.1711,0.1841,0.1634,0.16,0.123,0.1775,0.1545,0.169,0.1739,0.1468,0.1424,0.1661,0.2034,0.2031,0.135,0.1491,0.1265,0.2406,0.2497,0.2397,0.1121,0.124,0.1238,0.0999,0.1123,0.1114,0.1695,0.1858,0.1562,0.109,0.1022,0.1057,0.1015,0.1345,0.1193,,block of flats,0.0963,"Stone, brick",No,1.0,0.0,1.0,1.0,-3996.0,0,1,0,0,0,0,0,0,0,0,0,0,0,0,0,0,0,0,0,0,0.0,0.0,0.0,0.0,0.0,1.0
100277,0,Cash loans,M,N,Y,0,243000.0,1408500.0,1174500.0,77000.0,Unaccompanied,Working,Secondary / secondary special,Married,House / apartment,0.026881,-16279,-1999,-5661.0,-3866,,1,1,0,1,0,0,,1.0,2,2,THURSDAY,3,0,0,0,0,0,0,XNA,,0.559759,0.381218,0.3779,0.3539,0.3881,0.2184,0.1865,0.1976,0.3685,0.3515,0.3401,0.3401,0.3306,0.3102,0.3922,0.3753,0.3502,0.3381,0.3295,0.3598,0.1971,0.1938,0.1988,0.3323,0.3177,0.28,0.4012,0.3768,0.3585,0.3216,0.3501,0.3614,0.22,0.2379,0.2135,0.3543,0.4042,0.3818,0.2637,0.317,0.2931,0.1847,0.1589,0.1934,,,,Panel,,0.0,0.0,0.0,0.0,-2367.0,0,1,0,0,0,0,0,0,0,0,0,0,0,0,0,0,0,0,0,0,0.0,0.0,0.0,0.0,0.0,2.0
100278,0,Cash loans,F,Y,Y,0,337500.0,270000.0,234000.0,7500.0,Unaccompanied,Working,Higher education,Married,House / apartment,0.014522,-16458,-8398,-3069.0,-1916,,1,1,1,1,0,0,Laborers,1.0,2,1,MONDAY,11,0,0,0,0,1,0,Industry: type 3,,0.481707,0.363102,0.3674,0.3448,0.3519,0.2913,0.2721,0.2631,0.3202,0.3383,0.3445,0.356,0.3885,0.355,0.3896,0.358,0.3463,0.3133,0.3393,0.342,0.3136,0.2934,0.2684,0.4511,0.411,0.4301,0.4187,0.4155,0.4148,0.3859,0.4413,0.415,0.3321,0.3045,0.3107,0.3669,0.4178,0.3939,0.4078,0.4258,0.4098,0.2856,0.2746,0.2716,reg oper account,,0.4487,Panel,No,2.0,0.0,2.0,0.0,-2210.0,0,0,0,0,0,0,0,0,0,0,0,0,0,0,0,0,0,0,0,0,0.0,,0.0,,0.0,3.0
100279,0,Cash loans,F,N,N,0,58500.0,328500.0,319500.0,30000.0,Unaccompanied,Working,Secondary / secondary special,Married,House / apartment,0.021901,-10641,-933,-814.0,-4996,,1,1,0,1,1,1,,2.0,1,1,TUESDAY,13,0,0,0,0,0,0,Trade: type 7,,0.513144,0.445372,0.1081,0.1283,0.1521,0.215,0.2625,0.2238,0.1793,0.1907,0.1431,0.2456,0.2316,0.2179,0.2153,0.1877,0.1828,0.1711,0.1398,0.1687,0.2044,0.1857,0.2285,0.2088,0.219,0.1985,0.157,0.1234,0.1707,0.2278,0.21,0.2132,0.1902,0.2003,0.1802,0.2145,0.2545,0.213,0.2262,0.1964,0.1988,0.171,0.1802,0.2003,,,,,No,3.0,1.0,3.0,0.0,-3187.0,0,1,0,0,0,0,0,0,0,0,0,0,0,0,0,0,0,0,0,0,0.0,0.0,0.0,0.0,0.0,0.0
100280,0,Cash loans,F,N,Y,2,90000.0,126000.0,121500.0,5500.0,Unaccompanied,Working,Higher education,Single / not married,House / apartment,0.007006,-14032,-404,-3571.0,-1543,,1,1,0,1,0,0,Managers,3.0,2,2,MONDAY,11,0,0,0,1,0,0,Self-employed,,0.437359,0.851822,0.1734,0.1795,0.1699,0.133,0.1,0.1147,0.0919,0.1364,0.1354,0.1083,0.0849,0.0942,0.1684,0.1852,0.1911,0.1918,0.2015,0.1828,0.1204,0.1143,0.1215,0.1105,0.1136,0.1292,0.1296,0.0941,0.0707,0.213,0.1983,0.1866,0.167,0.1762,0.164,0.2253,0.2382,0.1978,0.1719,0.1571,0.123,0.1222,0.1357,0.1291,,block of flats,0.2549,Panel,,1.0,0.0,1.0,0.0,-3942.0,0,1,0,0,0,0,0,0,0,0,0,0,0,0,0,0,0,0,0,0,0.0,0.0,0.0,1.0,,3.0
100281,0,Cash loans,F,Y,N,0,229500.0,670500.0,544500.0,,Unaccompanied,Commercial associate,Secondary / secondary special,Married,House / apartment,0.018479,-7758,-1184,-1121.0,-689,20.0,1,1,1,1,0,0,,2.0,2,2,WEDNESDAY,13,0,0,0,1,0,1,XNA,,0.524689,0.475702,0.29,0.309,0.2745,0.2257,0.2492,0.228,0.2332,0.2238,0.2621,0.3533,0.369,0.3493,0.2658,0.2183,0.268,0.3996,0.3852,0.3934,0.2621,0.2637,0.2631,0.3678,0.3902,0.4246,0.366,0.3573,0.2827,0.4474,0.4678,0.4417,0.3878,0.4413,0.4071,0.2004,0.2631,0.2303,0.4026,0.4441,0.4608,0.2731,0.2571,0.284,reg oper account,block of flats,0.2013,Panel,No,3.0,0.0,3.0,0.0,-570.0,0,1,0,0,0,0,1,0,0,0,0,0,0,0,0,0,0,0,0,0,0.0,0.0,0.0,0.0,0.0,5.0
100282,0,Cash loans,F,Y,Y,2,36000.0,67500.0,63000.0,2500.0,Unaccompanied,Commercial associate,Secondary / secondary special,Widow,House / apartment,0.007562,-11711,-5136,-1598.0,-2564,2.0,1,1,0,1,0,0,Accountants,4.0,1,1,MONDAY,12,0,0,0,0,1,1,Business Entity Type 3,,0.197581,0.292595,0.6406,0.699,0.6493,0.6064,0.5887,0.6073,0.3505,0.3276,0.3528,0.2558,0.3033,0.298,0.3617,0.3502,0.3482,0.5805,0.5995,0.5831,0.5872,0.5787,0.6078,0.3297,0.337,0.3177,0.5568,0.5558,0.566,0.5692,0.5362,0.5337,0.5098,0.4563,0.4612,0.5742,0.5952,0.56,0.5658,0.5781,0.6027,0.5279,0.5072,0.5186,reg oper account,block of flats,,,,3.0,0.0,3.0,0.0,-182.0,0,1,0,0,1,0,0,0,0,0,0,0,0,0,0,0,0,0,0,0,0.0,,0.0,0.0,0.0,3.0
100283,0,Cash loans,M,Y,Y,0,193500.0,670500.0,630000.0,25000.0,Unaccompanied,Working,Secondary / secondary special,Married,House / apartment,0.025622,-16493,-607,-5609.0,-1147,17.0,1,1,0,1,1,0,Laborers,2.0,2,2,TUESDAY,16,0,0,1,0,0,0,Self-employed,,0.355436,0.375815,0.8077,0.8287,0.7685,0.5391,0.5053,0.4963,0.5641,0.5622,0.5233,0.5169,0.5438,0.5195,0.6576,0.6476,0.6623,0.8416,0.8146,0.7997,0.5865,0.621,0.6105,0.5621,0.5805,0.5635,0.7713,0.7572,0.7262,0.3796,0.4105,0.3964,0.4529,0.4248,0.4807,0.4136,0.4006,0.3787,0.6753,0.6862,0.7135,0.5096,0.5239,0.5521,reg oper account,block of flats,0.356,Panel,,1.0,1.0,1.0,0.0,-3378.0,0,1,0,0,0,0,1,0,0,0,0,0,0,0,0,0,0,0,0,0,,0.0,,0.0,,3.0
100284,0,Cash loans,F,N,Y,1,265500.0,1642500.0,1534500.0,98000.0,Unaccompanied,Commercial associate,Higher education,Married,House / apartment,0.009362,-11718,-414,-1643.0,-4135,,1,1,1,1,0,0,,3.0,2,2,MONDAY,10,0,0,0,0,1,1,XNA,,0.517374,0.563788,0.2336,0.2142,0.2121,0.1823,0.1953,0.1722,0.2287,0.2292,0.2065,0.1185,0.1041,0.1441,0.2329,0.2333,0.2123,0.1712,0.2313,0.2281,0.1317,0.2165,0.1245,0.2807,0.3111,0.2874,0.1407,0.127,0.1536,0.2717,0.2434,0.2439,0.2268,0.2368,0.2251,0.2057,0.175,0.147,0.1245,0.1138,0.1503,0.1922,0.1346,0.1548,,block of flats,,"Stone, brick",,2.0,0.0,2.0,0.0,-3557.0,0,0,0,0,0,0,0,0,0,0,0,0,0,0,0,0,0,0,0,0,0.0,0.0,0.0,1.0,1.0,5.0
100285,0,Cash loans,M,Y,Y,0,108000.0,153000.0,135000.0,9500.0,"Spouse, partner",Working,Secondary / secondary special,Married,House / apartment,0.020689,-8349,-322,-1613.0,-3143,,1,1,0,1,0,0,,1.0,1,1,MONDAY,12,0,0,0,1,0,1,Business Entity Type 3,0.404315,0.650616,0.399189,0.2059,0.1559,0.1729,0.2251,0.1753,0.1773,0.267,0.3297,0.2671,0.2766,0.2392,0.2902,0.1692,0.1726,0.1672,0.1617,0.1734,0.149,0.2296,0.2065,0.24,0.2674,0.2401,0.2493,0.2157,0.187,0.2102,0.1473,0.1524,0.1485,0.1592,0.1437,0.1386,0.2014,0.1874,0.2301,0.1389,0.1337,0.1545,0.1804,0.2288,0.185,,,0.1851,Panel,No,1.0,1.0,1.0,0.0,-2877.0,0,1,0,0,0,0,0,0,0,0,0,0,0,0,0,0,0,0,0,0,0.0,0.0,0.0,0.0,,3.0
100286,0,Cash loans,F,N,Y,1,117000.0,373500.0,346500.0,11000.0,Unaccompanied,Working,Higher education,Married,House / apartment,0.022792,-17275,-3757,-1665.0,-893,,1,1,0,0,0,0,,3.0,2,2,TUESDAY,18,0,0,0,0,1,0,Kindergarten,,0.40791,0.465979,0.3238,0.3412,0.3178,0.4614,0.4191,0.4144,0.2913,0.2802,0.2514,0.2383,0.2746,0.2632,0.2888,0.2687,0.2711,0.421,0.4076,0.4093,0.2273,0.2307,0.2016,0.3242,0.2907,0.3825,0.2363,0.2198,0.2489,0.176,0.1916,0.204,0.3785,0.3929,0.4049,0.2967,0.2672,0.3215,0.2582,0.2906,0.2844,0.3239,0.2996,0.3065,reg oper spec account,specific housing,,,,0.0,0.0,0.0,0.0,-3877.0,0,1,0,0,0,0,0,0,0,0,0,0,0,0,0,0,0,0,0,0,,0.0,0.0,0.0,0.0,2.0
100287,0,Cash loans,F,Y,Y,0,81000.0,238500.0,216000.0,19500.0,Unaccompanied,State servant,Secondary / secondary special,Married,House / apartment,0.019601,-18245,-423,-3917.0,-2019,13.0,1,1,0,1,0,0,Sales staff,1.0,2,2,THURSDAY,15,0,0,0,0,0,0,Government,,0.355577,0.61884,0.3993,0.4076,0.4428,0.3263,0.3143,0.2914,0.3645,0.3458,0.3374,0.5585,0.5187,0.551,0.6815,0.6485,0.6447,0.4744,0.5,0.473,0.503,0.4687,0.4948,0.4395,0.3944,0.4305,0.7082,0.7138,0.6616,0.3178,0.3382,0.3213,0.4019,0.4007,0.3862,0.651,0.6717,0.6315,0.4655,0.4741,0.4359,0.3351,0.343,0.351,,,0.4119,,No,3.0,0.0,3.0,0.0,-3275.0,0,1,0,0,0,0,0,0,0,0,0,0,0,0,0,0,0,0,0,0,0.0,0.0,0.0,0.0,0.0,1.0
100288,0,Cash loans,F,Y,Y,0,112500.0,1048500.0,859500.0,42500.0,Unaccompanied,Commercial associate,Secondary / secondary special,Married,House / apartment,0.012638,-19963,-3117,-4985.0,-5193,,1,1,0,1,0,0,Laborers,2.0,2,2,WEDNESDAY,12,0,0,0,0,0,0,Industry: type 9,,0.396621,0.353882,0.2358,0.233,0.2398,0.1744,0.1552,0.2025,0.1978,0.1848,0.194,0.1308,0.1441,0.1177,0.2247,0.152,0.2004,0.2807,0.2801,0.2693,0.1812,0.2121,0.2054,0.162,0.1903,0.1432,0.2312,0.2117,0.1943,0.1408,0.12,0.0857,0.274,0.2934,0.2738,0.1952,0.1934,0.2213,0.2252,0.168,0.2278,0.2049,0.1978,0.1853,,,,"Stone, brick",,1.0,0.0,1.0,0.0,-4082.0,0,0,0,0,0,0,1,0,0,0,0,0,0,0,0,0,0,0,0,0,,0.0,0.0,0.0,0.0,
100289,0,Cash loans,M,Y,N,0,112500.0,558000.0,441000.0,35500.0,Family,Working,Secondary / secondary special,Married,House / apartment,0.016413,-20142,-1297,-8713.0,-4912,22.0,1,1,0,1,1,0,Managers,1.0,2,1,THURSDAY,14,0,0,0,1,0,0,Self-employed,,0.561808,0.705472,0.3884,0.4123,0.3587,0.3524,0.3484,0.3551,0.3902,0.3681,0.3837,0.2216,0.2314,0.2311,0.5174,0.5182,0.4818,0.2262,0.2433,0.2105,0.3547,0.4112,0.3772,0.2636,0.2925,0.3215,0.3087,0.2952,0.357,0.4871,0.4926,0.4947,0.3276,0.3221,0.2996,0.205,0.2355,0.2223,0.4551,0.471,0.4339,0.3744,0.4139,0.4517,,,0.302,"Stone, brick",No,1.0,0.0,1.0,1.0,-32.0,0,1,0,0,0,0,0,0,0,0,0,0,0,0,0,0,0,0,0,0,0.0,0.0,0.0,1.0,0.0,0.0
100290,0,Cash loans,F,N,N,0,99000.0,202500.0,171000.0,10500.0,Unaccompanied,Working,Secondary / secondary special,Married,With parents,0.038892,-14740,-833,-5171.0,-3846,,1,1,0,1,0,1,Laborers,2.0,2,1,SATURDAY,18,0,0,0,0,0,0,Self-employed,0.048587,0.311625,0.261005,0.4066,0.4388,0.4593,0.5729,0.5837,0.5682,0.4552,0.4255,0.4375,0.566,0.5685,0.5479,0.3881,0.3942,0.4012,0.4184,0.447,0.4867,0.3099,0.2482,0.2994,0.4046,0.3817,0.3744,0.5442,0.5123,0.535,0.4845,0.5147,0.4964,0.4497,0.4559,0.4564,0.518,0.5269,0.4774,0.6036,0.6072,0.5882,0.3183,0.3239,0.3264,,,0.6306,,,0.0,0.0,0.0,1.0,-3510.0,0,1,0,0,0,0,0,0,0,0,0,0,0,0,0,0,0,0,0,0,0.0,,0.0,1.0,1.0,2.0
100291,0,Cash loans,F,N,Y,2,99000.0,297000.0,234000.0,16000.0,Unaccompanied,Commercial associate,Secondary / secondary special,Married,House / apartment,0.014372,-13473,-663,-4524.0,-5418,,1,1,0,1,0,0,,4.0,2,2,SATURDAY,8,0,0,0,0,0,1,Self-employed,,0.519553,,0.2445,0.2648,0.2707,0.3775,0.3381,0.3614,0.5524,0.5246,0.5681,0.5846,0.5134,0.5405,0.4438,0.4472,0.4156,0.2824,0.2648,0.2946,0.4448,0.4291,0.43,0.4463,0.4189,0.4168,0.5592,0.6115,0.5788,0.3819,0.4353,0.4332,0.3864,0.404,0.3818,0.4238,0.4071,0.4285,0.4188,0.463,0.4269,0.3086,0.3175,0.307,reg oper account,block of flats,,"Stone, brick",No,1.0,0.0,1.0,0.0,-2400.0,0,0,0,0,0,0,0,0,0,0,0,0,0,0,0,0,0,0,0,0,,0.0,,0.0,0.0,4.0
100292,0,Cash loans,M,Y,Y,5,126000.0,1156500.0,994500.0,37000.0,Unaccompanied,Working,Incomplete higher,Married,House / apartment,0.01895,-16016,-2212,-6114.0,-644,30.0,1,1,0,1,0,0,Laborers,7.0,2,1,THURSDAY,9,0,0,0,0,0,1,Business Entity Type 1,,0.597977,0.697004,0.0552,0.0461,0.0821,0.1082,0.1304,0.1066,0.094,0.0776,0.0797,0.085,0.0913,0.0759,0.1013,0.0747,0.0663,0.1315,0.1072,0.1152,0.0937,0.0749,0.0768,0.0508,0.0521,0.0037,0.1288,0.133,0.143,0.1103,0.0907,0.1159,0.0906,0.0544,0.0895,0.0846,0.0522,0.0554,0.0654,0.1063,0.1045,0.088,0.1311,0.1053,,block of flats,,"Stone, brick",,1.0,0.0,1.0,1.0,-359.0,0,1,0,0,0,0,0,0,0,0,0,0,0,0,0,0,0,0,0,0,0.0,0.0,,0.0,,2.0
100293,0,Revolving loans,F,N,Y,1,126000.0,729000.0,688500.0,31000.0,Unaccompanied,State servant,Secondary / secondary special,Married,House / apartment,0.013241,-18962,-847,-4303.0,-4391,,1,1,0,1,0,0,Medicine staff,3.0,2,2,MONDAY,10,0,0,0,0,0,0,Business Entity Type 3,,0.552804,,0.1747,0.1366,0.1968,0.2613,0.1995,0.1918,0.1137,0.1662,0.1182,0.3171,0.2986,0.3074,0.2961,0.2974,0.273,0.195,0.2212,0.1994,0.2917,0.2719,0.2887,0.1861,0.2133,0.1534,0.1951,0.255,0.2235,0.1152,0.1342,0.1755,0.2881,0.2699,0.3013,0.1375,0.1356,0.1404,0.1453,0.1437,0.1155,0.2347,0.2174,0.1824,,,,Panel,,2.0,0.0,2.0,0.0,-2245.0,0,1,0,0,0,0,0,0,0,0,0,0,0,0,0,0,0,0,0,0,0.0,0.0,0.0,1.0,0.0,2.0
100294,0,Cash loans,F,N,N,0,414000.0,976500.0,927000.0,51500.0,Unaccompanied,Working,Secondary / secondary special,Married,House / apartment,0.035205,-14441,-1791,-582.0,-141,,1,1,0,1,0,0,,1.0,2,2,THURSDAY,13,0,0,0,0,0,0,Business Entity Type 3,0.397266,0.487159,,0.5168,0.4786,0.5083,0.5107,0.4442,0.4998,0.6776,0.6955,0.678,0.3445,0.3455,0.3457,0.6803,0.7202,0.7132,0.6555,0.6599,0.6937,0.6532,0.6296,0.6367,0.7106,0.7079,0.7154,0.3605,0.4215,0.3991,0.7083,0.7194,0.6803,0.711,0.6884,0.686,0.6772,0.6835,0.7176,0.3748,0.3752,0.3573,0.4126,0.3848,0.3709,,,0.3351,,,0.0,0.0,0.0,0.0,-1593.0,0,1,0,0,0,0,0,0,0,0,0,0,0,0,0,0,0,0,0,0,0.0,0.0,1.0,0.0,0.0,0.0
100295,0,Cash loans,M,Y,N,2,117000.0,396000.0,310500.0,11500.0,Family,Working,Secondary / secondary special,Civil marriage,House / apartment,0.019624,-21846,-2689,-12579.0,-3599,,1,1,0,1,0,1,Core staff,3.0,2,2,MONDAY,15,0,0,0,0,1,0,Medicine,0.877859,0.661613,,0.2873,0.3029,0.3227,0.3526,0.3677,0.374,0.2804,0.2863,0.2946,0.2622,0.2578,0.2506,0.198,0.2041,0.184,0.3171,0.3106,0.3187,0.2902,0.2844,0.2149,0.4158,0.3751,0.3919,0.3089,0.2903,0.2354,0.3868,0.391,0.3671,0.2441,0.2641,0.2674,0.2941,0.3053,0.3295,0.2243,0.2129,0.1906,0.2149,0.2416,0.2114,,block of flats,,Panel,No,1.0,0.0,1.0,0.0,-669.0,0,0,0,0,0,0,0,0,0,0,0,0,0,0,0,0,0,0,0,0,0.0,,0.0,0.0,,1.0
100296,0,Cash loans,F,N,Y,1,175500.0,603000.0,477000.0,48000.0,Unaccompanied,Commercial associate,Higher education,Single / not married,House / apartment,0.011645,-16752,-3322,-2109.0,-308,,1,1,0,1,1,0,,3.0,2,2,WEDNESDAY,10,0,0,0,0,0,0,Self-employed,0.570616,0.269576,0.420555,0.4907,0.4668,0.5191,0.4105,0.3988,0.4041,0.2304,0.2293,0.2048,0.377,0.3754,0.3642,0.2943,0.3231,0.2977,0.4681,0.4828,0.4872,0.3973,0.4,0.3851,0.2571,0.2647,0.2573,0.5393,0.5162,0.521,0.5086,0.5392,0.5355,0.3849,0.4083,0.3662,0.3977,0.4216,0.3881,0.2713,0.274,0.3027,0.2464,0.2513,0.2829,reg oper account,,,"Stone, brick",,1.0,0.0,1.0,0.0,-800.0,0,1,0,0,0,0,0,0,0,0,0,0,0,0,0,0,0,0,0,0,0.0,0.0,0.0,2.0,0.0,1.0
100297,0,Revolving loans,F,N,Y,0,108000.0,315000.0,288000.0,9500.0,Unaccompanied,Commercial associate,Secondary / secondary special,Married,House / apartment,0.018783,-12059,-4582,-251.0,-2050,,1,1,0,1,0,0,IT staff,2.0,2,2,TUESDAY,9,0,0,0,0,0,0,Other,,0.555724,0.398859,0.5636,0.5654,0.5818,0.3487,0.3757,0.309,0.4068,0.3802,0.3746,0.5019,0.511,0.5059,0.3789,0.3664,0.4049,0.4015,0.3805,0.3966,0.4956,0.4689,0.506,0.4091,0.4362,0.4085,0.3663,0.3861,0.4328,0.5443,0.5265,0.5369,0.5344,0.5572,0.522,0.5674,0.5529,0.5907,0.3605,0.3532,0.3607,0.5134,0.5415,0.5089,reg oper account,,,,No,5.0,0.0,5.0,0.0,-3961.0,0,0,0,0,1,0,0,0,0,0,0,0,0,0,0,0,0,0,0,0,,0.0,0.0,0.0,0.0,3.0
100298,0,Cash loans,F,N,N,0,108000.0,166500.0,148500.0,9500.0,Unaccompanied,Working,Higher education,Married,House / apartment,0.016104,-18976,-2122,-704.0,-542,,1,1,0,1,0,0,Laborers,1.0,2,2,SATURDAY,8,0,0,0,0,1,0,Business Entity Type 1,,0.504017,0.243044,0.4505,0.4623,0.4759,0.4874,0.4994,0.519,0.378,0.3911,0.4235,0.3458,0.3619,0.3706,0.417,0.4446,0.4751,0.3518,0.3567,0.34,0.4934,0.4894,0.5117,0.5249,0.5074,0.5474,0.4567,0.44,0.4592,0.3636,0.4442,0.3766,0.2769,0.3316,0.3244,0.5769,0.5267,0.5385,0.2797,0.2655,0.2578,0.6079,0.5958,0.5528,,block of flats,,Panel,No,2.0,0.0,2.0,0.0,-556.0,0,0,0,0,0,0,0,0,0,0,0,0,0,0,0,0,0,0,0,0,0.0,,0.0,0.0,0.0,1.0
100299,0,Cash loans,F,N,N,0,58500.0,157500.0,126000.0,4000.0,Unaccompanied,State servant,Secondary / secondary special,Married,House / apartment,0.044342,-9818,-630,-1213.0,-1523,,1,1,1,1,0,0,Laborers,2.0,2,2,TUESDAY,9,0,0,0,0,0,0,Transport: type 4,,0.327931,0.614171,0.2355,0.2686,0.2689,0.3686,0.3182,0.3759,0.5086,0.5235,0.5355,0.3706,0.3715,0.3733,0.2507,0.2444,0.2107,0.5044,0.483,0.5093,0.3575,0.3426,0.367,0.5423,0.5545,0.5198,0.3818,0.3405,0.3334,0.3423,0.3286,0.3063,0.4609,0.4471,0.487,0.3222,0.2825,0.2583,0.3784,0.3881,0.4143,0.3693,0.3751,0.3657,reg oper account,block of flats,0.3858,,,2.0,0.0,2.0,0.0,-2400.0,0,1,0,0,0,0,0,0,0,0,0,0,0,0,0,0,0,0,0,0,0.0,0.0,0.0,0.0,,1.0
100300,0,Cash loans,F,N,Y,0,63000.0,526500.0,,52000.0,Unaccompanied,Pensioner,Higher education,Married,House / apartment,0.018189,-21977,365243,-4664.0,-3861,,1,0,0,1,0,0,Medicine staff,1.0,2,3,MONDAY,10,0,0,0,0,0,0,XNA,,0.304874,0.245606,0.3359,0.3334,0.3472,0.4853,0.4443,0.3858,0.186,0.1635,0.2089,0.2103,0.22,0.2135,0.4844,0.4237,0.4478,0.2098,0.1632,0.1978,0.3476,0.3758,0.344,0.2827,0.2801,0.2539,0.2425,0.2209,0.2158,0.3007,0.2877,0.3191,0.3311,0.3227,0.3179,0.2853,0.2948,0.3166,0.4405,0.458,0.4427,0.4152,0.4143,0.4581,,,,Panel,,4.0,0.0,4.0,0.0,-4097.0,0,1,0,0,0,0,0,0,0,0,0,0,0,0,0,0,0,0,0,0,0.0,0.0,0.0,1.0,,1.0
100301,0,Cash loans,M,N,N,0,76500.0,243000.0,,9000.0,Unaccompanied,Working,Secondary / secondary special,Married,House / apartment,0.007934,-12518,-3469,-3349.0,-4692,,1,1,0,1,0,0,,1.0,2,2,TUESDAY,5,0,0,0,0,0,0,Medicine,,0.395399,,0.3944,0.3519,0.3731,0.3961,0.3549,0.3742,0.3697,0.3431,0.3753,0.3664,0.3953,0.4085,0.3446,0.319,0.3243,0.2025,0.2204,0.192,0.3454,0.3332,0.3245,0.4018,0.3671,0.3674,0.1358,0.142,0.1975,0.393,0.3854,0.3794,0.3753,0.3863,0.3739,0.2597,0.2671,0.2337,0.2903,0.2683,0.2642,0.3748,0.4176,0.402,reg oper account,block of flats,0.4011,"Stone, brick",,1.0,0.0,1.0,0.0,-3935.0,0,0,0,0,0,0,0,0,0,0,0,0,0,0,0,0,0,0,0,0,0.0,0.0,0.0,1.0,1.0,2.0
100302,0,Cash loans,F,Y,Y,1,162000.0,598500.0,477000.0,21000.0,Family,Working,Higher education,Married,House / apartment,0.025474,-17429,-1501,-5459.0,-5645,15.0,1,1,0,1,0,0,HR staff,3.0,3,3,TUESDAY,10,0,0,0,0,0,0,Self-employed,,0.738523,0.432817,0.3811,0.38,0.3871,0.4104,0.3904,0.3912,0.2745,0.2401,0.2483,0.3259,0.2536,0.3112,0.3986,0.4305,0.4126,0.3075,0.2762,0.2827,0.3581,0.3653,0.3876,0.3891,0.4078,0.4265,0.5049,0.5118,0.5343,0.4452,0.4199,0.3802,0.2399,0.2811,0.2512,0.3547,0.366,0.3819,0.4754,0.5118,0.4816,0.5335,0.5222,0.5317,,,,,No,0.0,0.0,0.0,0.0,-4134.0,0,0,0,0,0,0,0,0,0,0,0,0,0,0,0,0,0,0,0,0,0.0,0.0,0.0,,0.0,1.0
100303,0,Cash loans,M,Y,Y,0,265500.0,1120500.0,1044000.0,41000.0,Unaccompanied,Working,Higher education,Widow,House / apartment,0.056594,-16578,-1350,-440.0,-5929,27.0,1,1,0,1,1,0,Drivers,1.0,3,2,WEDNESDAY,9,0,0,0,0,0,0,Self-employed,0.488451,0.28533,0.459941,0.3307,0.3133,0.3302,0.2496,0.2457,0.2432,0.3655,0.3879,0.3432,0.1744,0.1986,0.2117,0.3934,0.3617,0.387,0.3768,0.3965,0.3917,0.2678,0.2406,0.2462,0.4066,0.3919,0.3941,0.2218,0.2365,0.2243,0.2763,0.2642,0.3006,0.4713,0.4307,0.4668,0.365,0.3183,0.3189,0.455,0.4403,0.4398,0.329,0.2928,0.2889,,,,"Stone, brick",No,0.0,0.0,0.0,0.0,-2219.0,0,1,0,0,0,0,0,0,0,0,0,0,0,0,0,0,0,0,0,0,0.0,0.0,0.0,1.0,1.0,
100304,0,Cash loans,M,N,N,0,54000.0,715500.0,643500.0,21000.0,Family,Commercial associate,Higher education,Civil marriage,Co-op apartment,0.039276,-9036,-2462,-450.0,-799,,1,1,0,1,0,0,Drivers,2.0,2,2,MONDAY,12,0,0,1,0,1,1,Trade: type 7,0.660414,0.387833,0.707026,0.4144,0.4374,0.4194,0.5138,0.5286,0.5161,0.4531,0.5228,0.5088,0.511,0.4948,0.4905,0.5861,0.6101,0.6034,0.6229,0.6478,0.6295,0.5336,0.535,0.5275,0.492,0.5357,0.5398,0.8083,0.8516,0.8101,0.5814,0.5964,0.5919,0.8694,0.8463,0.8395,0.555,0.5089,0.5212,0.5049,0.4866,0.4692,0.656,0.6339,0.6537,,block of flats,0.9715,"Stone, brick",No,2.0,0.0,2.0,0.0,-1445.0,0,1,0,0,0,0,0,0,0,0,0,0,0,0,0,0,0,0,0,0,0.0,0.0,0.0,0.0,1.0,2.0
100305,0,Cash loans,F,N,Y,0,108000.0,423000.0,364500.0,31500.0,Children,Commercial associate,Secondary / secondary special,Married,House / apartment,0.009438,-17950,-494,-9762.0,-5517,,1,1,0,1,0,0,Managers,1.0,2,2,THURSDAY,18,0,0,0,1,1,0,XNA,0.455714,0.534366,0.506488,0.3722,0.3439,0.3585,0.5106,0.5066,0.5196,0.3377,0.3144,0.3515,0.3216,0.3247,0.3129,0.4868,0.4632,0.495,0.53,0.5232,0.567,0.2256,0.2699,0.2356,0.4435,0.4794,0.4437,0.5431,0.528,0.5282,0.3965,0.3757,0.388,0.5375,0.5009,0.5257,0.3939,0.441,0.4189,0.3344,0.3441,0.3168,0.5184,0.505,0.4485,,block of flats,0.5226,,,1.0,0.0,1.0,0.0,-2159.0,0,1,0,0,0,0,1,0,0,0,0,0,0,0,0,0,0,0,0,0,0.0,,0.0,0.0,0.0,3.0
100306,1,Cash loans,M,Y,Y,1,67500.0,481500.0,441000.0,21500.0,Unaccompanied,Working,Higher education,Married,House / apartment,0.01583,-12112,-2949,-3821.0,-1705,,1,1,0,1,0,0,Laborers,3.0,2,2,SATURDAY,7,0,0,0,0,0,0,Business Entity Type 3,0.366954,0.319366,0.169984,0.5929,0.5794,0.5898,0.4498,0.4209,0.4815,0.7336,0.716,0.6666,0.3365,0.3535,0.3547,0.4342,0.4374,0.4357,0.4754,0.4953,0.482,0.6315,0.6527,0.6462,0.4741,0.4581,0.4557,0.7082,0.7465,0.7027,0.4578,0.449,0.4909,0.5414,0.5642,0.5493,0.3501,0.3144,0.3463,0.755,0.6686,0.7255,0.4603,0.4785,0.4923,,,,,No,2.0,0.0,2.0,0.0,-432.0,0,0,0,0,0,0,0,0,0,0,0,0,0,0,0,0,0,0,0,0,0.0,,0.0,1.0,1.0,4.0
100307,0,Cash loans,M,Y,N,2,126000.0,355500.0,342000.0,10000.0,Unaccompanied,State servant,Secondary / secondary special,Married,House / apartment,0.018348,-13100,-5123,-5378.0,-5306,,1,1,1,1,0,0,Cooking staff,4.0,3,3,FRIDAY,15,0,0,0,0,1,0,Medicine,0.010759,0.227538,0.273462,0.2445,0.2116,0.192,0.1603,0.1476,0.1566,0.1794,0.2019,0.1857,0.1528,0.1203,0.1599,0.117,0.1306,0.0947,0.216,0.194,0.2142,0.1075,0.1625,0.1291,0.2107,0.1991,0.1704,0.1552,0.1336,0.1685,0.1116,0.1009,0.1063,0.0946,0.08,0.1055,0.2299,0.2064,0.2318,0.1334,0.1104,0.1545,0.1899,0.1935,0.2276,,block of flats,,Panel,,1.0,1.0,1.0,0.0,-695.0,0,0,0,0,0,0,0,0,0,0,0,0,0,0,0,0,0,0,0,0,0.0,0.0,0.0,0.0,0.0,2.0
100308,0,Cash loans,M,Y,N,1,265500.0,900000.0,706500.0,24500.0,Group of people,Working,Secondary / secondary special,Married,Municipal apartment,0.018486,-9045,-1280,-12.0,-5195,32.0,1,1,0,1,1,0,Core staff,2.0,2,1,FRIDAY,18,0,0,0,0,1,0,XNA,0.7071,0.515156,0.66663,0.2334,0.198,0.2658,0.2428,0.2896,0.2637,0.2095,0.2359,0.2576,0.1685,0.1214,0.1461,0.2717,0.2742,0.2555,0.1901,0.1538,0.211,0.1528,0.1625,0.1606,0.2635,0.3077,0.2858,0.188,0.1817,0.1895,0.1799,0.1712,0.193,0.1139,0.16,0.1344,0.2859,0.2562,0.2592,0.1565,0.1895,0.1638,0.1523,0.2008,0.1677,,block of flats,0.1753,Block,,2.0,0.0,2.0,0.0,-2868.0,0,1,0,0,0,0,0,0,0,0,0,0,0,0,0,0,0,0,0,0,0.0,0.0,1.0,0.0,2.0,2.0
100309,0,Cash loans,F,N,Y,0,117000.0,459000.0,414000.0,18500.0,Unaccompanied,Pensioner,Secondary / secondary special,Married,House / apartment,0.023682,-24590,365243,-15842.0,-5514,,1,0,1,1,0,0,,2.0,2,2,THURSDAY,15,0,0,0,0,0,0,XNA,,0.578677,0.603638,0.352,0.3418,0.3519,0.1535,0.1829,0.1745,0.2044,0.1884,0.1859,0.2098,0.1923,0.2009,0.2105,0.245,0.2228,0.275,0.2522,0.2452,0.2624,0.248,0.2305,0.3299,0.2953,0.2853,0.303,0.3377,0.3384,0.2066,0.256,0.205,0.2712,0.2787,0.3054,0.2042,0.2331,0.1954,0.182,0.2235,0.1952,0.2649,0.2676,0.3255,reg oper account,block of flats,,,No,3.0,1.0,3.0,0.0,-3582.0,0,1,0,0,0,0,0,0,0,0,0,0,0,0,0,0,0,0,0,0,0.0,0.0,0.0,,0.0,1.0
100310,0,Cash loans,F,Y,Y,0,144000.0,369000.0,306000.0,14000.0,Unaccompanied,Pensioner,Secondary / secondary special,Married,House / apartment,0.015107,-22494,365243,-12916.0,-3034,,1,0,1,1,0,0,Laborers,2.0,1,1,WEDNESDAY,13,0,0,0,0,0,1,Business Entity Type 3,0.447637,0.730902,0.63136,0.2809,0.3028,0.2907,0.2273,0.2313,0.2235,0.1743,0.2489,0.1682,0.1875,0.1666,0.1625,0.286,0.246,0.3199,0.2591,0.2185,0.1935,0.1708,0.1742,0.1155,0.1729,0.0983,0.1673,0.2484,0.2651,0.2578,0.1952,0.2142,0.2348,0.1636,0.2167,0.228,0.1487,0.133,0.1417,0.2518,0.3175,0.2354,0.1934,0.2164,0.2044,org spec account,block of flats,,,No,1.0,0.0,1.0,0.0,-3881.0,0,1,0,0,0,0,0,0,0,0,0,0,0,0,0,0,0,0,0,0,0.0,0.0,,,,3.0
100311,0,Cash loans,F,N,N,0,328500.0,1147500.0,1003500.0,35000.0,Family,Working,Secondary / secondary special,Married,House / apartment,0.0106,-9583,-1800,-992.0,-4502,,1,1,0,1,1,0,Sales staff,2.0,3,3,SATURDAY,16,0,0,0,0,0,0,Industry: type 3,,0.494699,,0.4584,0.472,0.4534,0.478,0.4747,0.463,0.3102,0.3162,0.3066,0.2516,0.2098,0.2624,0.4154,0.4376,0.3982,0.463,0.4928,0.5181,0.53,0.526,0.5628,0.599,0.5813,0.5717,0.3219,0.2941,0.3236,0.4365,0.4786,0.4726,0.2715,0.2621,0.2762,0.5051,0.51,0.5007,0.3169,0.3393,0.3883,0.4488,0.4168,0.4231,org spec account,,,,No,1.0,1.0,1.0,0.0,-2471.0,0,1,0,0,0,0,0,0,0,0,0,0,0,0,0,0,0,0,0,0,0.0,0.0,0.0,1.0,0.0,1.0
100312,0,Cash loans,F,N,Y,0,189000.0,1201500.0,1039500.0,36000.0,Unaccompanied,Working,Secondary / secondary special,Married,House / apartment,0.033739,-19246,-4425,-7290.0,-2562,,1,1,0,1,0,0,Sales staff,2.0,3,3,MONDAY,14,0,0,0,0,0,0,Kindergarten,0.314496,0.462805,0.932998,0.4822,0.4641,0.4917,0.5102,0.479,0.478,0.6019,0.6251,0.6504,0.3223,0.3442,0.3378,0.3093,0.3226,0.3421,0.5688,0.5324,0.5834,0.3586,0.3488,0.3824,0.3637,0.3826,0.4006,0.3479,0.3131,0.3146,0.5799,0.5778,0.54,0.5641,0.4636,0.506,0.4452,0.4281,0.4736,0.5328,0.5135,0.5524,0.5085,0.5009,0.4965,,,0.3211,"Stone, brick",,1.0,0.0,1.0,0.0,-1991.0,0,1,0,0,0,0,0,0,0,0,0,0,0,0,0,0,0,0,0,0,0.0,0.0,0.0,0.0,0.0,
100313,0,Cash loans,F,Y,N,0,99000.0,247500.0,211500.0,7000.0,Unaccompanied,Working,Secondary / secondary special,Single / not married,House / apartment,0.009318,-20462,-1476,-2245.0,-467,,1,1,0,1,0,0,Laborers,2.0,2,2,FRIDAY,16,0,0,0,0,0,1,Business Entity Type 2,0.505754,0.63716,,0.5819,0.5548,0.59,0.6125,0.5801,0.5761,0.6758,0.6808,0.7266,0.7075,0.7437,0.7539,0.4688,0.4741,0.4688,0.5687,0.5915,0.5406,0.4239,0.4338,0.4458,0.6546,0.591,0.6161,0.4424,0.445,0.445,0.6324,0.592,0.5849,0.6359,0.6111,0.622,0.7762,0.7918,0.8234,0.5015,0.5088,0.5401,0.6026,0.6446,0.655,reg oper account,,0.6508,,,0.0,0.0,0.0,0.0,-2119.0,0,1,0,0,0,0,0,0,0,0,0,0,0,0,0,0,0,0,0,0,0.0,0.0,0.0,0.0,0.0,2.0
100314,0,Cash loans,F,N,Y,0,162000.0,630000.0,517500.0,18000.0,Unaccompanied,Pensioner,Secondary / secondary special,Married,House / apartment,0.011373,-21277,365243,-8196.0,-2839,,1,0,0,1,1,0,Sales staff,1.0,2,3,TUESDAY,12,0,0,0,0,0,0,Self-employed,,0.52676,0.725897,0.3153,0.3192,0.3218,0.1809,0.216,0.221,0.2545,0.2919,0.2927,0.3126,0.2767,0.324,0.2411,0.234,0.1784,0.2682,0.2751,0.2749,0.3059,0.3323,0.29,0.174,0.1669,0.1704,0.2134,0.2222,0.1811,0.1936,0.2152,0.1851,0.3159,0.303,0.3346,0.1535,0.1231,0.1696,0.2554,0.2149,0.1976,0.3128,0.3044,0.3252,reg oper account,,,Panel,No,2.0,0.0,2.0,0.0,-2369.0,0,1,0,0,0,0,0,0,0,0,0,0,0,0,0,0,0,0,0,0,,0.0,0.0,,1.0,1.0
100315,0,Cash loans,F,N,Y,1,94500.0,544500.0,513000.0,24500.0,Unaccompanied,Working,Secondary / secondary special,Widow,House / apartment,0.009282,-21878,-1145,-11177.0,-1206,,1,1,0,1,0,0,,3.0,2,2,MONDAY,9,0,0,0,0,0,0,Business Entity Type 3,0.273651,0.503771,0.560642,0.2223,0.2345,0.2117,0.1662,0.1706,0.1429,0.2377,0.2053,0.1809,0.1861,0.1743,0.1944,0.2793,0.2965,0.2924,0.2604,0.2291,0.2203,0.2001,0.1997,0.2262,0.2725,0.2906,0.2674,0.2599,0.2976,0.2629,0.1694,0.1677,0.1668,0.256,0.2915,0.2888,0.2651,0.2795,0.2671,0.3145,0.3108,0.3134,0.3059,0.3299,0.3245,,,0.2446,Panel,,1.0,0.0,1.0,0.0,-745.0,0,0,0,0,0,0,0,0,0,0,0,0,0,0,0,0,0,0,0,0,0.0,0.0,0.0,1.0,1.0,0.0
100316,0,Cash loans,M,N,Y,0,184500.0,459000.0,391500.0,15500.0,Unaccompanied,Pensioner,Secondary / secondary special,Married,House / apartment,0.027333,-21992,365243,-5577.0,-606,,1,0,0,1,0,0,Managers,2.0,2,2,MONDAY,16,0,0,0,0,0,0,Housing,0.367777,0.589259,0.761719,0.3213,0.2852,0.3086,0.3324,0.2887,0.3225,0.2039,0.1923,0.1828,0.3305,0.3404,0.3435,0.3221,0.2866,0.2818,0.35,0.3711,0.3431,0.2176,0.2157,0.1995,0.426,0.3894,0.4236,0.1673,0.2085,0.1625,0.2368,0.2193,0.2281,0.3325,0.334,0.3192,0.3119,0.2971,0.3009,0.3224,0.3135,0.3493,0.3869,0.3969,0.4069,reg oper account,,0.3656,"Stone, brick",No,1.0,0.0,1.0,0.0,-3018.0,0,0,0,0,1,0,0,0,0,0,0,0,0,0,0,0,0,0,0,0,0.0,0.0,,1.0,2.0,
100317,0,Cash loans,F,N,N,1,193500.0,1377000.0,1318500.0,56000.0,Unaccompanied,Working,Secondary / secondary special,Married,House / apartment,0.019976,-19670,-3101,-89.0,-803,,1,1,0,1,0,0,Sales staff,3.0,3,3,WEDNESDAY,21,0,0,0,0,0,1,Business Entity Type 3,0.937086,0.604631,,0.0558,0.0713,0.0872,0.0178,0.0483,0.0483,0.0478,0.0453,0.0289,0.0789,0.0471,0.0575,0.0341,0.1413,0.0905,0.0734,0.099,0.0811,0.0386,0.0526,0.0275,0.0743,0.0484,0.0789,0.1026,0.063,0.0417,0.0279,0.026,0.0169,0.0802,0.0885,0.1075,0.1206,0.0667,0.0364,0.0894,0.0386,0.0633,0.0789,0.0573,0.0556,reg oper account,specific housing,0.077,"Stone, brick",No,2.0,0.0,2.0,0.0,-2930.0,0,1,0,0,0,0,0,0,0,0,0,0,0,0,0,0,0,0,0,0,0.0,1.0,1.0,0.0,0.0,2.0
100318,0,Cash loans,F,N,N,0,67500.0,274500.0,234000.0,20500.0,Unaccompanied,Working,Secondary / secondary special,Married,House / apartment,0.03234,-15623,-2006,-2655.0,-1317,,1,1,0,1,0,0,Laborers,1.0,2,2,FRIDAY,11,0,0,0,0,0,0,Government,0.223141,0.577786,,0.3405,0.267,0.2816,0.3763,0.3521,0.3968,0.2827,0.2556,0.2425,0.3213,0.2955,0.3383,0.5231,0.4889,0.4933,0.2846,0.238,0.2878,0.4065,0.4393,0.4207,0.3597,0.3729,0.3637,0.2404,0.2371,0.2566,0.4334,0.4295,0.4249,0.494,0.4768,0.5401,0.455,0.428,0.4627,0.3224,0.3508,0.3083,0.2885,0.2961,0.2818,,,,,,2.0,0.0,2.0,0.0,-3742.0,0,0,0,0,0,0,0,0,0,0,0,0,0,0,0,0,0,0,0,0,,0.0,1.0,0.0,0.0,4.0
100319,0,Cash loans,F,Y,Y,0,162000.0,576000.0,544500.0,16500.0,Family,Pensioner,Secondary / secondary special,Married,House / apartment,0.011493,-22260,365243,-10002.0,-4778,,1,0,1,1,0,0,High skill tech staff,2.0,2,2,FRIDAY,12,0,0,0,0,0,0,Self-employed,,0.514166,0.939839,0.4151,0.4197,0.4519,0.297,0.2968,0.3202,0.2985,0.2788,0.2952,0.4947,0.5224,0.5045,0.3412,0.3559,0.3841,0.5108,0.4767,0.4291,0.3014,0.3149,0.2874,0.5836,0.5832,0.5997,0.3156,0.3293,0.3328,0.3396,0.3467,0.3234,0.4896,0.4638,0.5074,0.5404,0.5835,0.5983,0.428,0.493,0.4299,0.2563,0.3043,0.3174,reg oper spec account,block of flats,,Wooden,,1.0,0.0,1.0,0.0,-3382.0,0,1,0,0,0,0,1,0,0,0,0,0,0,0,0,0,0,0,0,0,0.0,0.0,0.0,0.0,1.0,3.0
100320,0,Revolving loans,F,N,Y,0,139500.0,180000.0,162000.0,6500.0,Unaccompanied,Working,Higher education,Married,House / apartment,0.008599,-12486,-363,-3618.0,-5772,,1,1,0,1,1,0,Drivers,2.0,1,1,SATURDAY,12,0,0,0,1,0,0,XNA,,0.561755,0.629555,0.3824,0.371,0.4207,0.3769,0.3668,0.3908,0.6921,0.6825,0.7186,0.7266,0.7509,0.7301,0.5313,0.5403,0.5322,0.7856,0.7763,0.7999,0.4253,0.3827,0.3504,0.6964,0.7724,0.7511,0.6065,0.6007,0.5995,0.7843,0.7189,0.7443,0.5222,0.4747,0.523,0.4181,0.4244,0.3909,0.3852,0.3832,0.3662,0.4064,0.4073,0.4156,,,,"Stone, brick",,0.0,0.0,0.0,0.0,-2186.0,0,1,0,0,1,0,0,0,0,0,0,0,0,0,0,0,0,0,0,0,0.0,0.0,0.0,1.0,,0.0
100321,0,Revolving loans,F,N,N,0,198000.0,630000.0,540000.0,53500.0,Unaccompanied,Commercial associate,Secondary / secondary special,Married,House / apartment,0.014201,-12810,-2754,-2274.0,-5102,,1,1,0,1,0,0,Laborers,1.0,3,3,FRIDAY,7,0,0,0,0,1,0,Self-employed,0.310685,0.2813,0.344351,0.081,0.0754,0.0657,0.0686,0.0827,0.0852,0.1393,0.0918,0.0794,0.0687,0.051,0.1248,0.0679,0.0342,0.0311,0.1054,0.0914,0.055,0.1225,0.0309,0.1127,0.0537,0.1361,0.1137,0.0364,0.0607,0.0788,0.0666,0.0596,0.0673,0.0603,0.0581,0.0327,0.1238,0.0907,0.1099,0.0569,0.098,0.0902,0.0363,0.0389,0.0404,,,,,,0.0,0.0,0.0,0.0,-3991.0,0,1,0,0,0,0,0,0,0,0,0,0,0,0,0,0,0,0,0,0,0.0,0.0,0.0,0.0,0.0,2.0
100322,0,Cash loans,F,Y,Y,0,234000.0,1120500.0,1030500.0,37000.0,Unaccompanied,Working,Secondary / secondary special,Married,House / apartment,0.016699,-19641,-879,-12810.0,-3860,,1,1,0,1,1,0,HR staff,2.0,2,2,FRIDAY,9,0,0,0,0,0,0,Self-employed,,0.434585,,0.0601,0.0502,0.0603,0.0,0.021,0.0052,0.0058,0.0129,0.0098,0.0303,0.0395,0.0017,0.0125,0.0321,0.016,0.0037,0.0109,0.0328,0.0,0.0462,0.0084,0.0316,0.0255,0.053,0.0529,0.0401,0.0595,0.0329,0.004,0.0243,0.0374,0.0342,0.0,0.034,0.0253,0.0492,0.0283,0.026,0.0155,0.0547,0.0287,0.0097,,block of flats,,,,1.0,1.0,1.0,0.0,-2155.0,0,1,0,0,0,0,0,0,0,0,0,0,0,0,0,0,0,0,0,0,0.0,0.0,0.0,0.0,0.0,0.0
100323,1,Cash loans,F,N,Y,0,189000.0,1926000.0,1804500.0,104000.0,Unaccompanied,Working,Higher education,Married,House / apartment,0.021288,-17794,-1164,-557.0,-5293,,1,1,1,1,0,0,,2.0,3,3,SATURDAY,13,0,1,0,0,0,0,Government,0.390641,0.573343,0.380406,0.0978,0.1004,0.0908,0.0913,0.1203,0.1163,0.1656,0.1755,0.1218,0.1027,0.0898,0.1264,0.0853,0.0918,0.0663,0.0847,0.1175,0.0568,0.1023,0.0293,0.0995,0.1133,0.1163,0.1466,0.0523,0.1021,0.0808,0.0839,0.0814,0.0934,0.1437,0.1139,0.1405,0.1219,0.1049,0.0989,0.0644,0.1076,0.1094,0.0818,0.095,0.1024,,block of flats,,"Stone, brick",No,1.0,0.0,1.0,1.0,-3261.0,0,1,0,0,0,0,0,0,0,0,0,0,0,0,0,0,0,0,0,0,0.0,0.0,0.0,1.0,0.0,
100324,1,Cash loans,F,Y,N,0,126000.0,670500.0,589500.0,55500.0,Unaccompanied,Working,Higher education,Married,House / apartment,0.006589,-16224,-1110,-731.0,-1717,23.0,1,1,1,1,0,0,Sales staff,2.0,2,2,FRIDAY,12,0,0,0,0,0,1,Business Entity Type 2,,0.056037,,0.3394,0.3361,0.3287,0.2092,0.1894,0.1821,0.3814,0.3904,0.3537,0.237,0.2007,0.2188,0.2368,0.2525,0.2322,0.2156,0.2508,0.2093,0.2134,0.1905,0.2077,0.2072,0.2254,0.2653,0.293,0.2827,0.2398,0.2767,0.2342,0.2722,0.2787,0.3452,0.278,0.2123,0.2407,0.2492,0.2689,0.2234,0.2745,0.2599,0.285,0.3179,,,,Panel,No,4.0,0.0,4.0,0.0,-1950.0,0,1,0,0,0,0,0,0,0,0,0,0,0,0,0,0,0,0,0,0,0.0,0.0,0.0,0.0,0.0,2.0
100325,0,Cash loans,F,N,N,0,247500.0,1795500.0,1552500.0,63500.0,Unaccompanied,Working,Secondary / secondary special,Single / not married,House / apartment,0.025162,-16849,-687,-1545.0,-5450,,1,1,0,1,0,0,Sales staff,2.0,2,2,FRIDAY,12,0,0,0,0,1,0,Business Entity Type 3,,0.554152,,0.4505,0.5158,0.5019,0.6531,0.6509,0.6412,0.5794,0.6143,0.5913,0.5901,0.5603,0.5463,0.409,0.4237,0.3559,0.6125,0.6321,0.5995,0.313,0.3191,0.3541,0.3468,0.3234,0.3287,0.4873,0.5316,0.4734,0.3179,0.3437,0.3217,0.3359,0.3434,0.3321,0.651,0.64,0.6433,0.3335,0.328,0.3211,0.3163,0.3069,0.3204,,block of flats,0.3524,"Stone, brick",No,3.0,0.0,3.0,1.0,-3688.0,0,1,0,0,0,0,0,0,0,0,0,0,0,0,0,0,0,0,0,0,0.0,0.0,0.0,0.0,0.0,1.0
100326,0,Cash loans,F,N,N,0,90000.0,180000.0,162000.0,5500.0,Unaccompanied,Commercial associate,Higher education,Married,House / apartment,0.010741,-17394,-345,-7969.0,-5681,,1,1,0,1,0,0,Private service staff,2.0,1,1,WEDNESDAY,12,0,0,0,0,1,1,Construction,,0.414219,0.393482,0.3291,0.3298,0.3265,0.2506,0.2013,0.2017,0.2667,0.2929,0.2276,0.4281,0.4133,0.3584,0.3622,0.3856,0.3331,0.3218,0.3595,0.3853,0.3219,0.3077,0.2944,0.2458,0.2783,0.2581,0.4569,0.4379,0.4479,0.2995,0.3295,0.3417,0.4623,0.4318,0.4233,0.3222,0.324,0.3435,0.2837,0.2814,0.2773,0.1867,0.2212,0.2205,,block of flats,,,No,2.0,0.0,2.0,0.0,-1606.0,0,1,0,0,0,0,0,0,0,0,0,0,0,0,0,0,0,0,0,0,0.0,0.0,0.0,0.0,1.0,2.0
100327,0,Cash loans,F,N,Y,1,72000.0,261000.0,234000.0,10000.0,,Working,Incomplete higher,Single / not married,House / apartment,0.012517,-8352,-1778,-1220.0,-891,,1,1,0,1,0,0,Medicine staff,3.0,2,2,SUNDAY,12,0,0,0,0,0,0,Government,0.806745,0.357964,,0.6117,0.6432,0.6174,0.3125,0.3148,0.2621,0.5131,0.5616,0.5359,0.5271,0.5153,0.5324,0.3426,0.3389,0.3886,0.325,0.3685,0.3185,0.4844,0.4792,0.5224,0.421,0.4028,0.4613,0.5765,0.5722,0.5403,0.3896,0.3708,0.3707,0.3858,0.3804,0.4348,0.4425,0.4321,0.4184,0.4334,0.4311,0.4709,0.2704,0.2681,0.2494,reg oper account,,,,No,3.0,0.0,3.0,0.0,-1553.0,0,0,0,0,1,0,0,0,0,0,0,0,0,0,0,0,0,0,0,0,0.0,,0.0,0.0,0.0,1.0
100328,0,Cash loans,F,Y,Y,1,27000.0,207000.0,180000.0,20500.0,Unaccompanied,Working,Secondary / secondary special,Separated,House / apartment,0.038715,-9348,-1685,-1936.0,-2384,,1,1,0,1,0,0,,3.0,2,2,THURSDAY,10,0,0,0,0,0,0,School,,0.110518,0.644801,0.5264,0.5214,0.5032,0.5859,0.6226,0.5991,0.6093,0.6019,0.5916,0.6704,0.6952,0.7315,0.4984,0.5099,0.4943,0.5523,0.5545,0.5352,0.5101,0.5326,0.4841,0.5564,0.5746,0.5771,0.5054,0.5118,0.447,0.5031,0.4915,0.5139,0.3643,0.3451,0.3701,0.512,0.5363,0.5107,0.7191,0.7018,0.7313,0.4125,0.3918,0.4062,,,0.5467,"Stone, brick",No,1.0,0.0,1.0,0.0,-1704.0,0,0,0,0,0,0,0,0,0,0,0,0,0,0,0,0,0,0,0,0,0.0,0.0,0.0,0.0,0.0,2.0
100329,0,Cash loans,F,N,N,0,139500.0,333000.0,310500.0,12000.0,Unaccompanied,Working,Secondary / secondary special,Married,House / apartment,0.00483,-10252,-1333,-3077.0,-1683,,1,1,0,1,0,0,Core staff,1.0,2,2,WEDNESDAY,13,0,0,0,1,0,0,XNA,,0.632392,,0.3487,0.3494,0.3302,0.5823,0.5501,0.543,0.4918,0.4766,0.4565,0.5527,0.5203,0.5863,0.4123,0.4257,0.4109,0.4619,0.447,0.4762,0.5442,0.5359,0.5328,0.5236,0.4931,0.5013,0.349,0.324,0.3719,0.5577,0.5518,0.5559,0.5344,0.5083,0.4767,0.5765,0.5866,0.5841,0.2775,0.29,0.2955,0.574,0.5687,0.552,,,0.4555,,No,0.0,0.0,0.0,0.0,-3998.0,0,0,0,0,0,0,1,0,0,0,0,0,0,0,0,0,0,0,0,0,0.0,0.0,0.0,,0.0,2.0
100330,0,Cash loans,F,Y,Y,0,94500.0,625500.0,540000.0,61500.0,Family,Commercial associate,Secondary / secondary special,Civil marriage,Municipal apartment,0.022839,-10189,-3614,-1157.0,-845,,1,1,1,1,0,1,,2.0,2,2,MONDAY,13,0,0,0,0,0,0,Government,0.348874,0.61477,0.369063,0.4866,0.4733,0.4808,0.2938,0.2951,0.2169,0.2908,0.287,0.2883,0.573,0.5824,0.5583,0.4494,0.3734,0.4022,0.348,0.4008,0.3999,0.4833,0.4734,0.4383,0.4564,0.4465,0.4522,0.4997,0.4707,0.4687,0.3459,0.3461,0.3053,0.5613,0.5806,0.5677,0.5742,0.5688,0.6029,0.4565,0.4453,0.4297,0.2984,0.3019,0.2583,,,,Monolithic,No,1.0,0.0,1.0,0.0,-1920.0,0,0,0,0,0,0,0,0,0,0,0,0,0,0,0,0,0,0,0,0,,0.0,0.0,1.0,0.0,2.0
100331,0,Cash loans,F,N,Y,0,184500.0,1075500.0,936000.0,28500.0,Unaccompanied,Pensioner,Higher education,Married,House / apartment,0.022786,-22309,365243,-3173.0,-1036,,1,0,0,1,0,0,,2.0,1,1,FRIDAY,9,0,1,0,0,0,0,Other,,0.631403,0.012309,0.3572,0.364,0.3826,0.208,0.2341,0.2494,0.2961,0.369,0.2985,0.4446,0.4193,0.414,0.3529,0.3521,0.3696,0.2876,0.2806,0.2488,0.4622,0.4395,0.4709,0.3019,0.2721,0.2914,0.2347,0.2275,0.2386,0.2884,0.2835,0.3424,0.3241,0.3374,0.3008,0.2571,0.2839,0.2845,0.4175,0.4084,0.4448,0.4158,0.4105,0.4325,,block of flats,0.1954,,,1.0,,1.0,0.0,-570.0,0,0,0,0,0,0,0,0,0,0,0,0,0,0,0,0,0,0,0,0,0.0,0.0,0.0,1.0,1.0,2.0
100332,0,Cash loans,M,N,N,0,49500.0,225000.0,202500.0,12500.0,Unaccompanied,Commercial associate,Secondary / secondary special,Married,House / apartment,0.011256,-13290,-1378,-3290.0,-5791,,1,1,0,1,0,0,,2.0,2,2,FRIDAY,13,0,0,0,0,0,0,XNA,,0.433717,0.698633,0.2334,0.2204,0.2255,0.2523,0.2378,0.2377,0.1519,0.119,0.1054,0.1721,0.2075,0.1921,0.2085,0.1909,0.2144,0.1769,0.2146,0.202,0.2542,0.2478,0.2618,0.2001,0.1992,0.1949,0.1469,0.177,0.1725,0.1792,0.1948,0.1323,0.2711,0.2771,0.2121,0.3224,0.2848,0.2758,0.2327,0.2151,0.2823,0.1527,0.1303,0.1713,reg oper account,,,,No,1.0,0.0,1.0,0.0,-367.0,0,1,0,0,0,0,0,0,0,0,0,0,0,0,0,0,0,0,0,0,0.0,0.0,,0.0,0.0,2.0
100333,0,Cash loans,M,N,Y,0,103500.0,337500.0,328500.0,9500.0,Unaccompanied,State servant,Secondary / secondary special,Married,House / apartment,0.014174,-14642,-8068,-2316.0,-1088,,1,1,0,1,0,0,Medicine staff,1.0,2,2,TUESDAY,10,0,0,0,0,0,0,Business Entity Type 3,0.402226,0.419037,0.319819,0.726,0.7172,0.6836,0.5011,0.4828,0.497,0.6874,0.6907,0.7214,0.6021,0.5782,0.608,0.4679,0.4477,0.4371,0.3841,0.3725,0.3733,0.3502,0.3376,0.3219,0.5452,0.5717,0.5472,0.4109,0.3899,0.4163,0.4844,0.5236,0.485,0.526,0.5745,0.5462,0.49,0.5185,0.4809,0.3261,0.3056,0.3303,0.5594,0.549,0.5433,,block of flats,,Panel,No,3.0,0.0,3.0,0.0,-1141.0,0,0,0,0,0,0,0,0,0,0,0,0,0,0,0,0,0,0,0,0,0.0,0.0,0.0,0.0,0.0,1.0
100334,0,Cash loans,M,N,N,0,189000.0,427500.0,355500.0,41500.0,Unaccompanied,Working,Higher education,Married,House / apartment,0.039868,-8944,-2370,-960.0,-3995,,1,1,1,1,0,0,Drivers,1.0,2,2,MONDAY,14,0,0,0,0,0,0,Self-employed,0.513004,0.475591,0.719307,0.506,0.478,0.4664,0.3054,0.3697,0.3427,0.3249,0.3342,0.3111,0.5841,0.6032,0.5999,0.3522,0.3935,0.3381,0.5475,0.5184,0.5531,0.5889,0.5817,0.5851,0.2557,0.263,0.2586,0.4593,0.4535,0.4586,0.3456,0.2997,0.3641,0.5325,0.4765,0.4784,0.4193,0.392,0.3785,0.6155,0.591,0.596,0.2769,0.305,0.2694,reg oper account,block of flats,,"Stone, brick",,1.0,0.0,1.0,0.0,-2092.0,0,0,0,0,0,0,0,0,0,0,0,0,0,0,0,0,0,0,0,0,0.0,0.0,0.0,0.0,0.0,1.0
100335,1,Cash loans,F,N,Y,0,85500.0,886500.0,733500.0,68500.0,Unaccompanied,Working,Higher education,Married,House / apartment,0.063151,-20072,-13498,-863.0,-5236,,1,1,1,1,0,1,Sales staff,1.0,2,2,FRIDAY,12,0,0,0,0,1,0,School,,0.227692,0.363551,0.3662,0.3644,0.3643,0.2848,0.3082,0.2926,0.5643,0.5227,0.5405,0.3036,0.3238,0.3052,0.4066,0.4436,0.4024,0.475,0.4208,0.4555,0.3665,0.3695,0.3875,0.2963,0.2765,0.2808,0.4505,0.4631,0.4966,0.3666,0.4014,0.3878,0.3515,0.3481,0.3321,0.2741,0.2758,0.2665,0.5048,0.5148,0.5062,0.2149,0.2516,0.2398,not specified,block of flats,,,No,2.0,0.0,2.0,0.0,-3238.0,0,1,0,0,0,0,0,0,0,0,0,0,0,0,0,0,0,0,0,0,0.0,0.0,0.0,0.0,0.0,2.0
100336,0,Cash loans,F,N,N,2,184500.0,1017000.0,828000.0,43000.0,Family,Working,Secondary / secondary special,Married,House / apartment,0.036185,-7816,-1189,-341.0,-4516,,1,1,0,1,1,0,HR staff,4.0,1,1,FRIDAY,13,0,0,0,0,0,0,XNA,,0.211379,0.590507,0.2085,0.1893,0.1801,0.3471,0.3374,0.3726,0.3163,0.3234,0.325,0.2109,0.1357,0.2007,0.2705,0.2776,0.2513,0.2176,0.1781,0.1376,0.2683,0.2331,0.2587,0.2717,0.2974,0.2997,0.3475,0.3529,0.3486,0.3306,0.3079,0.3121,0.2477,0.2353,0.2329,0.1871,0.1944,0.1821,0.2098,0.2138,0.2118,0.2707,0.2633,0.2755,,block of flats,,,No,0.0,1.0,0.0,0.0,-3963.0,0,1,0,0,0,0,0,0,0,0,0,0,0,0,0,0,0,0,0,0,0.0,,0.0,1.0,0.0,3.0
100337,0,Cash loans,F,N,Y,0,108000.0,508500.0,468000.0,15500.0,Unaccompanied,Working,Lower secondary,Married,House / apartment,0.060206,-8857,-2282,-801.0,-2721,,1,1,0,1,0,0,Laborers,1.0,2,2,WEDNESDAY,13,0,0,0,0,0,0,Construction,0.254675,0.478386,0.656641,0.1212,0.093,0.1057,0.0825,0.1222,0.1315,0.132,0.1187,0.1277,0.1685,0.2006,0.181,0.1857,0.1533,0.1778,0.1912,0.1585,0.2002,0.23,0.2203,0.2069,0.079,0.1106,0.0828,0.1064,0.164,0.1289,0.141,0.1822,0.1317,0.0886,0.1151,0.0816,0.1278,0.1511,0.1662,0.1681,0.2068,0.1844,0.16,0.1543,0.1898,reg oper account,,0.1295,Panel,No,3.0,0.0,3.0,0.0,-3828.0,0,0,0,0,0,0,0,0,0,0,0,0,0,0,0,0,0,0,0,0,0.0,0.0,0.0,1.0,0.0,
100338,0,Cash loans,M,N,Y,1,144000.0,445500.0,387000.0,11500.0,Family,Commercial associate,Higher education,Married,House / apartment,0.012181,-19239,-522,-418.0,-135,,1,1,0,1,0,0,Laborers,3.0,2,2,FRIDAY,12,0,0,0,1,0,0,Construction,,0.632844,0.337256,0.0435,0.0442,0.0438,0.0606,0.0876,0.0696,0.0373,0.0432,0.0198,0.0126,0.0593,0.0188,0.0678,0.093,0.0605,0.0516,0.0714,0.0575,0.0873,0.0259,0.0512,0.0586,0.0588,0.0617,0.0361,0.023,0.0128,0.0168,0.0405,0.0345,0.058,0.05,0.0454,0.0198,0.0317,0.0424,0.0554,0.0752,0.0407,0.0397,0.0233,0.0,,block of flats,0.0591,Panel,,1.0,0.0,1.0,0.0,-1046.0,0,0,0,0,0,0,1,0,0,0,0,0,0,0,0,0,0,0,0,0,,0.0,0.0,,0.0,2.0
100339,0,Cash loans,M,N,N,0,202500.0,805500.0,693000.0,31500.0,Unaccompanied,Pensioner,Higher education,Civil marriage,House / apartment,0.007021,-24667,365243,-17958.0,-2509,,1,0,1,1,0,0,,2.0,1,1,FRIDAY,13,0,0,0,0,0,0,Business Entity Type 2,,0.809594,0.534626,0.1519,0.1656,0.1343,0.1375,0.1329,0.1303,0.0606,0.1002,0.0892,0.0855,0.0897,0.0422,0.0662,0.0651,0.0696,0.107,0.0532,0.1137,0.0468,0.0618,0.0678,0.1153,0.0839,0.1002,0.1064,0.1408,0.1007,0.0885,0.1404,0.1204,0.1191,0.123,0.1082,0.059,0.0864,0.1012,0.1194,0.1544,0.1599,0.0713,0.0633,0.0484,,,0.0529,Panel,,1.0,0.0,1.0,1.0,-3277.0,0,1,0,0,0,0,0,0,0,0,0,0,0,0,0,0,0,0,0,0,0.0,0.0,0.0,0.0,1.0,
100340,0,Revolving loans,M,N,Y,0,247500.0,1057500.0,868500.0,51000.0,Unaccompanied,Working,Higher education,Married,House / apartment,0.0181,-18971,-1004,-126.0,-1698,,1,1,0,1,0,0,,2.0,3,3,WEDNESDAY,15,0,0,0,1,0,0,Business Entity Type 3,,0.498256,0.594873,0.0883,0.0791,0.0689,0.0616,0.061,0.071,0.049,0.0597,0.0957,0.098,0.0966,0.0735,0.0787,0.0627,0.0506,0.0789,0.0943,0.1234,0.0753,0.1072,0.1111,0.0749,0.0839,0.0897,0.1,0.0853,0.0722,0.0886,0.0754,0.0684,0.0606,0.0948,0.0717,0.0943,0.1065,0.1221,0.106,0.1352,0.1417,0.0884,0.0704,0.0702,reg oper account,,0.1466,Panel,,0.0,0.0,0.0,1.0,-4092.0,0,0,0,0,0,0,0,0,0,0,0,0,0,0,0,0,0,0,0,0,,0.0,0.0,0.0,0.0,0.0
100341,0,Cash loans,M,N,N,2,153000.0,742500.0,711000.0,65500.0,Unaccompanied,Pensioner,Secondary / secondary special,Married,House / apartment,0.030801,-21228,365243,-13033.0,-5187,,1,0,0,1,0,0,Laborers,4.0,2,2,WEDNESDAY,12,0,0,0,0,1,0,Self-employed,,0.236609,0.553051,0.1325,0.0772,0.1064,0.07,0.0693,0.056,0.0585,0.0777,0.0793,0.0406,0.0718,0.0298,0.1172,0.0901,0.1061,0.0528,0.0381,0.0401,0.083,0.0281,0.0353,0.0936,0.0553,0.1058,0.0545,0.0946,0.0894,0.0528,0.0448,0.0413,0.0505,0.038,0.0647,0.0945,0.0788,0.0732,0.0468,0.0687,0.0856,0.065,0.0979,0.0713,,block of flats,,Panel,No,2.0,0.0,2.0,0.0,-1293.0,0,1,0,0,1,0,0,0,0,0,0,0,0,0,0,0,0,0,0,0,0.0,0.0,0.0,0.0,0.0,2.0
100342,0,Revolving loans,F,N,Y,0,94500.0,553500.0,481500.0,20000.0,Unaccompanied,Working,Higher education,Married,House / apartment,0.005921,-18726,-901,-355.0,-5672,,1,1,0,1,1,0,,2.0,1,1,MONDAY,12,0,0,0,0,1,1,Military,,0.549795,0.584087,0.5127,0.4971,0.5143,0.5321,0.5293,0.4785,0.3735,0.3865,0.4178,0.5272,0.5079,0.4871,0.4033,0.4078,0.3915,0.401,0.4197,0.4063,0.3472,0.3282,0.3459,0.3172,0.3397,0.3245,0.4714,0.4576,0.4412,0.4838,0.4416,0.4715,0.5493,0.5466,0.5902,0.5549,0.5207,0.524,0.4567,0.4531,0.4447,0.3204,0.3097,0.2922,,,,,,0.0,0.0,0.0,0.0,-2250.0,0,0,0,0,0,0,0,0,0,0,0,0,0,0,0,0,0,0,0,0,0.0,0.0,0.0,1.0,0.0,2.0
100343,0,Cash loans,M,N,N,0,112500.0,283500.0,256500.0,13000.0,Unaccompanied,Commercial associate,Secondary / secondary special,Separated,House / apartment,0.010529,-8388,-1424,-1470.0,-1394,,1,1,0,1,0,0,Sales staff,2.0,2,2,FRIDAY,11,0,1,0,0,0,0,XNA,,0.718129,,0.1246,0.145,0.1287,0.1233,0.1081,0.0858,0.0822,0.0708,0.0819,0.1514,0.1187,0.1686,0.0991,0.1079,0.125,0.1488,0.1698,0.1549,0.1586,0.1499,0.1505,0.1343,0.1831,0.1409,0.1089,0.0688,0.0773,0.1786,0.1592,0.1881,0.162,0.168,0.1731,0.098,0.0874,0.0901,0.1244,0.1294,0.1313,0.0862,0.1385,0.1354,,block of flats,,"Stone, brick",No,3.0,1.0,3.0,0.0,-3035.0,0,0,0,0,0,0,0,0,0,0,0,0,0,0,0,0,0,0,0,0,0.0,0.0,0.0,0.0,0.0,3.0
100344,0,Cash loans,M,N,N,2,207000.0,360000.0,288000.0,9500.0,Unaccompanied,Working,Higher education,Widow,House / apartment,0.011279,-12531,-421,-2570.0,-933,,1,1,0,1,1,0,Secretaries,4.0,2,2,SUNDAY,6,0,0,0,0,0,0,Business Entity Type 3,0.410416,0.711837,0.500725,0.3996,0.3804,0.4115,0.186,0.1951,0.2175,0.3559,0.3721,0.3289,0.2041,0.2201,0.2292,0.2159,0.1809,0.2005,0.2795,0.2752,0.2938,0.3927,0.4149,0.4185,0.3224,0.3317,0.2762,0.2166,0.2678,0.2579,0.3423,0.3707,0.3549,0.2287,0.203,0.237,0.2255,0.2479,0.2231,0.252,0.2664,0.2849,0.2248,0.2549,0.2459,reg oper spec account,,,Panel,,4.0,0.0,4.0,0.0,-1975.0,0,0,0,0,0,0,0,0,0,0,0,0,0,0,0,0,0,0,0,0,0.0,0.0,,1.0,0.0,0.0
100345,0,Cash loans,F,N,Y,0,85500.0,351000.0,283500.0,14500.0,Unaccompanied,Commercial associate,Higher education,Single / not married,With parents,0.023327,-14526,-3069,-815.0,-4920,,1,1,0,1,1,0,Sales staff,2.0,3,3,SUNDAY,12,0,0,0,1,0,0,Self-employed,0.912275,0.719725,0.391208,0.4196,0.4218,0.3708,0.6653,0.6489,0.6496,0.5155,0.548,0.5094,0.4904,0.4536,0.4529,0.3311,0.3486,0.3143,0.5717,0.5866,0.6093,0.5648,0.5228,0.5728,0.5788,0.597,0.5618,0.3156,0.3022,0.3288,0.5764,0.586,0.5833,0.5133,0.5464,0.5302,0.524,0.5237,0.4792,0.6738,0.7032,0.6717,0.5015,0.4759,0.4328,reg oper account,,,,No,0.0,0.0,0.0,0.0,-2939.0,0,1,0,0,0,0,0,0,0,0,0,0,0,0,0,0,0,0,0,0,0.0,0.0,0.0,1.0,2.0,1.0
100346,0,Cash loans,M,Y,Y,0,135000.0,202500.0,162000.0,6000.0,Unaccompanied,Working,Higher education,Married,House / apartment,0.021534,-16583,-732,-1290.0,-5240,1.0,1,1,1,1,1,0,,2.0,2,2,FRIDAY,8,0,0,0,0,0,0,XNA,,0.836793,0.60122,0.2248,0.2287,0.2005,0.4505,0.4639,0.4489,0.4199,0.464,0.4148,0.2123,0.2426,0.2169,0.2762,0.2398,0.253,0.2286,0.2039,0.207,0.4347,0.4328,0.4322,0.2545,0.2394,0.2143,0.2294,0.2791,0.2548,0.3295,0.2683,0.2921,0.2677,0.2728,0.2691,0.4131,0.4258,0.4634,0.2893,0.2594,0.282,0.2863,0.2564,0.27,reg oper account,,0.261,"Stone, brick",,2.0,0.0,2.0,1.0,-2461.0,0,1,0,0,0,0,0,0,0,0,0,0,0,0,0,0,0,0,0,0,0.0,0.0,0.0,1.0,0.0,2.0
100347,0,Revolving loans,F,N,Y,0,117000.0,382500.0,328500.0,11000.0,Unaccompanied,State servant,Higher education,Married,House / apartment,0.011564,-19582,-4510,-3012.0,-5899,,1,1,1,1,0,0,Medicine staff,2.0,2,1,MONDAY,10,0,0,0,0,1,0,Business Entity Type 2,0.400543,0.640398,0.383837,0.2627,0.2302,0.2434,0.3135,0.3026,0.2793,0.4315,0.4189,0.4049,0.218,0.2033,0.2187,0.2764,0.2907,0.2968,0.3307,0.3351,0.3464,0.276,0.2684,0.267,0.2758,0.295,0.2952,0.2327,0.2661,0.2507,0.3981,0.4092,0.4233,0.4286,0.3675,0.4004,0.2817,0.3394,0.3125,0.3986,0.4369,0.3986,0.394,0.3932,0.3949,,block of flats,,,No,1.0,0.0,1.0,0.0,-1927.0,0,1,0,0,0,0,0,0,0,0,0,0,0,0,0,0,0,0,0,0,0.0,0.0,0.0,1.0,0.0,1.0
100348,0,Cash loans,M,N,N,0,139500.0,409500.0,360000.0,31500.0,Unaccompanied,State servant,Higher education,Married,House / apartment,0.020905,-11153,-301,-3318.0,-4622,,1,1,0,1,0,0,Drivers,2.0,3,3,TUESDAY,9,0,0,0,0,0,0,Industry: type 9,,0.62664,0.778629,0.1614,0.1519,0.1703,0.1376,0.1089,0.1477,0.0762,0.1266,0.13,0.071,0.0784,0.0878,0.164,0.1553,0.1693,0.1532,0.1226,0.1629,0.141,0.147,0.1504,0.1486,0.1511,0.1133,0.0776,0.0947,0.1211,0.1399,0.1433,0.1299,0.1028,0.1489,0.1225,0.175,0.179,0.1335,0.1947,0.1914,0.2117,0.1244,0.1272,0.1331,,,0.1594,,No,3.0,0.0,3.0,0.0,-2811.0,0,1,0,0,0,0,0,0,0,0,0,0,0,0,0,0,0,0,0,0,0.0,0.0,0.0,0.0,0.0,1.0
100349,0,Cash loans,M,Y,N,0,85500.0,436500.0,360000.0,19000.0,Unaccompanied,Commercial associate,Secondary / secondary special,Single / not married,House / apartment,0.009196,-17056,-1594,-717.0,-2780,28.0,1,1,0,1,1,0,,2.0,2,2,THURSDAY,10,0,0,0,0,0,0,XNA,,0.691896,0.939258,0.3017,0.3323,0.3101,0.3359,0.3107,0.3324,0.3703,0.3401,0.3414,0.2872,0.2696,0.2541,0.2376,0.1881,0.2025,0.3829,0.3902,0.3799,0.2211,0.1908,0.1861,0.394,0.4259,0.4183,0.369,0.3398,0.3551,0.4165,0.4411,0.4092,0.2931,0.3115,0.3232,0.313,0.2773,0.2866,0.1966,0.2334,0.1647,0.3432,0.3797,0.3746,,block of flats,,"Stone, brick",No,2.0,0.0,2.0,0.0,-2669.0,0,1,0,0,0,0,0,0,0,0,0,0,0,0,0,0,0,0,0,0,0.0,0.0,,1.0,,2.0
100350,0,Cash loans,F,N,N,0,54000.0,625500.0,531000.0,17000.0,Unaccompanied,Working,Secondary / secondary special,Married,House / apartment,0.014356,-9832,-284,-448.0,-2271,,1,1,0,1,1,1,Laborers,2.0,2,2,MONDAY,10,0,0,0,0,0,0,School,,0.701575,,0.0987,0.1415,0.1041,0.0923,0.1522,0.1312,0.0709,0.0932,0.0558,0.1235,0.1349,0.1126,0.1024,0.0819,0.0726,0.1205,0.0987,0.0925,0.0743,0.0711,0.0853,0.0279,0.082,0.0626,0.0479,0.0583,0.0722,0.1337,0.1384,0.1664,0.111,0.1004,0.1249,0.0891,0.1176,0.1044,0.1158,0.1278,0.1452,0.0842,0.0486,0.0661,,,0.0794,"Stone, brick",,0.0,0.0,0.0,0.0,-4039.0,0,1,0,0,0,0,0,0,0,0,0,0,0,0,0,0,0,0,0,0,0.0,0.0,0.0,0.0,0.0,2.0
100351,0,Cash loans,F,N,Y,1,198000.0,265500.0,207000.0,11500.0,Unaccompanied,Commercial associate,Secondary / secondary special,Single / not married,House / apartment,0.008537,-18997,-1102,-7432.0,-359,,1,1,0,1,0,0,Laborers,3.0,2,2,FRIDAY,14,0,0,0,0,0,1,Government,,0.467043,,0.105,0.0912,0.1153,0.1275,0.1007,0.1205,0.0802,0.0897,0.0738,0.0745,0.0512,0.1102,0.0896,0.0862,0.0741,0.044,0.0638,0.0774,0.0731,0.111,0.0512,0.0933,0.0994,0.0775,0.0931,0.1169,0.1247,0.0746,0.0556,0.1063,0.0911,0.1132,0.1014,0.0768,0.081,0.0628,0.1317,0.1211,0.1407,0.0447,0.019,0.052,,block of flats,,,,0.0,0.0,0.0,1.0,-530.0,0,0,0,0,0,0,0,0,0,0,0,0,0,0,0,0,0,0,0,0,0.0,0.0,0.0,0.0,0.0,
100352,0,Cash loans,F,Y,Y,0,252000.0,3433500.0,2920500.0,127500.0,Unaccompanied,Commercial associate,Higher education,Married,House / apartment,0.017037,-20964,-1351,-7271.0,-5320,,1,1,0,1,0,1,Accountants,2.0,2,2,SUNDAY,13,0,0,0,0,0,0,Medicine,,0.789603,0.693493,0.1708,0.1397,0.1353,0.1406,0.065,0.167,0.0916,0.1455,0.1185,0.1976,0.1909,0.1966,0.2041,0.173,0.2193,0.1442,0.1556,0.1507,0.1805,0.1718,0.1857,0.1593,0.1667,0.1594,0.1759,0.1379,0.1901,0.1757,0.179,0.1397,0.1692,0.1552,0.1361,0.2134,0.1978,0.2395,0.1628,0.1756,0.1878,0.1321,0.0804,0.1116,,block of flats,,,,0.0,0.0,0.0,0.0,-607.0,0,1,0,0,0,0,0,0,0,0,0,0,0,0,0,0,0,0,0,0,0.0,0.0,0.0,1.0,0.0,0.0
100353,0,Cash loans,M,Y,N,0,54000.0,184500.0,148500.0,5000.0,Unaccompanied,Commercial associate,Secondary / secondary special,Civil marriage,House / apartment,0.011384,-8344,-989,-528.0,-5958,31.0,1,1,0,1,0,0,Accountants,2.0,2,2,TUESDAY,12,0,0,0,0,0,0,Business Entity Type 3,0.843238,0.513274,,0.1922,0.2095,0.1818,0.1759,0.2445,0.1883,0.1354,0.147,0.1289,0.2257,0.2077,0.21,0.1731,0.205,0.1914,0.1212,0.1287,0.1272,0.2897,0.2618,0.2574,0.1561,0.1864,0.1467,0.1241,0.1268,0.1328,0.1766,0.1591,0.1613,0.2254,0.2048,0.2169,0.2261,0.1641,0.1907,0.16,0.2135,0.1735,0.1453,0.1704,0.1489,,block of flats,,,,5.0,0.0,5.0,0.0,-994.0,0,0,0,0,0,0,0,0,0,0,0,0,0,0,0,0,0,0,0,0,0.0,0.0,0.0,0.0,0.0,2.0
100354,0,Cash loans,M,Y,N,0,180000.0,850500.0,684000.0,50000.0,Unaccompanied,Commercial associate,Secondary / secondary special,Married,House / apartment,0.02869,-8808,-1092,-44.0,-5536,,1,1,0,1,0,0,Laborers,2.0,2,2,MONDAY,16,0,0,0,0,0,0,Government,,0.794707,0.420566,0.218,0.2741,0.1937,0.1348,0.1708,0.1793,0.2326,0.196,0.234,0.1413,0.1456,0.1644,0.1276,0.1374,0.1681,0.1831,0.154,0.1703,0.1929,0.1409,0.1916,0.2038,0.218,0.2339,0.1375,0.1181,0.1048,0.1874,0.1561,0.1892,0.2245,0.2554,0.2059,0.1619,0.1936,0.1384,0.2631,0.2505,0.2143,0.1686,0.1997,0.1596,reg oper spec account,,0.1638,Panel,,2.0,0.0,2.0,0.0,-1899.0,0,1,0,0,0,0,0,0,0,0,0,0,0,0,0,0,0,0,0,0,0.0,0.0,0.0,1.0,0.0,4.0
100355,0,Cash loans,F,N,Y,0,265500.0,477000.0,373500.0,13000.0,Unaccompanied,Pensioner,Secondary / secondary special,Married,House / apartment,0.018399,-20640,365243,-6225.0,-3442,,1,0,1,1,0,0,Sales staff,2.0,2,2,THURSDAY,22,0,0,0,1,0,0,School,0.584077,0.428899,0.541393,0.7687,0.7634,0.7784,0.5567,0.5869,0.5721,0.5492,0.5671,0.5951,0.5436,0.5224,0.5337,0.9955,0.9797,1.0,0.49,0.4991,0.4645,0.5368,0.5505,0.5561,0.5221,0.5185,0.5209,0.8922,0.8603,0.9084,0.5903,0.5755,0.5509,0.757,0.763,0.7624,0.8841,0.8811,0.9359,0.5995,0.6268,0.5756,0.6278,0.6088,0.5526,,,0.9024,Others,No,2.0,0.0,2.0,0.0,-2862.0,0,1,0,0,0,0,0,0,0,0,0,0,0,0,0,0,0,0,0,0,0.0,0.0,0.0,0.0,0.0,3.0
100356,0,Cash loans,M,N,Y,2,202500.0,1368000.0,1255500.0,62500.0,Unaccompanied,Commercial associate,Secondary / secondary special,Married,House / apartment,0.016248,-20209,-13634,-1734.0,-5201,,1,1,0,1,0,1,,4.0,2,1,MONDAY,14,0,0,0,0,0,0,Business Entity Type 3,,0.813003,0.548979,0.3262,0.3146,0.3373,0.2036,0.1887,0.1804,0.2857,0.2368,0.2584,0.2372,0.2529,0.2198,0.3743,0.3451,0.3706,0.3127,0.2989,0.3142,0.2163,0.214,0.2277,0.3768,0.3726,0.4077,0.1781,0.1593,0.209,0.3273,0.3031,0.2936,0.3052,0.3208,0.2933,0.4031,0.3904,0.3783,0.2501,0.2402,0.2558,0.1881,0.1575,0.1903,,,,"Stone, brick",,1.0,1.0,1.0,0.0,-3172.0,0,1,0,0,0,0,0,0,0,0,0,0,0,0,0,0,0,0,0,0,0.0,0.0,0.0,0.0,0.0,1.0
100357,0,Cash loans,F,Y,Y,0,117000.0,468000.0,450000.0,17000.0,Children,Working,Secondary / secondary special,Married,House / apartment,0.055967,-16904,-2527,-5198.0,-14,,1,1,0,1,1,0,,1.0,3,3,WEDNESDAY,15,0,0,0,0,1,0,Transport: type 4,,0.410417,0.474108,0.231,0.2631,0.226,0.2106,0.1838,0.1987,0.2945,0.2878,0.2968,0.2598,0.2141,0.2263,0.1944,0.1617,0.1525,0.195,0.2147,0.2056,0.1357,0.1134,0.1318,0.2412,0.2037,0.1696,0.2165,0.1925,0.2111,0.2198,0.2392,0.223,0.1892,0.1891,0.1939,0.2928,0.2475,0.2746,0.3141,0.2809,0.3128,0.2421,0.2564,0.222,,,0.3259,,,1.0,0.0,1.0,0.0,-654.0,0,0,0,0,0,0,0,0,0,0,0,0,0,0,0,0,0,0,0,0,,,0.0,0.0,0.0,3.0
100358,0,Cash loans,F,Y,Y,0,85500.0,324000.0,292500.0,16500.0,Unaccompanied,Pensioner,Lower secondary,Separated,House / apartment,0.023716,-25049,365243,-3025.0,-2444,,1,0,0,1,0,0,Sales staff,2.0,2,2,THURSDAY,13,0,0,0,0,0,0,Self-employed,0.513874,0.518945,0.448744,0.5504,0.5903,0.5635,0.5888,0.5655,0.5668,0.5624,0.5186,0.5863,0.6136,0.6115,0.5892,0.7282,0.7352,0.7401,0.8833,0.9153,0.897,0.8073,0.7862,0.8396,0.6874,0.6972,0.7026,0.9339,0.9673,0.9416,0.9309,0.937,0.9289,0.5947,0.5827,0.5666,0.9206,0.9209,0.947,0.9873,0.9496,0.9273,0.9111,0.8628,0.8659,,block of flats,0.9755,,No,4.0,0.0,4.0,0.0,-3728.0,0,0,0,0,0,0,0,0,0,0,0,0,0,0,0,0,0,0,0,0,0.0,0.0,0.0,0.0,1.0,2.0
100359,0,Cash loans,F,N,Y,1,153000.0,207000.0,166500.0,8000.0,Unaccompanied,Working,Higher education,Married,House / apartment,0.014884,-18625,-1919,-11724.0,-644,,1,1,1,1,0,0,HR staff,3.0,2,2,TUESDAY,14,0,0,0,0,0,1,School,0.794282,0.162201,,0.7669,0.7907,0.8092,0.6279,0.6458,0.6296,0.6141,0.5742,0.5711,0.6686,0.6646,0.6772,0.7306,0.7186,0.7445,0.7087,0.7057,0.6731,0.4982,0.4987,0.5188,0.4463,0.5212,0.4524,0.7026,0.6528,0.6682,0.5608,0.6113,0.63,0.757,0.7521,0.7446,0.7153,0.7608,0.7269,0.4172,0.3859,0.4198,0.6486,0.6298,0.6818,,,,,No,0.0,0.0,0.0,0.0,-2627.0,0,1,0,0,0,0,0,0,0,0,0,0,0,0,0,0,0,0,0,0,0.0,0.0,0.0,1.0,1.0,2.0
100360,0,Cash loans,F,N,Y,2,166500.0,675000.0,661500.0,59000.0,Unaccompanied,Working,Secondary / secondary special,Separated,House / apartment,0.013022,-11940,-1263,-2569.0,-3522,,1,1,0,1,1,0,,3.0,3,3,MONDAY,7,0,0,0,0,0,0,Government,0.370567,0.303142,0.492192,0.0655,0.0427,0.0671,0.0431,0.0802,0.0936,0.0591,0.057,0.0486,0.1007,0.0782,0.1121,0.0827,0.0365,0.0955,0.0598,0.0062,0.0662,0.0759,0.0782,0.142,0.0737,0.0725,0.1032,0.0744,0.0404,0.026,0.0388,0.0814,0.1088,0.0651,0.077,0.0777,0.0842,0.106,0.0926,0.1069,0.1014,0.0899,0.0832,0.0957,0.094,,block of flats,,Panel,No,2.0,0.0,2.0,0.0,-3026.0,0,0,0,0,0,0,0,0,0,0,0,0,0,0,0,0,0,0,0,0,0.0,,0.0,,1.0,
100361,0,Revolving loans,F,N,Y,2,153000.0,949500.0,927000.0,79500.0,Unaccompanied,State servant,Higher education,Married,House / apartment,0.008991,-21798,-4381,-6954.0,-14,,1,1,0,1,0,0,,3.0,2,2,SUNDAY,3,0,0,0,0,1,1,School,,0.209515,0.428407,0.3948,0.3673,0.3828,0.5993,0.6285,0.6411,0.3036,0.3147,0.3421,0.5351,0.4937,0.5265,0.4001,0.3552,0.3252,0.5959,0.6109,0.6433,0.5327,0.5258,0.5388,0.4761,0.4358,0.4373,0.5651,0.5185,0.4946,0.3653,0.3351,0.3594,0.5412,0.5545,0.5568,0.5986,0.5565,0.6461,0.5475,0.5391,0.5822,0.4906,0.5246,0.5349,,block of flats,0.4318,"Stone, brick",No,2.0,2.0,2.0,1.0,-1074.0,0,1,0,0,0,0,0,0,0,0,0,0,0,0,0,0,0,0,0,0,0.0,0.0,0.0,0.0,0.0,
100362,0,Cash loans,F,N,N,0,135000.0,463500.0,405000.0,20500.0,Unaccompanied,Working,Secondary / secondary special,Married,House / apartment,0.017952,-19750,-2400,-10270.0,-1836,,1,1,0,1,0,0,,2.0,2,2,MONDAY,5,0,0,0,0,0,0,Business Entity Type 3,0.26427,0.409235,0.584019,0.3437,0.294,0.2832,0.3749,0.3998,0.4005,0.2588,0.2769,0.2791,0.4023,0.3797,0.4147,0.2006,0.2002,0.179,0.4319,0.4244,0.4142,0.3945,0.4037,0.3857,0.3537,0.3529,0.3725,0.4919,0.4883,0.4422,0.3,0.2959,0.2771,0.2628,0.2705,0.2611,0.317,0.2805,0.3012,0.4753,0.5013,0.4785,0.2034,0.2259,0.2609,,,0.4214,,No,2.0,0.0,2.0,0.0,-2749.0,0,1,0,0,0,0,0,0,0,0,0,0,0,0,0,0,0,0,0,0,0.0,0.0,0.0,1.0,1.0,3.0
100363,0,Cash loans,F,Y,N,0,81000.0,603000.0,481500.0,30000.0,Unaccompanied,Working,Secondary / secondary special,Married,House / apartment,0.022629,-20307,-372,-13606.0,-2516,,1,1,0,1,1,1,,2.0,3,3,TUESDAY,10,0,0,0,1,0,0,Other,0.655233,0.61857,0.455749,0.8815,0.9049,0.9403,0.4629,0.505,0.4899,0.5979,0.4984,0.5711,0.6257,0.6763,0.5888,0.5544,0.526,0.5545,0.8037,0.763,0.7955,0.4854,0.4983,0.4318,0.7634,0.781,0.7977,0.4166,0.37,0.4222,0.7892,0.7871,0.808,0.8846,0.8606,0.8737,0.7186,0.7236,0.6835,0.4659,0.5244,0.4807,0.8598,0.8704,0.8798,,,0.8526,,No,1.0,0.0,1.0,1.0,-1614.0,0,1,0,0,1,0,0,0,0,0,0,0,0,0,0,0,0,0,0,0,0.0,0.0,0.0,0.0,1.0,1.0
100364,0,Cash loans,F,N,N,0,184500.0,1341000.0,1237500.0,47000.0,Unaccompanied,Commercial associate,Secondary / secondary special,Married,With parents,0.005707,-19848,-5396,-9363.0,-779,,1,1,0,1,0,0,Sales staff,2.0,2,2,SATURDAY,17,0,0,0,0,1,0,XNA,0.413733,0.318403,0.681589,0.3069,0.2866,0.2814,0.2655,0.2632,0.3057,0.1712,0.1688,0.1649,0.2625,0.2513,0.2392,0.329,0.368,0.3208,0.2164,0.2132,0.179,0.2234,0.2297,0.1961,0.1349,0.1502,0.1492,0.2267,0.2288,0.2267,0.338,0.2851,0.3269,0.2572,0.2974,0.2579,0.1675,0.1904,0.188,0.237,0.2269,0.2574,0.3282,0.344,0.3587,,,0.1864,,No,0.0,0.0,0.0,0.0,-370.0,0,1,0,0,0,0,0,0,0,0,0,0,0,0,0,0,0,0,0,0,0.0,0.0,0.0,2.0,0.0,
100365,0,Cash loans,M,N,Y,0,189000.0,517500.0,504000.0,46500.0,Unaccompanied,Pensioner,Higher education,Civil marriage,House / apartment,0.008027,-20258,365243,-6600.0,-516,,1,0,0,1,1,0,Accountants,2.0,2,3,WEDNESDAY,13,0,0,0,0,0,0,XNA,,0.671718,0.440468,0.1423,0.1696,0.1191,0.13,0.1132,0.1052,0.1706,0.187,0.1415,0.1737,0.2,0.1866,0.2161,0.2322,0.1825,0.1819,0.178,0.1987,0.1984,0.1837,0.1857,0.1167,0.1239,0.1256,0.2059,0.1947,0.1599,0.1908,0.2006,0.1874,0.1821,0.1167,0.1596,0.1835,0.1931,0.1704,0.157,0.1742,0.1687,0.1711,0.1903,0.2278,,block of flats,,,No,2.0,0.0,2.0,0.0,-1724.0,0,1,0,0,0,0,0,0,0,0,0,0,0,0,0,0,0,0,0,0,0.0,0.0,0.0,,0.0,1.0
100366,0,Cash loans,F,N,Y,1,162000.0,1521000.0,1422000.0,101000.0,Unaccompanied,Working,Secondary / secondary special,Married,House / apartment,0.013579,-8589,-2014,-1644.0,-5412,,1,1,0,1,0,0,Core staff,3.0,1,1,WEDNESDAY,11,0,0,0,0,1,0,Business Entity Type 3,0.16741,0.938214,0.658479,0.1873,0.217,0.2332,0.1896,0.2143,0.1928,0.264,0.2669,0.2079,0.3291,0.361,0.3313,0.18,0.1886,0.2227,0.2539,0.2513,0.298,0.2419,0.2271,0.2592,0.291,0.2529,0.2402,0.2393,0.2248,0.2376,0.3391,0.3582,0.3593,0.2073,0.2268,0.2292,0.2115,0.195,0.1837,0.3438,0.3366,0.3637,0.2167,0.208,0.2199,,,,,,0.0,0.0,0.0,0.0,-2186.0,0,1,0,0,0,0,0,0,0,0,0,0,0,0,0,0,0,0,0,0,0.0,0.0,0.0,,0.0,
100367,1,Cash loans,M,N,Y,0,157500.0,630000.0,571500.0,38500.0,Unaccompanied,Working,Secondary / secondary special,Married,House / apartment,0.009465,-20613,-1074,-1285.0,-1633,,1,1,0,1,0,0,Managers,2.0,2,2,SUNDAY,14,0,0,0,0,0,0,Self-employed,,0.502637,0.509709,0.0716,0.1417,0.1011,0.21,0.2066,0.2383,0.1317,0.133,0.0868,0.1729,0.1843,0.1777,0.2294,0.2421,0.2238,0.1226,0.1325,0.0841,0.1157,0.1917,0.1522,0.1414,0.1792,0.182,0.1102,0.1156,0.1366,0.1715,0.1868,0.1675,0.2069,0.1891,0.1977,0.1192,0.1531,0.1761,0.1976,0.1802,0.2095,0.1669,0.1743,0.1884,reg oper account,,0.237,"Stone, brick",,1.0,0.0,1.0,0.0,-2548.0,0,1,0,0,0,0,0,0,0,0,0,0,0,0,0,0,0,0,0,0,0.0,0.0,0.0,,,
100368,0,Cash loans,F,N,Y,0,369000.0,1480500.0,1336500.0,64000.0,Unaccompanied,Working,Secondary / secondary special,Married,House / apartment,0.019208,-11212,-2432,-3186.0,-5886,,1,1,0,1,0,0,,1.0,2,2,FRIDAY,13,0,0,0,0,0,0,Government,,0.954052,0.609149,0.3909,0.4206,0.4219,0.4742,0.4748,0.4838,0.3834,0.3847,0.3963,0.8283,0.8539,0.8516,0.8985,0.8908,0.8767,0.7863,0.7597,0.7514,0.7242,0.7481,0.7049,0.6388,0.6235,0.5973,0.463,0.4781,0.472,0.6693,0.6496,0.6928,0.7854,0.7544,0.794,0.5155,0.5326,0.5576,0.8101,0.8124,0.807,0.6876,0.7123,0.6788,,block of flats,,"Stone, brick",No,3.0,1.0,3.0,0.0,-2326.0,0,0,0,0,0,0,0,0,0,0,0,0,0,0,0,0,0,0,0,0,0.0,,0.0,0.0,0.0,1.0
100369,0,Cash loans,F,N,Y,2,103500.0,427500.0,418500.0,24500.0,Family,Working,Secondary / secondary special,Single / not married,House / apartment,0.020936,-12787,-550,-3622.0,-2224,,1,1,0,1,0,0,Medicine staff,3.0,2,2,WEDNESDAY,8,0,0,0,0,0,0,Business Entity Type 3,0.362085,0.24996,0.351214,0.0405,0.0,0.014,0.0136,0.0299,0.028,0.0372,0.0287,0.0605,0.0178,0.0284,0.0324,0.0521,0.0297,0.0057,0.0038,0.0608,0.0387,0.0556,0.063,0.0419,0.032,0.0,0.0066,0.0366,0.0059,0.035,0.0283,0.0067,0.0201,0.0491,0.0804,0.0386,0.048,0.058,0.0408,0.0356,0.0,0.0183,0.0082,0.0472,0.0239,,,0.0418,Panel,No,1.0,0.0,1.0,0.0,-2850.0,0,1,0,0,0,0,1,0,0,0,0,0,0,0,0,0,0,0,0,0,0.0,0.0,0.0,0.0,,
100370,0,Cash loans,F,N,N,2,297000.0,1201500.0,954000.0,85000.0,"Spouse, partner",Working,Secondary / secondary special,Separated,House / apartment,0.017334,-12949,-1710,-2856.0,-351,,1,1,1,1,0,0,Managers,4.0,2,2,THURSDAY,14,0,0,0,0,0,0,Business Entity Type 3,0.442328,0.685469,,0.31,0.3272,0.2686,0.4081,0.4003,0.4015,0.3972,0.3834,0.3621,0.1931,0.2571,0.2032,0.219,0.187,0.1779,0.2531,0.2599,0.2663,0.2776,0.2784,0.2337,0.3824,0.3717,0.3948,0.2294,0.2174,0.2347,0.3973,0.3717,0.3615,0.3199,0.3257,0.346,0.228,0.2144,0.2151,0.3065,0.3261,0.3169,0.1779,0.1966,0.2105,,block of flats,,Panel,,1.0,0.0,1.0,0.0,-2188.0,0,0,0,0,0,0,0,0,0,0,0,0,0,0,0,0,0,0,0,0,0.0,0.0,0.0,0.0,0.0,3.0
100371,0,Cash loans,F,Y,N,0,99000.0,90000.0,72000.0,3000.0,Unaccompanied,Working,Secondary / secondary special,Civil marriage,House / apartment,0.026302,-10981,-2677,-3611.0,-620,,1,1,0,1,0,0,Sales staff,2.0,2,2,MONDAY,15,0,0,0,1,0,0,Industry: type 3,0.546142,0.638559,0.427149,0.2275,0.2509,0.2233,0.3016,0.299,0.3025,0.3626,0.409,0.3878,0.3086,0.3366,0.3476,0.3485,0.3483,0.3189,0.2992,0.3049,0.2605,0.3055,0.3127,0.333,0.1904,0.1748,0.1964,0.3259,0.2869,0.2839,0.357,0.3421,0.3185,0.3777,0.3871,0.3652,0.2468,0.2832,0.2712,0.2608,0.2528,0.2345,0.1785,0.1925,0.1629,,,,,No,2.0,0.0,2.0,0.0,-1132.0,0,0,0,0,0,0,0,0,0,0,0,0,0,0,0,0,0,0,0,0,,0.0,0.0,0.0,,1.0
100372,0,Cash loans,F,N,N,2,270000.0,949500.0,900000.0,29500.0,Unaccompanied,State servant,Higher education,Married,House / apartment,0.013012,-13916,-953,-4545.0,-4126,,1,1,1,1,1,0,High skill tech staff,3.0,3,3,SATURDAY,19,0,0,0,0,0,0,Business Entity Type 3,,0.9995,,1.0,1.0,0.9824,0.7628,0.7402,0.7735,0.4934,0.5018,0.5268,0.7165,0.7014,0.6946,0.5554,0.5341,0.4738,0.9817,0.9588,0.9232,0.7515,0.7703,0.7922,0.7744,0.7748,0.7905,1.0,1.0,0.999,0.8699,0.9097,0.8875,0.6858,0.6949,0.6856,0.9424,0.9486,0.9451,0.7415,0.7974,0.7807,0.5181,0.5816,0.5742,reg oper account,,,Panel,No,,0.0,4.0,0.0,-227.0,0,1,0,0,0,0,0,0,0,0,0,0,0,0,0,0,0,0,0,0,0.0,0.0,,,0.0,2.0
100373,0,Cash loans,F,N,Y,0,288000.0,531000.0,427500.0,17500.0,Family,Commercial associate,Secondary / secondary special,Married,House / apartment,0.018175,-14871,-2535,-5208.0,-76,,1,1,0,1,0,0,Laborers,2.0,2,2,THURSDAY,12,0,0,0,0,0,0,XNA,,0.317923,0.147652,0.1301,0.133,0.1143,0.1529,0.1494,0.1786,0.1588,0.1542,0.1619,0.1456,0.1862,0.2032,0.1106,0.1021,0.134,0.2097,0.1665,0.2265,0.1275,0.0877,0.1432,0.2094,0.2053,0.1923,0.1982,0.2115,0.1838,0.1006,0.1034,0.0944,0.1397,0.1297,0.131,0.1246,0.1333,0.1545,0.0946,0.132,0.1129,0.1345,0.162,0.1579,,,,"Stone, brick",No,2.0,0.0,2.0,0.0,-1583.0,0,1,0,0,0,0,0,0,0,0,0,0,0,0,0,0,0,0,0,0,0.0,0.0,0.0,,0.0,3.0
100374,0,Cash loans,F,N,Y,0,126000.0,1201500.0,1030500.0,65500.0,Unaccompanied,Pensioner,Secondary / secondary special,Married,House / apartment,0.010039,-24754,365243,-15928.0,-5695,,1,0,0,1,0,0,Sales staff,1.0,2,2,THURSDAY,18,0,0,0,0,0,0,Business Entity Type 1,,0.733737,0.644417,0.2502,0.3171,0.2358,0.1391,0.1491,0.1209,0.1451,0.1478,0.1239,0.1613,0.1576,0.1507,0.2364,0.2269,0.276,0.1083,0.1135,0.1005,0.2833,0.2638,0.2806,0.2435,0.2648,0.2401,0.2533,0.2626,0.2191,0.2464,0.2559,0.2644,0.29,0.3054,0.2796,0.2409,0.2108,0.2269,0.1681,0.166,0.1573,0.2249,0.1959,0.172,reg oper account,block of flats,,"Stone, brick",,1.0,0.0,1.0,0.0,-2920.0,0,1,0,0,0,0,0,0,0,0,0,0,0,0,0,0,0,0,0,0,1.0,0.0,0.0,0.0,0.0,3.0
100375,1,Cash loans,F,N,Y,0,364500.0,3402000.0,2844000.0,95500.0,Unaccompanied,Pensioner,Secondary / secondary special,Separated,House / apartment,0.022309,-23597,365243,-10322.0,-1533,,1,0,0,1,1,0,,1.0,3,3,TUESDAY,11,0,0,0,0,1,0,XNA,,0.510706,0.728327,0.2395,0.179,0.2113,0.2148,0.2084,0.2148,0.2155,0.1861,0.1777,0.1307,0.1884,0.154,0.2382,0.22,0.2407,0.1472,0.1641,0.1504,0.1609,0.1661,0.1727,0.2294,0.236,0.2528,0.1114,0.1225,0.1049,0.2318,0.2076,0.2039,0.171,0.1919,0.1639,0.2133,0.2243,0.2116,0.1968,0.1587,0.205,0.1554,0.1463,0.1061,org spec account,block of flats,,Panel,No,2.0,0.0,2.0,0.0,-124.0,0,0,0,0,0,0,0,0,0,0,0,0,0,0,0,0,0,0,0,0,0.0,0.0,0.0,0.0,0.0,3.0
100376,0,Cash loans,F,N,Y,3,189000.0,1179000.0,976500.0,41500.0,Unaccompanied,State servant,Secondary / secondary special,Married,House / apartment,0.019601,-12630,-6056,-897.0,-3647,,1,1,1,1,0,0,Managers,4.0,2,2,WEDNESDAY,20,0,0,0,1,0,0,XNA,,0.39267,0.489535,0.5852,0.5971,0.5652,0.9886,0.9831,0.9388,0.8882,0.8554,0.8709,0.9779,0.9887,1.0,0.4956,0.5141,0.4948,0.9066,0.9517,0.9018,1.0,1.0,1.0,0.7102,0.7046,0.7275,0.6645,0.6344,0.6496,0.8821,0.9121,0.853,0.8135,0.7974,0.8576,0.7946,0.798,0.81,0.7143,0.6966,0.6602,0.6737,0.6875,0.6824,,block of flats,,"Stone, brick",No,2.0,0.0,2.0,0.0,-3897.0,0,1,0,0,0,0,0,0,0,0,0,0,0,0,0,0,0,0,0,0,,0.0,0.0,0.0,0.0,
100377,0,Revolving loans,F,N,N,2,90000.0,306000.0,238500.0,11000.0,Unaccompanied,Commercial associate,Higher education,Widow,House / apartment,0.008894,-17281,-1424,-998.0,-2662,,1,1,0,1,1,0,Medicine staff,4.0,2,2,TUESDAY,10,0,0,0,0,0,0,Business Entity Type 3,,0.399056,0.35493,0.0428,0.0244,0.0615,0.1067,0.0989,0.0949,0.0912,0.1001,0.1085,0.0346,0.0814,0.0482,0.1053,0.1149,0.0789,0.0835,0.1074,0.1241,0.062,0.0852,0.0879,0.068,0.0457,0.0304,0.0873,0.0865,0.0824,0.1244,0.0903,0.1299,0.115,0.1098,0.1197,0.1002,0.0952,0.0892,0.096,0.0656,0.0635,0.0591,0.0733,0.0928,,,0.1052,,No,1.0,0.0,1.0,0.0,-3019.0,0,0,0,0,0,0,0,0,0,0,0,0,0,0,0,0,0,0,0,0,0.0,0.0,,0.0,,6.0
100378,0,Cash loans,M,N,Y,0,121500.0,270000.0,243000.0,16500.0,Unaccompanied,Working,Secondary / secondary special,Civil marriage,House / apartment,0.016986,-15943,-2056,-3684.0,-282,,1,1,0,1,0,0,,1.0,2,2,THURSDAY,14,0,0,1,0,0,0,School,0.374501,0.511322,0.723278,0.3406,0.3387,0.2966,0.3524,0.3405,0.3643,0.2312,0.2372,0.2444,0.4055,0.4084,0.4529,0.3345,0.3472,0.317,0.269,0.2913,0.2515,0.2966,0.3339,0.3259,0.3337,0.3355,0.2919,0.2016,0.2464,0.2547,0.1888,0.1887,0.2066,0.3388,0.3744,0.3466,0.1941,0.2013,0.2045,0.1632,0.2053,0.1885,0.3127,0.2703,0.2958,,block of flats,,Panel,,2.0,0.0,2.0,0.0,-1088.0,0,1,0,0,0,0,0,0,0,0,0,0,0,0,0,0,0,0,0,0,0.0,0.0,0.0,0.0,0.0,1.0
100379,0,Cash loans,F,N,N,0,274500.0,747000.0,643500.0,43500.0,Unaccompanied,Pensioner,Secondary / secondary special,Single / not married,House / apartment,0.018267,-24668,365243,-2382.0,-4217,,1,0,0,1,0,0,Core staff,2.0,2,2,THURSDAY,13,0,0,0,0,0,0,Business Entity Type 2,,0.314456,0.257412,0.2807,0.2773,0.252,0.2185,0.2507,0.1747,0.2071,0.2127,0.1964,0.1774,0.1971,0.1976,0.1462,0.1279,0.1701,0.1815,0.1812,0.18,0.2196,0.2519,0.2204,0.1382,0.1814,0.1491,0.1894,0.2295,0.2207,0.2543,0.257,0.2379,0.2433,0.2294,0.2393,0.2944,0.2865,0.2844,0.2129,0.2482,0.2525,0.2596,0.2468,0.227,,block of flats,,Panel,No,3.0,0.0,3.0,0.0,-2162.0,0,1,0,0,0,0,0,0,0,0,0,0,0,0,0,0,0,0,0,0,0.0,0.0,0.0,0.0,,2.0
100380,0,Cash loans,M,N,Y,0,243000.0,2758500.0,2457000.0,114000.0,Unaccompanied,Commercial associate,Higher education,Single / not married,Office apartment,0.022259,-18837,-3025,-7440.0,-89,,1,1,0,1,0,0,Laborers,2.0,2,2,WEDNESDAY,17,0,0,0,0,0,0,XNA,0.545561,0.496987,0.400866,0.222,0.2343,0.2458,0.1859,0.1711,0.164,0.217,0.2145,0.232,0.2832,0.2894,0.294,0.1413,0.1936,0.1629,0.2075,0.207,0.2136,0.289,0.2778,0.275,0.2053,0.2317,0.2813,0.2465,0.1807,0.2257,0.1647,0.1261,0.1656,0.3167,0.2929,0.3277,0.2918,0.2752,0.2646,0.2456,0.2645,0.2602,0.197,0.2165,0.214,,,,Panel,No,1.0,0.0,1.0,0.0,-3021.0,0,1,0,0,0,0,0,0,0,0,0,0,0,0,0,0,0,0,0,0,,0.0,0.0,0.0,2.0,3.0
100381,0,Cash loans,M,N,N,0,81000.0,216000.0,180000.0,12500.0,Unaccompanied,Working,Higher education,Married,House / apartment,0.022777,-17172,-1117,-8343.0,-4781,,1,1,0,1,1,0,,2.0,3,3,WEDNESDAY,16,0,0,0,0,0,1,Other,0.365092,0.308993,0.187207,0.3205,0.3743,0.3697,0.5144,0.5189,0.5032,0.4961,0.5286,0.5274,0.3449,0.2933,0.3585,0.5466,0.5427,0.5805,0.5279,0.515,0.5522,0.5315,0.5497,0.5296,0.2734,0.2717,0.3137,0.3829,0.3997,0.3675,0.1943,0.2484,0.2408,0.3365,0.3102,0.3053,0.5183,0.5199,0.5368,0.2417,0.3036,0.2851,0.5342,0.5416,0.5505,,block of flats,0.3281,Panel,,1.0,0.0,1.0,0.0,-2022.0,0,1,0,0,0,0,0,0,0,0,0,0,0,0,0,0,0,0,0,0,,0.0,0.0,0.0,1.0,1.0
100382,0,Revolving loans,M,N,N,1,135000.0,144000.0,139500.0,4500.0,Children,Working,Secondary / secondary special,Married,House / apartment,0.011958,-11107,-4532,-809.0,-3024,,1,1,0,1,1,0,Sales staff,3.0,2,2,MONDAY,9,0,0,0,0,1,1,Business Entity Type 3,,0.455137,0.656629,0.3727,0.4344,0.3689,0.4519,0.4642,0.4742,0.4667,0.5136,0.4753,0.6058,0.6151,0.5744,0.4485,0.4696,0.4623,0.7409,0.7914,0.787,0.5961,0.6285,0.6113,0.8049,0.7454,0.7521,0.411,0.4036,0.4537,0.7023,0.6621,0.6688,0.5717,0.5638,0.5787,0.8101,0.7898,0.7629,0.4847,0.4874,0.5125,0.7993,0.7966,0.7904,,,,Wooden,No,2.0,0.0,2.0,0.0,-3675.0,0,0,0,0,0,0,0,0,0,0,0,0,0,0,0,0,0,0,0,0,,0.0,0.0,0.0,1.0,
100383,0,Cash loans,M,N,Y,0,166500.0,1143000.0,1026000.0,59500.0,Unaccompanied,Working,Secondary / secondary special,Married,House / apartment,0.030024,-14823,-485,-7271.0,-1814,,1,1,0,1,1,0,Laborers,1.0,3,3,TUESDAY,11,0,0,0,0,0,1,Business Entity Type 3,,0.883593,0.667887,0.5509,0.5239,0.542,0.3885,0.3893,0.4117,0.4364,0.4082,0.4447,0.3621,0.4362,0.3742,0.4111,0.4048,0.3654,0.4994,0.4776,0.4753,0.4673,0.4364,0.4413,0.3506,0.3439,0.353,0.627,0.5552,0.5884,0.2956,0.3101,0.2992,0.3169,0.2908,0.2963,0.5957,0.5587,0.5674,0.5648,0.5365,0.5182,0.5061,0.5178,0.5053,,block of flats,0.5706,Panel,No,5.0,0.0,5.0,0.0,-3546.0,0,0,0,0,0,0,0,0,0,0,0,0,0,0,0,0,0,0,0,0,0.0,0.0,,0.0,0.0,0.0
100384,0,Cash loans,F,N,N,1,112500.0,1003500.0,976500.0,69000.0,Unaccompanied,Working,Higher education,Married,House / apartment,0.025863,-14316,-2769,-5148.0,-5639,,1,1,0,1,0,0,Accountants,3.0,2,2,SATURDAY,19,1,0,0,0,0,0,Trade: type 7,0.654973,0.462139,0.564433,0.2754,0.3009,0.2389,0.3896,0.3748,0.4093,0.4713,0.4697,0.4309,0.3771,0.4011,0.3856,0.2927,0.2794,0.2486,0.3252,0.3035,0.32,0.3187,0.3151,0.3237,0.2794,0.2939,0.2513,0.4756,0.4841,0.4958,0.3135,0.2553,0.2856,0.3458,0.4028,0.3671,0.3472,0.3979,0.362,0.2254,0.2156,0.22,0.4528,0.4909,0.4623,,,,Block,,5.0,0.0,5.0,0.0,-4089.0,0,1,0,0,0,0,0,0,0,0,0,0,0,0,0,0,0,0,0,0,0.0,,0.0,0.0,0.0,1.0
100385,0,Cash loans,F,N,Y,0,535500.0,4050000.0,3442500.0,278500.0,Unaccompanied,Pensioner,Secondary / secondary special,Single / not married,Rented apartment,0.011933,-21313,365243,-14499.0,-1219,,1,0,0,1,0,0,Security staff,2.0,3,3,SATURDAY,12,0,0,0,0,0,0,Industry: type 3,0.724048,0.633101,0.507638,0.3119,0.3038,0.3091,0.5,0.4647,0.4865,0.3363,0.34,0.3513,0.2678,0.2692,0.272,0.3055,0.328,0.3501,0.2944,0.2839,0.3094,0.2763,0.2921,0.2706,0.4694,0.4781,0.4838,0.4287,0.4538,0.4606,0.47,0.4595,0.4937,0.4241,0.4092,0.423,0.4104,0.4156,0.3978,0.3323,0.3141,0.3138,0.4156,0.3944,0.378,,,0.33,Panel,,0.0,0.0,0.0,0.0,-418.0,0,1,0,0,0,0,0,0,0,0,0,0,0,0,0,0,0,0,0,0,0.0,0.0,0.0,1.0,0.0,3.0
100386,0,Revolving loans,F,N,N,0,166500.0,1147500.0,895500.0,83000.0,Unaccompanied,Working,Higher education,Married,House / apartment,0.009208,-20412,-3332,-1441.0,-1673,,1,1,0,1,0,0,Sales staff,1.0,2,2,THURSDAY,15,0,0,0,0,1,0,School,,0.513224,0.536157,0.3911,0.3881,0.4042,0.609,0.6402,0.6125,0.4786,0.4758,0.4731,0.4858,0.483,0.5001,0.4694,0.4812,0.4405,0.3787,0.4191,0.4098,0.6459,0.6233,0.6815,0.4794,0.4723,0.489,0.446,0.456,0.4321,0.6752,0.7192,0.6341,0.3933,0.3938,0.3602,0.5425,0.5494,0.5227,0.4837,0.5216,0.5165,0.3856,0.4264,0.4027,,block of flats,0.4905,Panel,No,1.0,0.0,1.0,0.0,-1640.0,0,1,0,0,0,0,0,0,0,0,0,0,0,0,0,0,0,0,0,0,0.0,0.0,0.0,0.0,0.0,
100387,0,Cash loans,M,N,N,0,144000.0,1089000.0,1021500.0,47000.0,Unaccompanied,Working,Secondary / secondary special,Separated,House / apartment,0.012512,-8973,-1511,-814.0,-3874,,1,1,0,1,0,0,Managers,1.0,2,2,SATURDAY,9,0,0,1,0,0,0,Government,,0.557934,,0.2426,0.2707,0.2494,0.2186,0.2064,0.1673,0.1851,0.1922,0.1497,0.1611,0.1624,0.1359,0.1709,0.199,0.1841,0.2162,0.2136,0.2431,0.1343,0.1181,0.1744,0.1409,0.1512,0.1772,0.2793,0.2545,0.2289,0.1613,0.1416,0.1551,0.1583,0.229,0.2109,0.2409,0.2073,0.2386,0.2604,0.2868,0.3269,0.1893,0.1954,0.1707,,,,,No,0.0,0.0,0.0,0.0,-443.0,0,0,0,0,1,0,0,0,0,0,0,0,0,0,0,0,0,0,0,0,0.0,0.0,0.0,0.0,0.0,
100388,0,Revolving loans,F,N,N,4,283500.0,1138500.0,1075500.0,113000.0,Unaccompanied,Working,Higher education,Civil marriage,House / apartment,0.007509,-21579,-2684,-8041.0,-2101,,1,1,0,1,0,1,,6.0,2,2,THURSDAY,11,0,0,0,0,0,0,Medicine,0.522587,0.424433,0.49302,0.1532,0.1607,0.1587,0.119,0.1366,0.1084,0.2229,0.1956,0.1935,0.2144,0.2488,0.207,0.1235,0.0962,0.1235,0.1555,0.1627,0.1706,0.2118,0.2063,0.263,0.0864,0.092,0.0892,0.175,0.2114,0.1808,0.2234,0.2185,0.2306,0.1427,0.1402,0.1489,0.2184,0.2212,0.1771,0.1894,0.2247,0.1935,0.2324,0.2296,0.2269,reg oper account,,,"Stone, brick",,1.0,0.0,1.0,0.0,-2565.0,0,1,0,0,0,0,0,0,0,0,0,0,0,0,0,0,1,0,0,0,0.0,0.0,0.0,0.0,0.0,1.0
100389,0,Cash loans,F,Y,N,0,121500.0,153000.0,121500.0,6000.0,Unaccompanied,Pensioner,Secondary / secondary special,Married,House / apartment,0.021274,-22005,365243,-10568.0,-2920,5.0,1,0,0,1,0,0,,2.0,2,2,MONDAY,10,0,0,0,0,0,0,Business Entity Type 3,,0.052462,,0.6158,0.6331,0.565,0.4519,0.4663,0.4825,0.4263,0.4496,0.479,0.296,0.3391,0.2998,0.6195,0.593,0.6555,0.4152,0.3868,0.4004,0.5926,0.6166,0.6231,0.595,0.5997,0.5777,0.4837,0.4946,0.5151,0.4335,0.403,0.4404,0.5029,0.4929,0.4967,0.6254,0.6694,0.651,0.621,0.6086,0.6565,0.3943,0.3585,0.4119,,,0.5618,"Stone, brick",No,3.0,0.0,3.0,0.0,-1970.0,0,1,0,0,0,0,0,0,0,0,0,0,0,0,0,0,0,0,0,0,0.0,0.0,0.0,0.0,0.0,1.0
100390,0,Cash loans,M,Y,Y,0,256500.0,1017000.0,922500.0,53500.0,Unaccompanied,Working,Secondary / secondary special,Married,House / apartment,0.038952,-18064,-697,-10102.0,-4775,,1,1,0,1,1,1,,2.0,2,2,THURSDAY,15,0,0,0,0,0,1,Self-employed,0.639944,0.539323,0.395599,0.3715,0.3388,0.3664,0.7189,0.6684,0.719,0.6485,0.6448,0.6974,0.538,0.5394,0.5113,0.4996,0.505,0.5006,0.4552,0.4603,0.4646,0.7153,0.7399,0.7663,0.6976,0.6658,0.6959,0.5022,0.4485,0.5135,0.4397,0.4428,0.4218,0.4203,0.4579,0.464,0.5543,0.5568,0.5546,0.527,0.5614,0.5467,0.5336,0.504,0.5328,reg oper account,block of flats,,Panel,,1.0,1.0,1.0,0.0,-2485.0,0,0,0,0,1,0,0,0,0,0,0,0,0,0,0,0,0,0,0,0,0.0,0.0,0.0,0.0,0.0,0.0
100391,0,Cash loans,F,Y,N,0,58500.0,319500.0,292500.0,12000.0,"Spouse, partner",Working,Higher education,Married,House / apartment,0.045145,-11767,-1166,-4423.0,-5480,,1,1,0,1,0,0,Sales staff,2.0,2,2,TUESDAY,14,0,0,0,0,1,0,Medicine,,0.523244,0.334237,0.3965,0.3973,0.4073,0.2832,0.2389,0.2992,0.4113,0.3395,0.3827,0.2813,0.3019,0.2871,0.3042,0.2861,0.3001,0.3347,0.3545,0.3596,0.3523,0.3138,0.3104,0.3582,0.3582,0.3929,0.4061,0.4355,0.4247,0.2844,0.2074,0.2403,0.3963,0.3934,0.367,0.3093,0.287,0.268,0.2503,0.2739,0.2756,0.3803,0.4338,0.4379,reg oper account,block of flats,0.3513,Panel,No,1.0,0.0,1.0,0.0,-1048.0,0,0,0,0,0,0,0,0,0,0,0,0,0,0,0,0,0,0,0,0,0.0,0.0,0.0,0.0,0.0,1.0
100392,0,Cash loans,F,N,Y,2,112500.0,409500.0,333000.0,11000.0,Family,Pensioner,Higher education,Married,House / apartment,0.009517,-23553,365243,-2251.0,-4809,,1,0,1,1,0,0,Core staff,3.0,2,2,WEDNESDAY,16,0,0,0,0,0,0,Business Entity Type 2,0.350005,0.335268,0.701795,0.642,0.6318,0.6452,0.5048,0.515,0.5258,0.4907,0.528,0.5211,0.3964,0.3865,0.4173,0.3995,0.4542,0.4246,0.5971,0.5846,0.6365,0.4829,0.5409,0.5147,0.6216,0.6055,0.6088,0.6076,0.66,0.6366,0.5359,0.5537,0.514,0.2981,0.3157,0.3273,0.4793,0.4536,0.4346,0.5785,0.5911,0.5722,0.343,0.3751,0.358,reg oper account,,,,,3.0,0.0,3.0,0.0,-2891.0,0,0,0,0,0,0,0,0,0,0,0,0,0,0,0,0,0,0,0,0,0.0,0.0,0.0,0.0,0.0,
100393,0,Cash loans,M,N,Y,1,261000.0,922500.0,823500.0,25500.0,Unaccompanied,Pensioner,Secondary / secondary special,Single / not married,Office apartment,0.030458,-22351,365243,-4723.0,-482,,1,0,0,1,0,0,Laborers,3.0,2,2,THURSDAY,9,0,0,0,0,1,0,Government,,0.648916,0.435047,0.7217,0.7743,0.7275,0.4273,0.4018,0.4215,0.6634,0.6791,0.649,0.3984,0.3881,0.3714,0.3764,0.3721,0.3759,0.4865,0.4714,0.5068,0.7864,0.7633,0.796,0.6474,0.6325,0.641,0.4394,0.4175,0.412,0.6711,0.7026,0.6745,0.5624,0.5996,0.5779,0.7016,0.6969,0.7148,0.6105,0.6021,0.6394,0.5028,0.5816,0.5312,reg oper account,,0.779,,,1.0,1.0,1.0,,-3035.0,0,1,0,0,0,0,0,0,0,0,0,0,0,0,0,0,0,0,0,0,,0.0,0.0,1.0,1.0,0.0
100394,0,Cash loans,F,N,Y,1,346500.0,796500.0,661500.0,29000.0,Unaccompanied,Working,Secondary / secondary special,Single / not married,House / apartment,0.019706,-8027,-1452,-917.0,-5661,,1,1,0,1,0,0,Laborers,3.0,2,2,TUESDAY,14,0,0,0,0,1,0,XNA,,0.779632,0.457138,0.1617,0.1425,0.1354,0.2968,0.2403,0.2858,0.1743,0.1386,0.1275,0.2669,0.2855,0.2502,0.1964,0.2403,0.2137,0.2514,0.2977,0.2639,0.1901,0.1961,0.2301,0.1819,0.1342,0.1482,0.2164,0.2082,0.1957,0.3055,0.3195,0.3379,0.3007,0.2997,0.3048,0.2587,0.2139,0.2448,0.1918,0.2249,0.1823,0.2713,0.2781,0.2871,,block of flats,,,,2.0,0.0,2.0,0.0,-1706.0,0,1,0,0,0,0,0,0,0,0,0,0,0,0,0,0,0,0,0,0,0.0,0.0,0.0,1.0,0.0,2.0
100395,0,Cash loans,F,N,N,0,94500.0,211500.0,166500.0,9500.0,Unaccompanied,Commercial associate,Higher education,Single / not married,House / apartment,0.004234,-7983,-705,-83.0,-2524,,1,1,0,1,0,0,Laborers,2.0,2,2,FRIDAY,12,0,0,0,0,1,0,Self-employed,,0.271504,0.668675,0.2775,0.3037,0.2964,0.3074,0.3059,0.2887,0.2237,0.1735,0.2125,0.2299,0.2315,0.2296,0.2834,0.2874,0.3071,0.302,0.2955,0.3116,0.2162,0.203,0.2108,0.3805,0.3679,0.3342,0.1368,0.1897,0.1772,0.2366,0.1757,0.1943,0.4042,0.3489,0.3553,0.1738,0.1426,0.1793,0.2673,0.26,0.2309,0.2387,0.2058,0.2484,,,,Block,No,1.0,0.0,1.0,0.0,-1423.0,0,1,0,0,0,0,0,0,0,0,0,0,0,0,0,0,0,0,0,0,0.0,0.0,0.0,0.0,1.0,2.0
100396,0,Cash loans,M,N,Y,1,90000.0,963000.0,918000.0,31000.0,Family,Working,Secondary / secondary special,Married,House / apartment,0.015217,-16263,-9688,-9146.0,-5032,,1,1,0,1,0,0,Sales staff,2.0,2,2,WEDNESDAY,4,0,0,0,0,1,0,Trade: type 7,0.335613,0.424619,0.509323,0.3868,0.4333,0.3908,0.3483,0.3731,0.3527,0.2959,0.2575,0.2915,0.2784,0.2958,0.2856,0.2532,0.2266,0.2406,0.3157,0.2954,0.2832,0.2144,0.1988,0.204,0.3115,0.3413,0.2949,0.3302,0.3461,0.3366,0.2862,0.3379,0.3767,0.4199,0.394,0.3902,0.3108,0.3099,0.3552,0.2869,0.2844,0.3059,0.3584,0.3467,0.357,reg oper account,,,,No,1.0,1.0,1.0,0.0,-2737.0,0,1,0,0,1,0,0,0,0,0,0,0,0,0,0,0,0,0,0,0,0.0,0.0,0.0,0.0,,1.0
100397,0,Cash loans,F,N,Y,0,202500.0,2214000.0,1944000.0,58500.0,Family,State servant,Secondary / secondary special,Civil marriage,House / apartment,0.014203,-9801,-2511,-2148.0,-1715,,1,1,0,1,1,0,Cooking staff,2.0,2,2,MONDAY,14,0,1,0,0,0,0,Self-employed,,0.636602,,0.5138,0.4877,0.5273,0.3004,0.333,0.3227,0.5274,0.4902,0.4863,0.5357,0.4977,0.5511,0.5971,0.5583,0.5521,0.4555,0.4597,0.4841,0.2882,0.2659,0.2629,0.2945,0.2877,0.3148,0.3488,0.3916,0.3944,0.4171,0.46,0.4068,0.2835,0.2861,0.2548,0.4779,0.4901,0.4753,0.5014,0.5158,0.5106,0.5414,0.5961,0.5579,,block of flats,,Panel,,1.0,1.0,1.0,0.0,-4108.0,0,1,0,0,0,0,0,0,0,0,0,0,0,0,0,0,0,0,0,0,0.0,0.0,0.0,,0.0,0.0
100398,0,Cash loans,F,N,N,1,103500.0,405000.0,378000.0,16500.0,Unaccompanied,Commercial associate,Secondary / secondary special,Married,House / apartment,0.039616,-7872,-966,-1001.0,-3563,,1,1,0,1,0,0,,3.0,2,2,MONDAY,16,0,0,0,1,1,0,XNA,0.241137,0.266963,0.05161,0.3638,0.3844,0.3957,0.352,0.3271,0.3234,0.2113,0.1874,0.1678,0.295,0.3266,0.311,0.4304,0.406,0.4454,0.1949,0.2594,0.2532,0.2261,0.2126,0.276,0.2831,0.2762,0.3145,0.3479,0.3345,0.3308,0.2698,0.2877,0.2947,0.4085,0.3943,0.4043,0.3692,0.3683,0.3351,0.3146,0.366,0.3499,0.3194,0.3196,0.3142,,,,,No,0.0,0.0,0.0,0.0,-2006.0,0,1,0,0,0,0,1,0,0,0,0,0,0,0,0,0,0,0,0,0,0.0,0.0,0.0,0.0,0.0,2.0
100399,0,Cash loans,F,N,Y,0,126000.0,571500.0,526500.0,44000.0,Family,Commercial associate,Secondary / secondary special,Widow,House / apartment,0.010897,-21456,-2751,-12993.0,-5787,,1,1,0,1,0,0,,2.0,2,2,TUESDAY,17,0,0,0,0,0,0,Business Entity Type 3,,0.403552,0.522392,0.748,0.7753,0.7908,0.4321,0.4257,0.4582,0.5104,0.4825,0.5212,0.6068,0.5846,0.6402,0.7175,0.6927,0.7119,0.6882,0.6174,0.6287,0.7175,0.6978,0.667,0.6804,0.6493,0.6952,0.3302,0.3581,0.3405,0.5193,0.5424,0.5587,0.6145,0.5849,0.6209,0.4001,0.4037,0.3817,0.4668,0.4662,0.4235,0.4795,0.5163,0.5179,,block of flats,0.7576,,No,0.0,0.0,0.0,0.0,-1819.0,0,1,0,0,0,0,0,0,0,0,0,0,0,0,0,0,0,0,0,0,0.0,,0.0,0.0,1.0,
100400,0,Cash loans,M,N,Y,0,238500.0,544500.0,531000.0,16500.0,Unaccompanied,Working,Higher education,Civil marriage,Office apartment,0.026513,-16685,-2325,-902.0,-5632,,1,1,0,1,0,0,Core staff,2.0,1,1,WEDNESDAY,12,0,0,0,0,0,1,Self-employed,0.53982,0.718363,0.729103,0.146,0.1442,0.1537,0.1917,0.2298,0.2034,0.2339,0.2422,0.2481,0.1441,0.141,0.1613,0.2302,0.2384,0.2425,0.2101,0.2678,0.2403,0.1794,0.1955,0.198,0.2957,0.2799,0.3129,0.179,0.163,0.1568,0.1644,0.1738,0.1559,0.2616,0.2731,0.2672,0.3041,0.2832,0.2665,0.1298,0.1513,0.1092,0.1354,0.1297,0.0994,,,0.2539,Panel,No,2.0,0.0,2.0,0.0,-2102.0,0,1,0,0,0,0,1,0,0,0,0,0,0,0,0,0,0,0,0,0,0.0,0.0,0.0,0.0,0.0,5.0
100401,0,Cash loans,F,Y,Y,4,108000.0,598500.0,517500.0,58000.0,Unaccompanied,Commercial associate,Secondary / secondary special,Single / not married,House / apartment,0.017499,-7825,-1250,-375.0,-3925,24.0,1,1,1,1,0,0,Sales staff,6.0,2,2,MONDAY,15,0,0,0,0,0,0,Government,,0.56654,,0.0561,0.0844,0.0316,0.0758,0.1065,0.0633,0.0448,0.044,0.0529,0.0778,0.0984,0.0892,0.0711,0.0341,0.0889,0.0916,0.0908,0.0817,0.0833,0.0809,0.0724,0.118,0.0753,0.0722,0.0831,0.0747,0.0854,0.1009,0.1138,0.0942,0.0783,0.1035,0.061,0.0301,0.0377,0.0839,0.0847,0.0838,0.0821,0.0465,0.0246,0.0676,,block of flats,,"Stone, brick",,2.0,0.0,2.0,0.0,-2073.0,0,1,0,0,0,0,0,0,0,0,0,0,0,0,0,0,0,0,0,0,0.0,0.0,0.0,0.0,0.0,4.0
100402,0,Revolving loans,M,N,Y,3,49500.0,508500.0,441000.0,15500.0,Unaccompanied,Working,Secondary / secondary special,Married,House / apartment,0.00763,-14658,-1343,-4441.0,-3686,,1,1,0,1,0,0,,5.0,2,2,TUESDAY,14,0,0,0,0,0,1,XNA,,0.667217,0.703486,0.0661,0.0318,0.0531,0.0866,0.0513,0.0394,0.0652,0.1107,0.0689,0.0704,0.0509,0.0263,0.0471,0.0673,0.0526,0.0802,0.0377,0.0535,0.0461,0.0649,0.0615,0.1028,0.0721,0.075,0.0396,0.0626,0.0838,0.0948,0.0786,0.0376,0.0964,0.0214,0.0809,0.0856,0.0225,0.0323,0.0602,0.0452,0.058,0.0738,0.0749,0.0716,reg oper account,block of flats,,,No,3.0,0.0,3.0,0.0,-1130.0,0,0,0,0,0,0,0,0,0,0,0,0,0,0,0,0,0,0,0,0,0.0,0.0,0.0,0.0,1.0,3.0
100403,0,Cash loans,M,Y,N,0,72000.0,121500.0,103500.0,9500.0,Unaccompanied,Working,Secondary / secondary special,Civil marriage,House / apartment,0.013279,-9914,-3340,-2543.0,-176,,1,1,0,1,0,0,Core staff,2.0,2,2,WEDNESDAY,10,0,0,0,0,0,0,Business Entity Type 2,,0.609099,0.551793,0.538,0.5675,0.6002,0.6195,0.6024,0.6423,0.3851,0.4561,0.4147,0.4324,0.4495,0.4037,0.4219,0.4392,0.4641,0.5187,0.4845,0.4518,0.4432,0.4249,0.3965,0.6167,0.6403,0.6624,0.4527,0.4756,0.464,0.5352,0.5405,0.4968,0.6084,0.6365,0.6453,0.5753,0.5356,0.5598,0.5509,0.5927,0.5242,0.5233,0.5108,0.5138,,block of flats,0.4185,,,2.0,0.0,2.0,0.0,-3230.0,0,0,0,0,0,0,0,0,0,0,0,0,0,0,0,0,0,0,0,0,,0.0,0.0,0.0,0.0,1.0
100404,0,Cash loans,F,N,Y,0,148500.0,747000.0,675000.0,56500.0,Unaccompanied,Commercial associate,Secondary / secondary special,Married,House / apartment,0.048334,-19140,-10131,-8215.0,-3609,,1,1,0,1,0,0,Sales staff,2.0,2,2,TUESDAY,9,0,0,0,0,0,0,Bank,,0.453183,0.604861,0.1325,0.0687,0.0925,0.2258,0.2933,0.208,0.1409,0.1096,0.1285,0.147,0.1263,0.1916,0.1146,0.1487,0.088,0.189,0.2181,0.1758,0.0928,0.0891,0.11,0.153,0.1404,0.1617,0.1521,0.1594,0.1526,0.1836,0.1644,0.1752,0.2013,0.2033,0.2106,0.1605,0.1316,0.1478,0.1396,0.154,0.1264,0.1279,0.1323,0.1613,,block of flats,0.1375,Panel,,0.0,0.0,0.0,0.0,-474.0,0,1,0,0,0,0,0,0,0,0,0,0,0,0,0,0,0,0,0,0,0.0,0.0,0.0,0.0,1.0,4.0
100405,0,Revolving loans,F,N,Y,2,54000.0,283500.0,247500.0,8500.0,Unaccompanied,Pensioner,Secondary / secondary special,Married,House / apartment,0.016794,-23460,365243,-883.0,-2522,,1,0,0,1,1,1,,3.0,2,2,THURSDAY,12,0,0,0,0,1,0,Business Entity Type 3,0.223995,0.223991,0.367133,0.4072,0.4217,0.4029,0.3409,0.3612,0.3289,0.3526,0.3047,0.3121,0.2767,0.2469,0.2667,0.3574,0.3629,0.3514,0.2471,0.1977,0.2167,0.3463,0.3568,0.3348,0.2386,0.2542,0.2379,0.1886,0.1956,0.2216,0.2235,0.2122,0.2541,0.2939,0.2897,0.2856,0.3435,0.304,0.2815,0.3,0.3275,0.2959,0.372,0.3894,0.3454,,block of flats,,,,0.0,0.0,0.0,0.0,-4142.0,0,1,0,0,0,0,0,0,0,0,0,0,0,0,0,0,0,0,0,0,,0.0,0.0,1.0,0.0,0.0
100406,0,Cash loans,F,N,N,3,126000.0,657000.0,607500.0,21500.0,Unaccompanied,Working,Secondary / secondary special,Married,House / apartment,0.032791,-12954,-6162,-3460.0,-93,,1,1,0,1,0,0,Sales staff,4.0,1,1,FRIDAY,11,0,0,0,0,0,0,Other,0.508202,0.50372,0.449565,0.2823,0.2515,0.2612,0.272,0.2669,0.256,0.2688,0.256,0.2737,0.1949,0.1648,0.1719,0.2223,0.2332,0.2584,0.4042,0.3896,0.4267,0.3585,0.3814,0.3544,0.242,0.2318,0.2061,0.1797,0.2251,0.2073,0.3118,0.2829,0.2831,0.2618,0.187,0.2315,0.2947,0.2652,0.3103,0.2229,0.2159,0.211,0.2182,0.2384,0.2348,reg oper account,block of flats,0.3179,,,4.0,0.0,4.0,0.0,-4027.0,0,1,0,0,0,0,0,0,0,0,0,0,0,0,0,0,0,0,0,0,0.0,0.0,0.0,,0.0,1.0
100407,0,Cash loans,M,N,N,1,67500.0,648000.0,553500.0,24000.0,"Spouse, partner",Pensioner,Higher education,Married,House / apartment,0.031696,-23246,365243,-3005.0,-5671,,1,0,0,1,0,0,Accountants,3.0,2,2,FRIDAY,12,0,0,0,0,0,0,XNA,0.840257,0.478496,0.685622,0.4791,0.4456,0.4801,0.4087,0.4572,0.3847,0.3242,0.3136,0.3243,0.4058,0.4218,0.4141,0.2747,0.2542,0.2338,0.4064,0.3984,0.4036,0.434,0.3953,0.4278,0.3303,0.3319,0.3461,0.4866,0.476,0.5056,0.3089,0.299,0.2683,0.2553,0.2326,0.2265,0.3748,0.3567,0.3752,0.3764,0.4184,0.3833,0.4579,0.4487,0.4528,,,0.3546,,No,1.0,0.0,1.0,0.0,-3297.0,0,1,0,0,0,0,1,0,0,0,0,0,0,0,0,0,0,0,0,0,,0.0,0.0,0.0,,2.0
100408,1,Cash loans,F,N,N,0,364500.0,4050000.0,3267000.0,117000.0,Unaccompanied,Working,Higher education,Married,House / apartment,0.014163,-21643,-2281,-4274.0,-2732,,1,1,0,1,0,0,Managers,2.0,2,1,MONDAY,11,0,0,0,0,0,0,Business Entity Type 3,,0.306765,0.550163,0.3545,0.3418,0.3482,0.6391,0.6438,0.6114,0.52,0.5524,0.5456,0.6937,0.6933,0.6916,0.7278,0.6973,0.7127,0.5028,0.52,0.5083,0.3405,0.3471,0.3096,0.5088,0.5485,0.5376,0.3635,0.3137,0.3493,0.3634,0.3404,0.3383,0.6687,0.6513,0.6636,0.361,0.362,0.3704,0.6455,0.6281,0.6491,0.5226,0.4627,0.5125,,block of flats,0.7089,,,2.0,1.0,2.0,0.0,-3781.0,0,1,0,0,0,0,0,0,0,0,0,0,0,0,0,0,0,0,0,0,0.0,0.0,0.0,0.0,0.0,3.0
100409,0,Cash loans,F,N,Y,0,481500.0,1651500.0,1575000.0,46500.0,Unaccompanied,Commercial associate,Higher education,Married,House / apartment,0.008438,-8783,-2208,-2195.0,-4616,,1,1,1,1,1,0,Laborers,2.0,3,3,FRIDAY,13,0,0,0,0,0,0,Self-employed,,0.329668,0.639063,0.3335,0.3322,0.3937,0.3465,0.3622,0.3201,0.2864,0.2929,0.2519,0.2201,0.2046,0.2559,0.4091,0.4113,0.4509,0.2272,0.2227,0.2205,0.4458,0.3965,0.393,0.3345,0.3055,0.2957,0.3644,0.3798,0.4007,0.2531,0.2822,0.2905,0.2412,0.2556,0.2355,0.4004,0.3632,0.3714,0.419,0.4433,0.4065,0.2455,0.262,0.2536,,block of flats,0.4178,,No,4.0,0.0,4.0,0.0,-669.0,0,0,0,0,0,0,0,0,0,0,0,0,0,0,0,0,0,0,0,0,0.0,0.0,0.0,,1.0,2.0
100410,0,Revolving loans,F,N,N,2,81000.0,459000.0,432000.0,19500.0,Unaccompanied,Working,Secondary / secondary special,Civil marriage,House / apartment,0.009156,-17925,-127,-850.0,-257,,1,1,0,1,1,0,Laborers,4.0,2,2,SUNDAY,9,0,0,0,0,0,0,XNA,,0.636487,0.772787,0.0889,0.1702,0.1531,0.0746,0.0618,0.0642,0.0778,0.0961,0.0765,0.0937,0.0915,0.079,0.1107,0.1396,0.1017,0.1148,0.0976,0.1226,0.1646,0.1069,0.1078,0.0951,0.1516,0.1461,0.0649,0.0854,0.0816,0.0755,0.0606,0.0965,0.1395,0.1228,0.1493,0.1594,0.1475,0.1323,0.077,0.0907,0.0891,0.1352,0.1315,0.1788,,block of flats,0.0634,Panel,,2.0,0.0,2.0,1.0,-689.0,0,1,0,0,0,0,0,0,0,0,0,0,0,0,0,0,0,0,0,0,0.0,,0.0,1.0,0.0,
100411,0,Cash loans,XNA,N,Y,1,171000.0,697500.0,594000.0,17500.0,Unaccompanied,Working,Higher education,Single / not married,House / apartment,0.045996,-14480,-4066,-334.0,-1470,,1,1,0,1,1,0,Laborers,3.0,1,1,MONDAY,17,0,0,0,0,0,0,Other,,0.885616,0.794152,0.3928,0.413,0.402,0.3187,0.3274,0.313,0.2259,0.2206,0.2033,0.3195,0.3345,0.319,0.2447,0.2553,0.3108,0.4028,0.4162,0.4452,0.4736,0.4753,0.4681,0.4575,0.5061,0.4509,0.3182,0.2902,0.2644,0.477,0.4547,0.4451,0.4568,0.4393,0.4471,0.3071,0.2938,0.3215,0.5117,0.5323,0.4973,0.2664,0.299,0.2426,,block of flats,0.4573,,No,0.0,0.0,0.0,0.0,-1474.0,0,0,0,0,0,0,0,0,0,0,0,0,0,0,0,0,0,0,0,0,0.0,0.0,0.0,0.0,0.0,
100412,0,Cash loans,F,N,Y,1,85500.0,234000.0,216000.0,11500.0,Unaccompanied,Pensioner,Secondary / secondary special,Separated,House / apartment,0.020545,-24848,365243,-5231.0,-5392,,1,0,0,1,0,0,Cooking staff,3.0,2,2,SATURDAY,6,0,0,0,0,0,0,Medicine,,0.602896,0.467077,0.2129,0.2169,0.2336,0.3517,0.3602,0.357,0.3629,0.355,0.3386,0.2366,0.2106,0.2202,0.251,0.2377,0.1968,0.3015,0.2908,0.2913,0.4982,0.4765,0.4458,0.3002,0.2896,0.3429,0.2708,0.2593,0.2603,0.3766,0.3619,0.3677,0.2459,0.255,0.2734,0.2857,0.2669,0.2768,0.4081,0.3757,0.3343,0.2782,0.2472,0.2293,reg oper account,block of flats,0.194,"Stone, brick",,2.0,0.0,2.0,0.0,-4095.0,0,0,0,0,1,0,0,0,0,0,0,0,0,0,0,0,0,0,0,0,0.0,0.0,0.0,0.0,0.0,
100413,0,Cash loans,M,Y,Y,0,126000.0,571500.0,504000.0,37500.0,Unaccompanied,Working,Secondary / secondary special,Civil marriage,House / apartment,0.006382,-10722,-904,-3384.0,-5621,3.0,1,1,0,1,0,0,Accountants,2.0,2,2,FRIDAY,12,0,0,0,0,0,0,XNA,,0.356765,0.485544,0.4178,0.4115,0.3966,0.8272,0.8067,0.808,0.4822,0.4462,0.4799,0.5526,0.4699,0.5087,0.4547,0.4218,0.4312,0.6244,0.6417,0.6689,0.6873,0.6829,0.6968,0.5232,0.561,0.5355,0.6493,0.6271,0.5927,0.4094,0.3647,0.4361,0.7173,0.741,0.7262,0.7604,0.7973,0.7816,0.4429,0.4301,0.4507,0.7819,0.7429,0.7127,,,,Panel,,2.0,0.0,2.0,0.0,-325.0,0,0,0,0,1,0,0,0,0,0,0,0,0,0,0,0,0,0,0,0,0.0,0.0,0.0,0.0,0.0,
100414,0,Cash loans,F,N,N,0,396000.0,2236500.0,2083500.0,63000.0,Unaccompanied,Pensioner,Secondary / secondary special,Married,House / apartment,0.031361,-22713,365243,-1265.0,-62,,1,0,0,1,0,0,Low-skill Laborers,1.0,2,2,WEDNESDAY,11,0,0,0,0,1,0,Business Entity Type 3,0.545997,0.837558,0.458197,0.1212,0.0899,0.112,0.1372,0.1091,0.1265,0.1203,0.121,0.1275,0.115,0.0909,0.0838,0.0983,0.1235,0.1338,0.0732,0.0551,0.096,0.1178,0.1388,0.1281,0.0506,0.0749,0.0851,0.1449,0.0811,0.1072,0.0829,0.052,0.0707,0.1031,0.094,0.1254,0.101,0.1025,0.1017,0.1311,0.1746,0.1458,0.0993,0.0478,0.0944,,,0.0591,,,1.0,1.0,1.0,0.0,-1309.0,0,0,0,0,0,0,0,0,0,0,0,0,0,0,0,0,0,0,0,0,0.0,,0.0,0.0,,
100415,1,Cash loans,M,N,Y,0,112500.0,495000.0,423000.0,22000.0,Family,Working,Secondary / secondary special,Single / not married,House / apartment,0.006176,-21208,-9279,-426.0,-5355,,1,1,0,1,0,0,High skill tech staff,2.0,2,2,MONDAY,12,0,0,0,0,0,1,Transport: type 4,,0.395221,0.50116,0.6082,0.5963,0.63,0.6152,0.6263,0.6404,0.5647,0.5133,0.5176,0.6605,0.6557,0.6545,0.3771,0.3638,0.3621,0.3661,0.3268,0.3475,0.5707,0.5606,0.5272,0.4442,0.4473,0.4679,0.5505,0.559,0.5484,0.3504,0.3936,0.3954,0.3569,0.3083,0.2793,0.5484,0.521,0.5845,0.3752,0.3854,0.3857,0.5421,0.5157,0.5022,,,0.3557,Mixed,No,1.0,0.0,1.0,0.0,-1896.0,0,1,0,0,0,0,0,0,0,0,0,0,0,0,0,0,0,0,0,0,0.0,0.0,,0.0,0.0,3.0
100416,0,Cash loans,F,N,N,1,126000.0,301500.0,265500.0,8500.0,Unaccompanied,Commercial associate,Secondary / secondary special,Married,House / apartment,0.011205,-10706,-311,-1223.0,-1842,,1,1,0,1,0,0,Cooking staff,3.0,1,1,SATURDAY,9,0,0,0,0,0,0,Security,,0.876847,0.501775,0.2855,0.3422,0.328,0.1597,0.1583,0.2147,0.3308,0.2773,0.2969,0.1371,0.1352,0.1272,0.2429,0.2045,0.2513,0.331,0.3249,0.3415,0.3101,0.2728,0.2903,0.1514,0.1571,0.1475,0.2074,0.2242,0.2664,0.3314,0.35,0.3444,0.3116,0.3617,0.3569,0.2181,0.2361,0.205,0.2183,0.2169,0.1923,0.3294,0.3449,0.3085,,block of flats,,Panel,,1.0,0.0,1.0,0.0,-2476.0,0,1,0,0,0,0,0,0,0,0,0,0,0,0,0,0,0,0,0,0,0.0,0.0,,0.0,0.0,2.0
100417,0,Cash loans,F,N,Y,0,85500.0,256500.0,202500.0,21500.0,Unaccompanied,Working,Secondary / secondary special,Married,Rented apartment,0.019667,-11128,-2736,-2399.0,-1296,,1,1,0,1,0,0,Sales staff,2.0,3,3,TUESDAY,7,0,0,0,0,0,0,XNA,0.726401,0.447031,,0.0348,0.0276,0.0,0.0545,0.0153,0.0049,0.0298,0.0534,0.0243,0.0235,0.0589,0.0355,0.0357,0.0642,0.0143,0.0643,0.0128,0.0303,0.0488,0.009,0.0223,0.0309,0.0384,0.0302,0.0399,0.0728,0.0326,0.0281,0.042,0.02,0.0482,0.0211,0.0393,0.0448,0.0389,0.0454,0.028,0.064,0.0291,0.0905,0.0681,0.0343,reg oper account,block of flats,,"Stone, brick",,1.0,0.0,1.0,0.0,-994.0,0,1,0,0,0,0,0,0,0,0,0,0,0,0,0,0,0,0,0,0,0.0,0.0,0.0,0.0,0.0,2.0
100418,0,Cash loans,M,N,Y,0,274500.0,832500.0,679500.0,62500.0,Unaccompanied,Commercial associate,Higher education,Widow,With parents,0.0725,-21397,-5007,-1087.0,-5970,,1,1,0,1,1,0,,1.0,2,1,TUESDAY,13,0,0,0,1,1,0,Construction,0.485114,0.635239,0.786364,0.2453,0.2636,0.2006,0.3888,0.3707,0.3902,0.2875,0.3253,0.3134,0.2616,0.2581,0.2221,0.1918,0.1482,0.1722,0.2965,0.3151,0.3211,0.3195,0.3219,0.3261,0.3074,0.2751,0.3489,0.3063,0.2812,0.287,0.1716,0.2131,0.1928,0.2289,0.1901,0.2263,0.2948,0.2666,0.2899,0.343,0.3291,0.334,0.1809,0.235,0.1798,reg oper account,,,"Stone, brick",,1.0,0.0,1.0,0.0,-2193.0,0,1,0,0,0,0,0,0,0,0,0,0,0,0,0,0,0,0,0,0,0.0,0.0,,0.0,,2.0
100419,0,Cash loans,M,N,Y,1,22500.0,54000.0,49500.0,5000.0,Unaccompanied,Pensioner,Academic degree,Separated,House / apartment,0.031014,-23878,365243,-12766.0,-3207,,1,0,0,1,0,0,Sales staff,3.0,2,1,WEDNESDAY,11,0,0,0,0,0,0,Transport: type 4,0.802898,0.453607,0.508664,0.4315,0.4589,0.465,0.5102,0.5325,0.5248,0.8477,0.8306,0.851,0.8165,0.8798,0.8773,0.7338,0.7592,0.7456,0.7163,0.6986,0.7067,0.7965,0.8089,0.8005,0.5747,0.5703,0.6049,0.8491,0.879,0.8235,0.6714,0.6884,0.6504,0.7206,0.7279,0.7102,0.8124,0.7878,0.7913,0.4269,0.4562,0.4463,0.3697,0.3868,0.3719,reg oper account,block of flats,,,,0.0,0.0,0.0,0.0,-364.0,0,1,0,0,0,0,0,0,0,0,0,0,0,0,0,0,0,0,0,0,,,0.0,1.0,0.0,0.0
100420,0,Revolving loans,F,Y,Y,1,117000.0,540000.0,463500.0,19000.0,Family,Commercial associate,Secondary / secondary special,Married,House / apartment,0.013866,-19568,-3166,-10283.0,-4770,,1,1,1,1,0,0,Medicine staff,3.0,2,2,TUESDAY,13,0,0,0,0,0,0,Business Entity Type 3,0.14113,0.401318,,0.5005,0.5126,0.5081,0.4807,0.5275,0.5227,0.3737,0.3987,0.3735,0.6159,0.6109,0.6266,0.6077,0.6057,0.6273,0.6281,0.611,0.5773,0.3893,0.3734,0.4038,0.4153,0.3782,0.3616,0.4154,0.4276,0.4182,0.5029,0.477,0.4845,0.3008,0.3052,0.2922,0.4884,0.4955,0.4836,0.6516,0.6272,0.6087,0.3761,0.3838,0.3536,,block of flats,0.5642,,No,2.0,0.0,2.0,0.0,-2847.0,0,0,0,0,0,0,0,0,0,0,0,0,0,0,0,0,0,0,0,0,0.0,0.0,0.0,0.0,1.0,0.0
100421,0,Cash loans,F,N,N,0,144000.0,706500.0,558000.0,20000.0,Unaccompanied,Working,Higher education,Civil marriage,House / apartment,0.019031,-19670,-1381,-5281.0,-827,,1,1,0,1,0,1,,1.0,2,2,TUESDAY,7,0,0,0,0,0,0,Self-employed,,0.772225,,0.1833,0.2269,0.2133,0.2688,0.2668,0.246,0.2689,0.302,0.2881,0.311,0.267,0.2838,0.2206,0.1869,0.1617,0.2376,0.1945,0.1792,0.2106,0.1776,0.1925,0.1951,0.1765,0.2245,0.1733,0.1668,0.1311,0.1985,0.2581,0.2028,0.3019,0.3059,0.307,0.2723,0.2758,0.2839,0.2024,0.2033,0.2284,0.2342,0.2829,0.2752,not specified,,,"Stone, brick",,3.0,0.0,3.0,0.0,-1655.0,0,1,0,0,0,0,0,0,0,0,0,0,0,0,0,0,0,0,0,0,,0.0,0.0,1.0,0.0,
100422,0,Cash loans,F,N,N,1,103500.0,693000.0,562500.0,31500.0,Unaccompanied,Pensioner,Secondary / secondary special,Married,House / apartment,0.033074,-20207,365243,-103.0,-4546,,1,0,0,1,0,0,,3.0,2,2,MONDAY,18,0,0,0,0,0,0,Business Entity Type 3,0.42128,0.44415,0.63061,0.3276,0.3108,0.3084,0.4139,0.4269,0.3839,0.2802,0.3045,0.3274,0.369,0.3347,0.3645,0.4441,0.4313,0.4544,0.3456,0.3364,0.3509,0.393,0.3239,0.3962,0.3783,0.4395,0.4476,0.4032,0.4399,0.4538,0.43,0.413,0.4015,0.2819,0.2535,0.2995,0.3868,0.3757,0.3812,0.5425,0.5184,0.5694,0.4878,0.4624,0.4738,,block of flats,0.2889,,No,1.0,0.0,1.0,0.0,-3819.0,0,1,0,0,0,0,0,0,0,0,0,0,0,0,0,0,0,0,0,0,0.0,0.0,0.0,,0.0,1.0
100423,0,Cash loans,F,N,N,0,238500.0,580500.0,499500.0,45500.0,Unaccompanied,Commercial associate,Secondary / secondary special,Separated,House / apartment,0.045154,-10217,-886,-1445.0,-2198,,1,1,0,1,0,0,High skill tech staff,1.0,1,1,FRIDAY,12,0,0,0,0,0,0,XNA,0.410704,0.768855,0.50467,0.5341,0.5351,0.5084,0.2536,0.2362,0.2553,0.2859,0.2602,0.273,0.3266,0.3502,0.3251,0.2631,0.2744,0.2446,0.2364,0.2532,0.2552,0.4757,0.4363,0.4736,0.4872,0.4445,0.4943,0.2995,0.2597,0.2578,0.2873,0.3059,0.3347,0.5287,0.5155,0.5106,0.322,0.3757,0.4,0.4559,0.4667,0.5198,0.338,0.4152,0.4014,,,0.2757,,,3.0,0.0,3.0,0.0,-2349.0,0,1,0,0,0,0,0,0,0,0,0,0,0,0,0,0,0,0,0,0,0.0,0.0,0.0,0.0,1.0,
100424,0,Cash loans,F,Y,Y,0,283500.0,805500.0,742500.0,38000.0,Unaccompanied,Working,Incomplete higher,Married,With parents,0.016038,-12891,-1009,-731.0,-4277,,1,1,0,1,0,0,Security staff,2.0,1,1,WEDNESDAY,2,0,0,0,0,1,0,XNA,,0.417085,0.416897,0.3887,0.3907,0.3618,0.3188,0.3428,0.3154,0.3844,0.4619,0.4704,0.2632,0.2505,0.2491,0.3018,0.2491,0.2501,0.4217,0.4077,0.4013,0.3968,0.4014,0.3971,0.2674,0.3023,0.2824,0.3455,0.3719,0.3227,0.343,0.3224,0.2889,0.3094,0.2779,0.3133,0.4552,0.5005,0.4441,0.5116,0.4694,0.4606,0.3891,0.3508,0.324,,block of flats,0.5268,Panel,No,0.0,0.0,0.0,0.0,-1101.0,0,0,0,0,0,0,1,0,0,0,0,0,0,0,0,0,0,0,0,0,0.0,0.0,0.0,,0.0,1.0
100425,0,Cash loans,M,Y,Y,0,67500.0,621000.0,531000.0,30500.0,Unaccompanied,Commercial associate,Higher education,Married,With parents,0.01633,-16102,-1865,-3079.0,-3934,,1,1,0,1,0,0,Laborers,2.0,2,2,SATURDAY,13,0,0,0,0,0,0,Business Entity Type 3,0.526285,0.519136,,0.5559,0.5549,0.5454,0.6387,0.6282,0.6313,0.6255,0.6429,0.6155,0.6426,0.5948,0.5867,0.2894,0.2562,0.3043,0.5893,0.6014,0.5924,0.5067,0.546,0.5266,0.6217,0.6214,0.6428,0.2886,0.2579,0.2892,0.2655,0.3072,0.2902,0.4269,0.3853,0.4148,0.4763,0.4481,0.4413,0.3738,0.3874,0.354,0.6196,0.6277,0.5831,,block of flats,0.5199,,,1.0,0.0,1.0,0.0,-815.0,0,1,0,0,0,0,0,0,0,0,0,0,0,0,0,0,0,0,0,0,,0.0,,,,4.0
100426,0,Cash loans,F,Y,Y,0,463500.0,1651500.0,1534500.0,56500.0,Unaccompanied,Commercial associate,Secondary / secondary special,Civil marriage,House / apartment,0.011177,-14751,-386,-5568.0,-307,24.0,1,1,0,1,1,0,,2.0,2,2,SUNDAY,11,0,0,0,0,0,1,Self-employed,,0.536625,0.384038,0.4806,0.492,0.4738,0.441,0.4382,0.4628,0.548,0.5413,0.5711,0.3652,0.3977,0.3661,0.5854,0.6103,0.5794,0.4125,0.3992,0.4343,0.3177,0.3084,0.3125,0.2702,0.3267,0.3269,0.2811,0.2692,0.2544,0.364,0.3967,0.4118,0.3942,0.4084,0.3658,0.4356,0.4254,0.4217,0.322,0.2952,0.31,0.4962,0.4967,0.477,reg oper account,,0.6557,,,1.0,0.0,1.0,0.0,-2054.0,0,0,0,0,0,0,0,0,0,0,0,0,0,0,0,0,0,0,0,0,0.0,0.0,0.0,1.0,1.0,4.0
100427,0,Cash loans,M,N,Y,2,67500.0,265500.0,252000.0,9000.0,Unaccompanied,Pensioner,Secondary / secondary special,Married,House / apartment,0.028245,-20514,365243,-237.0,-5249,,1,0,0,1,0,0,High skill tech staff,4.0,2,2,MONDAY,8,0,0,0,0,0,0,Business Entity Type 3,0.77091,0.621328,0.728321,0.1357,0.1257,0.1197,0.2843,0.2768,0.2377,0.1365,0.0784,0.1537,0.2683,0.201,0.206,0.1228,0.1579,0.1299,0.1986,0.1409,0.1896,0.2309,0.278,0.2616,0.1841,0.1801,0.2538,0.0825,0.1499,0.1126,0.2391,0.2284,0.2438,0.0828,0.1193,0.1753,0.1136,0.1359,0.1201,0.2413,0.2531,0.2558,0.2445,0.2311,0.2539,,block of flats,0.1127,,,1.0,1.0,1.0,0.0,-3174.0,0,1,0,0,0,0,0,0,0,0,0,0,0,0,0,0,0,0,0,0,0.0,0.0,0.0,,0.0,
100428,0,Cash loans,F,Y,Y,2,297000.0,1053000.0,891000.0,80500.0,Unaccompanied,Working,Secondary / secondary special,Married,House / apartment,0.035326,-15488,-151,-0.0,-1729,,1,1,0,1,1,0,,4.0,2,2,SUNDAY,16,0,0,0,0,0,0,XNA,,0.463408,0.331697,0.3317,0.3204,0.3564,0.1647,0.1941,0.1627,0.1688,0.1634,0.1814,0.202,0.1978,0.1724,0.2784,0.2903,0.3024,0.2011,0.2206,0.2267,0.2138,0.1699,0.1414,0.3361,0.3573,0.3233,0.1757,0.1915,0.162,0.2913,0.3001,0.2846,0.2983,0.307,0.3239,0.254,0.2154,0.2599,0.2436,0.246,0.2119,0.2026,0.2036,0.2024,reg oper account,,,,No,1.0,0.0,1.0,0.0,-2618.0,0,1,0,0,0,0,0,0,0,0,0,0,0,0,0,0,0,0,0,0,0.0,0.0,0.0,0.0,,
100429,0,Cash loans,F,N,Y,0,157500.0,1147500.0,1080000.0,51000.0,Unaccompanied,Working,Higher education,Civil marriage,House / apartment,0.005621,-19145,-2587,-750.0,-2188,,1,1,0,1,1,0,,1.0,2,2,THURSDAY,15,0,0,0,0,0,1,Construction,,0.388301,0.560557,0.6617,0.6067,0.6118,0.355,0.3863,0.3542,0.6587,0.6709,0.6647,0.4578,0.4597,0.4685,0.3885,0.3589,0.3948,0.7536,0.7623,0.761,0.467,0.4641,0.4243,0.596,0.6145,0.6006,0.6004,0.5933,0.6381,0.7016,0.6804,0.6768,0.3245,0.3427,0.2952,0.3288,0.3457,0.3748,0.5,0.5427,0.5283,0.497,0.474,0.488,,block of flats,,"Stone, brick",No,3.0,0.0,3.0,0.0,-435.0,0,1,0,0,0,0,0,0,0,0,0,0,0,0,0,0,0,0,0,0,0.0,0.0,0.0,0.0,0.0,0.0
100430,0,Cash loans,F,Y,N,1,112500.0,837000.0,675000.0,28500.0,Unaccompanied,State servant,Secondary / secondary special,Civil marriage,House / apartment,0.014622,-9151,-2576,-34.0,-4790,,1,1,0,1,0,0,Sales staff,3.0,2,2,TUESDAY,13,0,0,0,0,1,0,Medicine,,0.604759,0.794176,0.1674,0.1753,0.1751,0.1681,0.1543,0.171,0.1976,0.1943,0.1701,0.1986,0.2022,0.1432,0.1773,0.1802,0.1888,0.1653,0.1474,0.134,0.1704,0.1057,0.1708,0.2224,0.203,0.1914,0.1298,0.1434,0.0881,0.1269,0.1391,0.1308,0.1836,0.1694,0.1738,0.1904,0.1815,0.2061,0.1255,0.1017,0.1167,0.0766,0.0958,0.0913,reg oper account,,0.1886,,No,0.0,0.0,0.0,0.0,-4024.0,0,1,0,0,0,0,0,0,0,0,0,0,0,0,1,0,0,0,0,0,0.0,0.0,0.0,0.0,,
100431,0,Revolving loans,F,N,Y,0,117000.0,841500.0,724500.0,47500.0,Unaccompanied,Commercial associate,Secondary / secondary special,Married,Office apartment,0.008813,-13925,-813,-1118.0,-5262,,1,1,0,1,0,1,Laborers,2.0,2,2,TUESDAY,12,0,0,0,0,0,0,Trade: type 7,,0.33851,,0.6232,0.6559,0.6315,0.5385,0.5103,0.483,0.5834,0.6278,0.6641,0.6769,0.7113,0.6881,0.86,0.8571,0.8655,0.727,0.7136,0.7443,0.6482,0.6685,0.6957,0.8558,0.8999,0.8958,0.7829,0.7788,0.8052,0.5998,0.6176,0.6292,0.5818,0.5745,0.5604,0.744,0.7661,0.7828,0.548,0.579,0.5748,0.4359,0.4436,0.4651,,,,,,1.0,0.0,1.0,0.0,-1692.0,0,1,0,0,0,0,0,0,0,0,0,0,0,0,0,0,0,0,0,0,0.0,0.0,0.0,0.0,0.0,1.0
100432,0,Cash loans,F,N,Y,1,144000.0,571500.0,459000.0,25500.0,Unaccompanied,Working,Secondary / secondary special,Single / not married,Municipal apartment,0.020534,-7899,-524,-374.0,-5373,,1,1,0,1,1,0,,3.0,2,2,THURSDAY,14,0,0,0,0,0,0,Business Entity Type 3,,0.65375,0.602939,0.3161,0.2983,0.2911,0.2465,0.2748,0.2457,0.2595,0.2583,0.274,0.2121,0.2011,0.2156,0.2537,0.3091,0.2738,0.2922,0.2756,0.2837,0.169,0.2037,0.1914,0.1935,0.2337,0.2383,0.2422,0.2546,0.259,0.1592,0.1568,0.1501,0.2839,0.288,0.2597,0.3331,0.3367,0.3239,0.2761,0.2756,0.3313,0.1858,0.1833,0.1847,,block of flats,0.1707,,,0.0,0.0,0.0,0.0,-972.0,0,1,0,0,0,0,0,0,0,0,0,0,0,0,0,0,0,0,0,0,0.0,0.0,0.0,0.0,0.0,
100433,0,Cash loans,F,N,Y,1,166500.0,400500.0,315000.0,14000.0,Unaccompanied,State servant,Secondary / secondary special,Married,House / apartment,0.00868,-9391,-1197,-1991.0,-2729,,1,1,0,1,0,0,,3.0,2,2,SATURDAY,7,0,1,0,0,0,0,Self-employed,,0.205264,0.232337,0.3722,0.3717,0.349,0.2366,0.2396,0.2709,0.2396,0.2593,0.2803,0.249,0.2875,0.2602,0.1922,0.2152,0.1869,0.2584,0.2847,0.2252,0.2435,0.1879,0.2424,0.2417,0.2537,0.2255,0.2488,0.1938,0.2344,0.3419,0.3495,0.3253,0.2235,0.26,0.2182,0.2964,0.3116,0.2836,0.3141,0.331,0.355,0.2393,0.2807,0.2112,,,0.148,,No,1.0,0.0,1.0,0.0,-38.0,0,1,0,0,0,0,0,0,0,0,0,0,0,0,0,0,0,0,0,0,0.0,0.0,,0.0,,2.0
100434,0,Cash loans,M,N,Y,0,90000.0,1012500.0,801000.0,46000.0,Unaccompanied,Working,Secondary / secondary special,Married,House / apartment,0.008249,-12392,-3413,-44.0,-2100,,1,1,0,1,0,0,,1.0,1,1,TUESDAY,13,0,0,0,0,0,0,XNA,,0.640094,0.562217,0.3151,0.2949,0.2838,0.2604,0.2631,0.2858,0.313,0.3769,0.3406,0.3854,0.3574,0.3077,0.3328,0.3599,0.3546,0.3177,0.3393,0.2815,0.4288,0.4459,0.4538,0.305,0.316,0.276,0.2721,0.2465,0.2215,0.474,0.4668,0.4925,0.4092,0.4445,0.4002,0.3549,0.2956,0.3165,0.363,0.3489,0.3908,0.3316,0.3693,0.3728,reg oper account,block of flats,0.2454,,No,2.0,3.0,2.0,1.0,-2043.0,0,1,0,0,0,0,0,0,0,0,0,0,0,0,0,0,0,0,0,0,0.0,,0.0,0.0,1.0,
100435,0,Cash loans,M,N,Y,0,130500.0,814500.0,652500.0,74500.0,Unaccompanied,Working,Higher education,Single / not married,House / apartment,0.037529,-20512,-2543,-3219.0,-4917,,1,1,0,1,0,0,Laborers,2.0,2,2,THURSDAY,16,0,0,0,0,0,0,Self-employed,,0.668411,0.496427,0.6551,0.6898,0.6868,0.3625,0.3444,0.353,0.6495,0.6435,0.6407,0.725,0.7442,0.7193,0.4988,0.4556,0.4793,0.6262,0.593,0.6229,0.5335,0.5549,0.5428,0.3521,0.3775,0.3112,0.527,0.5268,0.5176,0.4077,0.3652,0.3541,0.4633,0.4251,0.4814,0.5614,0.5198,0.5502,0.2852,0.3302,0.3104,0.5135,0.4758,0.5084,,block of flats,,Panel,No,0.0,0.0,0.0,0.0,-3035.0,0,0,0,0,0,0,0,0,0,0,0,0,0,0,0,0,0,0,0,0,0.0,0.0,0.0,0.0,0.0,
100436,0,Cash loans,M,N,Y,0,94500.0,288000.0,274500.0,17500.0,Unaccompanied,Pensioner,Secondary / secondary special,Married,Office apartment,0.016875,-23250,365243,-15056.0,-1556,,1,0,0,1,1,0,Laborers,1.0,3,3,FRIDAY,15,0,0,0,0,0,0,Other,,0.389049,,0.1494,0.1682,0.1727,0.2465,0.2702,0.2368,0.3268,0.3273,0.3013,0.278,0.2909,0.2993,0.2379,0.2313,0.2766,0.2345,0.2463,0.2347,0.3725,0.3146,0.3589,0.3211,0.2979,0.2773,0.1518,0.1622,0.1965,0.2703,0.2342,0.2489,0.3326,0.314,0.3226,0.2276,0.1682,0.2325,0.2995,0.2661,0.2869,0.2476,0.2706,0.26,,block of flats,0.1771,,No,0.0,0.0,0.0,0.0,-1065.0,0,1,0,0,0,0,0,0,0,0,0,0,0,0,0,0,0,0,0,0,0.0,0.0,0.0,0.0,0.0,
100437,0,Cash loans,F,N,N,0,76500.0,652500.0,580500.0,19500.0,Unaccompanied,Commercial associate,Higher education,Married,House / apartment,0.018018,-11566,-2001,-2310.0,-3858,,1,1,0,1,0,0,Core staff,2.0,3,3,SUNDAY,9,0,0,0,0,0,0,XNA,,0.377168,,0.622,0.619,0.6476,0.4169,0.4219,0.4243,0.6779,0.7089,0.7118,0.5653,0.6007,0.5781,0.4286,0.4462,0.4222,0.4402,0.4403,0.4529,0.6566,0.6576,0.6383,0.75,0.7949,0.7892,0.7553,0.7265,0.7406,0.4845,0.4788,0.4652,0.5803,0.5837,0.6057,0.8557,0.8722,0.88,0.5676,0.5477,0.5214,0.4896,0.4553,0.4592,,block of flats,,"Stone, brick",,0.0,0.0,0.0,0.0,-268.0,0,1,0,0,0,0,1,0,0,0,0,0,0,0,0,0,0,0,0,0,0.0,0.0,0.0,0.0,,4.0
100438,0,Cash loans,F,Y,Y,2,94500.0,274500.0,265500.0,15500.0,Unaccompanied,State servant,Secondary / secondary special,Separated,House / apartment,0.024439,-17225,-2339,-8164.0,-1415,,1,1,0,1,0,0,Laborers,4.0,2,2,SATURDAY,13,0,0,0,0,1,0,Self-employed,0.509365,0.778937,0.642768,0.3794,0.3849,0.3908,0.3598,0.3789,0.3079,0.2008,0.212,0.2244,0.1696,0.159,0.2081,0.3878,0.4027,0.4094,0.2798,0.2541,0.2877,0.2513,0.2437,0.2764,0.3575,0.3487,0.3278,0.3837,0.3831,0.362,0.2289,0.1731,0.2213,0.2398,0.2562,0.2261,0.2041,0.2489,0.2135,0.2312,0.2199,0.2179,0.3569,0.3632,0.378,,,0.2817,,,0.0,0.0,0.0,0.0,-3003.0,0,1,0,0,0,0,0,0,0,0,0,0,0,0,0,0,0,0,0,0,,0.0,0.0,0.0,,3.0
100439,0,Cash loans,F,N,Y,0,76500.0,648000.0,576000.0,19000.0,Unaccompanied,Commercial associate,Secondary / secondary special,Civil marriage,House / apartment,0.034139,-17691,-2242,-4021.0,-1261,,1,1,0,1,0,0,Laborers,2.0,2,1,TUESDAY,8,0,0,0,0,0,0,Self-employed,,0.351801,0.299051,0.347,0.3465,0.3886,0.2576,0.2859,0.2734,0.3147,0.2769,0.3068,0.4675,0.4532,0.4319,0.2585,0.2384,0.2447,0.4155,0.4466,0.4299,0.3604,0.4208,0.3833,0.1841,0.2276,0.2189,0.2419,0.2137,0.2108,0.2463,0.3085,0.25,0.3494,0.3578,0.3391,0.4233,0.4292,0.4373,0.255,0.243,0.2736,0.2613,0.299,0.2734,,,0.3461,Panel,No,4.0,0.0,4.0,0.0,-3132.0,0,1,0,0,0,0,1,0,0,0,0,0,0,0,0,0,0,0,0,0,0.0,0.0,0.0,1.0,1.0,
100440,0,Cash loans,F,Y,Y,0,117000.0,1030500.0,931500.0,43000.0,Unaccompanied,Working,Secondary / secondary special,Married,House / apartment,0.014425,-14527,-671,-305.0,-3288,,1,1,0,1,0,0,Laborers,1.0,2,2,TUESDAY,13,0,0,0,0,0,0,Business Entity Type 3,0.551586,0.38897,0.396253,0.0618,0.024,0.0382,0.0603,0.0656,0.0262,0.0978,0.0933,0.0743,0.0542,0.1002,0.0509,0.0491,0.081,0.0897,0.0796,0.0803,0.0347,0.1018,0.053,0.0763,0.1444,0.0901,0.1073,0.0717,0.0231,0.0554,0.0605,0.0834,0.1044,0.1436,0.0733,0.0915,0.0726,0.0904,0.0467,0.0682,0.0681,0.0717,0.0824,0.1027,0.0786,,block of flats,,Mixed,No,1.0,0.0,1.0,0.0,-1248.0,0,1,0,0,0,0,0,0,0,0,0,0,0,0,0,0,0,0,0,0,,0.0,,0.0,0.0,2.0
100441,0,Cash loans,F,N,Y,0,184500.0,432000.0,351000.0,18000.0,Unaccompanied,Working,Secondary / secondary special,Married,House / apartment,0.014626,-11780,-2103,-498.0,-5189,,1,1,0,1,0,0,Sales staff,2.0,2,2,WEDNESDAY,10,0,0,0,0,0,0,Business Entity Type 3,,0.427478,0.495909,0.5602,0.5512,0.5222,0.7726,0.7696,0.7921,0.358,0.3704,0.386,0.8388,0.8218,0.8547,0.5966,0.6093,0.6184,0.7908,0.7872,0.7918,0.672,0.6565,0.6649,0.7343,0.7267,0.7077,0.6643,0.6727,0.6448,0.7109,0.6962,0.7036,0.4914,0.4901,0.4676,0.762,0.7865,0.8084,0.6818,0.6859,0.6614,0.5353,0.5702,0.5675,,,0.3695,"Stone, brick",No,2.0,0.0,2.0,0.0,-4056.0,0,1,0,0,0,0,1,0,0,0,0,0,0,0,0,0,0,0,0,0,,0.0,0.0,0.0,1.0,1.0
100442,0,Cash loans,F,Y,Y,2,157500.0,846000.0,751500.0,25500.0,Unaccompanied,Working,Higher education,Separated,House / apartment,0.014665,-11969,-4507,-3664.0,-1748,,1,1,0,1,0,0,Laborers,4.0,1,1,WEDNESDAY,9,1,0,1,0,0,0,Business Entity Type 3,,0.732341,0.493498,0.7367,0.7322,0.7509,0.8071,0.7932,0.8403,0.6464,0.6526,0.6437,0.5302,0.4942,0.5062,0.7953,0.778,0.8112,0.5844,0.5702,0.571,0.4769,0.4782,0.5248,0.3623,0.393,0.3769,0.6372,0.6012,0.5872,0.5859,0.566,0.5664,0.7113,0.7495,0.748,0.4339,0.4316,0.4268,0.7774,0.782,0.7709,0.605,0.5866,0.5701,,block of flats,,"Stone, brick",No,0.0,0.0,0.0,1.0,-2471.0,0,1,0,0,0,0,0,0,0,0,0,0,0,0,0,0,0,0,0,0,0.0,0.0,0.0,,2.0,2.0
100443,0,Cash loans,F,N,Y,0,436500.0,2619000.0,2245500.0,122000.0,Unaccompanied,Pensioner,Higher education,Civil marriage,House / apartment,0.036564,-23173,365243,-13533.0,-4357,,1,0,0,1,0,0,High skill tech staff,2.0,3,3,SATURDAY,13,0,0,0,0,1,0,Business Entity Type 1,,0.885483,,0.391,0.3852,0.4346,0.3152,0.3693,0.322,0.5517,0.5531,0.5149,0.4458,0.455,0.4603,0.5566,0.5631,0.573,0.2956,0.3202,0.3031,0.4231,0.4687,0.4607,0.6326,0.629,0.687,0.4265,0.4128,0.4205,0.3292,0.3343,0.3304,0.4679,0.4516,0.432,0.2698,0.2727,0.2573,0.5431,0.5596,0.5425,0.4171,0.4142,0.4414,,,,,No,3.0,,3.0,0.0,-3480.0,0,1,0,0,0,0,0,0,0,0,0,0,0,0,0,0,0,0,0,0,0.0,0.0,0.0,,0.0,3.0
100444,1,Cash loans,F,Y,Y,1,45000.0,738000.0,711000.0,43000.0,Unaccompanied,Working,Secondary / secondary special,Married,House / apartment,0.017926,-12835,-2716,-2161.0,-128,2.0,1,1,1,1,0,0,,3.0,2,2,THURSDAY,10,0,0,0,0,0,0,Military,,0.262013,0.210452,0.2796,0.2642,0.2216,0.448,0.4367,0.4124,0.3529,0.3495,0.3278,0.3653,0.3834,0.3771,0.4508,0.4736,0.4782,0.3199,0.3361,0.2991,0.2136,0.1921,0.2153,0.2198,0.2434,0.2652,0.2079,0.2342,0.2058,0.2839,0.2646,0.2855,0.3335,0.3005,0.3056,0.3782,0.3832,0.3668,0.4265,0.4737,0.434,0.2887,0.2755,0.3219,,block of flats,,,No,1.0,0.0,1.0,0.0,-1179.0,0,0,0,0,0,0,0,0,0,0,0,0,0,0,0,0,0,0,0,0,0.0,,,0.0,0.0,2.0
100445,0,Cash loans,F,N,Y,0,189000.0,490500.0,472500.0,37500.0,Unaccompanied,Commercial associate,Higher education,Married,House / apartment,0.015612,-10067,-3492,-1297.0,-4187,,1,1,0,1,0,0,Core staff,2.0,3,3,SUNDAY,9,0,0,0,0,0,0,Business Entity Type 3,0.456556,0.620734,,0.8275,0.8704,0.8746,0.6765,0.6813,0.6704,0.7072,0.6992,0.7094,0.7198,0.7443,0.7307,0.8845,0.8915,0.8987,0.4476,0.4316,0.4135,0.5425,0.5642,0.5069,0.723,0.7374,0.754,0.7772,0.7322,0.7566,0.6593,0.6642,0.673,0.4482,0.4428,0.4503,0.7287,0.7526,0.6815,0.9284,0.9115,0.9139,0.8315,0.8113,0.7914,,,,,No,2.0,0.0,2.0,0.0,-2246.0,0,1,0,0,0,0,0,0,0,0,0,0,0,0,0,0,0,0,0,0,0.0,0.0,0.0,0.0,0.0,1.0
100446,0,Cash loans,F,N,N,0,148500.0,1273500.0,1044000.0,42000.0,Unaccompanied,Working,Higher education,Married,House / apartment,0.023828,-16829,-2129,-3356.0,-2344,,1,1,0,1,0,0,Secretaries,1.0,3,3,MONDAY,13,0,0,0,0,0,0,XNA,,0.409525,0.395304,0.1066,0.1009,0.1218,0.0885,0.0921,0.0603,0.1072,0.168,0.1021,0.0788,0.0876,0.1031,0.0941,0.0643,0.1003,0.0921,0.1185,0.0694,0.1052,0.0538,0.0941,0.1191,0.1162,0.1145,0.0998,0.1167,0.0799,0.1059,0.0907,0.1084,0.1199,0.1646,0.1776,0.1191,0.1222,0.1063,0.1086,0.0979,0.0722,0.1648,0.0919,0.1185,,,0.1493,,No,3.0,0.0,3.0,0.0,-3253.0,0,1,0,0,0,0,0,0,0,0,0,0,0,0,0,0,0,0,0,0,0.0,0.0,0.0,0.0,0.0,1.0
100447,0,Revolving loans,F,N,N,0,229500.0,904500.0,819000.0,37500.0,Family,Working,Secondary / secondary special,Married,House / apartment,0.058201,-20415,-776,-51.0,-449,,1,1,1,1,0,0,Core staff,2.0,2,2,MONDAY,7,0,0,0,0,0,0,XNA,0.754275,0.462483,0.78572,0.4374,0.4132,0.4157,0.5075,0.4652,0.4854,0.6087,0.6256,0.6155,0.4323,0.4267,0.4165,0.3203,0.3552,0.3567,0.4155,0.4046,0.4194,0.7162,0.718,0.7297,0.5785,0.5721,0.5571,0.5543,0.5563,0.5655,0.7093,0.6598,0.7096,0.494,0.503,0.5347,0.7058,0.7178,0.7182,0.4512,0.4383,0.4592,0.5326,0.5423,0.5686,,block of flats,0.5978,,No,1.0,0.0,1.0,0.0,-4059.0,0,1,0,0,0,0,0,0,0,0,0,0,0,0,0,0,0,0,0,0,0.0,0.0,0.0,0.0,0.0,3.0
100448,0,Cash loans,F,N,Y,0,216000.0,427500.0,387000.0,12500.0,Unaccompanied,Working,Secondary / secondary special,Married,With parents,0.019581,-11292,-778,-176.0,-3322,,1,1,0,1,0,0,,2.0,2,2,WEDNESDAY,11,0,0,0,1,1,0,Other,,0.402271,,0.2315,0.2738,0.2263,0.2015,0.2355,0.2084,0.2137,0.1779,0.204,0.2596,0.2641,0.2642,0.2386,0.2167,0.1604,0.1447,0.1942,0.1682,0.2306,0.2183,0.1743,0.1506,0.1764,0.138,0.2461,0.1992,0.2028,0.1882,0.1844,0.207,0.2168,0.2622,0.2748,0.2664,0.2713,0.2499,0.1966,0.2149,0.2006,0.211,0.1813,0.2091,,,,,,2.0,0.0,2.0,0.0,-2754.0,0,1,0,0,0,0,0,0,0,0,0,0,0,0,0,0,0,0,0,0,,0.0,0.0,1.0,0.0,3.0
100449,0,Cash loans,F,N,Y,0,135000.0,495000.0,441000.0,21000.0,Family,Commercial associate,Higher education,Married,House / apartment,0.015823,-11121,-2146,-4499.0,-1435,,1,1,1,1,0,0,Laborers,2.0,2,2,MONDAY,7,0,0,0,0,0,0,XNA,0.666809,0.527512,0.756459,0.166,0.2365,0.1891,0.1222,0.1547,0.1576,0.2275,0.2463,0.2326,0.1432,0.1658,0.1868,0.1548,0.1135,0.1559,0.1173,0.1372,0.1557,0.2044,0.2298,0.224,0.132,0.1337,0.1713,0.2319,0.2347,0.1979,0.2097,0.1768,0.1915,0.237,0.2348,0.2059,0.2329,0.2643,0.2484,0.2002,0.1566,0.1386,0.2339,0.2356,0.2511,reg oper account,,0.1436,,No,1.0,0.0,1.0,0.0,-3240.0,0,1,0,0,0,0,0,0,0,0,0,0,0,0,0,0,0,0,0,0,0.0,0.0,0.0,0.0,2.0,1.0
100450,1,Cash loans,F,Y,N,1,162000.0,634500.0,508500.0,28500.0,Family,Working,Higher education,Civil marriage,House / apartment,0.062376,-20464,-428,-164.0,-3805,15.0,1,1,0,1,0,0,,2.0,2,2,FRIDAY,8,0,0,0,0,0,0,Industry: type 3,0.0005,0.373316,0.159113,0.1963,0.2237,0.2012,0.4017,0.3904,0.3598,0.2192,0.2093,0.1847,0.4871,0.4313,0.4973,0.2316,0.2326,0.2057,0.428,0.418,0.4103,0.315,0.3059,0.3271,0.2479,0.2909,0.2374,0.3991,0.4804,0.4682,0.3927,0.454,0.4309,0.4129,0.4761,0.4345,0.1856,0.1773,0.2059,0.4095,0.3974,0.4158,0.2339,0.2298,0.2509,reg oper account,terraced house,0.1949,,,1.0,0.0,1.0,0.0,-1043.0,0,1,0,0,0,0,0,0,0,0,0,0,0,0,0,0,0,0,0,0,0.0,0.0,0.0,0.0,0.0,
100451,0,Cash loans,F,Y,N,1,99000.0,216000.0,198000.0,11500.0,Unaccompanied,State servant,Secondary / secondary special,Separated,House / apartment,0.042649,-15762,-1319,-2105.0,-258,,1,1,0,1,0,0,Sales staff,3.0,3,3,FRIDAY,16,0,0,0,0,0,1,Business Entity Type 3,,0.589196,,0.8165,0.7946,0.7694,0.5485,0.5119,0.4911,0.9994,0.9756,1.0,0.897,0.9679,0.9211,0.807,0.7996,0.8173,0.6476,0.6601,0.6547,0.4968,0.5307,0.4826,0.8057,0.8092,0.7546,0.8844,0.9022,0.8607,0.6152,0.6169,0.6115,0.9506,1.0,0.9913,0.4776,0.5023,0.4703,0.5531,0.5495,0.5615,1.0,1.0,1.0,,block of flats,0.5547,Panel,No,3.0,0.0,3.0,0.0,-412.0,0,1,0,0,1,0,0,0,0,0,0,0,0,0,0,0,0,0,0,0,0.0,0.0,0.0,1.0,0.0,1.0
100452,0,Cash loans,M,Y,N,0,207000.0,958500.0,900000.0,60000.0,Unaccompanied,Pensioner,Secondary / secondary special,Married,House / apartment,0.038983,-23604,365243,-10146.0,-2057,,1,0,0,1,0,0,Realty agents,1.0,2,2,FRIDAY,11,0,0,0,0,0,0,Self-employed,0.389173,0.588663,0.527671,0.2042,0.1941,0.1846,0.3057,0.3254,0.3588,0.3611,0.3265,0.3535,0.3748,0.3613,0.4053,0.3837,0.3817,0.4108,0.3264,0.318,0.302,0.3199,0.3068,0.3112,0.2154,0.2009,0.2286,0.3396,0.3778,0.34,0.3268,0.3313,0.314,0.3259,0.3052,0.3155,0.292,0.2787,0.2698,0.2475,0.2687,0.2453,0.2905,0.3012,0.2977,,,,Panel,No,2.0,0.0,2.0,0.0,-3976.0,0,1,0,0,0,0,0,0,0,0,0,0,0,0,0,0,0,0,0,0,1.0,0.0,0.0,0.0,0.0,0.0
100453,0,Cash loans,F,N,Y,0,54000.0,355500.0,301500.0,10000.0,Unaccompanied,Working,Secondary / secondary special,Married,House / apartment,0.01371,-20336,-5806,-4153.0,-1416,,1,1,0,1,0,0,Cooking staff,2.0,2,2,SATURDAY,10,0,0,0,0,0,1,Business Entity Type 3,,0.750621,0.521168,0.8331,0.8194,0.7775,0.5734,0.6052,0.5568,0.6927,0.6952,0.714,0.6461,0.6297,0.6391,0.5671,0.5161,0.5561,0.4051,0.3984,0.4071,0.6665,0.6829,0.6506,0.8203,0.8079,0.8033,0.7832,0.7821,0.7787,0.7015,0.7322,0.7148,0.8086,0.7637,0.8283,0.5385,0.5887,0.5308,0.7829,0.7921,0.8037,0.4822,0.484,0.5061,,,0.5614,"Stone, brick",No,1.0,0.0,1.0,0.0,-326.0,0,1,0,0,0,0,0,0,0,0,0,0,0,0,0,0,0,0,0,0,0.0,,0.0,1.0,1.0,0.0
100454,0,Cash loans,F,N,Y,0,225000.0,999000.0,882000.0,77500.0,Unaccompanied,Pensioner,Secondary / secondary special,Married,House / apartment,0.012892,-21519,365243,-14587.0,-1883,,1,0,0,1,1,0,Core staff,2.0,2,2,TUESDAY,15,0,0,0,0,0,0,XNA,0.26123,0.80113,0.459833,0.3771,0.3836,0.4006,0.4571,0.4692,0.4906,0.3952,0.4364,0.415,0.3277,0.3279,0.3266,0.2343,0.2529,0.2293,0.2131,0.2271,0.2734,0.3594,0.3342,0.3499,0.3459,0.3116,0.3738,0.2238,0.231,0.284,0.4291,0.4437,0.4135,0.3791,0.4112,0.412,0.2474,0.2695,0.2658,0.4217,0.4258,0.4586,0.443,0.4752,0.4638,reg oper account,,,,No,1.0,0.0,1.0,0.0,-3489.0,0,1,0,0,0,0,0,0,0,0,0,0,0,0,0,0,0,0,0,0,0.0,0.0,0.0,0.0,0.0,7.0
100455,0,Cash loans,M,Y,Y,0,144000.0,418500.0,337500.0,11500.0,Unaccompanied,Working,Secondary / secondary special,Married,House / apartment,0.005998,-18246,-1987,-97.0,-46,,1,1,0,1,0,0,,2.0,2,2,WEDNESDAY,17,0,0,0,0,1,1,Business Entity Type 3,,0.698388,0.9995,0.253,0.2605,0.2917,0.2192,0.2303,0.2044,0.1911,0.1943,0.2143,0.2442,0.1966,0.264,0.2612,0.214,0.1731,0.1638,0.1713,0.1498,0.2838,0.2857,0.2793,0.1405,0.1734,0.11,0.2579,0.2394,0.2096,0.2679,0.3182,0.2455,0.2614,0.2504,0.2849,0.2786,0.3126,0.26,0.2648,0.257,0.2629,0.2052,0.2137,0.1609,,block of flats,,,,0.0,0.0,0.0,0.0,-775.0,0,1,0,0,0,0,0,0,0,0,0,0,0,0,0,0,0,0,0,0,,0.0,0.0,0.0,0.0,1.0
100456,1,Cash loans,F,Y,N,1,112500.0,405000.0,391500.0,37500.0,"Spouse, partner",Working,Secondary / secondary special,Married,House / apartment,0.034014,-13182,-1681,-5481.0,-1703,,1,1,0,1,0,1,Laborers,3.0,2,2,THURSDAY,13,0,0,0,0,0,0,Business Entity Type 3,,0.397602,0.394492,0.7256,0.6542,0.6928,0.3358,0.3418,0.3542,0.4449,0.457,0.4655,0.5576,0.534,0.5848,0.6045,0.6024,0.6062,0.4551,0.4758,0.4942,0.691,0.713,0.7453,0.3209,0.3897,0.3525,0.7839,0.7641,0.7749,0.4754,0.4949,0.5288,0.7561,0.7471,0.7309,0.4337,0.4196,0.3832,0.7002,0.6783,0.6682,0.5803,0.5879,0.5888,,block of flats,,"Stone, brick",No,1.0,0.0,1.0,0.0,-3945.0,0,1,0,0,0,0,0,0,0,0,0,0,0,0,0,0,0,0,0,0,0.0,0.0,0.0,0.0,0.0,0.0
100457,0,Revolving loans,M,N,Y,1,130500.0,508500.0,409500.0,20000.0,Unaccompanied,Working,Secondary / secondary special,Widow,House / apartment,0.019614,-21034,-1869,-874.0,-531,,1,1,0,1,0,0,,2.0,1,1,MONDAY,15,0,0,0,0,0,0,Transport: type 4,0.618535,0.532796,0.894435,0.2767,0.2441,0.2876,0.3112,0.3263,0.3212,0.2819,0.3106,0.3769,0.4445,0.4411,0.4278,0.445,0.4687,0.4864,0.2238,0.2256,0.2042,0.3883,0.3863,0.4249,0.4372,0.4078,0.4075,0.4976,0.4722,0.4457,0.4753,0.4951,0.4626,0.2035,0.1868,0.2104,0.4374,0.4642,0.4372,0.4784,0.4475,0.4791,0.2606,0.2304,0.2673,,block of flats,0.2437,"Stone, brick",,3.0,1.0,3.0,0.0,-3196.0,0,1,0,0,0,0,0,0,0,0,0,0,0,0,0,0,0,0,0,0,0.0,0.0,0.0,1.0,,
100458,0,Cash loans,M,Y,Y,1,135000.0,594000.0,486000.0,50500.0,"Spouse, partner",Pensioner,Secondary / secondary special,Married,House / apartment,0.006123,-22169,365243,-1694.0,-3739,,1,0,1,1,0,0,Laborers,3.0,2,2,TUESDAY,10,0,0,0,0,0,0,Self-employed,,0.444167,,0.1009,0.1509,0.1291,0.1582,0.1448,0.1838,0.2542,0.2735,0.2105,0.1561,0.1544,0.1657,0.1144,0.161,0.1205,0.11,0.0718,0.1112,0.1566,0.2187,0.1844,0.2105,0.1934,0.1995,0.1748,0.1605,0.2027,0.1637,0.1795,0.2132,0.1955,0.1413,0.179,0.1733,0.1516,0.1031,0.1394,0.1062,0.1212,0.1672,0.1908,0.159,,block of flats,,,No,1.0,0.0,1.0,0.0,-2558.0,0,1,0,0,0,0,0,0,0,0,0,0,0,0,0,0,0,0,0,0,0.0,0.0,0.0,0.0,0.0,0.0
100459,0,Cash loans,F,N,Y,0,301500.0,2164500.0,1818000.0,65000.0,Family,Commercial associate,Secondary / secondary special,Single / not married,House / apartment,0.039396,-8692,-1744,-869.0,-2756,,1,1,1,1,0,0,,2.0,2,2,TUESDAY,12,0,0,0,0,0,1,Medicine,,0.331635,0.240675,0.2088,0.1891,0.1969,0.1699,0.1661,0.1738,0.2321,0.1874,0.2231,0.1308,0.1376,0.1299,0.1249,0.1723,0.131,0.2064,0.2203,0.2023,0.2669,0.2725,0.2466,0.1946,0.1967,0.1675,0.1201,0.1463,0.1297,0.2067,0.2191,0.2208,0.2763,0.2548,0.2683,0.2783,0.2581,0.2186,0.135,0.0863,0.119,0.3012,0.2829,0.2644,,block of flats,0.2175,,No,0.0,0.0,0.0,0.0,-1861.0,0,1,0,0,0,0,0,0,0,0,0,0,0,0,0,0,0,0,0,0,0.0,0.0,0.0,0.0,0.0,
100460,0,Cash loans,F,Y,Y,0,868500.0,3933000.0,3717000.0,240500.0,Family,Working,Secondary / secondary special,Married,House / apartment,0.015171,-16149,-7243,-7901.0,-1701,,1,1,0,1,0,0,Laborers,2.0,2,2,SUNDAY,12,0,0,0,0,1,1,XNA,,0.150161,0.223922,0.3519,0.3502,0.3579,0.3927,0.4206,0.3765,0.4093,0.3879,0.422,0.3043,0.2879,0.3032,0.4122,0.3909,0.3909,0.4323,0.4327,0.4417,0.3064,0.3172,0.3294,0.3969,0.3656,0.3668,0.2769,0.2979,0.2527,0.2598,0.256,0.2775,0.2533,0.2419,0.2378,0.1807,0.1937,0.2245,0.2951,0.3336,0.3291,0.2485,0.2716,0.2737,,block of flats,0.4675,,No,1.0,0.0,1.0,0.0,-4199.0,0,1,0,0,0,0,0,0,0,0,0,0,0,0,0,0,0,0,0,0,0.0,0.0,0.0,0.0,1.0,1.0
100461,0,Cash loans,M,Y,Y,0,288000.0,517500.0,477000.0,19000.0,Unaccompanied,Commercial associate,Secondary / secondary special,Married,House / apartment,0.016376,-9019,-2444,-713.0,-3698,,1,1,0,1,1,1,,2.0,2,2,SATURDAY,13,0,0,0,0,0,0,Business Entity Type 3,0.421551,0.202965,0.438083,0.1777,0.1715,0.1755,0.1487,0.1487,0.1647,0.1473,0.1478,0.1669,0.1268,0.1005,0.1078,0.1571,0.1908,0.1515,0.1175,0.1014,0.1286,0.189,0.1679,0.1903,0.1432,0.1154,0.1341,0.1912,0.1547,0.2029,0.1129,0.138,0.0881,0.1438,0.1761,0.1935,0.0961,0.0822,0.0893,0.1054,0.054,0.0546,0.1489,0.1278,0.1501,reg oper account,block of flats,0.1286,Mixed,,1.0,0.0,1.0,1.0,-1953.0,0,0,0,0,0,0,0,0,0,0,0,0,0,0,0,0,0,0,0,0,0.0,0.0,,1.0,,5.0
100462,0,Cash loans,M,Y,Y,3,108000.0,310500.0,243000.0,8500.0,Unaccompanied,Commercial associate,Higher education,Civil marriage,House / apartment,0.007319,-15108,-8534,-1535.0,-5501,34.0,1,1,0,1,0,0,Core staff,4.0,2,2,WEDNESDAY,15,0,0,0,0,0,0,Housing,0.736604,0.686553,0.595835,0.2065,0.1672,0.2017,0.3028,0.3016,0.2932,0.1768,0.1481,0.1955,0.2142,0.2234,0.1998,0.2242,0.2317,0.2992,0.2629,0.2672,0.229,0.1316,0.1129,0.1393,0.2832,0.2468,0.3396,0.2681,0.2472,0.2712,0.156,0.2001,0.2021,0.2009,0.2125,0.1987,0.3244,0.3425,0.2998,0.1582,0.1369,0.1709,0.2158,0.2212,0.2646,,block of flats,,"Stone, brick",No,0.0,0.0,0.0,0.0,-794.0,0,0,0,0,0,0,0,0,0,0,0,0,0,0,0,0,0,0,0,0,0.0,0.0,0.0,1.0,0.0,3.0
100463,0,Revolving loans,F,N,Y,0,207000.0,886500.0,724500.0,30000.0,Family,Commercial associate,Higher education,Separated,House / apartment,0.025373,-8931,-1781,-658.0,-3251,,1,1,0,1,1,0,Managers,2.0,2,1,THURSDAY,7,0,0,1,0,0,0,XNA,0.929661,0.773023,0.597816,0.1453,0.1591,0.1337,0.1443,0.0896,0.1296,0.1098,0.1548,0.1634,0.1343,0.0897,0.1047,0.1326,0.1701,0.1476,0.0757,0.0725,0.0965,0.1462,0.127,0.1309,0.0902,0.1033,0.1326,0.1228,0.1195,0.1068,0.0784,0.1248,0.0716,0.0834,0.1102,0.0768,0.1307,0.1335,0.1589,0.1009,0.0969,0.0982,0.0413,0.0788,0.0599,,block of flats,0.1641,"Stone, brick",,2.0,0.0,2.0,0.0,-3782.0,0,0,0,0,0,0,0,0,0,0,0,0,0,0,0,0,0,0,0,0,,0.0,0.0,0.0,1.0,0.0
100464,0,Cash loans,F,N,N,2,211500.0,1530000.0,1422000.0,99500.0,Unaccompanied,Commercial associate,Secondary / secondary special,Married,House / apartment,0.025524,-16605,-1194,-368.0,-1690,,1,1,1,1,0,1,Laborers,4.0,1,1,TUESDAY,9,0,0,0,1,0,1,Business Entity Type 2,,0.629063,0.493981,0.109,0.1109,0.136,0.2412,0.1962,0.1843,0.0731,0.123,0.1165,0.1487,0.1188,0.133,0.1067,0.1332,0.1212,0.2309,0.2198,0.2276,0.1328,0.1461,0.1683,0.1212,0.1404,0.1237,0.1139,0.1054,0.0931,0.1691,0.2054,0.1315,0.1508,0.1456,0.1335,0.1074,0.1154,0.1122,0.1464,0.1345,0.1517,0.1324,0.1332,0.1038,,block of flats,,,No,3.0,0.0,3.0,0.0,-153.0,0,1,0,0,0,0,0,0,0,0,0,0,0,0,0,0,0,0,0,0,0.0,0.0,0.0,1.0,1.0,4.0
100465,0,Cash loans,F,N,Y,0,90000.0,715500.0,616500.0,21000.0,Unaccompanied,Pensioner,Higher education,Separated,House / apartment,0.018152,-21497,365243,-11660.0,-2419,,1,0,0,1,0,0,,1.0,2,2,TUESDAY,10,0,0,0,0,0,1,Transport: type 4,,0.440197,0.719138,0.2686,0.2422,0.2567,0.2243,0.2318,0.2529,0.4389,0.4183,0.4034,0.4034,0.4125,0.3768,0.4011,0.4265,0.4296,0.3094,0.3375,0.3694,0.2868,0.2955,0.2939,0.201,0.1734,0.2176,0.3179,0.3245,0.2752,0.263,0.2558,0.2566,0.3827,0.4296,0.4016,0.3317,0.3284,0.2892,0.3658,0.3509,0.3774,0.2948,0.292,0.2733,,specific housing,0.3598,Panel,No,1.0,0.0,1.0,0.0,-3204.0,0,1,0,0,0,0,0,0,0,0,0,0,0,0,0,0,0,0,0,0,0.0,0.0,0.0,0.0,0.0,
100466,0,Cash loans,F,Y,Y,0,72000.0,747000.0,585000.0,32000.0,Unaccompanied,Commercial associate,Higher education,Married,House / apartment,0.014429,-15549,-1071,-7932.0,-4745,,1,1,0,1,1,0,Sales staff,2.0,2,2,WEDNESDAY,9,0,0,0,0,0,0,Self-employed,0.646292,0.367425,,0.6663,0.6596,0.6269,0.8024,0.8089,0.8174,0.5268,0.5818,0.5269,0.8206,0.8131,0.8098,0.7419,0.7814,0.7881,0.6703,0.6685,0.6574,0.81,0.7984,0.8067,0.5767,0.5879,0.6039,0.7588,0.7925,0.7629,0.4945,0.4891,0.4955,0.7143,0.7522,0.6948,0.8494,0.8119,0.842,0.9154,0.902,0.9298,0.7314,0.7467,0.727,,block of flats,,Monolithic,No,0.0,0.0,0.0,0.0,-3294.0,0,1,0,0,0,0,0,0,0,0,0,0,0,0,0,0,0,0,0,0,,0.0,0.0,0.0,0.0,0.0
100467,0,Cash loans,M,N,N,1,144000.0,603000.0,585000.0,58000.0,Unaccompanied,Working,Secondary / secondary special,Civil marriage,House / apartment,0.0725,-16914,-3678,-5976.0,-595,,1,1,0,1,0,0,Laborers,3.0,2,2,WEDNESDAY,13,0,0,0,0,0,0,XNA,0.581885,0.312335,0.604278,0.1009,0.101,0.1136,0.1248,0.0947,0.1131,0.1051,0.0594,0.1326,0.1868,0.1415,0.1407,0.1362,0.132,0.1333,0.098,0.1325,0.1149,0.0955,0.0777,0.1141,0.1178,0.1377,0.1348,0.0863,0.1089,0.1033,0.0995,0.1072,0.1081,0.0776,0.0754,0.0993,0.0951,0.039,0.0812,0.1549,0.1121,0.1846,0.1618,0.1561,0.1252,reg oper spec account,,0.129,Panel,,1.0,1.0,1.0,0.0,-2749.0,0,0,0,0,1,0,0,0,0,0,0,0,0,0,0,0,0,0,0,0,0.0,0.0,0.0,0.0,0.0,2.0
100468,0,Revolving loans,F,Y,N,0,229500.0,1363500.0,1107000.0,55500.0,"Spouse, partner",Pensioner,Incomplete higher,Married,House / apartment,0.008868,-22888,365243,-5247.0,-1918,,1,0,0,1,1,0,,2.0,2,2,SUNDAY,13,0,0,0,1,0,0,XNA,,0.30069,0.411864,0.593,0.5272,0.593,0.2981,0.2942,0.2566,0.4021,0.3801,0.3288,0.4461,0.4143,0.4394,0.4256,0.45,0.4276,0.4411,0.4547,0.4492,0.5055,0.4918,0.5306,0.5832,0.5529,0.5677,0.4549,0.4463,0.4424,0.3208,0.3115,0.316,0.5224,0.5375,0.551,0.3583,0.4038,0.391,0.6011,0.5583,0.5735,0.3825,0.3783,0.4143,reg oper spec account,block of flats,0.5205,Panel,,1.0,1.0,1.0,1.0,-2455.0,0,0,0,0,0,0,0,0,0,0,0,0,0,0,0,0,0,0,0,0,0.0,0.0,0.0,0.0,1.0,2.0
100469,0,Cash loans,M,Y,Y,0,58500.0,103500.0,90000.0,3000.0,Unaccompanied,Working,Secondary / secondary special,Married,House / apartment,0.011956,-12222,-3537,-2856.0,-2816,,1,1,1,1,0,0,Laborers,2.0,2,2,TUESDAY,12,0,0,0,0,0,0,Business Entity Type 3,,0.490072,0.61784,0.4204,0.3931,0.4339,0.2702,0.2721,0.266,0.5926,0.6212,0.607,0.4193,0.368,0.3624,0.5565,0.5621,0.5281,0.3227,0.2778,0.2802,0.4157,0.4651,0.4389,0.4154,0.4214,0.4123,0.2728,0.2943,0.2568,0.3319,0.3776,0.295,0.5378,0.5185,0.5123,0.2855,0.3063,0.2968,0.4444,0.3829,0.4374,0.4053,0.372,0.4093,,,0.4999,Wooden,,2.0,0.0,2.0,0.0,-3368.0,0,0,0,0,0,0,0,0,0,0,0,0,0,0,0,0,0,0,0,0,0.0,0.0,0.0,1.0,0.0,2.0
100470,0,Cash loans,M,N,Y,0,99000.0,490500.0,405000.0,21500.0,Unaccompanied,Commercial associate,Secondary / secondary special,Single / not married,House / apartment,0.02901,-14537,-926,-3466.0,-3808,,1,1,1,1,0,0,,2.0,2,3,THURSDAY,11,0,0,0,0,0,0,Business Entity Type 3,0.569354,0.327206,0.895033,0.2223,0.2144,0.177,0.1565,0.1156,0.1547,0.1983,0.1936,0.2083,0.1822,0.1599,0.1954,0.2503,0.2362,0.2401,0.0755,0.117,0.0902,0.1798,0.1824,0.1773,0.1245,0.1345,0.1376,0.2192,0.2382,0.1975,0.183,0.209,0.199,0.2134,0.2027,0.207,0.1486,0.1537,0.1452,0.1073,0.1597,0.1409,0.1469,0.0908,0.1508,,block of flats,0.2467,Panel,,3.0,0.0,3.0,0.0,-1271.0,0,0,0,0,0,0,0,0,0,0,0,0,0,0,0,0,0,0,0,0,0.0,0.0,0.0,2.0,0.0,1.0
100471,0,Cash loans,F,N,Y,3,202500.0,436500.0,405000.0,13500.0,Unaccompanied,Commercial associate,Higher education,Civil marriage,House / apartment,0.00997,-15737,-931,-144.0,-3459,,1,1,0,1,0,0,,5.0,2,2,SATURDAY,16,0,0,0,1,0,0,Medicine,0.459712,0.447063,0.492586,0.4247,0.444,0.4785,0.3498,0.3556,0.3568,0.2766,0.2954,0.2484,0.2082,0.2032,0.2313,0.2177,0.2528,0.2352,0.2178,0.2199,0.2554,0.4464,0.4135,0.4434,0.2981,0.3204,0.3372,0.4172,0.4516,0.4411,0.4409,0.4293,0.4381,0.2298,0.1736,0.2518,0.2804,0.2955,0.3172,0.3014,0.3155,0.2591,0.3465,0.3528,0.3424,,block of flats,,,No,2.0,0.0,2.0,0.0,-1463.0,0,1,0,0,0,0,0,0,0,0,0,0,0,0,0,0,0,0,0,0,0.0,0.0,0.0,1.0,0.0,1.0
100472,0,Cash loans,F,N,Y,0,148500.0,558000.0,522000.0,18000.0,Unaccompanied,Working,Secondary / secondary special,Civil marriage,House / apartment,0.009524,-20827,-12734,-3876.0,-4194,,1,1,0,1,1,0,,2.0,2,2,TUESDAY,13,0,0,0,0,0,0,Trade: type 3,0.609618,0.552806,0.9995,0.4258,0.4317,0.4008,0.4864,0.5274,0.4894,0.3335,0.374,0.4235,0.4405,0.4356,0.4361,0.2641,0.2805,0.2624,0.2882,0.3171,0.3093,0.5165,0.481,0.4748,0.5295,0.5673,0.5553,0.4146,0.436,0.4009,0.4881,0.4908,0.5135,0.5011,0.5121,0.5228,0.5755,0.598,0.6044,0.3829,0.4303,0.3979,0.4565,0.4624,0.4497,,,,"Stone, brick",No,3.0,0.0,3.0,0.0,-179.0,0,0,0,0,0,0,0,0,0,0,0,0,0,0,0,0,0,0,0,0,0.0,0.0,0.0,0.0,0.0,0.0
100473,0,Cash loans,M,N,Y,2,319500.0,4050000.0,3478500.0,171000.0,Unaccompanied,Working,Secondary / secondary special,Married,House / apartment,0.037715,-12683,-783,-3394.0,-5639,,1,1,1,1,0,0,,3.0,2,2,THURSDAY,12,0,0,0,0,0,0,Business Entity Type 2,0.384305,0.393749,0.498223,0.2157,0.2334,0.2096,0.2412,0.2524,0.2341,0.327,0.3379,0.3596,0.3838,0.3607,0.3791,0.2363,0.2356,0.2561,0.3192,0.3326,0.3345,0.2553,0.2478,0.2818,0.2723,0.3245,0.2686,0.2447,0.2247,0.2653,0.3137,0.3373,0.309,0.4006,0.3894,0.4017,0.3628,0.3432,0.3785,0.2143,0.2528,0.2582,0.3304,0.3403,0.3217,reg oper spec account,,,,No,1.0,0.0,1.0,0.0,-3947.0,0,1,0,0,0,0,0,0,0,0,0,0,0,0,0,0,0,0,0,0,0.0,0.0,,1.0,,1.0
100474,0,Cash loans,M,N,Y,0,67500.0,310500.0,283500.0,16000.0,Unaccompanied,Commercial associate,Secondary / secondary special,Civil marriage,Municipal apartment,0.027214,-16099,-7421,-7562.0,-1046,,1,1,0,1,0,0,,1.0,2,2,MONDAY,12,0,0,0,0,1,1,XNA,,0.283472,,0.1792,0.1647,0.1267,0.2171,0.2201,0.1997,0.2064,0.1545,0.186,0.3543,0.334,0.3482,0.2146,0.2397,0.2241,0.344,0.3329,0.3676,0.1746,0.2266,0.1896,0.2503,0.269,0.2579,0.2058,0.1811,0.1568,0.3294,0.345,0.3677,0.315,0.3174,0.3298,0.1519,0.1517,0.1964,0.3377,0.3554,0.3637,0.1742,0.1665,0.1851,,block of flats,0.2729,,No,2.0,0.0,2.0,0.0,-746.0,0,0,0,0,0,0,0,0,0,0,0,0,0,0,0,0,0,0,0,0,0.0,0.0,0.0,,0.0,0.0
100475,0,Cash loans,M,N,Y,0,535500.0,1300500.0,1251000.0,41000.0,Unaccompanied,Pensioner,Secondary / secondary special,Married,House / apartment,0.025247,-23250,365243,-3975.0,-2877,,1,0,0,1,1,0,Sales staff,1.0,2,2,WEDNESDAY,14,0,1,0,0,0,0,Business Entity Type 3,0.529164,0.695316,0.802875,0.2795,0.2909,0.2829,0.1603,0.1676,0.1955,0.3027,0.2915,0.2763,0.3114,0.3644,0.3136,0.1605,0.1619,0.1586,0.1065,0.1306,0.1695,0.2122,0.2391,0.2257,0.1568,0.1607,0.1782,0.2005,0.2097,0.1862,0.3035,0.2968,0.3155,0.2224,0.2065,0.238,0.2041,0.2277,0.2367,0.217,0.1851,0.2015,0.1332,0.2181,0.1799,,,,,,1.0,0.0,1.0,0.0,-1155.0,0,0,0,0,0,0,1,0,0,0,0,0,0,0,0,0,0,0,0,0,0.0,,0.0,0.0,0.0,1.0
100476,0,Cash loans,F,N,Y,0,63000.0,306000.0,288000.0,14500.0,Unaccompanied,Pensioner,Secondary / secondary special,Married,House / apartment,0.020931,-22598,365243,-12125.0,-2279,,1,0,0,1,0,0,Managers,2.0,3,3,WEDNESDAY,13,0,0,1,0,0,0,Business Entity Type 3,,0.659617,0.58185,0.4517,0.3989,0.361,0.2462,0.2739,0.249,0.3459,0.3755,0.3819,0.25,0.2322,0.2139,0.383,0.4017,0.4088,0.3445,0.3241,0.3291,0.3168,0.2923,0.2743,0.2231,0.1736,0.2,0.399,0.3681,0.4046,0.3767,0.4294,0.3999,0.2011,0.2044,0.1599,0.3996,0.4327,0.434,0.3504,0.3965,0.3972,0.3026,0.3235,0.341,reg oper account,,0.2546,,No,2.0,0.0,2.0,1.0,-460.0,0,0,0,0,0,0,1,0,0,0,0,0,0,0,0,0,0,0,0,0,0.0,,0.0,0.0,0.0,
100477,0,Cash loans,F,N,Y,0,49500.0,144000.0,126000.0,9500.0,Unaccompanied,Commercial associate,Secondary / secondary special,Married,House / apartment,0.012175,-12347,-551,-3912.0,-528,,1,1,0,1,1,0,Accountants,2.0,1,1,FRIDAY,9,0,0,0,0,0,0,Construction,,0.366449,,0.0207,0.046,0.0,0.0735,0.0537,0.0823,0.0433,0.0298,0.0761,0.0376,0.0196,0.0423,0.0668,0.0286,0.0657,0.0523,0.0739,0.0772,0.0467,0.053,0.0277,0.0436,0.0955,0.0584,0.08,0.0565,0.0615,0.0593,0.02,0.0389,0.028,0.0756,0.0612,0.047,0.0474,0.0572,0.0717,0.0904,0.0744,0.0175,0.0455,0.0231,,,,Panel,No,1.0,1.0,1.0,0.0,-2886.0,0,1,0,0,1,0,0,0,0,0,0,0,0,0,0,0,0,0,0,0,0.0,0.0,0.0,,0.0,1.0
100478,0,Cash loans,F,N,Y,2,144000.0,333000.0,288000.0,17000.0,Unaccompanied,Working,Incomplete higher,Married,House / apartment,0.015988,-13578,-904,-6324.0,-765,,1,1,1,1,0,0,Laborers,4.0,2,2,MONDAY,18,0,0,0,0,0,0,XNA,0.323026,0.689767,,0.5422,0.5391,0.5433,0.4228,0.4066,0.4454,0.4371,0.4898,0.4564,0.5124,0.4455,0.4809,0.305,0.3017,0.3048,0.2617,0.2804,0.3096,0.4314,0.3945,0.3663,0.4428,0.4485,0.4189,0.4884,0.5093,0.4846,0.2576,0.2652,0.2299,0.4169,0.451,0.4037,0.3265,0.327,0.3067,0.5807,0.5808,0.5988,0.2604,0.2658,0.2499,reg oper account,block of flats,,"Stone, brick",,0.0,0.0,0.0,1.0,-3523.0,0,0,0,0,0,0,0,0,0,0,0,0,0,0,0,0,0,0,0,0,,0.0,0.0,0.0,0.0,
100479,0,Cash loans,M,N,N,2,81000.0,1003500.0,958500.0,27500.0,Unaccompanied,Working,Secondary / secondary special,Married,House / apartment,0.017805,-20188,-2733,-13417.0,-3771,,1,1,1,1,1,0,Laborers,3.0,2,2,TUESDAY,14,0,0,0,0,1,1,Self-employed,,0.400694,0.151138,0.2239,0.2474,0.2024,0.2127,0.2185,0.2084,0.1692,0.1913,0.2329,0.1731,0.169,0.1711,0.2326,0.223,0.1862,0.1679,0.1162,0.1045,0.1006,0.1068,0.0984,0.1283,0.1533,0.1671,0.1274,0.1261,0.1395,0.0837,0.1105,0.1219,0.2564,0.2295,0.1886,0.1253,0.0685,0.1451,0.125,0.1158,0.1426,0.218,0.2018,0.2429,,block of flats,0.1943,Panel,No,1.0,0.0,1.0,0.0,-1829.0,0,1,0,0,0,0,0,0,0,0,0,0,0,0,0,0,0,0,0,0,0.0,0.0,0.0,0.0,0.0,1.0
100480,0,Cash loans,F,N,Y,2,144000.0,1008000.0,792000.0,54500.0,Family,Pensioner,Higher education,Single / not married,House / apartment,0.031601,-20933,365243,-168.0,-3063,,1,0,1,1,0,0,,4.0,2,2,MONDAY,8,0,0,0,0,0,0,Bank,,0.558637,0.551968,0.2206,0.235,0.2348,0.2566,0.241,0.2269,0.169,0.1779,0.1567,0.1699,0.22,0.1989,0.1884,0.1362,0.1485,0.2397,0.2232,0.2246,0.1607,0.1644,0.1394,0.1662,0.1857,0.1462,0.1783,0.1989,0.1592,0.2463,0.2687,0.2338,0.1731,0.22,0.2008,0.2398,0.2285,0.2528,0.2564,0.2943,0.2907,0.2524,0.2521,0.2432,,,,,,0.0,0.0,0.0,0.0,-807.0,0,1,0,0,0,0,0,0,0,0,0,0,0,0,0,0,1,0,0,0,0.0,0.0,0.0,1.0,0.0,1.0
100481,0,Cash loans,F,N,Y,4,139500.0,657000.0,517500.0,38500.0,Family,Working,Secondary / secondary special,Married,House / apartment,0.024351,-11261,-4686,-1474.0,-1757,,1,1,0,1,1,0,,6.0,1,1,FRIDAY,6,0,0,0,0,0,1,Bank,0.584075,0.350989,0.836925,0.0628,0.1262,0.1019,0.086,0.0841,0.0736,0.0941,0.1137,0.1227,0.059,0.0991,0.0742,0.1227,0.079,0.0993,0.0566,0.0478,0.0788,0.0952,0.0753,0.1137,0.0578,0.069,0.0809,0.1013,0.1003,0.0985,0.0378,0.0587,0.0559,0.1163,0.0955,0.1002,0.1394,0.105,0.1148,0.0772,0.1087,0.1199,0.0601,0.0604,0.0572,,,0.0823,Panel,No,3.0,0.0,3.0,0.0,-921.0,0,1,0,0,0,0,0,0,0,0,0,0,0,0,0,0,0,0,0,0,0.0,0.0,0.0,0.0,0.0,3.0
100482,0,Cash loans,F,N,Y,0,130500.0,409500.0,337500.0,29000.0,Unaccompanied,Commercial associate,Secondary / secondary special,Married,House / apartment,0.01052,-15121,-1462,-5969.0,-5456,,1,1,1,1,1,0,Laborers,2.0,2,2,FRIDAY,14,0,0,0,0,0,0,Business Entity Type 3,0.371768,0.18857,0.194879,0.2527,0.1955,0.2682,0.1601,0.1895,0.1633,0.1915,0.1013,0.1477,0.1742,0.1806,0.1847,0.1314,0.129,0.1708,0.1524,0.1372,0.1509,0.1266,0.1318,0.1517,0.1634,0.1905,0.1432,0.2058,0.1916,0.1863,0.2368,0.1884,0.2107,0.1715,0.2155,0.1831,0.2205,0.2145,0.24,0.1104,0.1113,0.1485,0.1647,0.1782,0.1735,,,0.2096,,,,0.0,0.0,0.0,-3086.0,0,1,0,0,0,0,0,0,0,0,0,0,0,0,0,0,0,0,0,0,0.0,0.0,0.0,0.0,,4.0
100483,1,Cash loans,F,Y,N,0,94500.0,310500.0,292500.0,26500.0,Unaccompanied,Working,Higher education,Married,House / apartment,0.03051,-10320,-3626,-2856.0,-1866,27.0,1,1,0,1,0,0,Laborers,1.0,3,3,SUNDAY,16,0,0,0,0,0,0,Security,0.370867,0.468567,0.665979,0.9563,0.9661,0.9991,0.7193,0.7042,0.7429,0.8481,0.8403,0.8712,0.8747,0.8656,0.8282,0.7195,0.7311,0.7406,0.6875,0.6912,0.655,0.6565,0.6158,0.6556,0.7549,0.7163,0.7364,0.8181,0.8355,0.8669,0.6039,0.634,0.6464,0.9998,0.9777,0.9723,0.8755,0.8643,0.8976,0.8202,0.817,0.8078,0.9781,0.9583,0.9756,,,0.8616,Panel,,1.0,0.0,1.0,0.0,-71.0,0,0,0,0,0,0,0,0,0,0,0,0,0,0,0,0,0,0,0,0,0.0,0.0,0.0,,1.0,
100484,1,Cash loans,M,N,N,1,184500.0,1678500.0,1359000.0,42500.0,Unaccompanied,Working,Secondary / secondary special,Single / not married,House / apartment,0.006605,-15961,-3345,-287.0,-3577,,1,1,0,1,1,0,Low-skill Laborers,3.0,2,3,FRIDAY,14,0,1,0,0,0,0,XNA,,0.587066,0.348301,0.4749,0.4691,0.4794,0.4594,0.4673,0.4686,0.4927,0.4717,0.4985,0.5857,0.5364,0.5647,0.4075,0.4012,0.4297,0.2612,0.2724,0.2542,0.4045,0.3824,0.3818,0.5336,0.5198,0.5603,0.4293,0.4327,0.4581,0.4032,0.3622,0.3765,0.2916,0.2865,0.3037,0.4942,0.4971,0.5306,0.4876,0.5055,0.4943,0.3809,0.3881,0.3867,,,0.2835,,No,1.0,0.0,1.0,0.0,-368.0,0,1,0,0,0,0,0,0,0,0,0,0,0,0,0,0,0,0,0,0,0.0,0.0,0.0,0.0,0.0,3.0
100485,0,Cash loans,F,N,Y,0,121500.0,562500.0,472500.0,21500.0,Family,Commercial associate,Secondary / secondary special,Married,House / apartment,0.015331,-21794,-9113,-7561.0,-5931,,1,1,0,1,1,0,Core staff,2.0,2,2,WEDNESDAY,14,0,0,0,1,0,0,Kindergarten,,,,0.1259,0.1414,0.1152,0.2139,0.2143,0.2082,0.1831,0.1366,0.1408,0.2147,0.2348,0.228,0.1839,0.1642,0.1919,0.2297,0.2415,0.2511,0.1924,0.2014,0.2175,0.1777,0.1682,0.1801,0.1477,0.1225,0.1684,0.1372,0.1719,0.1253,0.1555,0.1402,0.1456,0.1435,0.1577,0.1482,0.2464,0.2434,0.2444,0.2581,0.2881,0.2609,,specific housing,,,,1.0,1.0,1.0,0.0,-1741.0,0,1,0,0,0,0,0,0,0,0,0,0,0,0,0,0,0,0,0,0,0.0,0.0,0.0,0.0,0.0,2.0
100486,0,Cash loans,F,Y,Y,1,270000.0,193500.0,175500.0,6000.0,Other_B,Commercial associate,Higher education,Married,House / apartment,0.009212,-21477,-1162,-12832.0,-4209,,1,1,0,1,1,0,,3.0,2,2,TUESDAY,14,0,0,0,0,0,0,Business Entity Type 3,,0.311185,0.332585,0.0969,0.0829,0.1012,0.0839,0.0579,0.0212,0.0534,0.0196,0.0227,0.0758,0.062,0.083,0.0541,0.0467,0.119,0.0585,0.0486,0.0219,0.0153,0.0208,0.0708,0.0604,0.0233,0.0359,0.0567,0.056,0.0382,0.0698,0.0715,0.046,0.0368,0.0579,0.0892,0.0547,0.0539,0.007,0.0732,0.0478,0.0445,0.0908,0.1106,0.0967,reg oper account,,,"Stone, brick",,2.0,0.0,2.0,0.0,-4088.0,0,1,0,0,0,0,0,0,0,0,0,0,0,0,0,0,0,0,0,0,0.0,0.0,,0.0,1.0,5.0
100487,0,Cash loans,M,N,Y,0,135000.0,1993500.0,1629000.0,60000.0,Unaccompanied,Commercial associate,Secondary / secondary special,Single / not married,House / apartment,0.010991,-16414,-2001,-1235.0,-4369,,1,1,1,1,1,0,,2.0,1,1,MONDAY,12,0,0,0,0,0,1,Business Entity Type 3,,0.476167,0.483631,0.1737,0.1619,0.1941,0.2414,0.2316,0.2934,0.2086,0.2172,0.2338,0.2424,0.2558,0.1989,0.1385,0.1449,0.1457,0.1208,0.1361,0.1309,0.1315,0.0916,0.1276,0.1994,0.2152,0.2014,0.2784,0.218,0.2731,0.2276,0.2013,0.1966,0.1737,0.203,0.2064,0.1804,0.2169,0.1998,0.2722,0.2149,0.2131,0.1385,0.1673,0.1164,,block of flats,0.0981,,No,0.0,0.0,0.0,0.0,-301.0,0,1,0,0,0,0,0,0,0,0,0,0,0,0,0,0,0,0,0,0,0.0,0.0,0.0,,0.0,2.0
100488,0,Cash loans,M,N,Y,0,85500.0,369000.0,310500.0,18000.0,Unaccompanied,Working,Secondary / secondary special,Separated,House / apartment,0.061745,-20295,-443,-3123.0,-1698,,1,1,1,1,1,0,,2.0,2,2,MONDAY,7,0,0,0,0,1,0,Trade: type 7,,0.859961,0.683413,0.7716,0.7214,0.7036,0.8982,0.8779,0.886,0.6474,0.6721,0.6752,0.7979,0.8294,0.8066,0.9497,0.9827,0.9571,0.4688,0.5027,0.4811,0.9608,0.9797,0.9726,0.7648,0.777,0.7846,0.9231,0.9446,0.9193,0.7199,0.7391,0.777,0.5685,0.5406,0.5438,0.8339,0.8488,0.8676,0.4996,0.4536,0.4849,0.6111,0.6611,0.5837,,,,Panel,No,0.0,0.0,0.0,1.0,-3920.0,0,1,0,0,0,0,0,0,0,0,0,0,0,0,0,0,0,0,0,0,0.0,0.0,,1.0,0.0,2.0
100489,0,Cash loans,F,N,N,0,58500.0,274500.0,238500.0,8000.0,Unaccompanied,Pensioner,Incomplete higher,Widow,House / apartment,0.007514,-21446,365243,-4050.0,-5488,,1,0,1,1,0,0,Laborers,2.0,2,2,THURSDAY,10,0,0,0,1,1,0,Self-employed,0.374715,0.42423,0.353542,0.3445,0.3515,0.3247,0.4249,0.4394,0.4149,0.3281,0.4157,0.3603,0.2148,0.1924,0.2331,0.3033,0.3467,0.3332,0.2361,0.2485,0.2421,0.4028,0.3689,0.3854,0.4585,0.4591,0.4566,0.4379,0.3612,0.4384,0.392,0.4015,0.4011,0.2409,0.3119,0.2836,0.2697,0.2847,0.2845,0.336,0.3591,0.3325,0.2645,0.2662,0.2668,reg oper account,,,"Stone, brick",,5.0,0.0,5.0,0.0,-4055.0,0,1,0,0,0,0,0,0,0,0,0,0,0,0,0,0,0,0,0,0,0.0,,0.0,0.0,0.0,
100490,0,Cash loans,F,N,Y,0,135000.0,958500.0,792000.0,24500.0,Unaccompanied,Working,Secondary / secondary special,Married,House / apartment,0.011253,-21212,-5628,-3982.0,-2809,,1,1,0,1,1,0,Waiters/barmen staff,2.0,2,2,FRIDAY,15,0,0,0,0,0,0,Military,,0.279617,0.204354,0.1609,0.2266,0.1753,0.2832,0.2649,0.2786,0.1297,0.1386,0.1165,0.2197,0.2624,0.2545,0.1879,0.1808,0.1976,0.1698,0.1484,0.1817,0.1681,0.1369,0.1483,0.21,0.2583,0.2254,0.1871,0.1871,0.1719,0.2391,0.2452,0.2678,0.1949,0.2295,0.1884,0.2328,0.202,0.1852,0.201,0.1699,0.1796,0.179,0.1586,0.1601,,block of flats,,Panel,No,2.0,0.0,2.0,0.0,-613.0,0,1,0,0,0,0,0,0,0,0,0,0,0,0,0,0,0,0,0,0,0.0,0.0,,1.0,0.0,2.0
100491,0,Cash loans,M,N,N,0,72000.0,364500.0,355500.0,11500.0,Group of people,Pensioner,Secondary / secondary special,Separated,With parents,0.025661,-24664,365243,-8070.0,-1808,,1,0,0,1,0,0,Core staff,2.0,2,2,WEDNESDAY,14,0,0,0,0,0,0,XNA,0.010352,0.531293,0.201045,0.2027,0.1372,0.1378,0.1235,0.1774,0.1495,0.2375,0.252,0.2581,0.2783,0.2713,0.2573,0.1686,0.171,0.1751,0.2297,0.2263,0.2455,0.255,0.2526,0.2174,0.2604,0.1787,0.2217,0.2288,0.2113,0.2493,0.1776,0.2145,0.2392,0.1438,0.1694,0.1694,0.1936,0.1914,0.2312,0.2457,0.2419,0.2236,0.1803,0.1868,0.1954,,block of flats,,,No,1.0,0.0,1.0,0.0,-3838.0,0,1,0,0,0,0,0,0,0,0,0,0,0,0,0,0,0,0,0,0,0.0,0.0,0.0,0.0,0.0,2.0
100492,0,Cash loans,M,Y,Y,0,72000.0,423000.0,342000.0,13500.0,Family,Commercial associate,Secondary / secondary special,Married,House / apartment,0.013973,-20488,-13914,-276.0,-4444,8.0,1,1,0,1,0,0,,2.0,2,2,SUNDAY,11,0,0,0,0,0,0,XNA,,0.853102,,0.5902,0.6136,0.5834,0.5354,0.498,0.5551,0.6932,0.6491,0.6755,0.3663,0.3909,0.3874,0.4947,0.4568,0.4771,0.7518,0.7765,0.7555,0.81,0.8141,0.8082,0.6116,0.5988,0.6553,0.6018,0.6118,0.6304,0.4993,0.476,0.479,0.5352,0.546,0.5398,0.5859,0.5809,0.5952,0.7017,0.6776,0.6831,0.6097,0.6517,0.5719,,block of flats,,,No,1.0,0.0,1.0,0.0,-3536.0,0,1,0,0,0,0,0,0,0,0,0,0,0,0,0,0,0,0,0,0,0.0,0.0,0.0,,,
100493,0,Cash loans,F,Y,Y,0,198000.0,612000.0,580500.0,26500.0,Children,Working,Secondary / secondary special,Separated,House / apartment,0.020593,-10940,-3027,-3082.0,-3182,,1,1,0,1,0,0,,1.0,2,2,MONDAY,10,0,0,0,0,1,0,Self-employed,0.754462,0.609374,,0.5464,0.549,0.5636,0.3167,0.3884,0.3748,0.5743,0.5871,0.5369,0.6448,0.6333,0.6228,0.8249,0.7582,0.8017,0.7972,0.7852,0.7856,0.3637,0.4109,0.4106,0.4821,0.4476,0.427,0.6148,0.5799,0.5813,0.7723,0.8096,0.809,0.4326,0.4074,0.4001,0.768,0.7656,0.7538,0.7017,0.777,0.7414,0.7185,0.7547,0.7362,,,0.4323,Panel,,1.0,0.0,1.0,0.0,-1899.0,0,1,0,0,1,0,0,0,0,0,0,0,0,0,0,0,0,0,0,0,0.0,,0.0,,0.0,1.0
100494,0,Cash loans,F,N,N,0,54000.0,108000.0,94500.0,3000.0,Unaccompanied,Commercial associate,Secondary / secondary special,Married,House / apartment,0.04537,-9921,-1049,-178.0,-787,,1,1,0,1,0,0,Laborers,2.0,3,3,FRIDAY,13,0,0,0,0,0,0,School,0.648838,0.664815,0.803076,0.8297,0.8554,0.8566,0.758,0.7164,0.7224,0.5414,0.5295,0.4722,0.3927,0.398,0.3642,0.4035,0.3832,0.3687,0.722,0.7189,0.7303,0.8273,0.8585,0.8519,0.549,0.5258,0.4915,0.3917,0.4393,0.4206,0.6764,0.6925,0.7205,0.6639,0.7106,0.7048,0.3872,0.3887,0.3603,0.5122,0.4533,0.4491,0.8806,0.8837,0.9034,,,,,,2.0,0.0,2.0,0.0,-2866.0,0,0,0,0,0,0,0,0,0,0,0,0,0,0,0,0,0,0,0,0,0.0,,0.0,,0.0,1.0
100495,1,Cash loans,F,N,Y,0,319500.0,1453500.0,1170000.0,115000.0,Unaccompanied,Commercial associate,Secondary / secondary special,Married,House / apartment,0.028061,-8297,-1722,-1293.0,-119,,1,1,0,1,1,0,,1.0,2,2,MONDAY,11,0,0,0,0,0,0,Business Entity Type 3,0.473792,0.77688,0.532521,0.2711,0.258,0.2517,0.5464,0.5413,0.5279,0.2306,0.2575,0.2695,0.4478,0.4012,0.4533,0.4908,0.5305,0.4947,0.4737,0.4397,0.449,0.4513,0.4494,0.4522,0.2678,0.304,0.2626,0.4742,0.4912,0.5038,0.5948,0.5517,0.5837,0.3783,0.3926,0.3923,0.559,0.5347,0.5772,0.3889,0.4337,0.4414,0.3142,0.3557,0.3682,,,0.3716,Wooden,,1.0,0.0,1.0,0.0,-82.0,0,1,0,0,0,0,0,0,0,0,0,0,0,0,0,0,0,0,0,0,0.0,0.0,0.0,0.0,,2.0
100496,0,Cash loans,F,N,N,0,162000.0,1390500.0,1116000.0,43000.0,Family,Working,Secondary / secondary special,Married,House / apartment,0.013984,-17062,-417,-35.0,-730,,1,1,0,1,1,0,Laborers,2.0,2,2,FRIDAY,12,0,0,0,0,0,0,Other,,0.650375,0.449967,0.1987,0.2313,0.2089,0.1491,0.1421,0.1853,0.1001,0.1427,0.1526,0.1802,0.2098,0.1695,0.229,0.1939,0.209,0.0804,0.0935,0.1312,0.1471,0.1354,0.1598,0.2115,0.2071,0.229,0.1722,0.1789,0.1838,0.1329,0.1296,0.1661,0.1261,0.1545,0.1311,0.1092,0.0996,0.1199,0.1551,0.0995,0.1157,0.1746,0.1422,0.2107,,block of flats,0.2123,Panel,No,0.0,0.0,0.0,0.0,-3763.0,0,1,0,0,1,0,0,0,0,0,0,0,0,0,0,0,0,0,0,0,,0.0,0.0,1.0,0.0,4.0
100497,0,Cash loans,M,N,Y,0,144000.0,391500.0,346500.0,19000.0,Unaccompanied,Commercial associate,Higher education,Civil marriage,House / apartment,0.017212,-20968,-810,-10296.0,-956,,1,1,0,1,1,0,Drivers,2.0,2,2,SUNDAY,12,0,0,0,0,0,0,Business Entity Type 3,0.448005,0.309132,0.281059,0.3868,0.4265,0.4075,0.2918,0.2711,0.3211,0.3717,0.3617,0.3721,0.3279,0.3291,0.2814,0.4319,0.4804,0.4307,0.2688,0.2503,0.2621,0.5057,0.5292,0.5215,0.5527,0.5853,0.5469,0.4961,0.5146,0.5027,0.3671,0.3752,0.4146,0.2732,0.2724,0.2696,0.3057,0.2722,0.2576,0.2391,0.2611,0.2477,0.418,0.4613,0.4284,reg oper account,block of flats,0.4558,"Stone, brick",No,0.0,0.0,0.0,0.0,-3487.0,0,1,0,0,0,0,1,0,0,0,0,0,0,0,0,0,0,0,0,0,0.0,0.0,0.0,,0.0,4.0
100498,0,Cash loans,F,N,N,1,81000.0,211500.0,180000.0,8000.0,Unaccompanied,Working,Higher education,Married,House / apartment,0.025984,-21827,-533,-3583.0,-1346,,1,1,1,1,0,0,,2.0,2,2,TUESDAY,10,0,0,0,0,0,0,Business Entity Type 3,0.766703,0.259212,0.632396,0.0351,0.0731,0.1065,0.0828,0.1225,0.105,0.0741,0.0556,0.0874,0.0534,0.0708,0.0634,0.075,0.0707,0.0886,0.0909,0.0876,0.0599,0.1407,0.1265,0.1121,0.0991,0.0924,0.1257,0.0755,0.1171,0.0538,0.1085,0.1037,0.0899,0.0889,0.0818,0.0623,0.1276,0.1212,0.1385,0.0762,0.0845,0.0993,0.095,0.1097,0.1156,,block of flats,0.0999,Panel,No,1.0,1.0,1.0,0.0,-2081.0,0,0,0,0,0,0,0,0,0,0,0,0,0,0,0,0,0,0,0,0,0.0,0.0,0.0,0.0,0.0,1.0
100499,0,Cash loans,F,Y,Y,0,225000.0,1719000.0,1422000.0,46500.0,Unaccompanied,Pensioner,Secondary / secondary special,Married,House / apartment,0.027722,-20213,365243,-7559.0,-2072,,1,0,0,1,0,0,Core staff,2.0,2,2,MONDAY,15,0,0,0,0,0,1,Business Entity Type 3,0.466188,0.408217,0.427691,0.4033,0.4216,0.3988,0.3598,0.3605,0.3758,0.28,0.3001,0.3115,0.3902,0.4222,0.3862,0.4775,0.5354,0.502,0.3023,0.3014,0.3405,0.3231,0.3566,0.3366,0.6165,0.5922,0.6392,0.4369,0.4147,0.4332,0.6089,0.6223,0.6099,0.5943,0.5682,0.5433,0.5324,0.5044,0.5086,0.6325,0.6496,0.6605,0.7036,0.6764,0.7057,,block of flats,,"Stone, brick",No,1.0,0.0,1.0,1.0,-1030.0,0,0,0,0,0,0,0,0,0,0,0,0,0,0,0,0,0,0,0,0,0.0,0.0,0.0,,0.0,5.0
100500,0,Cash loans,M,Y,Y,0,148500.0,450000.0,436500.0,16000.0,Unaccompanied,Working,Secondary / secondary special,Married,House / apartment,0.018942,-19508,-1694,-1165.0,-1420,,1,1,0,1,0,1,Laborers,2.0,2,2,FRIDAY,12,0,1,0,0,0,0,Business Entity Type 3,,0.486017,0.540735,0.1498,0.1438,0.1403,0.1456,0.1572,0.1517,0.1554,0.1783,0.171,0.2841,0.3085,0.2471,0.1985,0.23,0.1993,0.2026,0.2052,0.2471,0.164,0.133,0.1385,0.2722,0.2733,0.3347,0.3099,0.3115,0.2964,0.1863,0.1728,0.2037,0.3042,0.3061,0.2901,0.2233,0.1784,0.1994,0.2389,0.2837,0.2827,0.1634,0.1632,0.1606,,block of flats,0.1376,Panel,,0.0,0.0,0.0,0.0,-513.0,0,1,0,0,0,0,0,0,0,0,0,0,0,0,0,0,0,0,0,0,0.0,0.0,,0.0,1.0,1.0
100501,0,Cash loans,M,N,N,0,99000.0,306000.0,265500.0,28500.0,Unaccompanied,Working,Secondary / secondary special,Widow,House / apartment,0.023385,-15062,-6007,-3556.0,-5418,,1,1,1,1,0,1,Laborers,1.0,2,2,SATURDAY,14,0,0,0,0,0,0,XNA,,0.483303,0.508599,0.365,0.397,0.3821,0.2877,0.2623,0.2832,0.4093,0.4183,0.4232,0.3739,0.3894,0.3896,0.3655,0.3561,0.3442,0.3478,0.3674,0.3655,0.2963,0.2994,0.2919,0.2375,0.2555,0.2478,0.2339,0.2083,0.2024,0.3633,0.3354,0.3136,0.4818,0.4736,0.4027,0.4811,0.4841,0.4807,0.3742,0.37,0.3706,0.2309,0.1951,0.2289,,block of flats,,,,3.0,0.0,3.0,0.0,-3305.0,0,0,0,0,0,0,0,0,0,0,0,0,0,0,0,0,0,0,0,0,0.0,0.0,0.0,0.0,0.0,1.0
100502,0,Cash loans,M,N,Y,0,162000.0,513000.0,495000.0,16000.0,Family,Pensioner,Higher education,Married,House / apartment,0.023399,-20689,365243,-2606.0,-5774,,1,0,0,1,1,1,,2.0,2,2,THURSDAY,12,0,0,0,0,1,0,Other,,0.817455,0.488022,0.6801,0.7124,0.6779,0.3791,0.3348,0.3417,0.413,0.4166,0.4336,0.4728,0.4412,0.4571,0.444,0.4621,0.4854,0.7279,0.7199,0.6991,0.5531,0.5636,0.5442,0.5367,0.5397,0.5577,0.4293,0.4233,0.4687,0.4538,0.4744,0.4491,0.4129,0.3944,0.3779,0.5209,0.503,0.5644,0.6777,0.6929,0.691,0.305,0.3419,0.3833,reg oper spec account,,,,No,2.0,0.0,2.0,0.0,-74.0,0,1,0,0,0,0,0,0,0,0,0,0,0,0,0,0,0,0,0,0,0.0,0.0,0.0,0.0,0.0,2.0
100503,0,Revolving loans,F,N,Y,0,58500.0,220500.0,180000.0,6000.0,Unaccompanied,Working,Secondary / secondary special,Single / not married,House / apartment,0.017661,-16791,-661,-4.0,-5834,,1,1,0,1,1,0,Laborers,2.0,2,2,WEDNESDAY,17,0,0,0,0,0,0,XNA,0.245041,0.638128,0.702841,0.3532,0.3401,0.3526,0.3981,0.3873,0.4316,0.4078,0.3973,0.4076,0.3889,0.4004,0.393,0.1719,0.2034,0.1979,0.3591,0.3672,0.3682,0.2813,0.283,0.2822,0.2806,0.3066,0.3208,0.3418,0.379,0.303,0.428,0.4218,0.3859,0.3089,0.2807,0.3085,0.3861,0.4026,0.3966,0.4197,0.4263,0.4375,0.3612,0.3533,0.3855,,block of flats,,,No,0.0,0.0,0.0,0.0,-1869.0,0,1,0,0,0,0,0,0,0,0,0,0,0,0,0,0,0,0,0,0,0.0,0.0,0.0,0.0,0.0,5.0
100504,0,Cash loans,F,N,N,0,58500.0,94500.0,76500.0,3000.0,Unaccompanied,State servant,Higher education,Married,With parents,0.012849,-7994,-1420,-908.0,-951,,1,1,0,1,0,0,Accountants,2.0,2,2,THURSDAY,14,0,0,0,0,0,0,Business Entity Type 3,0.580326,0.556655,0.465186,0.2233,0.2003,0.1837,0.197,0.1519,0.1558,0.2223,0.1957,0.1701,0.3794,0.3474,0.3486,0.1936,0.182,0.2042,0.1953,0.1822,0.2032,0.308,0.321,0.3256,0.3347,0.2867,0.3239,0.195,0.1832,0.1867,0.2625,0.2364,0.2518,0.2667,0.2792,0.2805,0.399,0.3917,0.3638,0.1959,0.1903,0.2099,0.2381,0.2325,0.2467,,,0.1454,Panel,No,4.0,0.0,4.0,0.0,-496.0,0,1,0,0,0,0,0,0,0,0,0,0,0,0,0,0,0,0,0,0,0.0,0.0,0.0,0.0,,1.0
100505,0,Cash loans,F,Y,Y,0,81000.0,234000.0,211500.0,6500.0,Unaccompanied,Working,Secondary / secondary special,Separated,House / apartment,0.029634,-18985,-95,-723.0,-3204,,1,1,0,1,1,0,,2.0,1,1,THURSDAY,13,0,0,1,0,0,0,Self-employed,0.326755,0.407046,0.447011,0.361,0.3164,0.3359,0.3353,0.2954,0.283,0.2644,0.2934,0.2842,0.4209,0.4207,0.3995,0.4772,0.4627,0.4963,0.5081,0.5229,0.4752,0.426,0.4569,0.4651,0.4025,0.416,0.4286,0.4544,0.4654,0.4522,0.3807,0.3458,0.3855,0.4778,0.4677,0.4865,0.3117,0.2846,0.315,0.4615,0.5321,0.4942,0.4269,0.3714,0.3434,,block of flats,0.55,"Stone, brick",,2.0,1.0,2.0,0.0,-3722.0,0,1,0,0,0,0,0,0,0,0,0,0,0,0,0,0,0,0,0,0,,0.0,,1.0,0.0,4.0
100506,1,Cash loans,F,N,N,0,180000.0,796500.0,666000.0,23000.0,Unaccompanied,Working,Higher education,Married,House / apartment,0.022408,-17036,-1871,-9593.0,-630,,1,1,0,1,0,1,Cooking staff,2.0,1,1,TUESDAY,13,0,0,0,0,0,0,Trade: type 7,,0.528503,0.254414,0.1789,0.1659,0.1876,0.1675,0.1548,0.1353,0.2139,0.169,0.1856,0.171,0.144,0.1505,0.2411,0.2626,0.2724,0.3024,0.2648,0.2491,0.1376,0.1818,0.1638,0.147,0.1491,0.1709,0.2547,0.2487,0.2355,0.2378,0.2071,0.1919,0.1328,0.169,0.1499,0.2593,0.2886,0.2988,0.1828,0.2182,0.2067,0.275,0.2885,0.2435,,block of flats,,"Stone, brick",,3.0,0.0,3.0,1.0,-1949.0,0,0,0,0,0,0,0,0,0,0,0,0,0,0,0,0,0,0,0,0,0.0,0.0,1.0,1.0,0.0,1.0
100507,0,Cash loans,F,Y,Y,0,148500.0,657000.0,535500.0,18500.0,Unaccompanied,Working,Incomplete higher,Married,House / apartment,0.005146,-10093,-2238,-1501.0,-4253,29.0,1,1,0,1,1,0,,2.0,2,2,THURSDAY,19,0,0,0,0,0,0,Kindergarten,,0.744159,0.658905,0.1904,0.2177,0.2047,0.2736,0.3175,0.3191,0.3532,0.3293,0.327,0.3109,0.2913,0.3239,0.2386,0.2471,0.2459,0.3887,0.3415,0.3432,0.2892,0.2655,0.2447,0.3022,0.3282,0.3174,0.1923,0.1913,0.1956,0.3186,0.3715,0.3174,0.4594,0.4258,0.4429,0.1933,0.2269,0.2154,0.4094,0.4422,0.402,0.326,0.301,0.2724,,,0.2596,,,2.0,0.0,2.0,0.0,-2614.0,0,0,0,0,0,0,1,0,0,0,0,0,0,0,0,0,0,0,0,0,0.0,0.0,,0.0,0.0,5.0
100508,1,Cash loans,F,Y,Y,0,261000.0,1926000.0,1539000.0,95000.0,Unaccompanied,Working,Secondary / secondary special,Married,House / apartment,0.011207,-16726,-1782,-1.0,-826,,1,1,0,1,1,0,Sales staff,1.0,2,2,THURSDAY,12,0,0,0,1,0,0,Self-employed,,0.439061,0.344104,0.3688,0.3715,0.3807,0.4181,0.4222,0.4407,0.6584,0.6735,0.6189,0.4359,0.428,0.396,0.5843,0.5831,0.5449,0.4952,0.5005,0.4841,0.463,0.4855,0.4514,0.6213,0.5887,0.5819,0.5302,0.5087,0.5043,0.6757,0.6068,0.6537,0.3826,0.3527,0.3746,0.5561,0.5256,0.5863,0.5497,0.5393,0.5757,0.6144,0.6841,0.6505,,block of flats,0.5484,,No,3.0,0.0,3.0,0.0,-3307.0,0,0,0,0,0,0,0,0,0,0,0,0,0,0,0,0,0,0,0,0,0.0,0.0,0.0,0.0,,1.0
100509,0,Cash loans,F,Y,Y,0,90000.0,967500.0,769500.0,40000.0,Unaccompanied,Working,Secondary / secondary special,Married,House / apartment,0.013881,-16210,-2968,-8905.0,-1739,,1,1,0,1,0,0,Core staff,1.0,3,3,WEDNESDAY,13,0,0,0,0,0,1,Self-employed,0.407521,0.135808,,0.4788,0.4676,0.4363,0.3261,0.3274,0.3028,0.4271,0.4947,0.4486,0.2664,0.2284,0.2621,0.5167,0.5211,0.5191,0.5294,0.5674,0.5351,0.3297,0.282,0.3182,0.4962,0.5109,0.5105,0.4998,0.5112,0.5086,0.3472,0.3252,0.3174,0.2647,0.2936,0.2647,0.4046,0.3926,0.3624,0.2625,0.2851,0.2934,0.32,0.3442,0.3279,,block of flats,,Panel,No,0.0,0.0,0.0,0.0,-567.0,0,1,0,0,0,0,0,0,0,0,0,0,0,0,0,0,0,0,0,0,,0.0,0.0,1.0,1.0,1.0
100510,0,Cash loans,M,N,Y,0,202500.0,1813500.0,1687500.0,51000.0,Unaccompanied,Working,Secondary / secondary special,Single / not married,House / apartment,0.016508,-18895,-2011,-730.0,-1217,,1,1,0,1,1,0,Laborers,1.0,2,2,WEDNESDAY,12,0,0,0,0,1,0,XNA,0.264219,0.223381,0.172118,0.3802,0.4032,0.4337,0.488,0.4786,0.4852,0.3882,0.4048,0.4083,0.5137,0.5047,0.55,0.3172,0.2926,0.3077,0.3089,0.2968,0.2879,0.5265,0.5577,0.498,0.2813,0.2311,0.2563,0.455,0.4152,0.3944,0.2869,0.2779,0.2617,0.3336,0.3181,0.3483,0.3871,0.4393,0.4296,0.3741,0.3849,0.3913,0.2692,0.2535,0.2806,reg oper account,,0.2941,Panel,No,4.0,0.0,4.0,0.0,-1403.0,0,1,0,0,0,0,0,0,0,0,0,0,0,0,0,0,0,0,0,0,0.0,0.0,0.0,0.0,0.0,1.0
100511,0,Cash loans,M,N,N,0,139500.0,900000.0,751500.0,24000.0,Unaccompanied,Working,Secondary / secondary special,Single / not married,House / apartment,0.039447,-19600,-2967,-10105.0,-2885,,1,1,1,1,0,0,Cleaning staff,2.0,1,1,FRIDAY,6,0,0,0,0,0,0,Self-employed,0.665448,0.730068,0.445853,0.1696,0.1923,0.1719,0.2956,0.2638,0.2073,0.1891,0.1814,0.1823,0.1402,0.1454,0.1249,0.2602,0.3027,0.2976,0.1722,0.132,0.1322,0.2294,0.2656,0.1986,0.1726,0.2634,0.2039,0.2516,0.2308,0.2336,0.1982,0.2752,0.2342,0.1749,0.182,0.1949,0.1851,0.1777,0.1703,0.2515,0.2635,0.2327,0.1891,0.2449,0.2342,,,0.2201,Panel,,2.0,0.0,2.0,0.0,-3237.0,0,1,0,0,0,0,0,0,0,0,0,0,0,0,0,0,0,0,0,0,0.0,0.0,0.0,0.0,1.0,0.0
100512,0,Cash loans,F,Y,Y,1,85500.0,306000.0,297000.0,21000.0,Unaccompanied,Working,Higher education,Married,House / apartment,0.0725,-11280,-986,-995.0,-2212,,1,1,0,1,1,0,Drivers,2.0,1,1,TUESDAY,12,0,0,0,0,0,0,School,,0.136012,,0.6364,0.6398,0.6493,0.6896,0.6265,0.6519,1.0,1.0,1.0,0.6899,0.6578,0.708,0.6158,0.607,0.6318,0.997,0.9961,0.9691,0.6358,0.6542,0.6338,0.8785,0.9264,0.8925,0.5203,0.5036,0.5216,0.9841,0.9907,0.9615,0.954,0.9847,1.0,1.0,0.9755,0.9791,0.9913,0.9978,0.9996,0.8847,0.8963,0.9258,,,1.0,"Stone, brick",No,,0.0,0.0,0.0,-2575.0,0,1,0,0,0,0,0,0,0,0,0,0,0,0,0,0,0,0,0,0,0.0,0.0,0.0,0.0,1.0,0.0
100513,0,Cash loans,F,Y,Y,0,180000.0,499500.0,409500.0,32500.0,Unaccompanied,Working,Secondary / secondary special,Married,House / apartment,0.004072,-19272,-418,-5755.0,-3244,,1,1,1,1,1,0,Sales staff,2.0,2,2,WEDNESDAY,15,0,0,0,0,1,0,XNA,0.778594,0.809866,0.786966,0.5193,0.4807,0.541,0.3564,0.3659,0.3746,0.3295,0.3866,0.3727,0.3664,0.3563,0.396,0.4555,0.4498,0.4447,0.4133,0.4309,0.4305,0.4066,0.3883,0.4023,0.4428,0.4517,0.4334,0.5685,0.5833,0.5668,0.3153,0.3502,0.3326,0.5495,0.5363,0.5523,0.4433,0.4578,0.4763,0.5639,0.5743,0.5537,0.3224,0.3389,0.352,,,,Panel,,2.0,0.0,2.0,0.0,-1106.0,0,1,0,0,0,0,0,0,0,0,0,0,0,0,0,0,0,0,0,0,0.0,0.0,0.0,0.0,0.0,2.0
100514,0,Cash loans,F,N,Y,0,144000.0,567000.0,481500.0,28000.0,Unaccompanied,Working,Secondary / secondary special,Married,House / apartment,0.022584,-10264,-1718,-2873.0,-1182,,1,1,0,1,1,0,High skill tech staff,2.0,2,2,FRIDAY,14,0,0,0,0,1,0,Kindergarten,,0.656704,0.451476,0.5079,0.4973,0.4859,0.6907,0.6574,0.6767,0.6108,0.6083,0.6203,0.5884,0.6453,0.6167,0.5656,0.6133,0.5703,0.7423,0.7187,0.7386,0.6436,0.6068,0.6117,0.884,0.8536,0.8637,0.7374,0.7295,0.7655,0.8458,0.8434,0.8193,0.513,0.5139,0.5509,1.0,1.0,0.9873,0.9378,0.914,0.9936,0.8956,0.8875,0.8841,reg oper account,,,,,0.0,0.0,0.0,0.0,-3176.0,0,1,0,0,0,0,0,0,0,0,0,0,0,0,0,0,0,0,0,0,0.0,0.0,0.0,1.0,0.0,1.0
100515,0,Cash loans,F,Y,Y,0,103500.0,558000.0,477000.0,17000.0,Unaccompanied,Working,Higher education,Married,With parents,0.019524,-13286,-645,-102.0,-3049,,1,1,0,1,0,0,Laborers,2.0,2,2,WEDNESDAY,17,0,0,0,0,1,0,Other,,0.333062,0.742338,0.17,0.2259,0.1935,0.2426,0.2335,0.1994,0.312,0.2605,0.2811,0.1842,0.198,0.1771,0.1609,0.2005,0.1425,0.2281,0.2585,0.2448,0.3856,0.3326,0.3385,0.1973,0.1756,0.1501,0.309,0.295,0.3256,0.324,0.3112,0.3522,0.1682,0.183,0.1485,0.2962,0.2786,0.2866,0.1693,0.1806,0.166,0.256,0.2448,0.3049,reg oper account,block of flats,,,No,1.0,0.0,1.0,0.0,-2239.0,0,0,0,0,0,0,0,0,0,0,0,0,0,0,0,0,0,0,0,0,0.0,0.0,0.0,0.0,0.0,1.0
100516,0,Cash loans,F,N,Y,0,148500.0,909000.0,801000.0,25000.0,Unaccompanied,Working,Lower secondary,Separated,House / apartment,0.01672,-14688,-869,-4732.0,-526,,1,1,0,1,1,0,High skill tech staff,2.0,3,3,TUESDAY,15,0,0,0,0,0,1,XNA,0.7968,0.717573,0.726051,0.0581,0.018,0.0547,0.0682,0.0531,0.0298,0.1056,0.0843,0.1108,0.0944,0.0744,0.0695,0.0223,0.0155,0.0258,0.0858,0.1204,0.1148,0.1163,0.0848,0.1062,0.0858,0.0941,0.1098,0.0854,0.0961,0.0668,0.0582,0.1119,0.1097,0.0872,0.1193,0.1121,0.0825,0.0793,0.0754,0.098,0.1113,0.099,0.1143,0.1257,0.0887,,,0.0974,"Stone, brick",,1.0,0.0,1.0,0.0,-3294.0,0,1,0,0,0,0,0,0,0,0,0,0,0,0,0,0,0,0,0,0,0.0,0.0,0.0,0.0,0.0,1.0
100517,1,Cash loans,F,N,N,0,135000.0,742500.0,706500.0,27000.0,Unaccompanied,Working,Secondary / secondary special,Married,House / apartment,0.026184,-19136,-5750,-871.0,-247,,1,1,0,1,0,0,,2.0,2,2,SUNDAY,14,0,0,0,0,0,0,Trade: type 3,,0.368178,0.378726,0.692,0.7154,0.703,0.4655,0.4597,0.5058,0.744,0.7135,0.7037,0.6646,0.6462,0.6563,0.444,0.4133,0.4218,0.5012,0.4774,0.471,0.487,0.4703,0.4731,0.3403,0.3486,0.3713,0.3554,0.3658,0.3357,0.6434,0.6365,0.6659,0.7369,0.7251,0.7262,0.4269,0.43,0.4217,0.5733,0.5279,0.5448,0.438,0.4119,0.4183,reg oper account,block of flats,0.7122,Panel,,1.0,2.0,1.0,0.0,-3329.0,0,0,0,0,1,0,0,0,0,0,0,0,0,0,1,0,0,0,0,0,0.0,0.0,0.0,1.0,0.0,2.0
100518,0,Cash loans,M,Y,N,1,135000.0,490500.0,463500.0,36500.0,Unaccompanied,Working,Incomplete higher,Married,House / apartment,0.02052,-20506,-8549,-8737.0,-819,16.0,1,1,0,1,1,0,Medicine staff,3.0,2,2,THURSDAY,15,0,0,0,0,0,1,Business Entity Type 1,0.339885,0.469069,,0.2,0.1672,0.1591,0.1598,0.1841,0.2078,0.1427,0.1577,0.1772,0.0758,0.0559,0.1578,0.1565,0.1276,0.1022,0.0929,0.1292,0.1281,0.1916,0.2008,0.2278,0.1095,0.1462,0.1136,0.2063,0.2114,0.1564,0.1393,0.1698,0.1903,0.158,0.0999,0.143,0.1514,0.1691,0.1817,0.0793,0.1502,0.082,0.1709,0.1868,0.1648,,block of flats,0.1731,"Stone, brick",No,1.0,0.0,1.0,0.0,-3551.0,0,1,0,0,0,0,0,0,0,0,0,0,0,0,0,0,0,0,0,0,0.0,0.0,0.0,0.0,0.0,1.0
100519,0,Cash loans,F,N,N,1,117000.0,702000.0,549000.0,36500.0,Unaccompanied,Working,Secondary / secondary special,Married,House / apartment,0.014946,-7915,-1340,-104.0,-1599,,1,1,0,1,1,0,Realty agents,2.0,3,3,WEDNESDAY,13,0,0,0,0,1,0,XNA,,0.40888,0.731628,0.1279,0.1714,0.169,0.2938,0.2751,0.2752,0.2183,0.2104,0.2476,0.2895,0.288,0.2701,0.2852,0.2977,0.3176,0.266,0.1759,0.193,0.2909,0.2886,0.2983,0.2382,0.271,0.248,0.2981,0.3285,0.2984,0.2323,0.2504,0.2393,0.1936,0.1572,0.1957,0.2277,0.2131,0.228,0.195,0.2547,0.2525,0.1933,0.2413,0.2325,,block of flats,0.1634,,No,1.0,1.0,1.0,0.0,-2683.0,0,0,0,0,1,0,1,0,0,0,0,0,0,0,0,0,0,0,0,0,0.0,0.0,0.0,0.0,,4.0
100520,0,Cash loans,M,N,Y,0,72000.0,562500.0,486000.0,16000.0,Unaccompanied,Working,Secondary / secondary special,Civil marriage,House / apartment,0.019042,-18172,-4689,-55.0,-4738,,1,1,0,1,0,0,,2.0,2,2,TUESDAY,11,0,0,0,0,0,0,Business Entity Type 2,0.363177,0.781188,0.497189,0.1997,0.1977,0.2227,0.1677,0.158,0.1349,0.2619,0.2557,0.2452,0.2877,0.2331,0.2044,0.1275,0.172,0.1449,0.2036,0.224,0.2294,0.3013,0.2648,0.2902,0.1498,0.1504,0.2202,0.1076,0.1517,0.1526,0.2904,0.2679,0.2907,0.1944,0.2092,0.1733,0.2044,0.1915,0.2105,0.1622,0.1654,0.1754,0.1833,0.1454,0.1594,,,0.1052,,No,1.0,0.0,1.0,0.0,-3352.0,0,1,0,0,0,0,0,0,0,0,0,0,0,0,0,0,0,0,0,0,,0.0,0.0,0.0,0.0,1.0
100521,0,Cash loans,F,Y,Y,0,153000.0,967500.0,913500.0,47500.0,Unaccompanied,Pensioner,Secondary / secondary special,Civil marriage,House / apartment,0.026406,-24172,365243,-1299.0,-1983,15.0,1,0,0,1,0,0,Managers,2.0,2,2,TUESDAY,12,0,0,0,0,1,0,Trade: type 3,0.368961,0.32302,,0.7661,0.7387,0.7572,0.7673,0.7589,0.7756,0.8187,0.8284,0.8549,0.8911,0.887,0.8658,0.7557,0.7218,0.7486,0.3476,0.439,0.3926,0.4949,0.5009,0.495,0.4154,0.4451,0.4291,0.4289,0.4882,0.4577,0.4822,0.5058,0.4946,0.6877,0.6507,0.6695,0.4511,0.4629,0.4586,0.8292,0.8453,0.8233,0.8555,0.8365,0.8896,,block of flats,0.6594,"Stone, brick",,0.0,0.0,0.0,0.0,-2372.0,0,0,1,0,0,0,0,0,0,0,0,0,0,0,0,0,0,0,0,0,0.0,,0.0,0.0,0.0,0.0
100522,0,Cash loans,F,Y,Y,1,94500.0,360000.0,279000.0,27500.0,Unaccompanied,Working,Secondary / secondary special,Separated,House / apartment,0.024894,-21264,-4969,-7622.0,-3120,1.0,1,1,0,1,0,0,,3.0,2,2,FRIDAY,4,0,0,0,1,1,0,Self-employed,,0.355168,0.717949,0.5237,0.5393,0.5728,0.4943,0.4799,0.4945,0.5883,0.5805,0.5481,0.5256,0.5391,0.5513,0.3594,0.366,0.3402,0.4871,0.5235,0.5169,0.3424,0.383,0.4143,0.4487,0.4219,0.441,0.4707,0.4712,0.461,0.5062,0.5078,0.512,0.4014,0.4187,0.4457,0.3231,0.3231,0.3648,0.606,0.6632,0.6186,0.3583,0.3681,0.3794,,,,Panel,No,1.0,1.0,1.0,0.0,-3808.0,0,0,0,0,1,0,0,0,0,0,0,0,0,0,0,0,0,0,0,0,0.0,0.0,0.0,,0.0,2.0
100523,0,Cash loans,F,Y,N,0,85500.0,211500.0,189000.0,11000.0,Unaccompanied,Working,Secondary / secondary special,Married,House / apartment,0.02102,-11486,-2569,-4818.0,-4070,18.0,1,1,1,1,1,0,,2.0,2,2,MONDAY,17,0,0,0,0,0,0,Industry: type 9,,0.650098,0.814754,0.2015,0.2518,0.2913,0.332,0.3068,0.3097,0.1754,0.1511,0.1455,0.3425,0.3685,0.3387,0.1865,0.2242,0.2071,0.2592,0.2225,0.2195,0.2816,0.298,0.2755,0.3418,0.3356,0.3262,0.2952,0.2843,0.2322,0.3445,0.3394,0.3417,0.3481,0.289,0.317,0.3339,0.3496,0.3334,0.2717,0.2722,0.2487,0.3495,0.3581,0.3444,,,,,,3.0,0.0,3.0,0.0,-3244.0,0,1,0,0,0,0,0,0,0,0,0,0,0,0,0,0,0,0,0,0,0.0,0.0,0.0,0.0,0.0,3.0
100524,0,Cash loans,F,N,Y,0,130500.0,319500.0,265500.0,9500.0,Unaccompanied,Commercial associate,Secondary / secondary special,Married,House / apartment,0.013024,-10134,-3560,-3416.0,-4475,,1,1,0,1,0,0,Core staff,1.0,2,2,WEDNESDAY,11,0,0,0,0,0,0,Business Entity Type 3,,0.433572,0.470258,0.1766,0.1755,0.1491,0.1073,0.1223,0.0853,0.0991,0.1341,0.1286,0.1175,0.1181,0.0798,0.1543,0.1242,0.1295,0.1389,0.1885,0.1366,0.1893,0.1781,0.1247,0.1621,0.1709,0.1563,0.1641,0.1506,0.1259,0.13,0.1138,0.1352,0.0835,0.0775,0.0778,0.1077,0.1282,0.0916,0.1197,0.1248,0.0905,0.1124,0.1229,0.1206,,block of flats,,,,1.0,0.0,1.0,0.0,-3849.0,0,1,0,0,0,0,1,0,0,0,0,0,0,0,0,0,0,0,0,0,0.0,0.0,0.0,0.0,0.0,
100525,0,Cash loans,F,Y,Y,1,220500.0,589500.0,508500.0,24000.0,Unaccompanied,Working,Secondary / secondary special,Married,House / apartment,0.0725,-14778,-719,-5443.0,-3502,,1,1,0,1,1,0,Secretaries,3.0,2,2,SATURDAY,9,0,0,0,0,0,1,Industry: type 9,0.451832,0.646532,0.663245,0.3678,0.3372,0.3547,0.3928,0.3759,0.3705,0.2803,0.2844,0.2648,0.3545,0.3781,0.3339,0.2256,0.2689,0.2261,0.322,0.3444,0.3341,0.193,0.2529,0.228,0.2248,0.2387,0.2326,0.3723,0.3473,0.3405,0.3719,0.3866,0.3388,0.2264,0.234,0.2704,0.2682,0.2675,0.274,0.3513,0.3425,0.3396,0.4064,0.4202,0.4308,not specified,,,,,1.0,1.0,1.0,0.0,-68.0,0,1,0,0,0,0,0,0,0,0,0,0,0,0,0,0,0,0,0,0,,,0.0,0.0,,6.0
100526,0,Cash loans,M,N,Y,0,162000.0,729000.0,630000.0,48000.0,Family,Working,Higher education,Civil marriage,House / apartment,0.023369,-20505,-3527,-10637.0,-1060,,1,1,0,1,1,0,Security staff,2.0,2,2,FRIDAY,11,0,0,0,0,0,0,Medicine,,0.355577,0.295256,0.4101,0.4094,0.3754,0.45,0.4874,0.4108,0.3992,0.4234,0.4027,0.3324,0.3058,0.3285,0.3486,0.3692,0.3599,0.3466,0.364,0.38,0.4367,0.4537,0.4542,0.2821,0.2404,0.2865,0.4073,0.4345,0.3779,0.3593,0.3829,0.3747,0.2558,0.2472,0.2445,0.3126,0.3122,0.3176,0.3321,0.3528,0.3478,0.3813,0.3443,0.3743,,block of flats,,"Stone, brick",No,1.0,0.0,1.0,0.0,-1887.0,0,0,0,0,0,0,0,0,0,0,0,0,0,0,0,0,0,0,0,0,0.0,0.0,0.0,0.0,,3.0
100527,0,Revolving loans,F,N,N,0,108000.0,562500.0,481500.0,29000.0,Unaccompanied,Pensioner,Secondary / secondary special,Married,House / apartment,0.030002,-25098,365243,-15343.0,-3977,,1,0,0,1,0,0,Sales staff,1.0,1,1,FRIDAY,18,0,0,0,0,0,0,Business Entity Type 3,0.515834,0.642485,0.150057,0.0915,0.0868,0.0846,0.1164,0.149,0.1284,0.0557,0.0876,0.1096,0.1,0.1059,0.1027,0.1724,0.1671,0.1806,0.1145,0.1478,0.167,0.1596,0.1411,0.1275,0.0695,0.1014,0.0658,0.057,0.0516,0.0842,0.1283,0.1239,0.1231,0.1255,0.1358,0.1588,0.1571,0.1819,0.1517,0.0584,0.1131,0.1188,0.1043,0.1433,0.1239,reg oper account,block of flats,0.0774,,No,0.0,0.0,0.0,0.0,-2619.0,0,1,0,0,0,0,0,0,0,0,0,0,0,0,0,0,0,0,0,0,,,0.0,1.0,0.0,1.0
100528,0,Revolving loans,F,N,N,0,108000.0,193500.0,184500.0,5000.0,Unaccompanied,Commercial associate,Secondary / secondary special,Single / not married,House / apartment,0.013649,-14865,-3547,-3396.0,-1831,,1,1,0,1,0,0,Laborers,2.0,2,2,THURSDAY,12,0,0,0,0,0,0,Business Entity Type 3,,0.644713,0.643195,0.2895,0.2861,0.3198,0.5132,0.5518,0.5331,0.4704,0.4671,0.4306,0.4638,0.4645,0.4479,0.3845,0.371,0.3809,0.4543,0.4573,0.4715,0.4367,0.4291,0.438,0.3844,0.3392,0.3633,0.4372,0.4261,0.4078,0.5058,0.5045,0.5133,0.2421,0.2328,0.2684,0.4734,0.445,0.435,0.3099,0.3214,0.3043,0.4762,0.4941,0.4992,reg oper account,,0.3374,"Stone, brick",,1.0,0.0,1.0,0.0,-3713.0,0,1,0,0,0,0,0,0,0,0,0,0,0,0,0,0,0,0,0,0,0.0,0.0,0.0,0.0,,3.0
100529,0,Cash loans,F,Y,N,0,207000.0,612000.0,544500.0,26500.0,Unaccompanied,State servant,Secondary / secondary special,Married,House / apartment,0.021032,-21852,-323,-1936.0,-3547,16.0,1,1,0,1,0,0,Managers,2.0,1,1,SATURDAY,13,0,0,0,0,0,0,Business Entity Type 2,0.331092,0.51725,0.507343,0.0936,0.1089,0.0925,0.1692,0.1787,0.1588,0.1836,0.1759,0.1909,0.1696,0.1639,0.1811,0.1507,0.1679,0.1385,0.1626,0.1992,0.2293,0.1816,0.143,0.1335,0.0974,0.0319,0.1143,0.1573,0.1206,0.1044,0.1653,0.1551,0.1566,0.1045,0.1198,0.1288,0.1085,0.1182,0.1663,0.0918,0.0912,0.0845,0.1533,0.172,0.1589,,block of flats,,Block,No,0.0,0.0,0.0,0.0,-1153.0,0,1,0,0,0,0,0,0,0,0,0,0,0,0,0,0,0,0,0,0,0.0,0.0,,0.0,,2.0
100530,0,Cash loans,F,Y,Y,0,40500.0,180000.0,171000.0,7500.0,Unaccompanied,State servant,Secondary / secondary special,Single / not married,House / apartment,0.020929,-14166,-535,-4256.0,-5893,,1,1,1,1,0,0,,2.0,2,2,MONDAY,19,0,0,0,0,0,0,XNA,0.852022,0.550813,0.709789,0.2738,0.2545,0.2338,0.2356,0.2362,0.24,0.305,0.2545,0.2471,0.2313,0.2459,0.199,0.2995,0.2339,0.2738,0.2782,0.2684,0.2694,0.2362,0.2809,0.242,0.2678,0.2324,0.2472,0.1464,0.1688,0.1452,0.2596,0.3053,0.2805,0.2223,0.235,0.2557,0.2137,0.243,0.2206,0.2533,0.2352,0.2191,0.133,0.1626,0.1382,reg oper account,,,"Stone, brick",No,3.0,1.0,3.0,0.0,-2767.0,0,1,0,0,0,0,0,0,0,0,0,0,0,0,0,0,0,0,0,0,0.0,0.0,,0.0,0.0,3.0
100531,0,Cash loans,F,Y,N,0,229500.0,544500.0,504000.0,37500.0,Family,Commercial associate,Secondary / secondary special,Married,Rented apartment,0.005715,-16620,-499,-651.0,-436,18.0,1,1,0,1,1,0,Laborers,2.0,3,3,TUESDAY,15,0,0,0,0,1,0,Business Entity Type 3,,0.492508,,0.5995,0.5972,0.6117,0.6156,0.5874,0.6364,0.4749,0.4705,0.4668,0.7148,0.6921,0.7223,0.4365,0.4127,0.4388,0.7393,0.7482,0.7664,0.6264,0.62,0.6634,0.6328,0.6022,0.6487,0.4077,0.4254,0.4328,0.5253,0.5224,0.5209,0.7645,0.7514,0.7406,0.5274,0.5603,0.5419,0.3527,0.341,0.3461,0.4185,0.4018,0.4237,,block of flats,0.4869,,No,5.0,0.0,5.0,0.0,-3556.0,0,1,0,0,0,0,0,0,0,0,0,0,0,0,0,0,0,0,0,0,0.0,0.0,0.0,1.0,0.0,2.0
100532,0,Cash loans,F,N,Y,0,54000.0,265500.0,225000.0,14000.0,Family,Commercial associate,Secondary / secondary special,Civil marriage,House / apartment,0.011991,-21852,-2316,-11820.0,-514,,1,1,0,1,0,0,Managers,1.0,3,3,TUESDAY,11,0,0,0,0,0,0,Business Entity Type 3,0.404137,0.68571,0.35525,0.1732,0.1799,0.1601,0.1474,0.144,0.1524,0.1511,0.132,0.1562,0.2172,0.2159,0.1782,0.2221,0.2129,0.2226,0.1369,0.1308,0.1403,0.233,0.1636,0.182,0.1892,0.1588,0.1561,0.1363,0.1546,0.1101,0.1548,0.1241,0.1123,0.1233,0.1431,0.1107,0.1205,0.116,0.1035,0.2204,0.1653,0.1964,0.1431,0.1522,0.1798,,,0.2167,Panel,No,2.0,1.0,2.0,0.0,-1365.0,0,0,0,0,0,0,0,0,0,0,0,0,0,0,0,0,0,0,0,0,0.0,0.0,0.0,0.0,,1.0
100533,0,Cash loans,M,N,Y,0,67500.0,220500.0,193500.0,6500.0,Family,Working,Secondary / secondary special,Married,Municipal apartment,0.011855,-12902,-2566,-1830.0,-1499,,1,1,0,1,0,0,,2.0,2,2,TUESDAY,7,0,0,0,0,0,0,Business Entity Type 3,0.186504,0.190855,0.144476,0.3972,0.4194,0.4026,0.5769,0.614,0.6281,0.6167,0.6154,0.596,0.5332,0.5448,0.5586,0.3452,0.353,0.3484,0.7212,0.7061,0.7419,0.5864,0.6126,0.5744,0.5473,0.548,0.5657,0.4327,0.4589,0.422,0.7254,0.7419,0.7045,0.6814,0.6787,0.6675,0.4722,0.5066,0.5041,0.3885,0.3395,0.4076,0.5337,0.5553,0.5393,reg oper spec account,block of flats,0.6042,"Stone, brick",,1.0,0.0,1.0,0.0,-2847.0,0,1,0,0,0,0,0,0,0,0,0,0,0,0,0,0,0,0,0,0,0.0,0.0,,2.0,0.0,1.0
100534,0,Cash loans,F,N,Y,0,112500.0,292500.0,252000.0,8500.0,Unaccompanied,Pensioner,Higher education,Civil marriage,House / apartment,0.012887,-22568,365243,-2512.0,-2632,,1,0,1,1,0,0,,2.0,3,3,SATURDAY,14,0,0,0,0,0,0,Business Entity Type 3,,0.7325,0.486312,0.077,0.1148,0.0701,0.0737,0.0537,0.0432,0.0908,0.0847,0.0862,0.0948,0.0538,0.0508,0.0431,0.024,0.0559,0.084,0.0758,0.0636,0.0568,0.0651,0.0694,0.0775,0.0406,0.0785,0.1269,0.0907,0.0746,0.0529,0.0551,0.094,0.0582,0.0683,0.1107,0.1032,0.0551,0.0994,0.0861,0.0737,0.0695,0.083,0.0771,0.0837,,,,,No,1.0,0.0,1.0,0.0,-24.0,0,1,0,0,0,0,0,0,0,0,0,0,0,0,0,0,0,0,0,0,0.0,0.0,0.0,0.0,0.0,1.0
100535,0,Cash loans,F,N,Y,1,486000.0,1953000.0,1845000.0,84500.0,Family,Commercial associate,Secondary / secondary special,Married,House / apartment,0.009633,-11698,-1643,-4041.0,-2873,,1,1,1,1,1,0,Sales staff,3.0,2,3,THURSDAY,10,0,0,0,0,0,0,Self-employed,0.595246,0.621684,0.431841,0.4048,0.3621,0.3658,0.4053,0.409,0.3613,0.4469,0.4914,0.4812,0.4218,0.4308,0.4635,0.3053,0.3404,0.275,0.334,0.313,0.3265,0.3082,0.3358,0.3064,0.1927,0.221,0.2096,0.371,0.3386,0.3395,0.2255,0.2539,0.2056,0.52,0.5018,0.538,0.3125,0.3458,0.361,0.4357,0.3955,0.444,0.3387,0.3757,0.3832,reg oper account,,0.4617,,,2.0,0.0,2.0,0.0,-3823.0,0,1,0,0,0,0,0,0,0,0,0,0,0,0,0,0,0,0,0,0,0.0,0.0,0.0,0.0,0.0,
100536,0,Cash loans,M,N,Y,0,369000.0,1786500.0,1462500.0,48500.0,Unaccompanied,Working,Secondary / secondary special,Single / not married,Office apartment,0.019215,-16459,-3897,-457.0,-1774,,1,1,0,1,0,0,,2.0,2,3,TUESDAY,14,0,0,0,0,0,0,Self-employed,0.493641,0.9995,,0.8011,0.7877,0.7964,0.7765,0.7646,0.7647,0.607,0.5701,0.5956,0.4827,0.5106,0.4882,0.7672,0.7576,0.7539,0.6427,0.677,0.674,0.5386,0.5561,0.592,0.7572,0.7706,0.7296,0.5342,0.5132,0.5273,0.6113,0.6614,0.6549,0.7645,0.7352,0.741,0.8593,0.8544,0.8478,0.7241,0.687,0.6927,0.7487,0.7185,0.6893,reg oper account,block of flats,,,,3.0,0.0,3.0,0.0,-1222.0,0,0,0,0,0,0,0,0,0,0,0,0,0,0,0,0,0,0,0,0,0.0,0.0,0.0,,0.0,0.0
100537,0,Cash loans,M,N,Y,1,216000.0,526500.0,508500.0,24500.0,Family,Working,Higher education,Single / not married,House / apartment,0.044473,-9988,-2114,-3298.0,-5405,,1,1,0,1,0,1,Laborers,3.0,1,1,TUESDAY,12,0,0,1,0,0,0,XNA,,0.52597,0.354576,0.2558,0.2728,0.2879,0.3083,0.3283,0.2888,0.3773,0.4404,0.378,0.2305,0.2762,0.2281,0.3688,0.3455,0.3377,0.3953,0.4294,0.4118,0.2608,0.2416,0.246,0.3052,0.3355,0.3199,0.2659,0.2303,0.2633,0.3318,0.3655,0.3481,0.3326,0.3769,0.3802,0.3084,0.3125,0.2307,0.237,0.2631,0.2171,0.1964,0.223,0.1999,,,0.1822,Panel,,3.0,0.0,3.0,0.0,-954.0,0,0,0,0,0,0,0,0,0,0,0,0,0,0,0,0,0,0,0,0,0.0,0.0,0.0,0.0,0.0,2.0
100538,0,Cash loans,F,Y,Y,0,180000.0,616500.0,553500.0,17000.0,Unaccompanied,Commercial associate,Higher education,Married,House / apartment,0.020276,-10014,-3440,-3207.0,-44,,1,1,1,1,0,0,,2.0,2,2,FRIDAY,13,0,0,0,0,0,1,Business Entity Type 2,0.62595,0.593279,0.476708,0.0969,0.056,0.0993,0.1101,0.1308,0.135,0.1311,0.1054,0.1539,0.0694,0.0688,0.0774,0.0587,0.0987,0.0717,0.1179,0.1363,0.124,0.0958,0.1184,0.1115,0.0747,0.0609,0.0796,0.1176,0.1084,0.0952,0.0548,0.0433,0.0861,0.1176,0.1059,0.0725,0.1461,0.1427,0.1442,0.0554,0.1199,0.0755,0.0838,0.0832,0.0553,,,,Block,No,1.0,1.0,1.0,0.0,-3618.0,0,0,0,0,0,0,0,0,0,0,0,0,0,0,0,0,1,0,0,0,,,0.0,0.0,1.0,
100539,0,Cash loans,F,Y,Y,0,54000.0,274500.0,247500.0,25000.0,Family,Commercial associate,Secondary / secondary special,Married,House / apartment,0.00899,-11376,-2078,-2399.0,-3266,33.0,1,1,0,1,0,1,,2.0,2,2,MONDAY,15,0,0,0,0,1,0,Business Entity Type 3,,0.424864,0.222631,0.2141,0.2233,0.2173,0.1143,0.126,0.1367,0.1773,0.2112,0.1907,0.1379,0.1749,0.1805,0.153,0.116,0.1529,0.1577,0.16,0.1778,0.1174,0.1197,0.1306,0.2106,0.1998,0.1746,0.1556,0.1348,0.1226,0.1325,0.1093,0.113,0.1688,0.1361,0.1748,0.1355,0.1309,0.1539,0.081,0.0797,0.094,0.1309,0.1758,0.1408,,,0.1074,Panel,,0.0,1.0,0.0,0.0,-837.0,0,1,0,0,0,0,0,0,0,0,0,0,0,0,0,0,0,0,0,0,0.0,0.0,,0.0,0.0,3.0
100540,0,Cash loans,F,Y,N,0,162000.0,414000.0,364500.0,20500.0,Unaccompanied,Pensioner,Higher education,Married,House / apartment,0.009869,-23236,365243,-10361.0,-3314,,1,0,0,1,0,0,Core staff,2.0,2,2,FRIDAY,6,0,0,0,1,0,0,Business Entity Type 1,,0.167222,0.411133,0.2199,0.2072,0.213,0.3829,0.4035,0.3785,0.3782,0.4055,0.4184,0.3862,0.402,0.4104,0.2426,0.2929,0.2195,0.4227,0.3846,0.4161,0.3869,0.4147,0.395,0.2362,0.2124,0.2296,0.3713,0.3713,0.3724,0.1672,0.2004,0.1907,0.3848,0.3826,0.3566,0.1949,0.2082,0.2228,0.4227,0.4051,0.4354,0.3756,0.3541,0.3259,,block of flats,,,,2.0,0.0,2.0,0.0,-3249.0,0,1,0,0,0,0,0,0,0,0,0,0,0,0,0,0,1,0,0,0,0.0,0.0,0.0,0.0,0.0,0.0
100541,0,Revolving loans,F,N,Y,0,108000.0,171000.0,153000.0,5000.0,Unaccompanied,Working,Secondary / secondary special,Married,Municipal apartment,0.014802,-19695,-628,-131.0,-4618,,1,1,1,1,0,0,Waiters/barmen staff,1.0,2,2,SUNDAY,12,0,0,0,1,0,0,Military,0.928993,0.523766,0.750207,0.3737,0.3305,0.3689,0.3493,0.3154,0.3462,0.3807,0.3936,0.3634,0.1983,0.1877,0.2409,0.3363,0.3041,0.3479,0.2554,0.2927,0.2846,0.3283,0.2969,0.3362,0.3107,0.3084,0.3254,0.4148,0.4203,0.398,0.4746,0.4901,0.4968,0.2395,0.2546,0.2384,0.2239,0.1797,0.23,0.4867,0.5062,0.5151,0.3062,0.2561,0.2744,reg oper account,block of flats,,,No,1.0,0.0,1.0,0.0,-1934.0,0,1,0,0,1,0,0,0,0,0,0,0,0,0,0,0,0,0,0,0,0.0,0.0,0.0,1.0,,0.0
100542,0,Cash loans,F,N,Y,0,94500.0,157500.0,144000.0,4500.0,Other_A,Pensioner,Secondary / secondary special,Married,House / apartment,0.007774,-24981,365243,-5779.0,-3300,,1,0,0,1,0,0,Cooking staff,2.0,2,2,FRIDAY,12,0,0,0,0,0,0,Industry: type 3,,0.641152,0.683565,0.8394,0.8386,0.8103,0.549,0.5661,0.5327,0.3946,0.365,0.3613,0.4538,0.4845,0.4839,0.6614,0.6034,0.6348,0.7931,0.8464,0.8451,0.4871,0.4994,0.4923,0.8122,0.8096,0.7469,0.5091,0.5272,0.5073,0.5159,0.501,0.5097,0.5703,0.6102,0.5934,0.6677,0.6505,0.643,0.5673,0.5719,0.5526,0.6123,0.6099,0.634,,,,,No,0.0,0.0,0.0,0.0,-1901.0,0,1,0,0,0,0,0,0,0,0,0,0,0,0,0,0,0,0,0,0,0.0,0.0,0.0,0.0,0.0,4.0
100543,0,Cash loans,M,N,Y,1,162000.0,504000.0,459000.0,15500.0,Unaccompanied,Working,Higher education,Married,House / apartment,0.022585,-18819,-2732,-10317.0,-813,,1,1,1,1,0,0,,2.0,2,2,WEDNESDAY,13,0,0,0,0,1,1,XNA,0.518976,0.477094,0.157579,0.3545,0.3891,0.3636,0.2244,0.1886,0.1939,0.3386,0.3521,0.3179,0.2443,0.2419,0.2481,0.4242,0.3967,0.4202,0.2376,0.2057,0.2193,0.4789,0.4824,0.5022,0.2864,0.2998,0.3133,0.3841,0.3763,0.3972,0.4846,0.5029,0.5025,0.2515,0.2934,0.2873,0.4515,0.3988,0.4337,0.271,0.2777,0.2867,0.3353,0.362,0.3637,,block of flats,0.5114,Block,,2.0,0.0,2.0,0.0,-2012.0,0,1,0,0,0,0,0,0,0,0,0,0,0,0,0,0,0,0,0,0,,,0.0,0.0,0.0,1.0
100544,0,Revolving loans,F,N,N,2,112500.0,211500.0,175500.0,7000.0,Family,Commercial associate,Secondary / secondary special,Married,House / apartment,0.043269,-21310,-296,-28.0,-1922,,1,1,0,1,0,0,Accountants,3.0,2,2,THURSDAY,14,0,0,0,0,0,0,Construction,0.809766,0.534795,,0.5338,0.5188,0.5253,0.3611,0.337,0.3392,0.4645,0.4655,0.5263,0.3196,0.3344,0.3077,0.4176,0.4328,0.3966,0.6267,0.6408,0.6354,0.366,0.3434,0.3543,0.6955,0.6645,0.6945,0.5842,0.5962,0.5698,0.6337,0.6122,0.6765,0.5586,0.5546,0.5641,0.4876,0.4409,0.4916,0.4188,0.4424,0.4677,0.4147,0.4336,0.4346,reg oper account,block of flats,0.5774,Monolithic,,0.0,0.0,0.0,0.0,-3299.0,0,1,0,0,0,0,0,0,0,0,0,0,0,0,0,0,0,0,0,0,0.0,0.0,0.0,1.0,0.0,2.0
100545,0,Cash loans,M,N,Y,1,238500.0,769500.0,688500.0,22500.0,Unaccompanied,Working,Higher education,Married,House / apartment,0.013085,-18211,-6683,-2064.0,-1036,,1,1,0,1,1,0,,3.0,2,2,THURSDAY,13,0,0,0,0,0,0,Business Entity Type 2,,0.72608,,0.218,0.2064,0.1987,0.1882,0.1538,0.1703,0.1894,0.1808,0.1418,0.3364,0.3206,0.3611,0.294,0.3317,0.3333,0.2396,0.2488,0.2384,0.3359,0.2929,0.3247,0.2692,0.2672,0.2716,0.1989,0.1941,0.1724,0.3351,0.3466,0.3398,0.327,0.2956,0.3525,0.2243,0.172,0.1789,0.3246,0.3502,0.3629,0.1666,0.1731,0.183,,block of flats,,,,1.0,0.0,1.0,0.0,-2469.0,0,1,0,0,0,0,0,0,0,0,0,0,0,0,0,0,0,0,0,0,,0.0,0.0,0.0,0.0,3.0
100546,0,Cash loans,F,N,Y,0,49500.0,481500.0,409500.0,15500.0,Unaccompanied,Working,Secondary / secondary special,Married,House / apartment,0.019604,-16827,-1040,-2395.0,-2833,,1,1,0,1,0,1,Drivers,2.0,2,2,SATURDAY,10,0,0,0,0,0,0,Self-employed,0.84019,0.973779,,0.6335,0.6433,0.6435,0.51,0.4968,0.5071,0.4463,0.4518,0.4679,0.7239,0.7053,0.6871,0.3492,0.3327,0.3204,0.7174,0.7221,0.7217,0.4067,0.4236,0.4123,0.5125,0.4881,0.5199,0.5598,0.5287,0.5332,0.6538,0.6801,0.6729,0.5717,0.5688,0.6014,0.3258,0.344,0.3686,0.5933,0.632,0.5785,0.6237,0.5982,0.6477,,block of flats,,"Stone, brick",,1.0,0.0,1.0,1.0,-3788.0,0,1,0,0,0,0,0,0,0,0,0,0,0,0,0,0,0,0,0,0,0.0,0.0,0.0,0.0,1.0,4.0
100547,0,Cash loans,M,N,Y,0,153000.0,279000.0,252000.0,16000.0,Unaccompanied,Working,Higher education,Married,House / apartment,0.014333,-7787,-637,-702.0,-5487,,1,1,0,1,0,0,Laborers,2.0,2,2,WEDNESDAY,8,0,0,0,0,0,1,Military,0.259354,0.0005,,0.3432,0.3069,0.3069,0.1892,0.1545,0.178,0.2263,0.2364,0.2124,0.2832,0.2843,0.2339,0.2806,0.3098,0.3087,0.1993,0.1545,0.1628,0.2966,0.2905,0.3255,0.2003,0.1965,0.1913,0.2757,0.3194,0.2961,0.153,0.1582,0.1326,0.137,0.1708,0.1478,0.2648,0.2138,0.2654,0.3107,0.3133,0.3003,0.1676,0.1297,0.1897,not specified,,0.1435,Panel,No,1.0,1.0,1.0,0.0,-3499.0,0,1,0,0,0,0,0,0,0,0,0,0,0,0,0,0,0,0,0,0,0.0,0.0,0.0,1.0,0.0,1.0
100548,1,Cash loans,M,Y,Y,0,90000.0,301500.0,270000.0,12500.0,Unaccompanied,Working,Higher education,Single / not married,House / apartment,0.012656,-14058,-7484,-4589.0,-2351,27.0,1,1,1,1,0,0,Laborers,2.0,1,1,FRIDAY,7,0,0,0,0,0,0,Business Entity Type 3,0.28451,0.554448,0.246282,0.5432,0.5474,0.5271,0.6244,0.5945,0.6102,0.6304,0.6505,0.6267,0.5459,0.5771,0.544,0.6097,0.5974,0.6006,0.7062,0.731,0.7364,0.5516,0.5616,0.5688,0.576,0.5682,0.6022,0.6363,0.6434,0.647,0.686,0.6726,0.6975,0.5575,0.5289,0.5121,0.7582,0.7515,0.7778,0.4087,0.378,0.3955,0.3627,0.3324,0.3377,,block of flats,,"Stone, brick",,1.0,0.0,1.0,0.0,-3941.0,0,1,0,0,0,0,0,0,0,0,0,0,0,0,0,0,0,0,0,0,0.0,0.0,0.0,0.0,,2.0
100549,0,Cash loans,F,N,Y,0,117000.0,1476000.0,1206000.0,49500.0,Unaccompanied,Working,Secondary / secondary special,Married,House / apartment,0.021032,-11489,-1767,-108.0,-2188,,1,1,0,1,0,0,Cleaning staff,1.0,2,2,THURSDAY,12,0,0,0,0,0,0,Self-employed,,0.615084,0.93395,0.3319,0.3235,0.3744,0.2153,0.2003,0.193,0.2777,0.2473,0.2702,0.3694,0.3261,0.3536,0.3323,0.3246,0.3533,0.29,0.3573,0.3006,0.2583,0.2618,0.2253,0.1998,0.2018,0.1608,0.3592,0.3653,0.335,0.1616,0.2158,0.1569,0.3165,0.2653,0.307,0.1889,0.2083,0.1835,0.3057,0.2529,0.294,0.2823,0.2565,0.3153,,,0.4068,,No,2.0,0.0,2.0,0.0,-1775.0,0,0,0,0,0,0,0,0,0,0,0,0,0,0,0,0,0,0,0,0,,0.0,0.0,0.0,0.0,2.0
100550,0,Cash loans,F,N,Y,1,175500.0,855000.0,792000.0,31000.0,Unaccompanied,Pensioner,Secondary / secondary special,Separated,House / apartment,0.012395,-22241,365243,-1852.0,-2785,,1,0,1,1,0,0,Managers,3.0,2,2,MONDAY,14,0,0,0,0,0,0,Business Entity Type 3,,0.604885,,0.2156,0.2178,0.2261,0.369,0.3736,0.3845,0.1855,0.2035,0.1941,0.4413,0.4358,0.4438,0.4372,0.4276,0.435,0.4207,0.4356,0.4384,0.4099,0.3623,0.3865,0.2142,0.1719,0.1913,0.2699,0.2378,0.2807,0.4296,0.434,0.459,0.3025,0.3068,0.3001,0.209,0.2223,0.2232,0.2153,0.1963,0.2383,0.3133,0.3149,0.3039,not specified,,,Panel,,1.0,0.0,1.0,0.0,-3065.0,0,0,0,0,0,0,0,0,0,0,0,0,0,0,0,0,0,0,0,0,0.0,0.0,0.0,0.0,1.0,0.0
100551,0,Cash loans,F,N,Y,1,81000.0,256500.0,225000.0,7000.0,Unaccompanied,Working,Secondary / secondary special,Single / not married,House / apartment,0.011328,-21218,-3803,-11199.0,-996,,1,1,0,0,1,0,Sales staff,3.0,2,2,WEDNESDAY,11,0,0,0,0,0,0,XNA,0.9995,0.691157,,0.3592,0.3323,0.3248,0.2743,0.3124,0.255,0.34,0.3342,0.3721,0.2198,0.2421,0.2188,0.2734,0.2865,0.2532,0.1605,0.1556,0.1828,0.2503,0.2524,0.2617,0.1824,0.1656,0.1937,0.2436,0.2334,0.2586,0.2566,0.2142,0.2927,0.3063,0.339,0.3107,0.2156,0.1858,0.1943,0.3234,0.3475,0.3288,0.1585,0.1717,0.1212,,block of flats,,Panel,No,2.0,0.0,2.0,0.0,-2335.0,0,1,0,0,1,0,1,0,0,0,0,0,0,0,0,0,0,0,0,0,0.0,0.0,0.0,0.0,0.0,3.0
100552,0,Cash loans,M,N,Y,0,162000.0,580500.0,517500.0,24000.0,Unaccompanied,Commercial associate,Higher education,Married,House / apartment,0.006852,-12235,-4068,-561.0,-5088,,1,1,1,1,1,0,,1.0,2,2,TUESDAY,15,0,0,0,0,0,0,Kindergarten,,0.84923,,0.8587,0.825,0.832,0.5134,0.4853,0.4809,0.5576,0.546,0.5116,0.4637,0.4383,0.4577,0.5241,0.5044,0.498,0.6849,0.6464,0.6416,0.5251,0.5623,0.5713,0.6604,0.6639,0.6807,0.6359,0.6183,0.6011,0.5232,0.5411,0.532,0.7118,0.7307,0.7497,0.7826,0.7461,0.7752,0.6138,0.605,0.6096,0.7838,0.795,0.7419,org spec account,block of flats,0.8302,,No,4.0,0.0,4.0,0.0,-2286.0,0,1,0,0,1,0,0,0,0,0,0,0,0,0,0,0,0,0,0,0,0.0,0.0,0.0,0.0,0.0,1.0
100553,0,Cash loans,F,N,Y,2,130500.0,643500.0,589500.0,42000.0,Unaccompanied,Commercial associate,Secondary / secondary special,Civil marriage,House / apartment,0.019464,-9961,-3386,-589.0,-3990,,1,1,0,1,0,0,Sales staff,4.0,2,2,FRIDAY,12,0,0,0,0,1,0,Other,,0.320537,0.416025,0.3073,0.3427,0.3159,0.2586,0.2363,0.2098,0.234,0.2402,0.1932,0.1855,0.2243,0.1826,0.2064,0.1957,0.203,0.2721,0.2918,0.285,0.2456,0.2309,0.2379,0.2044,0.1838,0.149,0.152,0.1778,0.1497,0.2905,0.317,0.3384,0.1442,0.1798,0.1242,0.3014,0.3124,0.2524,0.1278,0.1429,0.1799,0.1573,0.1874,0.197,reg oper account,block of flats,0.3256,Monolithic,,1.0,0.0,1.0,0.0,-1714.0,0,1,0,0,0,0,1,0,0,0,0,0,0,0,0,0,0,0,0,0,0.0,0.0,0.0,0.0,1.0,5.0
100554,0,Revolving loans,F,N,Y,1,103500.0,1026000.0,936000.0,62500.0,Family,Working,Higher education,Married,House / apartment,0.036237,-19435,-475,-1008.0,-4283,,1,1,0,1,1,0,Laborers,2.0,2,2,TUESDAY,12,0,0,0,0,0,0,Government,0.886914,0.582006,,0.227,0.16,0.2348,0.2629,0.2734,0.3006,0.3388,0.3037,0.3051,0.3434,0.3544,0.3599,0.2441,0.2619,0.2467,0.314,0.3263,0.3195,0.3189,0.323,0.3203,0.2424,0.2322,0.2458,0.1783,0.214,0.1758,0.2755,0.2874,0.3072,0.2575,0.2457,0.2362,0.2385,0.2537,0.2136,0.1821,0.2098,0.2029,0.2319,0.2134,0.2491,,block of flats,,,,2.0,0.0,2.0,0.0,-3356.0,0,1,0,0,0,0,0,0,0,0,0,0,0,0,0,0,0,0,0,0,0.0,0.0,0.0,0.0,1.0,2.0
100555,0,Cash loans,F,N,Y,0,112500.0,328500.0,306000.0,9500.0,Family,Pensioner,Secondary / secondary special,Married,House / apartment,0.028993,-21712,365243,-10204.0,-2098,,1,0,0,1,0,0,Sales staff,2.0,2,2,MONDAY,7,0,0,0,0,0,0,XNA,0.371046,0.383297,,0.0918,0.1095,0.0791,0.0577,0.0378,0.0479,0.1117,0.1352,0.1397,0.1105,0.148,0.1252,0.0304,0.063,0.0376,0.1137,0.112,0.1162,0.0979,0.1032,0.0971,0.0689,0.0819,0.0586,0.104,0.1085,0.1166,0.0962,0.1195,0.0996,0.0733,0.0572,0.0767,0.0498,0.0877,0.0412,0.0841,0.1134,0.107,0.0602,0.1259,0.0638,,block of flats,,,No,1.0,0.0,1.0,0.0,-3006.0,0,0,0,0,0,0,0,0,0,0,0,0,0,0,0,0,0,0,0,0,0.0,0.0,0.0,0.0,1.0,4.0
100556,0,Cash loans,M,N,Y,2,135000.0,346500.0,283500.0,34000.0,Unaccompanied,Pensioner,Secondary / secondary special,Married,House / apartment,0.047161,-25179,365243,-119.0,-1681,,1,0,0,1,1,0,Drivers,4.0,2,2,MONDAY,11,0,0,0,0,0,0,Trade: type 3,0.584235,0.414889,,0.2347,0.2194,0.225,0.3431,0.2842,0.3252,0.3203,0.3064,0.2968,0.3059,0.3614,0.319,0.4549,0.4125,0.4388,0.2603,0.2187,0.262,0.4375,0.4373,0.4606,0.3148,0.2859,0.3137,0.385,0.3949,0.4194,0.2073,0.2519,0.1754,0.3629,0.3688,0.3497,0.3425,0.3735,0.3721,0.2751,0.277,0.355,0.2478,0.2734,0.2642,,block of flats,0.3441,,No,0.0,0.0,0.0,0.0,-1901.0,0,1,0,0,0,0,0,0,0,0,0,0,0,0,0,0,0,0,0,0,0.0,0.0,0.0,1.0,1.0,2.0
100557,0,Cash loans,F,Y,Y,0,94500.0,171000.0,135000.0,4500.0,Unaccompanied,Pensioner,Higher education,Single / not married,House / apartment,0.012309,-21915,365243,-2869.0,-2844,,1,0,0,1,0,0,,2.0,2,2,WEDNESDAY,15,0,0,0,0,0,0,Self-employed,0.466161,0.566654,0.409078,0.2326,0.2334,0.2231,0.3958,0.3731,0.4311,0.3043,0.2912,0.3021,0.2289,0.2768,0.2566,0.2322,0.2701,0.306,0.3744,0.3534,0.3612,0.4834,0.4865,0.4911,0.3334,0.3487,0.2906,0.236,0.2456,0.1936,0.4501,0.443,0.4377,0.3542,0.3249,0.3411,0.4616,0.4734,0.4187,0.4441,0.3933,0.3968,0.2833,0.3025,0.3245,reg oper account,,,"Stone, brick",,1.0,0.0,1.0,0.0,-3878.0,0,1,0,0,0,0,0,0,0,0,0,0,0,0,0,0,0,0,0,0,0.0,0.0,0.0,0.0,1.0,
100558,1,Cash loans,F,N,Y,0,148500.0,612000.0,558000.0,52500.0,Unaccompanied,Pensioner,Higher education,Married,House / apartment,0.031691,-21897,365243,-6340.0,-1437,,1,0,1,1,0,0,Core staff,2.0,2,2,THURSDAY,17,0,0,0,0,0,0,XNA,,0.693301,0.529721,0.1832,0.175,0.1883,0.2773,0.2628,0.2596,0.215,0.2606,0.3027,0.2922,0.3107,0.2719,0.1391,0.1596,0.1709,0.2704,0.2508,0.2733,0.3278,0.2884,0.3446,0.3154,0.2987,0.2543,0.192,0.1989,0.1951,0.3488,0.3481,0.3151,0.2518,0.2481,0.2554,0.1625,0.1392,0.1343,0.3168,0.3486,0.3223,0.2435,0.2517,0.2292,not specified,block of flats,0.2611,,,0.0,0.0,0.0,0.0,-2657.0,0,0,0,0,0,0,0,0,0,0,0,0,0,0,0,0,0,0,0,0,,0.0,0.0,1.0,0.0,2.0
100559,0,Cash loans,M,N,Y,0,126000.0,225000.0,184500.0,10500.0,Unaccompanied,Commercial associate,Secondary / secondary special,Married,House / apartment,0.009439,-13442,-294,-5.0,-128,,1,1,1,0,1,0,Core staff,2.0,2,2,WEDNESDAY,11,0,0,0,0,0,0,Business Entity Type 3,,0.915097,0.872577,0.3485,0.3605,0.3416,0.6511,0.6244,0.6358,0.3821,0.3564,0.3737,0.4956,0.5319,0.5094,0.3406,0.3601,0.3527,0.4916,0.4454,0.4575,0.5072,0.4974,0.4852,0.5052,0.5356,0.5688,0.5881,0.5525,0.5697,0.4262,0.4357,0.4358,0.565,0.5621,0.5685,0.4886,0.4811,0.4453,0.5733,0.6219,0.5484,0.3507,0.3491,0.3647,reg oper account,,0.482,,,1.0,0.0,1.0,0.0,-183.0,0,1,0,0,0,0,0,0,0,0,0,0,0,0,0,0,0,0,0,0,0.0,0.0,0.0,0.0,0.0,0.0
100560,0,Cash loans,F,N,Y,0,103500.0,315000.0,252000.0,9500.0,Family,State servant,Secondary / secondary special,Married,House / apartment,0.029028,-16693,-4530,-9477.0,-4351,,1,1,0,1,0,0,Core staff,2.0,2,2,THURSDAY,15,0,0,0,0,1,1,XNA,,0.33454,0.363698,0.0903,0.1148,0.0899,0.0984,0.087,0.1193,0.0872,0.0724,0.0523,0.0984,0.0841,0.0923,0.1163,0.1065,0.1021,0.0956,0.1073,0.0888,0.0857,0.1042,0.104,0.0846,0.0636,0.108,0.0774,0.0648,0.0977,0.0842,0.1036,0.0589,0.1298,0.119,0.099,0.1486,0.1581,0.1405,0.1119,0.1161,0.0662,0.0776,0.0766,0.1211,,block of flats,0.1222,"Stone, brick",,3.0,0.0,3.0,0.0,-2413.0,0,1,0,0,0,0,0,0,0,0,0,0,0,0,0,0,0,0,0,0,0.0,0.0,0.0,,0.0,3.0
100561,0,Cash loans,M,N,Y,0,351000.0,832500.0,670500.0,37500.0,Unaccompanied,Working,Higher education,Married,House / apartment,0.051827,-17194,-1346,-8732.0,-5159,,1,1,0,1,0,0,,2.0,3,3,TUESDAY,17,0,0,0,1,1,0,School,0.894849,0.692565,0.895453,0.6471,0.6089,0.6411,0.5563,0.5297,0.5383,0.5487,0.5473,0.5715,0.6876,0.7464,0.7062,0.6792,0.7219,0.6768,0.5154,0.4979,0.5242,0.582,0.6099,0.5973,0.5908,0.6102,0.5775,0.4246,0.4646,0.4969,0.4753,0.4983,0.5077,0.6552,0.6326,0.6617,0.6151,0.6103,0.6652,0.5762,0.5638,0.5684,0.4792,0.4565,0.4546,,block of flats,0.3752,,,1.0,0.0,1.0,1.0,-3025.0,0,0,0,0,0,0,0,0,0,0,0,0,0,0,0,0,0,0,0,0,0.0,0.0,0.0,0.0,,1.0
100562,0,Cash loans,F,N,Y,2,184500.0,1300500.0,1093500.0,37500.0,Unaccompanied,Working,Higher education,Married,House / apartment,0.02547,-19167,-1117,-6852.0,-1347,,1,1,0,1,1,0,Laborers,4.0,2,2,MONDAY,9,0,0,0,0,0,0,XNA,0.721849,0.023901,0.343785,0.2296,0.2518,0.2235,0.257,0.2701,0.2936,0.4555,0.4488,0.4132,0.2321,0.2228,0.2489,0.1953,0.214,0.1869,0.3508,0.3441,0.36,0.4073,0.4083,0.4225,0.3213,0.348,0.3374,0.3949,0.3998,0.4217,0.2105,0.2456,0.2356,0.4523,0.4015,0.4327,0.2042,0.2233,0.1999,0.3624,0.3381,0.3976,0.5216,0.4951,0.4823,,,0.3922,Panel,No,0.0,0.0,0.0,0.0,-3965.0,0,1,0,0,0,0,0,0,0,0,0,0,0,0,0,0,0,0,0,0,0.0,0.0,0.0,0.0,0.0,3.0
100563,0,Cash loans,F,Y,Y,0,117000.0,346500.0,337500.0,26500.0,Unaccompanied,Commercial associate,Secondary / secondary special,Married,House / apartment,0.052397,-11090,-1568,-1428.0,-3761,7.0,1,1,1,1,0,0,,1.0,2,2,THURSDAY,13,0,0,0,0,0,0,XNA,0.04651,0.0005,0.316734,0.0677,0.0767,0.0652,0.0916,0.0793,0.1065,0.0855,0.0986,0.0813,0.1019,0.1208,0.0878,0.1481,0.1547,0.1459,0.0858,0.1398,0.1315,0.1316,0.1226,0.1333,0.147,0.1662,0.1092,0.098,0.1352,0.155,0.1303,0.1234,0.0991,0.1361,0.1385,0.1507,0.1404,0.1581,0.1143,0.0743,0.0374,0.0702,0.1244,0.1182,0.1385,,,0.0736,,,1.0,1.0,1.0,0.0,-1810.0,0,1,0,0,0,0,0,0,0,0,0,0,0,0,0,0,0,0,0,0,0.0,,0.0,,,2.0
100564,0,Cash loans,M,N,Y,0,157500.0,765000.0,621000.0,30000.0,Unaccompanied,Working,Secondary / secondary special,Married,House / apartment,0.012901,-21412,-1522,-1094.0,-5445,,1,1,0,1,1,0,Drivers,2.0,2,2,SATURDAY,13,0,0,0,0,1,0,XNA,0.807814,0.712749,,0.5129,0.5568,0.5602,0.7706,0.8155,0.8057,0.5352,0.5568,0.5488,0.4825,0.4806,0.4225,0.7963,0.7577,0.7627,0.4873,0.4941,0.4878,0.5818,0.5689,0.5478,0.3681,0.3848,0.3668,0.518,0.5272,0.5395,0.4631,0.4597,0.487,0.3504,0.3747,0.375,0.791,0.8171,0.8321,0.4163,0.4237,0.4273,0.7958,0.806,0.7889,,,0.6395,Wooden,,4.0,0.0,4.0,0.0,-3108.0,0,0,0,0,1,0,0,0,0,0,0,0,0,0,0,0,0,0,0,0,0.0,0.0,,1.0,,
100565,0,Cash loans,M,N,N,0,85500.0,139500.0,117000.0,5000.0,Family,Commercial associate,Secondary / secondary special,Civil marriage,Rented apartment,0.017207,-10728,-4154,-1817.0,-4441,,1,1,0,1,0,0,Accountants,2.0,2,2,WEDNESDAY,16,0,0,0,0,0,0,XNA,0.647366,0.46998,0.643476,0.6559,0.652,0.6047,0.9127,0.8861,0.9554,0.462,0.459,0.4364,0.9289,0.8882,0.9182,0.7128,0.6666,0.6708,0.6332,0.6656,0.6513,0.872,0.8466,0.8776,0.8543,0.8544,0.848,0.5389,0.5228,0.5144,0.4509,0.4816,0.454,0.7757,0.8081,0.7873,0.666,0.6939,0.6555,0.7636,0.7728,0.8456,0.907,0.872,0.9159,,,,Panel,No,0.0,0.0,0.0,0.0,-3346.0,0,1,0,0,0,0,0,0,0,0,0,0,0,0,0,0,0,0,0,0,0.0,0.0,0.0,0.0,0.0,3.0
100566,0,Cash loans,M,N,Y,0,117000.0,490500.0,472500.0,13500.0,Unaccompanied,Working,Secondary / secondary special,Married,House / apartment,0.010599,-9438,-602,-387.0,-4996,,1,1,0,1,0,0,,2.0,2,2,MONDAY,9,0,0,0,0,0,0,Self-employed,,0.89926,,0.3311,0.3705,0.3523,0.4729,0.4655,0.4319,0.4052,0.4024,0.4221,0.5178,0.5198,0.4734,0.466,0.4617,0.4482,0.2893,0.3286,0.2858,0.4888,0.4756,0.5273,0.331,0.3253,0.2964,0.4683,0.4096,0.3903,0.5306,0.5533,0.5698,0.4015,0.3896,0.3809,0.5177,0.5367,0.5468,0.3773,0.3587,0.3678,0.3186,0.3338,0.3098,reg oper account,,0.4384,"Stone, brick",No,5.0,0.0,5.0,0.0,-4119.0,0,1,0,0,0,0,1,0,0,0,0,0,0,0,0,0,0,0,0,0,0.0,,0.0,0.0,,3.0
100567,0,Cash loans,F,N,N,1,121500.0,243000.0,238500.0,19000.0,Unaccompanied,Working,Secondary / secondary special,Married,Rented apartment,0.019108,-19477,-1228,-6880.0,-5349,,1,1,1,1,0,0,,3.0,2,2,WEDNESDAY,13,0,0,0,0,1,0,Housing,,0.634069,0.511311,0.2324,0.2192,0.2807,0.1491,0.1391,0.1215,0.222,0.2002,0.2491,0.2967,0.2608,0.2497,0.1692,0.1517,0.1418,0.2339,0.2607,0.2592,0.2747,0.2651,0.2559,0.2291,0.1908,0.1689,0.2014,0.1729,0.2097,0.2087,0.1498,0.2143,0.2954,0.2606,0.2588,0.3099,0.2808,0.3271,0.2542,0.2625,0.2571,0.2502,0.2708,0.2736,,,,"Stone, brick",,1.0,0.0,1.0,0.0,-2244.0,0,1,0,0,0,0,0,0,0,0,0,0,0,0,0,0,0,0,0,0,,0.0,0.0,0.0,0.0,1.0
100568,0,Cash loans,F,N,Y,0,72000.0,220500.0,180000.0,11000.0,Unaccompanied,Pensioner,Secondary / secondary special,Married,House / apartment,0.022103,-20940,365243,-968.0,-1515,,1,0,0,1,1,0,Managers,1.0,3,3,TUESDAY,11,0,0,0,0,0,0,Industry: type 3,,0.556431,0.429715,0.2005,0.2198,0.2323,0.1029,0.108,0.1065,0.1302,0.1541,0.195,0.1479,0.1709,0.1733,0.1901,0.1827,0.1929,0.1469,0.1505,0.1702,0.2314,0.22,0.227,0.1347,0.1263,0.1675,0.168,0.163,0.173,0.1368,0.1335,0.134,0.2216,0.2368,0.1974,0.1017,0.1034,0.1093,0.1559,0.1656,0.1867,0.1742,0.1676,0.1843,,block of flats,0.1986,"Stone, brick",No,3.0,0.0,3.0,0.0,-3295.0,0,1,0,0,0,0,1,0,0,0,0,0,0,0,0,0,0,0,0,0,0.0,0.0,0.0,0.0,,2.0
100569,0,Cash loans,F,N,Y,3,180000.0,2367000.0,2263500.0,79500.0,Unaccompanied,Working,Higher education,Separated,House / apartment,0.019004,-14653,-620,-5075.0,-439,,1,1,0,1,0,0,Laborers,4.0,3,3,MONDAY,13,0,0,0,0,0,0,Industry: type 9,,0.698844,0.578988,0.1775,0.1905,0.1771,0.3426,0.3406,0.3443,0.2942,0.3049,0.3122,0.1459,0.2113,0.1814,0.3029,0.2738,0.3084,0.2754,0.2778,0.2535,0.2889,0.2685,0.2916,0.3567,0.319,0.3265,0.1678,0.173,0.1716,0.1819,0.1588,0.15,0.2996,0.2967,0.2887,0.2596,0.2586,0.2692,0.2738,0.306,0.3049,0.3022,0.2868,0.2952,,,,,,2.0,0.0,2.0,0.0,-3882.0,0,1,0,0,0,0,0,0,0,0,0,0,0,0,1,0,0,0,0,0,0.0,0.0,0.0,0.0,0.0,2.0
100570,0,Cash loans,F,N,N,0,112500.0,733500.0,594000.0,18500.0,Unaccompanied,Working,Secondary / secondary special,Single / not married,House / apartment,0.013937,-12211,-2111,-1159.0,-4809,,1,1,0,1,0,0,Managers,2.0,2,2,SATURDAY,16,0,0,0,0,0,0,Other,,0.690679,0.545076,0.366,0.3673,0.3696,0.4425,0.4378,0.4326,0.276,0.3019,0.2629,0.4121,0.4225,0.4741,0.2079,0.2409,0.2003,0.2122,0.2399,0.2755,0.3807,0.3705,0.3624,0.4999,0.4889,0.5103,0.2476,0.2316,0.2733,0.4676,0.4334,0.4327,0.4101,0.3812,0.4325,0.3735,0.3574,0.3955,0.3959,0.3892,0.4367,0.3817,0.3862,0.4231,,block of flats,0.3941,,,1.0,0.0,1.0,0.0,-701.0,0,1,0,0,0,0,0,0,0,0,0,0,0,0,0,0,0,0,0,0,,,,0.0,,1.0
100571,0,Cash loans,F,Y,Y,0,121500.0,441000.0,409500.0,12500.0,Unaccompanied,Commercial associate,Higher education,Married,House / apartment,0.013795,-8331,-873,-671.0,-4746,1.0,1,1,1,1,0,0,,2.0,2,2,MONDAY,17,0,0,0,0,0,0,Military,0.840644,0.592265,0.457823,0.8119,0.8174,0.7879,0.62,0.6007,0.6282,0.7805,0.7794,0.796,0.3986,0.4426,0.4184,0.7281,0.7172,0.7018,0.7248,0.6394,0.6748,0.8777,0.9312,0.8784,0.6386,0.6673,0.6505,0.7016,0.7848,0.7338,0.4152,0.3937,0.4202,0.6147,0.6281,0.6304,0.7941,0.789,0.8442,0.5951,0.563,0.5613,0.4739,0.5004,0.5031,reg oper account,block of flats,0.8032,,No,4.0,0.0,4.0,0.0,-1871.0,0,0,0,0,0,0,0,0,0,0,0,0,0,0,0,0,0,0,0,0,0.0,0.0,,0.0,,1.0
100572,0,Cash loans,F,Y,Y,0,108000.0,2448000.0,1917000.0,69000.0,Unaccompanied,Pensioner,Secondary / secondary special,Civil marriage,Office apartment,0.023162,-21747,365243,-1185.0,-1148,28.0,1,0,0,1,1,1,Core staff,2.0,3,3,WEDNESDAY,16,0,0,0,0,0,0,XNA,0.378041,0.395558,0.492323,0.205,0.2264,0.1936,0.2066,0.178,0.21,0.2854,0.2564,0.2263,0.1426,0.1374,0.1056,0.1261,0.1273,0.1094,0.2218,0.2207,0.2076,0.1877,0.191,0.1672,0.1887,0.1947,0.1974,0.2408,0.209,0.1853,0.2815,0.2868,0.2758,0.1981,0.1728,0.1608,0.2603,0.2832,0.3055,0.2631,0.2505,0.2489,0.2854,0.2415,0.2434,,block of flats,,Panel,,1.0,0.0,1.0,0.0,-3339.0,0,1,0,0,0,0,0,0,0,0,0,0,0,0,0,0,0,0,0,0,0.0,0.0,,0.0,0.0,2.0
100573,0,Cash loans,F,Y,Y,0,747000.0,1759500.0,1516500.0,69000.0,Unaccompanied,Pensioner,Secondary / secondary special,Single / not married,House / apartment,0.016941,-20971,365243,-2141.0,-5421,,1,0,1,1,0,0,,1.0,3,3,SUNDAY,9,0,0,0,0,0,0,Business Entity Type 3,0.329107,0.441263,0.664471,0.1688,0.1828,0.1816,0.2235,0.2197,0.2281,0.1603,0.2036,0.1675,0.283,0.2882,0.2438,0.1926,0.1869,0.2399,0.2166,0.2139,0.2515,0.2499,0.2268,0.2087,0.2209,0.2322,0.2425,0.2739,0.2649,0.2439,0.2711,0.3298,0.2775,0.2849,0.2379,0.2619,0.3608,0.3469,0.3859,0.3749,0.3434,0.3147,0.3144,0.2969,0.2789,,,,,No,0.0,1.0,0.0,0.0,-2856.0,0,1,0,0,0,0,0,0,0,0,0,0,0,0,0,0,0,0,0,0,0.0,0.0,0.0,0.0,0.0,
100574,0,Cash loans,F,N,N,2,103500.0,765000.0,634500.0,28500.0,Unaccompanied,Working,Secondary / secondary special,Civil marriage,House / apartment,0.009156,-10867,-4292,-1406.0,-149,,1,1,1,1,1,0,,3.0,2,2,FRIDAY,11,0,0,0,0,0,0,Transport: type 4,,0.664294,0.824448,0.3419,0.3373,0.3367,0.3609,0.3983,0.3778,0.5147,0.5205,0.5369,0.4011,0.3698,0.4284,0.2766,0.2813,0.2661,0.2646,0.3064,0.2929,0.3619,0.3451,0.4295,0.3636,0.3603,0.3518,0.5033,0.5032,0.5033,0.5433,0.5325,0.5305,0.3913,0.3491,0.3986,0.254,0.2829,0.2224,0.4916,0.5082,0.5057,0.4072,0.3784,0.3725,reg oper spec account,block of flats,,,,1.0,0.0,1.0,0.0,-3473.0,0,1,0,0,0,0,0,0,0,0,0,0,0,0,0,0,0,0,0,0,0.0,,0.0,0.0,0.0,4.0
100575,0,Cash loans,F,Y,N,0,45000.0,76500.0,72000.0,2000.0,Unaccompanied,Pensioner,Secondary / secondary special,Single / not married,Rented apartment,0.005767,-20740,365243,-4751.0,-2262,7.0,1,0,0,1,0,0,Laborers,2.0,2,2,MONDAY,15,0,0,0,1,0,0,Trade: type 7,0.707072,0.655408,0.519944,0.1499,0.1719,0.1514,0.1927,0.1428,0.193,0.1153,0.1443,0.0756,0.2011,0.1691,0.1361,0.0975,0.087,0.1038,0.1504,0.1625,0.1638,0.0948,0.1477,0.1296,0.177,0.2165,0.1613,0.1455,0.1186,0.133,0.1783,0.1534,0.1695,0.1454,0.1669,0.1525,0.1213,0.1315,0.1381,0.1205,0.0844,0.1051,0.1,0.0654,0.0945,reg oper account,block of flats,,"Stone, brick",No,1.0,0.0,1.0,0.0,-4029.0,0,0,0,0,0,0,0,0,0,0,0,0,0,0,0,0,0,0,0,0,0.0,0.0,0.0,,1.0,1.0
100576,0,Cash loans,F,N,Y,0,63000.0,216000.0,171000.0,6000.0,Unaccompanied,Commercial associate,Secondary / secondary special,Civil marriage,House / apartment,0.012927,-18870,-1623,-12296.0,-5766,,1,1,0,1,0,0,,2.0,2,1,FRIDAY,14,0,0,0,0,0,0,XNA,,0.538908,0.798219,0.5673,0.5608,0.5881,0.5124,0.4948,0.5097,0.7468,0.7232,0.7432,0.7463,0.7953,0.7484,0.9222,0.9017,0.94,0.9657,0.955,0.9434,0.9236,0.9151,0.9158,0.5958,0.559,0.6012,0.5583,0.556,0.5587,0.8353,0.8904,0.881,0.428,0.4156,0.4609,0.5013,0.4876,0.4997,0.5387,0.5302,0.5429,0.454,0.4907,0.4854,reg oper account,,,"Stone, brick",No,2.0,0.0,2.0,0.0,-3591.0,0,1,0,0,1,0,0,0,0,0,0,0,0,0,0,0,0,0,0,0,0.0,0.0,0.0,0.0,0.0,0.0
100577,0,Revolving loans,M,N,N,0,225000.0,418500.0,364500.0,12500.0,Unaccompanied,Pensioner,Higher education,Married,House / apartment,0.007937,-22419,365243,-3434.0,-2115,,1,0,1,1,1,0,,2.0,2,2,THURSDAY,11,0,0,0,0,0,0,Business Entity Type 3,,0.530436,0.438981,0.2921,0.3318,0.2818,0.2279,0.259,0.2437,0.2088,0.2628,0.1876,0.2664,0.2881,0.2475,0.1624,0.1698,0.1801,0.2978,0.3041,0.3063,0.3105,0.269,0.3324,0.2493,0.236,0.2472,0.3444,0.3262,0.3188,0.2088,0.2142,0.2324,0.2434,0.2153,0.226,0.315,0.3148,0.3392,0.3609,0.3335,0.328,0.2631,0.258,0.2246,org spec account,block of flats,0.2723,,No,6.0,1.0,6.0,0.0,-3448.0,0,1,0,0,0,0,0,0,0,0,0,0,0,0,0,0,0,0,0,0,0.0,0.0,0.0,0.0,0.0,2.0
100578,0,Cash loans,F,Y,Y,1,306000.0,1377000.0,1264500.0,40000.0,Unaccompanied,Working,Higher education,Married,House / apartment,0.011139,-20110,-1074,-425.0,-4568,,1,1,0,1,0,0,,2.0,2,2,SATURDAY,9,0,0,0,0,0,0,XNA,0.483522,0.228249,0.465861,0.0765,0.075,0.0281,0.0654,0.0992,0.0604,0.0908,0.1133,0.1157,0.0878,0.0685,0.1223,0.0763,0.0528,0.1061,0.0774,0.128,0.1155,0.1294,0.1369,0.1327,0.129,0.1417,0.1256,0.1466,0.0933,0.1522,0.0922,0.0782,0.1204,0.1214,0.1032,0.0718,0.1216,0.1371,0.1354,0.1168,0.1266,0.101,0.0862,0.1216,0.0982,,,0.131,Panel,,2.0,0.0,2.0,0.0,-3645.0,0,1,0,0,0,0,1,0,0,0,0,0,0,0,0,0,0,0,0,0,,0.0,0.0,0.0,0.0,3.0
100579,0,Cash loans,F,N,Y,0,99000.0,396000.0,310500.0,11000.0,Unaccompanied,Working,Higher education,Married,House / apartment,0.014383,-17911,-5800,-4592.0,-228,,1,1,0,1,0,0,High skill tech staff,2.0,2,2,TUESDAY,0,0,0,0,1,1,0,XNA,0.96051,0.588422,0.765661,0.3776,0.3543,0.3591,0.3863,0.3946,0.4229,0.3261,0.3445,0.3182,0.2901,0.2495,0.2558,0.4354,0.3965,0.3499,0.3202,0.2867,0.2895,0.2781,0.2787,0.3009,0.3326,0.35,0.3672,0.4078,0.4054,0.4207,0.3245,0.4021,0.3322,0.3408,0.3554,0.3312,0.2584,0.2649,0.2741,0.4238,0.4478,0.4273,0.2027,0.1878,0.2007,,,0.3253,,No,0.0,0.0,0.0,0.0,-249.0,0,1,0,0,0,0,0,0,0,0,0,0,0,0,0,0,0,0,0,0,0.0,0.0,0.0,1.0,0.0,3.0
100580,0,Cash loans,M,Y,Y,1,297000.0,976500.0,936000.0,73000.0,Family,Commercial associate,Higher education,Married,With parents,0.017081,-14311,-1978,-1583.0,-2934,27.0,1,1,0,1,0,0,,2.0,3,3,THURSDAY,7,0,0,0,0,0,0,Kindergarten,0.515593,0.417671,0.599915,0.1928,0.155,0.1989,0.1955,0.1779,0.2436,0.2428,0.2362,0.257,0.126,0.1903,0.1271,0.1578,0.1351,0.1315,0.2164,0.2056,0.1667,0.1635,0.1348,0.147,0.1298,0.121,0.0964,0.214,0.2167,0.2297,0.1219,0.1525,0.1118,0.1446,0.1604,0.1445,0.1693,0.1167,0.1345,0.1325,0.0925,0.085,0.2048,0.2315,0.2138,reg oper account,block of flats,0.1566,"Stone, brick",No,0.0,1.0,0.0,0.0,-3335.0,0,1,0,0,0,0,0,0,0,0,0,0,0,0,0,0,0,0,0,0,,0.0,0.0,0.0,0.0,2.0
100581,0,Cash loans,M,Y,Y,1,220500.0,1566000.0,1336500.0,83500.0,Unaccompanied,Commercial associate,Higher education,Married,House / apartment,0.012374,-20733,-204,-11800.0,-4690,23.0,1,1,1,1,0,0,Managers,3.0,2,2,FRIDAY,11,0,0,0,0,0,0,XNA,,0.532631,,0.6083,0.6046,0.6324,0.6679,0.6731,0.7205,0.7175,0.6592,0.6358,0.4346,0.3721,0.3973,0.72,0.6558,0.6777,0.475,0.4828,0.4799,0.6892,0.7039,0.7044,0.5343,0.5374,0.5603,0.6801,0.6788,0.6508,0.6039,0.5505,0.5349,0.6989,0.6798,0.6768,0.4415,0.4795,0.4692,0.4315,0.4973,0.4419,0.4191,0.4368,0.4261,reg oper account,block of flats,0.633,,,3.0,1.0,3.0,0.0,-265.0,0,0,0,0,0,0,0,0,0,0,0,0,0,0,0,0,0,0,0,0,0.0,0.0,0.0,1.0,1.0,6.0
100582,0,Cash loans,F,N,Y,0,130500.0,373500.0,301500.0,9500.0,Family,Working,Secondary / secondary special,Widow,House / apartment,0.0725,-13746,-5970,-809.0,-5059,,1,1,0,1,1,0,,2.0,2,2,SUNDAY,11,0,0,0,0,0,0,Self-employed,,0.416191,0.371629,0.1374,0.175,0.08,0.1683,0.1733,0.1835,0.152,0.1724,0.1934,0.1305,0.1586,0.1415,0.2121,0.198,0.1904,0.0937,0.1404,0.1013,0.1973,0.1532,0.2118,0.1771,0.1403,0.1541,0.1571,0.1471,0.1842,0.2117,0.2136,0.2348,0.2123,0.2271,0.213,0.3061,0.3069,0.3016,0.1174,0.1669,0.1352,0.1886,0.1899,0.1887,,,0.2906,Panel,,1.0,0.0,1.0,1.0,-3864.0,0,1,0,0,0,0,0,0,0,0,0,0,0,0,0,0,0,0,0,0,0.0,0.0,,1.0,0.0,1.0
100583,0,Cash loans,F,Y,N,0,126000.0,589500.0,486000.0,22500.0,Unaccompanied,Commercial associate,Higher education,Single / not married,House / apartment,0.008556,-9035,-2460,-1982.0,-2617,,1,1,0,1,1,0,,1.0,2,2,THURSDAY,13,0,0,0,0,0,0,Business Entity Type 3,,0.40303,0.717714,0.2307,0.2055,0.1919,0.1055,0.1124,0.101,0.1352,0.1477,0.1349,0.1696,0.1257,0.0825,0.2121,0.2023,0.1852,0.1249,0.0812,0.1237,0.1893,0.1754,0.2018,0.2201,0.2057,0.1995,0.127,0.1311,0.1398,0.1123,0.1045,0.104,0.1563,0.152,0.1444,0.199,0.1925,0.1825,0.1896,0.2125,0.2133,0.1907,0.206,0.2114,,,0.226,,,3.0,0.0,3.0,1.0,-1744.0,0,1,0,0,0,0,0,0,0,0,0,0,0,0,0,0,0,0,0,0,0.0,0.0,,0.0,0.0,2.0
100584,0,Cash loans,F,N,Y,0,162000.0,990000.0,841500.0,64500.0,Unaccompanied,Commercial associate,Secondary / secondary special,Single / not married,House / apartment,0.039576,-16166,-3285,-5404.0,-454,,1,1,0,1,0,0,Sales staff,2.0,2,2,TUESDAY,14,0,0,0,0,1,0,Business Entity Type 2,0.613942,0.514043,0.579939,0.423,0.4011,0.4123,0.5292,0.5237,0.4992,0.511,0.5043,0.5057,0.2777,0.2609,0.2439,0.3278,0.3614,0.3607,0.4846,0.522,0.5095,0.3411,0.3749,0.3295,0.5056,0.5054,0.5408,0.51,0.4683,0.4778,0.4597,0.4815,0.4727,0.3968,0.367,0.3875,0.3525,0.3078,0.3135,0.524,0.5238,0.5032,0.2944,0.2613,0.3118,reg oper account,block of flats,,"Stone, brick",No,2.0,1.0,2.0,0.0,-3266.0,0,1,0,0,0,0,0,0,0,0,0,0,0,0,0,0,0,0,0,0,0.0,0.0,0.0,0.0,0.0,
100585,0,Revolving loans,F,Y,Y,0,238500.0,409500.0,337500.0,16500.0,Family,Working,Secondary / secondary special,Single / not married,House / apartment,0.016907,-9174,-114,-251.0,-3194,,1,1,0,1,1,0,Sales staff,2.0,2,2,SUNDAY,19,0,0,0,1,0,0,Other,,0.558558,0.0005,0.4202,0.4483,0.4317,0.3405,0.3274,0.383,0.4235,0.4112,0.4273,0.4874,0.4804,0.4705,0.2466,0.2497,0.2157,0.3027,0.2843,0.3097,0.3987,0.3963,0.4071,0.4347,0.4336,0.4574,0.464,0.4462,0.4711,0.4113,0.3782,0.3982,0.2945,0.2768,0.2746,0.5218,0.5268,0.5436,0.2308,0.255,0.2481,0.3332,0.3681,0.3373,,,,,No,1.0,1.0,1.0,0.0,-3116.0,0,1,0,0,0,0,0,0,0,0,0,0,0,0,0,0,0,0,0,0,0.0,0.0,0.0,0.0,1.0,2.0
100586,0,Cash loans,M,Y,Y,2,184500.0,477000.0,423000.0,16000.0,Unaccompanied,Working,Secondary / secondary special,Separated,House / apartment,0.012439,-17006,-1795,-2947.0,-4438,18.0,1,1,0,1,1,0,Managers,3.0,2,2,MONDAY,10,0,0,0,0,0,0,Business Entity Type 3,,0.467018,0.450902,0.2447,0.2288,0.1991,0.1848,0.1864,0.1954,0.215,0.2231,0.2303,0.2088,0.254,0.1858,0.2449,0.2348,0.2271,0.2343,0.2358,0.2329,0.1903,0.158,0.1776,0.2427,0.2813,0.2432,0.2194,0.2596,0.2681,0.1674,0.1631,0.1483,0.2246,0.1887,0.21,0.2353,0.2189,0.2117,0.1839,0.2001,0.2139,0.1139,0.1032,0.0965,reg oper account,block of flats,,Block,,1.0,0.0,1.0,0.0,-3281.0,0,1,0,0,0,0,0,0,0,0,0,0,0,0,0,0,0,0,0,0,0.0,0.0,0.0,0.0,0.0,1.0
100587,0,Cash loans,M,N,Y,0,103500.0,414000.0,373500.0,12000.0,Unaccompanied,Working,Higher education,Single / not married,House / apartment,0.026919,-21880,-4398,-5679.0,-2705,,1,1,0,1,0,0,Drivers,1.0,2,2,MONDAY,6,0,0,0,0,0,0,XNA,0.635384,0.788443,0.514082,0.2588,0.2053,0.249,0.4494,0.4203,0.454,0.4141,0.3635,0.3663,0.3159,0.3207,0.2894,0.487,0.5233,0.4785,0.4919,0.4627,0.4638,0.3446,0.3474,0.3451,0.3572,0.3771,0.3905,0.3231,0.33,0.3825,0.5001,0.5171,0.5097,0.5074,0.5311,0.5169,0.2096,0.2087,0.2177,0.2901,0.2275,0.244,0.3377,0.3962,0.3585,,block of flats,,,,,0.0,1.0,0.0,-945.0,0,1,0,0,0,0,0,0,0,0,0,0,0,0,0,0,0,0,0,0,,0.0,0.0,0.0,,0.0
100588,1,Cash loans,F,N,Y,1,135000.0,742500.0,643500.0,21500.0,Unaccompanied,Pensioner,Secondary / secondary special,Married,House / apartment,0.014122,-23225,365243,-6700.0,-5737,,1,0,1,1,1,0,,2.0,2,2,WEDNESDAY,9,0,0,0,0,0,0,XNA,,0.735945,,0.1292,0.1344,0.1488,0.2324,0.2091,0.2102,0.2558,0.2376,0.2464,0.2295,0.1956,0.2158,0.1307,0.1532,0.1367,0.1903,0.1797,0.175,0.2418,0.2412,0.2497,0.2361,0.2166,0.2398,0.1458,0.188,0.1727,0.2149,0.2041,0.2234,0.1184,0.1186,0.113,0.1521,0.1693,0.1947,0.1832,0.2198,0.177,0.1766,0.2225,0.2149,,block of flats,,,,2.0,0.0,2.0,0.0,-2434.0,0,0,0,0,0,0,0,0,0,0,0,0,0,0,0,0,0,0,0,0,0.0,0.0,0.0,1.0,0.0,4.0
100589,0,Cash loans,M,N,N,0,436500.0,3721500.0,3222000.0,324500.0,Unaccompanied,Commercial associate,Incomplete higher,Married,House / apartment,0.011339,-10670,-2210,-1125.0,-1884,,1,1,1,1,0,0,Core staff,1.0,2,2,FRIDAY,18,0,0,1,0,0,0,Other,,0.716343,0.634611,0.2827,0.2931,0.2526,0.4661,0.4764,0.485,0.4039,0.3829,0.3933,0.4972,0.4532,0.4929,0.2484,0.3095,0.2828,0.3947,0.4107,0.4055,0.435,0.4566,0.4523,0.2625,0.3122,0.2269,0.4098,0.4142,0.3786,0.4613,0.4501,0.4947,0.5382,0.525,0.5188,0.3889,0.3841,0.3653,0.2876,0.3163,0.2678,0.503,0.4653,0.4751,reg oper account,,0.3859,Monolithic,No,2.0,0.0,2.0,1.0,-2316.0,0,1,0,0,0,0,0,0,0,0,0,0,0,0,0,0,0,0,0,0,0.0,0.0,0.0,0.0,0.0,
100590,0,Cash loans,F,N,Y,0,171000.0,594000.0,558000.0,25000.0,Unaccompanied,Commercial associate,Secondary / secondary special,Married,House / apartment,0.056724,-9634,-3060,-1445.0,-4911,,1,1,0,1,1,0,Drivers,2.0,1,1,THURSDAY,12,1,0,0,0,0,0,Business Entity Type 3,,0.271217,0.219728,0.2121,0.1609,0.202,0.2163,0.1866,0.2244,0.2859,0.2737,0.2525,0.3245,0.3835,0.3449,0.2858,0.2659,0.2826,0.297,0.2831,0.2747,0.2447,0.2499,0.2458,0.3087,0.3666,0.3505,0.2244,0.1667,0.2208,0.3718,0.3708,0.4289,0.372,0.3391,0.3675,0.192,0.159,0.1663,0.1694,0.2231,0.2378,0.3677,0.4073,0.3978,,block of flats,0.3419,"Stone, brick",No,0.0,0.0,0.0,0.0,-2144.0,0,0,0,0,1,0,0,0,0,0,0,0,0,0,0,0,0,0,0,0,0.0,0.0,0.0,0.0,0.0,3.0
100591,1,Revolving loans,F,N,Y,1,238500.0,783000.0,657000.0,73500.0,"Spouse, partner",State servant,Higher education,Married,House / apartment,0.004797,-12747,-2069,-3875.0,-4529,,1,1,0,1,0,0,Private service staff,3.0,3,3,SUNDAY,15,0,0,1,0,0,0,Self-employed,0.029999,0.2099,,0.0553,0.0679,0.0698,0.0704,0.073,0.0408,0.0582,0.0842,0.0635,0.0902,0.0905,0.0894,0.105,0.0786,0.1018,0.1069,0.0692,0.0411,0.0741,0.0644,0.0578,0.0821,0.0567,0.0695,0.0714,0.0731,0.0536,0.1363,0.0896,0.0872,0.0598,0.0668,0.0576,0.0862,0.0945,0.0809,0.0532,0.0904,0.0804,0.0901,0.0964,0.0904,,block of flats,0.0818,Panel,,,0.0,0.0,0.0,-393.0,0,1,0,0,0,0,0,0,0,0,0,0,0,0,0,0,0,0,0,0,,0.0,0.0,,1.0,2.0
100592,0,Cash loans,M,Y,Y,0,198000.0,477000.0,432000.0,13000.0,Unaccompanied,Commercial associate,Incomplete higher,Married,House / apartment,0.016066,-9747,-3172,-1225.0,-2590,,1,1,0,1,0,0,Sales staff,1.0,2,2,THURSDAY,10,0,0,0,0,1,1,XNA,,0.618124,0.151938,0.4428,0.4472,0.5076,0.3172,0.3216,0.3106,0.2785,0.2919,0.3115,0.303,0.2988,0.2993,0.3106,0.3139,0.2788,0.379,0.3551,0.3462,0.3132,0.3512,0.348,0.3074,0.3086,0.3367,0.3942,0.3595,0.3465,0.4812,0.4982,0.4384,0.2245,0.2136,0.197,0.3033,0.2716,0.2792,0.3529,0.3816,0.3791,0.2896,0.2828,0.279,not specified,,0.5166,Panel,No,0.0,0.0,0.0,0.0,-3176.0,0,0,0,0,0,0,0,0,0,0,0,0,0,0,0,0,0,0,0,0,0.0,0.0,0.0,1.0,,0.0
100593,0,Cash loans,F,N,N,0,171000.0,801000.0,769500.0,52500.0,Unaccompanied,Working,Secondary / secondary special,Married,House / apartment,0.021039,-15785,-2116,-4533.0,-586,,1,1,0,1,0,0,,2.0,2,2,WEDNESDAY,10,0,1,0,0,1,0,Transport: type 4,0.730123,0.488263,0.43312,0.0181,0.0361,0.0612,0.0134,0.0408,0.0377,0.0316,0.0196,0.0657,0.0502,0.0317,0.0223,0.0369,0.0529,0.049,0.0251,0.0017,0.0252,0.0207,0.044,0.0389,0.0394,0.0263,0.0154,0.0781,0.0377,0.0794,0.0274,0.0041,0.0507,0.0227,0.0391,0.0066,0.0469,0.0316,0.0451,0.0326,0.0288,0.0269,0.0313,0.0174,0.0729,,,0.0301,Mixed,,0.0,0.0,0.0,0.0,-1369.0,0,0,0,0,0,0,0,0,0,0,0,0,0,0,0,0,0,0,0,0,0.0,0.0,0.0,0.0,0.0,2.0
100594,0,Cash loans,F,Y,N,0,157500.0,522000.0,432000.0,18000.0,"Spouse, partner",Commercial associate,Higher education,Married,House / apartment,0.044768,-18825,-1954,-9916.0,-2077,,1,1,0,1,0,1,Drivers,2.0,1,1,FRIDAY,6,0,0,0,0,0,0,Trade: type 7,0.778756,0.569932,0.700993,0.0738,0.0717,0.0708,0.1262,0.1538,0.1602,0.1367,0.1198,0.1207,0.1482,0.1697,0.1696,0.1145,0.1029,0.0962,0.1092,0.1098,0.1121,0.142,0.1308,0.1432,0.0898,0.1195,0.1071,0.1297,0.1206,0.0899,0.1074,0.1033,0.1003,0.1318,0.1784,0.1649,0.1623,0.1067,0.1225,0.0897,0.1298,0.0535,0.075,0.0745,0.101,,,,"Stone, brick",No,3.0,0.0,3.0,0.0,-676.0,0,0,0,0,0,0,0,0,0,0,0,0,0,0,0,0,0,0,0,0,0.0,0.0,,2.0,0.0,4.0
100595,0,Cash loans,F,N,Y,0,243000.0,814500.0,738000.0,30000.0,Unaccompanied,State servant,Higher education,Married,House / apartment,0.014607,-17045,-4394,-3944.0,-4603,,1,1,0,1,0,0,Managers,2.0,2,2,TUESDAY,11,0,0,0,0,0,0,Self-employed,,0.487236,0.229347,0.2211,0.2425,0.2293,0.2462,0.2021,0.2424,0.1926,0.1708,0.1572,0.1733,0.1307,0.1551,0.1977,0.1864,0.2092,0.1802,0.1485,0.1903,0.1546,0.1193,0.1124,0.115,0.1489,0.1084,0.1205,0.1517,0.1532,0.175,0.1503,0.1542,0.2163,0.2158,0.1997,0.1817,0.1713,0.1873,0.1605,0.1649,0.1547,0.2412,0.2469,0.22,reg oper account,specific housing,0.1311,"Stone, brick",,2.0,0.0,2.0,0.0,-1112.0,0,1,0,0,0,0,0,0,0,0,0,0,0,0,0,0,0,0,0,0,,0.0,0.0,0.0,0.0,1.0
100596,0,Cash loans,M,N,Y,1,220500.0,814500.0,787500.0,28500.0,Unaccompanied,Working,Higher education,Separated,House / apartment,0.0725,-16462,-1208,-2900.0,-5354,,1,1,0,1,0,0,Security staff,3.0,1,1,WEDNESDAY,12,0,1,0,0,0,0,XNA,0.548735,0.37552,,0.0108,0.0542,0.0296,0.0297,0.076,0.0517,0.0577,0.0304,0.0255,0.0358,0.0897,0.0768,0.0603,0.0682,0.0892,0.0455,0.0259,0.0871,0.0384,0.0507,0.0542,0.0163,0.0166,0.0412,0.0481,0.0805,0.0541,0.025,0.0323,0.0429,0.0511,0.0628,0.0,0.052,0.0279,0.0097,0.0643,0.0111,0.0097,0.0,0.0159,0.0301,,,0.0304,,No,1.0,0.0,1.0,0.0,-903.0,0,1,0,0,0,0,0,0,0,0,0,0,0,0,0,0,0,0,0,0,0.0,0.0,0.0,0.0,,0.0
100597,0,Cash loans,F,N,Y,0,171000.0,904500.0,801000.0,33500.0,Unaccompanied,Commercial associate,Incomplete higher,Married,House / apartment,0.029939,-13875,-601,-1036.0,-2742,,1,1,0,1,0,0,Managers,2.0,2,2,SUNDAY,15,0,0,0,0,0,0,XNA,,0.852999,,0.2618,0.2766,0.2887,0.458,0.4825,0.4913,0.5169,0.5564,0.5176,0.4996,0.5466,0.5293,0.2662,0.2489,0.2631,0.4816,0.5182,0.4861,0.4784,0.5026,0.4899,0.4979,0.4679,0.4903,0.3017,0.3032,0.3089,0.3078,0.3215,0.3425,0.5286,0.5352,0.5652,0.3454,0.3185,0.3456,0.2367,0.2634,0.3137,0.4883,0.48,0.4878,,block of flats,0.3449,,No,4.0,0.0,4.0,0.0,-714.0,0,0,0,0,0,0,0,0,0,0,0,0,0,0,0,0,0,0,0,0,0.0,0.0,0.0,0.0,,3.0
100598,0,Cash loans,F,Y,N,1,99000.0,283500.0,274500.0,9000.0,Unaccompanied,Working,Secondary / secondary special,Civil marriage,House / apartment,0.004309,-10131,-1807,-208.0,-1749,,1,1,0,1,1,0,,3.0,1,1,SUNDAY,14,0,0,1,0,0,1,Business Entity Type 3,,0.572495,,0.362,0.3242,0.3739,0.2814,0.3094,0.2564,0.2609,0.2976,0.3007,0.272,0.2634,0.231,0.1849,0.1479,0.1842,0.2786,0.3212,0.2844,0.2041,0.1813,0.1968,0.1993,0.1563,0.1909,0.2072,0.2337,0.2593,0.3787,0.3462,0.3579,0.2928,0.2698,0.3313,0.3193,0.3019,0.2796,0.1774,0.151,0.1586,0.1981,0.1991,0.213,org spec account,,0.1526,,,2.0,1.0,2.0,0.0,-3363.0,0,0,0,0,0,0,0,0,0,0,0,0,0,0,0,0,1,0,0,0,0.0,0.0,0.0,0.0,0.0,
100599,0,Revolving loans,F,N,N,0,180000.0,459000.0,387000.0,16000.0,Unaccompanied,Pensioner,Secondary / secondary special,Married,House / apartment,0.007593,-22748,365243,-2891.0,-4593,,1,0,0,1,1,0,,1.0,1,1,FRIDAY,19,0,0,0,0,0,1,XNA,,0.996843,0.588413,0.598,0.5676,0.6076,0.3829,0.3573,0.3831,0.5647,0.5743,0.5937,0.4717,0.4735,0.4286,0.4968,0.5605,0.5264,0.3217,0.3774,0.3404,0.3491,0.3273,0.3279,0.3177,0.3312,0.3422,0.3944,0.4509,0.4337,0.58,0.5802,0.5747,0.3329,0.3396,0.3288,0.4825,0.4794,0.5293,0.6028,0.6281,0.6596,0.2572,0.2731,0.2834,,,,Panel,,1.0,0.0,1.0,0.0,-3536.0,0,1,0,0,0,0,0,0,0,0,0,0,0,0,0,0,0,0,0,0,0.0,0.0,0.0,0.0,,1.0
100600,1,Cash loans,F,N,N,0,139500.0,688500.0,616500.0,54000.0,Unaccompanied,Commercial associate,Secondary / secondary special,Widow,House / apartment,0.021659,-13644,-4541,-2004.0,-5624,,1,1,0,1,1,0,,2.0,2,2,WEDNESDAY,12,0,0,0,1,0,0,Business Entity Type 3,0.548806,0.447859,0.634386,0.1116,0.1028,0.0942,0.1155,0.071,0.08,0.0727,0.0597,0.0611,0.0394,0.0541,0.0241,0.1097,0.1254,0.1084,0.1084,0.1098,0.1086,0.0477,0.0694,0.0386,0.1036,0.1042,0.0434,0.0519,0.0376,0.0619,0.0726,0.0679,0.0606,0.0945,0.0942,0.1646,0.0615,0.017,0.0598,0.1051,0.1078,0.1403,0.1283,0.1284,0.0967,reg oper account,block of flats,,,,0.0,0.0,0.0,0.0,-939.0,0,1,0,0,0,0,0,0,0,0,0,0,0,0,0,0,0,0,0,0,0.0,0.0,0.0,,0.0,0.0
100601,0,Cash loans,F,N,Y,0,126000.0,94500.0,81000.0,4500.0,Unaccompanied,State servant,Secondary / secondary special,Single / not married,House / apartment,0.009201,-12021,-4566,-3741.0,-853,,1,1,0,1,0,0,Laborers,1.0,2,2,FRIDAY,13,0,0,0,0,0,0,Other,0.341846,0.353448,0.9995,0.7587,0.6744,0.7401,0.7782,0.784,0.7571,0.5787,0.5511,0.541,0.9863,0.9583,0.9805,0.6038,0.6355,0.6079,0.8123,0.8564,0.8073,0.6637,0.6792,0.6802,0.7027,0.6823,0.6681,0.8962,0.917,0.9176,0.4742,0.4808,0.4841,0.6591,0.6367,0.6542,0.9728,0.9757,1.0,0.7481,0.7584,0.754,0.5028,0.484,0.4902,,,0.4733,Monolithic,No,2.0,1.0,2.0,0.0,-720.0,0,0,0,0,0,0,0,0,0,0,0,0,0,0,0,0,0,0,0,0,0.0,,0.0,0.0,0.0,3.0
100602,0,Cash loans,M,Y,Y,1,643500.0,1800000.0,1404000.0,68000.0,Unaccompanied,Commercial associate,Secondary / secondary special,Separated,With parents,0.026263,-17062,-1681,-1239.0,-1919,29.0,1,1,0,1,0,0,Laborers,2.0,3,3,THURSDAY,12,0,0,0,0,0,0,Construction,0.637544,0.46309,0.362975,0.2172,0.2315,0.2387,0.3408,0.3602,0.4003,0.1883,0.2092,0.2086,0.3442,0.3578,0.3434,0.3997,0.3385,0.3649,0.3956,0.4007,0.3626,0.3452,0.347,0.3375,0.2922,0.3002,0.3248,0.3793,0.3768,0.3854,0.4353,0.4115,0.4275,0.4432,0.4566,0.4828,0.3348,0.3288,0.3909,0.3387,0.3158,0.3536,0.3674,0.3883,0.3893,reg oper account,block of flats,,Wooden,No,3.0,0.0,3.0,1.0,-3618.0,0,1,0,0,0,0,0,0,0,0,0,0,0,0,0,0,0,0,0,0,0.0,0.0,,1.0,,
100603,0,Cash loans,M,N,Y,0,63000.0,130500.0,126000.0,6500.0,Unaccompanied,Working,Secondary / secondary special,Married,House / apartment,0.014115,-13062,-1517,-3957.0,-4768,,1,1,0,1,0,0,,1.0,2,2,MONDAY,10,0,0,0,0,0,0,Business Entity Type 3,0.59707,0.379649,0.145784,0.4785,0.4903,0.4698,0.6015,0.582,0.5896,0.3977,0.3524,0.3894,0.2865,0.2847,0.2953,0.4363,0.3965,0.4069,0.2904,0.2802,0.2948,0.3708,0.3463,0.3695,0.4123,0.4156,0.4016,0.5742,0.5173,0.5143,0.5629,0.5541,0.5742,0.5897,0.6278,0.6024,0.4243,0.4454,0.4517,0.6398,0.5935,0.6092,0.635,0.6333,0.6613,,,,Panel,No,1.0,0.0,1.0,0.0,-2805.0,0,1,0,0,0,0,0,0,0,0,0,0,0,0,0,0,0,0,0,0,0.0,0.0,0.0,1.0,0.0,3.0
100604,0,Cash loans,M,N,Y,0,247500.0,1872000.0,1548000.0,57000.0,Unaccompanied,Working,Secondary / secondary special,Married,House / apartment,0.008908,-10068,-996,-100.0,-750,,1,1,0,1,0,0,Managers,2.0,2,2,MONDAY,13,0,0,0,0,0,0,Business Entity Type 1,,0.699892,0.76534,0.1754,0.1398,0.1318,0.0608,0.0888,0.0592,0.1253,0.1786,0.1379,0.1217,0.1427,0.1489,0.0922,0.0967,0.0921,0.107,0.154,0.1307,0.1618,0.1517,0.1666,0.1014,0.0978,0.1245,0.2086,0.1793,0.1902,0.1444,0.1713,0.1608,0.0773,0.1133,0.0942,0.2083,0.2148,0.1821,0.1838,0.1971,0.1546,0.1664,0.1567,0.198,reg oper account,block of flats,,Panel,,2.0,0.0,2.0,0.0,-1759.0,0,0,0,0,0,0,0,0,0,0,0,0,0,0,0,0,0,0,0,0,0.0,,0.0,,1.0,2.0
100605,0,Revolving loans,M,Y,Y,0,90000.0,274500.0,265500.0,14000.0,Unaccompanied,Pensioner,Higher education,Married,House / apartment,0.010283,-21944,365243,-1165.0,-5843,,1,0,0,1,0,0,Sales staff,1.0,1,1,MONDAY,11,0,0,0,0,1,0,XNA,,0.245123,0.264473,0.3948,0.3872,0.4276,0.341,0.3438,0.3174,0.4916,0.4145,0.4561,0.4341,0.4677,0.4233,0.5594,0.5992,0.5726,0.4946,0.4956,0.4847,0.409,0.4206,0.4296,0.4302,0.3981,0.4247,0.3051,0.2502,0.2442,0.4984,0.5189,0.5131,0.4686,0.4583,0.4609,0.2468,0.2577,0.2576,0.2992,0.3109,0.3128,0.3483,0.309,0.3571,reg oper spec account,,0.5759,,,0.0,0.0,0.0,0.0,-2551.0,0,1,0,0,0,0,0,0,0,0,0,0,0,0,0,0,0,0,0,0,,0.0,0.0,0.0,0.0,1.0
100606,0,Cash loans,F,Y,Y,0,157500.0,450000.0,409500.0,13000.0,Unaccompanied,Working,Higher education,Married,House / apartment,0.031712,-11790,-349,-1088.0,-1415,,1,1,0,1,0,0,,2.0,2,2,WEDNESDAY,17,0,0,0,0,0,0,Business Entity Type 3,,0.331736,0.545959,0.1803,0.2038,0.1814,0.2559,0.2529,0.2634,0.2449,0.277,0.2557,0.2503,0.1924,0.2042,0.1256,0.1985,0.1709,0.1662,0.1476,0.1208,0.1758,0.1935,0.1694,0.143,0.1609,0.1935,0.1716,0.1764,0.1633,0.1221,0.1631,0.1339,0.2639,0.2773,0.282,0.187,0.1648,0.1877,0.1837,0.2052,0.2009,0.267,0.3119,0.2791,,,0.1684,,,0.0,0.0,0.0,0.0,-3317.0,0,0,0,0,0,0,0,0,0,0,0,0,0,0,0,0,0,0,0,0,0.0,0.0,0.0,0.0,,1.0
100607,0,Cash loans,F,N,Y,1,603000.0,2290500.0,2200500.0,159000.0,Unaccompanied,Working,Incomplete higher,Single / not married,House / apartment,0.005335,-18119,-1841,-4011.0,-2919,,1,1,0,1,0,0,,3.0,1,1,THURSDAY,9,0,0,0,0,0,1,Business Entity Type 3,0.892603,0.653133,0.667999,0.0802,0.0416,0.0985,0.035,0.0643,0.0365,0.0876,0.0288,0.072,0.0247,0.0856,0.0516,0.0415,0.0612,0.0689,0.0684,0.0642,0.0671,0.0458,0.07,0.0,0.0919,0.0888,0.0799,0.0123,0.0448,0.0568,0.0842,0.0838,0.0618,0.0844,0.0754,0.0234,0.0789,0.0673,0.0606,0.1042,0.0593,0.1275,0.026,0.0782,0.0819,reg oper account,,,,,1.0,0.0,1.0,0.0,-3047.0,0,1,0,0,0,0,1,0,0,0,0,0,0,0,0,0,0,0,0,0,0.0,0.0,,0.0,0.0,0.0
100608,0,Cash loans,F,N,N,0,85500.0,238500.0,234000.0,7000.0,Family,Commercial associate,Secondary / secondary special,Married,House / apartment,0.035752,-8341,-1766,-162.0,-3116,,1,1,0,1,1,1,Core staff,2.0,2,2,TUESDAY,11,0,0,0,0,0,1,Business Entity Type 3,,0.0005,,0.2705,0.2538,0.2801,0.1635,0.1836,0.2126,0.2141,0.2342,0.219,0.2143,0.2548,0.2143,0.1834,0.1765,0.2279,0.1689,0.2083,0.1656,0.2546,0.2952,0.2804,0.1992,0.1965,0.2147,0.2859,0.3149,0.3228,0.3832,0.3493,0.3564,0.3385,0.3458,0.2995,0.2244,0.2034,0.1879,0.2062,0.2341,0.2428,0.2298,0.2559,0.2265,reg oper account,,,Mixed,No,0.0,0.0,0.0,0.0,-2940.0,0,1,0,0,0,0,0,0,0,0,0,0,0,0,0,0,0,0,0,0,0.0,,0.0,,0.0,1.0
100609,0,Cash loans,F,N,N,2,99000.0,310500.0,279000.0,20000.0,Unaccompanied,Working,Secondary / secondary special,Married,House / apartment,0.036406,-19819,-400,-618.0,-2245,,1,1,0,1,0,0,Sales staff,4.0,3,3,SATURDAY,8,0,0,0,0,0,0,Other,0.729534,0.419733,0.706546,0.1128,0.0959,0.1073,0.2414,0.2432,0.2369,0.1384,0.1324,0.0851,0.1269,0.0997,0.157,0.1072,0.0784,0.0983,0.1781,0.2286,0.1344,0.1591,0.107,0.1522,0.1793,0.2048,0.206,0.151,0.1856,0.1485,0.1115,0.1514,0.1167,0.1536,0.1666,0.1477,0.1457,0.1657,0.1516,0.1623,0.1334,0.1479,0.1274,0.1239,0.135,reg oper account,block of flats,0.2319,,,0.0,0.0,0.0,0.0,-1422.0,0,0,0,0,0,0,0,0,0,0,0,0,0,0,0,0,0,0,0,0,0.0,0.0,0.0,1.0,,1.0
100610,0,Cash loans,M,N,N,0,144000.0,594000.0,580500.0,23000.0,Unaccompanied,Working,Secondary / secondary special,Civil marriage,House / apartment,0.015227,-14242,-2106,-3457.0,-786,,1,1,0,1,0,0,Core staff,2.0,2,2,SATURDAY,13,0,0,0,0,0,0,XNA,,0.500417,,0.2324,0.211,0.2205,0.3915,0.3994,0.4057,0.2145,0.2408,0.2924,0.3592,0.3871,0.4056,0.359,0.3609,0.3822,0.2954,0.2749,0.3023,0.3036,0.258,0.2693,0.4064,0.382,0.3933,0.3076,0.2242,0.2581,0.1965,0.187,0.1792,0.2452,0.2198,0.2649,0.3499,0.3042,0.3189,0.2329,0.1935,0.1969,0.3464,0.3549,0.3942,,block of flats,,,No,3.0,0.0,3.0,0.0,-250.0,0,1,0,0,0,0,0,0,0,0,0,0,0,0,0,0,0,0,0,0,0.0,0.0,1.0,0.0,0.0,3.0
100611,0,Cash loans,M,Y,N,0,90000.0,279000.0,261000.0,14000.0,Unaccompanied,Working,Secondary / secondary special,Married,House / apartment,0.007828,-7897,-1322,-383.0,-181,22.0,1,1,0,1,0,0,Medicine staff,1.0,2,2,MONDAY,8,0,1,0,0,0,1,Self-employed,,0.283038,,0.2057,0.1891,0.1893,0.1741,0.1683,0.2058,0.2678,0.2424,0.2604,0.1181,0.163,0.1629,0.1877,0.2134,0.1543,0.2775,0.2886,0.2732,0.2079,0.2212,0.2392,0.1729,0.1615,0.1576,0.1517,0.1474,0.1615,0.229,0.2495,0.254,0.282,0.2443,0.2656,0.2513,0.2326,0.2354,0.172,0.1694,0.1977,0.2653,0.2404,0.2141,,block of flats,0.2236,,No,0.0,0.0,0.0,0.0,-2318.0,0,0,0,0,0,0,0,0,0,0,0,0,0,0,0,0,0,0,0,0,0.0,0.0,0.0,,0.0,1.0
100612,0,Cash loans,M,N,N,0,238500.0,733500.0,648000.0,25000.0,Unaccompanied,Working,Secondary / secondary special,Single / not married,House / apartment,0.026395,-9570,-2987,-878.0,-2279,,1,1,0,1,0,0,Drivers,2.0,3,3,SUNDAY,12,0,1,0,0,0,1,Government,,0.47812,0.73293,0.3886,0.3654,0.4094,0.2256,0.2061,0.1707,0.2851,0.2849,0.2678,0.2706,0.2519,0.2787,0.3694,0.3605,0.3965,0.1423,0.1694,0.1702,0.3526,0.3929,0.361,0.2131,0.2456,0.2111,0.3718,0.3585,0.3519,0.3051,0.2721,0.2978,0.3962,0.3892,0.3746,0.3093,0.3123,0.3185,0.3623,0.3343,0.3289,0.1669,0.1938,0.2078,,,,Panel,,0.0,0.0,0.0,0.0,-426.0,0,0,0,0,0,0,0,0,0,0,0,0,0,0,0,0,0,0,0,0,0.0,0.0,0.0,0.0,,2.0
100613,0,Revolving loans,F,N,Y,1,108000.0,243000.0,220500.0,15000.0,Unaccompanied,Commercial associate,Secondary / secondary special,Married,House / apartment,0.013832,-21138,-685,-2801.0,-1615,,1,1,0,1,1,0,Core staff,2.0,3,3,FRIDAY,8,0,1,0,0,0,0,XNA,,0.537973,,0.2859,0.2611,0.2942,0.2508,0.2477,0.2447,0.2193,0.2077,0.1851,0.2415,0.3134,0.2664,0.2218,0.1756,0.1947,0.1664,0.1766,0.2108,0.2022,0.2091,0.1919,0.2266,0.2424,0.2289,0.26,0.2581,0.2709,0.1406,0.1742,0.1263,0.2396,0.2472,0.2376,0.2339,0.2339,0.2348,0.1643,0.1718,0.1459,0.2265,0.2357,0.2783,,block of flats,0.2481,,,0.0,1.0,0.0,0.0,-187.0,0,0,0,0,0,0,0,0,0,0,0,0,0,0,0,0,0,0,0,0,0.0,0.0,0.0,1.0,,0.0
100614,0,Revolving loans,F,N,Y,0,211500.0,436500.0,355500.0,13000.0,Unaccompanied,Working,Higher education,Married,House / apartment,0.007309,-15320,-3014,-2185.0,-5435,,1,1,0,1,0,0,Accountants,1.0,2,2,SATURDAY,9,0,0,0,0,0,0,Business Entity Type 3,,0.267223,0.448861,0.3224,0.3643,0.3591,0.3904,0.3846,0.412,0.4473,0.4206,0.4287,0.302,0.2871,0.3113,0.1841,0.1929,0.2293,0.2955,0.2984,0.3062,0.3393,0.4019,0.3624,0.3376,0.3837,0.3467,0.3344,0.335,0.3114,0.3171,0.3475,0.3709,0.4228,0.4405,0.4259,0.4553,0.4408,0.4344,0.2547,0.2356,0.1998,0.4174,0.4293,0.4104,,block of flats,0.1896,Panel,No,1.0,0.0,1.0,0.0,-376.0,0,1,0,0,0,0,0,0,0,0,0,0,0,0,0,0,0,0,0,0,0.0,0.0,0.0,0.0,0.0,1.0
100615,0,Cash loans,F,N,Y,0,72000.0,292500.0,229500.0,11000.0,Unaccompanied,Working,Secondary / secondary special,Married,House / apartment,0.06108,-18618,-1055,-1127.0,-3987,,1,1,0,1,0,0,Medicine staff,2.0,3,3,SATURDAY,10,0,0,0,0,0,0,Kindergarten,,0.961156,0.809753,0.3464,0.3269,0.3764,0.2951,0.2826,0.2579,0.3643,0.3296,0.3285,0.2999,0.3213,0.3334,0.418,0.4094,0.4204,0.3285,0.3489,0.3317,0.3986,0.3424,0.3721,0.2319,0.2074,0.2157,0.389,0.4166,0.44,0.2449,0.2152,0.2294,0.2822,0.2519,0.2416,0.319,0.3344,0.3366,0.2178,0.2105,0.2067,0.3573,0.3904,0.3882,reg oper spec account,,0.291,Panel,No,2.0,0.0,2.0,0.0,-756.0,0,1,0,0,0,0,0,0,0,0,0,0,0,0,0,0,0,0,0,0,0.0,0.0,2.0,0.0,0.0,2.0
100616,0,Cash loans,F,N,Y,0,54000.0,247500.0,207000.0,6500.0,Unaccompanied,Pensioner,Higher education,Married,With parents,0.010807,-20236,365243,-2192.0,-563,,1,0,0,1,0,0,Sales staff,1.0,2,2,MONDAY,14,0,0,0,0,1,0,Business Entity Type 3,0.58054,0.747244,0.593542,0.1669,0.1138,0.1474,0.1753,0.165,0.1696,0.1451,0.1903,0.1391,0.1599,0.1189,0.1537,0.1316,0.0972,0.1578,0.1716,0.1528,0.209,0.087,0.1032,0.1327,0.22,0.1493,0.1605,0.1325,0.1623,0.1386,0.1215,0.1259,0.115,0.1113,0.1598,0.1294,0.1284,0.0885,0.0989,0.1085,0.1149,0.1162,0.1155,0.1346,0.1872,,block of flats,,Panel,No,0.0,1.0,0.0,0.0,-3083.0,0,0,0,0,0,0,0,0,0,0,0,0,0,0,0,0,0,0,0,0,0.0,0.0,0.0,0.0,1.0,0.0
100617,0,Cash loans,F,Y,Y,0,130500.0,234000.0,202500.0,7500.0,Unaccompanied,Working,Higher education,Civil marriage,With parents,0.007507,-12233,-4663,-2404.0,-4530,,1,1,1,1,0,0,Laborers,2.0,2,2,FRIDAY,12,0,0,0,0,0,0,Government,0.790143,0.367518,,0.2227,0.2025,0.1825,0.1734,0.1721,0.1829,0.3143,0.3141,0.2854,0.2606,0.2732,0.2936,0.2625,0.2454,0.2502,0.2943,0.2652,0.329,0.1733,0.2025,0.1698,0.2654,0.3196,0.3276,0.2102,0.2426,0.267,0.3337,0.3608,0.3574,0.2357,0.2203,0.2378,0.1599,0.2104,0.2326,0.2144,0.1979,0.2084,0.2718,0.3053,0.3173,,block of flats,,,No,1.0,0.0,1.0,0.0,-2813.0,0,1,0,0,0,0,0,0,0,0,0,0,0,0,0,0,0,0,0,0,0.0,0.0,0.0,,,3.0
100618,0,Cash loans,F,N,N,0,63000.0,373500.0,310500.0,13000.0,Other_A,Commercial associate,Higher education,Civil marriage,House / apartment,0.022315,-15461,-3499,-3581.0,-3687,,1,1,0,1,0,0,Laborers,2.0,2,2,TUESDAY,12,0,0,0,0,0,1,Medicine,,0.489661,0.524035,0.4307,0.391,0.4355,0.4254,0.3956,0.3979,0.3461,0.383,0.3744,0.4226,0.4164,0.3963,0.5417,0.5232,0.5223,0.4978,0.5396,0.5556,0.5559,0.5286,0.5942,0.3136,0.2811,0.2699,0.348,0.3392,0.352,0.3782,0.3811,0.3872,0.4509,0.4931,0.4794,0.4771,0.4878,0.4691,0.3727,0.4069,0.397,0.333,0.314,0.3326,,block of flats,,"Stone, brick",,1.0,0.0,1.0,0.0,-506.0,0,1,0,0,0,0,0,0,0,0,0,0,0,0,0,0,0,0,0,0,0.0,,,,,1.0
100619,0,Cash loans,F,Y,N,2,337500.0,2002500.0,1768500.0,57500.0,Family,Working,Secondary / secondary special,Married,House / apartment,0.01793,-16934,-685,-9025.0,-753,,1,1,0,1,1,0,Managers,4.0,2,2,SUNDAY,14,0,0,0,0,0,0,School,,0.228708,0.594025,0.4096,0.3742,0.3826,0.2027,0.1783,0.1889,0.5043,0.4992,0.5018,0.2571,0.2422,0.2059,0.3328,0.3245,0.3747,0.2403,0.247,0.2673,0.2509,0.2617,0.28,0.435,0.4376,0.4283,0.2437,0.2396,0.2683,0.2359,0.2318,0.2305,0.4498,0.3662,0.389,0.2605,0.3001,0.248,0.2111,0.2659,0.2652,0.25,0.2501,0.2348,,block of flats,0.4467,Mixed,No,1.0,0.0,1.0,0.0,-2908.0,0,1,0,0,0,0,0,0,0,0,0,0,0,0,0,0,0,0,0,0,0.0,0.0,,,0.0,4.0
100620,1,Cash loans,M,Y,N,0,63000.0,418500.0,382500.0,25000.0,Unaccompanied,Working,Secondary / secondary special,Married,With parents,0.046991,-19658,-1045,-10126.0,-2422,19.0,1,1,0,1,1,0,Cleaning staff,2.0,2,2,THURSDAY,10,0,0,0,0,0,1,XNA,,0.491233,,0.3757,0.3832,0.3997,0.3542,0.3658,0.3775,0.3931,0.4029,0.3596,0.3491,0.3559,0.3891,0.2402,0.2175,0.2168,0.2455,0.2209,0.2257,0.1996,0.2233,0.1733,0.2823,0.2541,0.2814,0.2652,0.248,0.3021,0.2726,0.2476,0.2416,0.3242,0.3074,0.3332,0.3413,0.3765,0.3481,0.2515,0.2222,0.2658,0.3417,0.3616,0.3732,,,0.2406,,No,1.0,0.0,1.0,0.0,-712.0,0,0,0,0,0,0,0,0,0,0,0,0,0,0,0,0,0,0,0,0,0.0,0.0,0.0,0.0,2.0,1.0
100621,0,Cash loans,F,N,N,0,81000.0,373500.0,342000.0,13000.0,Unaccompanied,Commercial associate,Incomplete higher,Civil marriage,House / apartment,0.01477,-13654,-1008,-7.0,-4424,,1,1,0,1,0,0,Laborers,1.0,2,2,FRIDAY,6,0,0,0,0,0,0,Trade: type 3,0.832446,0.586077,0.649749,0.1396,0.1359,0.1347,0.1122,0.1118,0.1691,0.1569,0.1821,0.1479,0.1563,0.1451,0.1916,0.1571,0.1722,0.1762,0.1256,0.1468,0.1427,0.1121,0.1099,0.1055,0.1328,0.143,0.1517,0.1003,0.1683,0.1473,0.1878,0.1974,0.1714,0.1436,0.096,0.115,0.1211,0.0729,0.0936,0.1363,0.1764,0.1622,0.2065,0.1662,0.2048,,,,"Stone, brick",,1.0,0.0,1.0,0.0,-3225.0,0,0,0,0,0,0,0,0,0,0,0,0,0,0,0,0,0,0,0,0,0.0,,0.0,0.0,0.0,0.0
100622,0,Cash loans,F,N,N,0,184500.0,1021500.0,981000.0,47000.0,Unaccompanied,Commercial associate,Secondary / secondary special,Married,House / apartment,0.014867,-21228,-348,-1870.0,-3884,,1,1,0,1,1,0,Core staff,1.0,1,1,WEDNESDAY,8,0,0,0,0,0,0,Business Entity Type 3,,0.432752,,0.1955,0.1701,0.1644,0.1154,0.1616,0.154,0.2078,0.1552,0.171,0.2806,0.2407,0.2604,0.2308,0.2541,0.2508,0.1741,0.1863,0.1299,0.2551,0.267,0.2782,0.2708,0.3024,0.2902,0.2136,0.2309,0.2161,0.2582,0.2864,0.2902,0.2739,0.2289,0.2605,0.2846,0.303,0.2613,0.167,0.2073,0.2158,0.1843,0.2159,0.2123,,,0.2663,"Stone, brick",,0.0,0.0,0.0,0.0,-2486.0,0,0,0,0,0,0,0,0,0,0,0,0,0,0,0,0,0,0,0,0,0.0,0.0,0.0,1.0,0.0,5.0
100623,0,Revolving loans,M,N,Y,0,108000.0,1399500.0,1363500.0,43500.0,Unaccompanied,State servant,Secondary / secondary special,Married,House / apartment,0.02302,-16319,-3858,-8251.0,-3439,,1,1,0,1,1,0,Laborers,2.0,2,2,TUESDAY,11,0,0,0,0,1,0,Self-employed,0.80167,0.657241,0.61816,0.1171,0.1027,0.1436,0.1296,0.0669,0.0984,0.1248,0.1491,0.1528,0.1166,0.1407,0.1695,0.2073,0.1947,0.1954,0.1724,0.2158,0.1845,0.1961,0.2296,0.1907,0.2459,0.2608,0.1938,0.2288,0.1996,0.1884,0.1118,0.1058,0.0995,0.1376,0.1546,0.1139,0.1495,0.1472,0.1469,0.1747,0.1772,0.1909,0.2007,0.1668,0.1979,,block of flats,,,No,2.0,0.0,2.0,0.0,-1763.0,0,1,0,0,0,0,0,0,0,0,0,0,0,0,0,0,0,0,0,0,0.0,0.0,0.0,0.0,0.0,2.0
100624,1,Cash loans,F,N,N,0,63000.0,207000.0,198000.0,19500.0,Family,Working,Incomplete higher,Married,House / apartment,0.021162,-20118,-4006,-2686.0,-2937,,1,1,0,1,0,0,,2.0,2,2,TUESDAY,12,0,0,0,0,0,0,Government,0.58809,0.205344,,0.2211,0.1836,0.1613,0.155,0.1664,0.1678,0.1992,0.2113,0.1871,0.1944,0.2329,0.1476,0.1904,0.1715,0.1775,0.1799,0.205,0.2327,0.2848,0.3353,0.2804,0.2871,0.3102,0.2765,0.2077,0.2281,0.2091,0.1882,0.1223,0.1462,0.2666,0.2201,0.2544,0.311,0.2607,0.2771,0.2583,0.245,0.2771,0.2938,0.27,0.2611,,,,"Stone, brick",,0.0,0.0,0.0,0.0,-702.0,0,1,0,0,0,0,0,0,0,0,0,0,0,0,0,0,0,0,0,0,0.0,0.0,0.0,1.0,1.0,1.0
100625,0,Revolving loans,M,N,N,3,450000.0,985500.0,891000.0,43000.0,Unaccompanied,Working,Higher education,Civil marriage,House / apartment,0.021567,-8858,-1291,-813.0,-4143,,1,1,0,1,0,0,Medicine staff,5.0,2,2,TUESDAY,14,0,0,0,0,1,1,Construction,,0.442769,0.874048,0.3992,0.4446,0.4314,0.2895,0.3019,0.2951,0.4014,0.3584,0.3741,0.2527,0.2409,0.2663,0.535,0.5549,0.5228,0.5154,0.5411,0.5059,0.3834,0.382,0.3795,0.38,0.3938,0.4004,0.5218,0.56,0.5255,0.2723,0.2803,0.2563,0.3365,0.3199,0.3443,0.3884,0.3589,0.3867,0.3388,0.3814,0.3804,0.409,0.3837,0.3873,,block of flats,,,,4.0,0.0,4.0,0.0,-3667.0,0,0,0,0,0,0,0,0,0,0,0,0,0,0,0,0,0,0,0,0,0.0,0.0,0.0,0.0,,1.0
100626,0,Cash loans,M,Y,N,0,85500.0,144000.0,117000.0,5000.0,Unaccompanied,Working,Higher education,Married,House / apartment,0.022134,-14270,-1750,-4441.0,-5260,,1,1,1,1,1,0,Accountants,1.0,2,2,MONDAY,12,0,0,0,0,0,0,Other,,0.449077,0.328212,0.3589,0.3699,0.3876,0.2967,0.2801,0.2769,0.2099,0.2395,0.2028,0.1855,0.168,0.177,0.2983,0.2905,0.2773,0.2129,0.2129,0.1974,0.3601,0.3797,0.3353,0.2256,0.2374,0.1864,0.196,0.1846,0.1703,0.3676,0.3822,0.3876,0.208,0.1827,0.207,0.2861,0.2505,0.262,0.2878,0.272,0.2825,0.2957,0.2989,0.2637,,,0.3501,,,0.0,0.0,0.0,0.0,-2595.0,0,1,0,0,0,0,0,0,0,0,0,0,0,0,0,0,0,0,0,0,0.0,0.0,,,1.0,3.0
100627,1,Cash loans,F,N,Y,1,130500.0,1336500.0,1296000.0,56000.0,Unaccompanied,Commercial associate,Secondary / secondary special,Married,House / apartment,0.020709,-10222,-2019,-1555.0,-1029,,1,1,1,1,0,0,Low-skill Laborers,3.0,2,2,WEDNESDAY,15,0,0,0,0,0,0,Medicine,0.029159,0.131835,0.183634,0.08,0.0979,0.073,0.0743,0.111,0.141,0.1322,0.112,0.1104,0.1332,0.1265,0.1113,0.1162,0.127,0.1543,0.1539,0.1997,0.1865,0.1832,0.1999,0.1462,0.1108,0.0972,0.1362,0.1559,0.1738,0.1421,0.1513,0.1296,0.1188,0.1075,0.0957,0.1344,0.1847,0.1571,0.2087,0.0973,0.1235,0.0804,0.094,0.08,0.0945,reg oper account,block of flats,,,,1.0,0.0,1.0,0.0,-3843.0,0,1,0,0,0,0,0,0,0,0,0,0,0,0,0,0,0,0,0,0,0.0,0.0,0.0,0.0,1.0,1.0
100628,0,Cash loans,M,N,Y,0,130500.0,1345500.0,1098000.0,78500.0,Family,Working,Secondary / secondary special,Widow,House / apartment,0.014444,-20660,-2298,-8.0,-2414,,1,1,0,1,0,1,Core staff,1.0,1,1,SUNDAY,13,0,0,0,0,0,1,Security,,0.748061,0.430964,0.2375,0.294,0.283,0.5338,0.5063,0.5068,0.617,0.6321,0.637,0.5592,0.5613,0.5655,0.4606,0.4346,0.4834,0.4479,0.4542,0.4246,0.423,0.4843,0.4505,0.558,0.5766,0.5615,0.4483,0.4596,0.4236,0.3267,0.3091,0.2588,0.3036,0.2684,0.3174,0.5325,0.5283,0.5206,0.5873,0.5669,0.6035,0.2519,0.2867,0.295,,block of flats,0.4413,Panel,,0.0,0.0,0.0,0.0,-2835.0,0,1,0,0,0,0,0,0,0,0,0,0,0,0,1,0,0,0,0,0,0.0,,0.0,0.0,0.0,
100629,0,Cash loans,F,N,N,1,216000.0,508500.0,414000.0,21000.0,Unaccompanied,Pensioner,Higher education,Separated,House / apartment,0.031337,-24066,365243,-1923.0,-5092,,1,0,0,1,0,0,Drivers,3.0,1,1,SATURDAY,7,0,0,0,0,0,0,XNA,,0.652788,0.857801,0.3394,0.3839,0.3405,0.4136,0.416,0.4515,0.4178,0.3826,0.4189,0.3129,0.2996,0.2853,0.3184,0.2694,0.2931,0.6249,0.5837,0.5992,0.4659,0.511,0.5514,0.4256,0.3819,0.4309,0.6009,0.5612,0.5869,0.4082,0.4606,0.3871,0.5514,0.5626,0.5529,0.4193,0.4272,0.4305,0.2884,0.3383,0.3054,0.4468,0.4533,0.465,reg oper account,,0.4518,"Stone, brick",No,3.0,1.0,3.0,0.0,-2924.0,0,0,0,0,0,0,0,0,0,0,0,0,0,0,0,0,0,0,0,0,,0.0,0.0,2.0,,
100630,0,Cash loans,M,N,Y,0,189000.0,495000.0,418500.0,14000.0,Unaccompanied,Pensioner,Secondary / secondary special,Single / not married,House / apartment,0.01496,-23146,365243,-664.0,-3050,,1,0,0,1,0,0,,2.0,2,2,THURSDAY,4,0,1,0,0,0,0,Self-employed,0.441515,0.322889,,0.6457,0.6425,0.6353,0.7935,0.7611,0.7677,0.4452,0.5254,0.4931,0.4039,0.3904,0.4269,0.5882,0.5601,0.5965,0.578,0.5589,0.5873,0.4097,0.4511,0.4553,0.7561,0.7612,0.7468,0.5481,0.5471,0.582,0.6749,0.7082,0.6709,0.684,0.6884,0.6521,0.6509,0.6366,0.615,0.826,0.8286,0.8226,0.4173,0.4771,0.435,reg oper spec account,block of flats,0.5021,,No,1.0,0.0,1.0,0.0,-3869.0,0,1,0,0,0,0,0,0,0,0,0,0,0,0,0,0,0,0,0,0,0.0,0.0,0.0,0.0,0.0,1.0
100631,0,Revolving loans,M,Y,Y,2,94500.0,310500.0,279000.0,19000.0,Unaccompanied,Working,Secondary / secondary special,Single / not married,House / apartment,0.030791,-8566,-556,-164.0,-1056,33.0,1,1,1,1,0,0,Drivers,4.0,3,3,SATURDAY,9,0,0,0,0,0,0,Medicine,0.109885,0.08708,0.035686,0.2433,0.2416,0.2679,0.2098,0.2244,0.2388,0.168,0.1656,0.2185,0.194,0.1319,0.2032,0.2028,0.2207,0.2479,0.1692,0.1685,0.1613,0.1991,0.1924,0.1749,0.2315,0.2533,0.2229,0.1951,0.2394,0.1931,0.1145,0.1015,0.1006,0.2168,0.2542,0.2502,0.1227,0.0837,0.0997,0.2064,0.1832,0.2166,0.2342,0.1971,0.2462,,block of flats,0.2363,,No,2.0,0.0,2.0,0.0,-3510.0,0,0,0,0,0,0,0,0,0,0,0,0,0,0,0,0,0,0,0,0,0.0,0.0,0.0,0.0,1.0,2.0
100632,0,Cash loans,M,N,Y,0,121500.0,927000.0,850500.0,44000.0,Unaccompanied,Working,Secondary / secondary special,Separated,House / apartment,0.044209,-10531,-3558,-271.0,-780,,1,1,0,1,0,0,Private service staff,2.0,3,3,THURSDAY,13,0,0,0,0,1,0,XNA,0.418229,0.392283,,0.0283,0.0917,0.0332,0.094,0.0343,0.0427,0.0204,0.0053,0.0511,0.0609,0.0382,0.0544,0.0471,0.064,0.0785,0.0271,0.0249,0.0515,0.0374,0.0137,0.0226,0.0655,0.0401,0.0857,0.0348,0.058,0.01,0.0734,0.0603,0.047,0.028,0.0797,0.0525,0.0272,0.0464,0.038,0.0362,0.0516,0.0267,0.061,0.0493,0.0303,,,,,No,3.0,1.0,3.0,1.0,-1912.0,0,1,0,0,0,0,0,0,0,0,0,0,0,0,0,0,0,0,0,0,0.0,0.0,0.0,0.0,,2.0
100633,0,Cash loans,F,Y,Y,0,130500.0,252000.0,198000.0,6500.0,Unaccompanied,Working,Secondary / secondary special,Single / not married,House / apartment,0.012286,-12226,-621,-2915.0,-4364,,1,1,0,1,1,0,Laborers,1.0,2,2,SATURDAY,13,0,0,0,0,0,0,XNA,0.884218,0.478307,0.508429,0.249,0.3376,0.2938,0.1595,0.1795,0.1509,0.1844,0.1463,0.1943,0.1865,0.1676,0.1827,0.3189,0.3137,0.3041,0.2736,0.2406,0.2362,0.294,0.3513,0.3337,0.207,0.2221,0.2167,0.286,0.309,0.2954,0.2949,0.2487,0.2843,0.1595,0.1627,0.1954,0.236,0.1918,0.2487,0.2768,0.3128,0.3037,0.3315,0.318,0.3155,,block of flats,0.2831,"Stone, brick",No,2.0,0.0,2.0,0.0,-1148.0,0,0,0,0,0,0,0,0,0,0,0,0,0,0,0,0,0,0,0,0,0.0,,0.0,0.0,0.0,
100634,0,Cash loans,F,Y,Y,0,220500.0,292500.0,274500.0,8000.0,Unaccompanied,Commercial associate,Secondary / secondary special,Civil marriage,House / apartment,0.0725,-18808,-491,-3471.0,-2941,,1,1,1,1,0,0,Laborers,2.0,2,2,FRIDAY,12,0,0,0,0,0,0,Medicine,,0.636082,0.340896,0.267,0.2828,0.2635,0.256,0.2562,0.2829,0.164,0.2052,0.2016,0.2811,0.2588,0.2815,0.2064,0.2403,0.2589,0.3539,0.27,0.2763,0.2249,0.2215,0.2174,0.2652,0.2326,0.2582,0.2888,0.3109,0.3127,0.3327,0.3336,0.3675,0.3437,0.3171,0.3009,0.2408,0.224,0.2434,0.3363,0.3129,0.3295,0.185,0.2081,0.2057,reg oper account,block of flats,0.1925,Panel,,3.0,0.0,3.0,0.0,-2927.0,0,1,0,0,0,0,0,0,0,0,0,0,0,0,0,0,0,0,0,0,0.0,0.0,,1.0,1.0,1.0
100635,1,Cash loans,M,N,N,0,76500.0,981000.0,801000.0,89000.0,Unaccompanied,Commercial associate,Higher education,Married,House / apartment,0.012022,-11248,-1750,-105.0,-4744,,1,1,0,1,0,0,Laborers,2.0,3,3,FRIDAY,12,0,0,0,0,1,0,XNA,,0.558423,0.31211,0.2955,0.3129,0.317,0.3143,0.3082,0.34,0.2778,0.2832,0.3164,0.209,0.2279,0.2078,0.1648,0.1724,0.1647,0.3187,0.3258,0.2931,0.1823,0.1286,0.1747,0.258,0.2403,0.253,0.2632,0.2599,0.2258,0.219,0.2655,0.2362,0.1441,0.1955,0.1735,0.3088,0.3098,0.3327,0.1674,0.1436,0.1665,0.1537,0.1577,0.1575,,,0.295,,No,2.0,0.0,2.0,0.0,-1361.0,0,0,0,0,0,0,0,0,0,0,0,0,0,0,0,0,0,0,0,0,0.0,,0.0,0.0,0.0,2.0
100636,1,Cash loans,M,N,N,0,445500.0,2061000.0,1728000.0,79500.0,Unaccompanied,Pensioner,Secondary / secondary special,Married,House / apartment,0.012076,-20592,365243,-425.0,-688,,1,0,1,1,0,0,Medicine staff,1.0,1,1,WEDNESDAY,16,0,0,0,0,0,1,Transport: type 4,,0.182645,,0.6297,0.6099,0.5985,0.6872,0.6703,0.709,0.6957,0.6856,0.6745,0.3991,0.4275,0.4148,0.3476,0.3452,0.3717,0.4041,0.4294,0.4298,0.5537,0.5709,0.5737,0.3507,0.3516,0.3667,0.5022,0.5184,0.5583,0.6636,0.6454,0.6448,0.3973,0.4209,0.3786,0.3968,0.354,0.3713,0.7696,0.7502,0.7368,0.7889,0.7632,0.7752,,block of flats,0.5284,,,1.0,0.0,1.0,0.0,-1056.0,0,1,0,0,0,0,0,0,0,0,0,0,0,0,0,0,0,0,0,0,,0.0,0.0,2.0,0.0,3.0
100637,0,Cash loans,F,N,N,0,99000.0,495000.0,418500.0,41500.0,Unaccompanied,Working,Secondary / secondary special,Civil marriage,House / apartment,0.026136,-18904,-1997,-11485.0,-3641,,1,1,0,1,0,0,,1.0,1,1,FRIDAY,12,0,0,0,0,0,0,Self-employed,0.277389,0.283306,0.19815,0.2827,0.2919,0.2573,0.2352,0.2621,0.242,0.3166,0.2886,0.2732,0.3475,0.3703,0.346,0.3571,0.3544,0.3314,0.1738,0.2309,0.1752,0.1903,0.164,0.2053,0.3387,0.3237,0.3059,0.1743,0.1713,0.1598,0.2439,0.2501,0.2462,0.1591,0.1449,0.1869,0.267,0.2364,0.2438,0.2024,0.2103,0.1669,0.1655,0.1862,0.1919,,,0.2339,,No,1.0,0.0,1.0,0.0,-1022.0,0,0,0,0,0,0,0,0,0,0,0,0,0,0,0,0,0,0,0,0,0.0,0.0,,0.0,0.0,1.0
100638,0,Cash loans,M,Y,Y,1,148500.0,517500.0,436500.0,13500.0,Unaccompanied,Working,Incomplete higher,Single / not married,House / apartment,0.024589,-21804,-737,-1118.0,-3498,,1,1,1,1,0,0,Accountants,3.0,2,2,FRIDAY,13,0,0,0,0,1,0,Government,0.578151,0.42533,0.623484,0.6744,0.6398,0.6325,0.4549,0.4714,0.4757,0.335,0.3216,0.3382,0.6023,0.5825,0.5937,0.5311,0.4921,0.5158,0.4635,0.4462,0.4851,0.5274,0.5078,0.5275,0.3762,0.4418,0.412,0.5587,0.6045,0.5791,0.3389,0.2939,0.3317,0.437,0.428,0.4194,0.3314,0.3085,0.3205,0.5201,0.5381,0.5485,0.4691,0.4884,0.4729,,,0.6136,Mixed,No,3.0,0.0,3.0,0.0,-1175.0,0,0,0,0,0,0,0,0,0,0,0,0,0,0,0,0,0,0,0,0,0.0,0.0,0.0,0.0,1.0,1.0
100639,0,Cash loans,F,N,Y,1,76500.0,387000.0,360000.0,16500.0,Unaccompanied,Working,Incomplete higher,Married,House / apartment,0.019551,-17316,-2205,-1576.0,-2756,,1,1,0,1,0,0,Core staff,3.0,2,2,TUESDAY,17,0,0,0,0,0,0,Business Entity Type 3,,0.353617,0.054261,0.1991,0.2282,0.2096,0.1694,0.1872,0.2032,0.3161,0.2891,0.273,0.167,0.1381,0.1571,0.1844,0.1887,0.184,0.1731,0.1634,0.1353,0.2345,0.2552,0.2339,0.1528,0.154,0.1482,0.2207,0.2417,0.1989,0.2164,0.2446,0.2589,0.2745,0.2292,0.2576,0.2834,0.282,0.2685,0.2813,0.2865,0.3004,0.1608,0.1428,0.1872,reg oper spec account,block of flats,,"Stone, brick",,1.0,0.0,1.0,0.0,-1970.0,0,1,0,0,0,0,0,0,0,0,0,0,0,0,0,0,0,0,0,0,0.0,0.0,,0.0,0.0,
100640,0,Cash loans,M,N,Y,0,72000.0,121500.0,94500.0,5500.0,Unaccompanied,Working,Secondary / secondary special,Married,House / apartment,0.031057,-16750,-2422,-4683.0,-2564,,1,1,0,1,0,0,,2.0,3,3,TUESDAY,6,0,0,1,0,0,0,Housing,,0.85415,0.59523,0.2219,0.188,0.2032,0.3389,0.3312,0.322,0.3474,0.3061,0.3226,0.2081,0.2228,0.2654,0.2915,0.3137,0.2664,0.3305,0.2768,0.2969,0.2713,0.1863,0.2443,0.2609,0.2651,0.2398,0.2447,0.2719,0.2916,0.2054,0.205,0.2484,0.3214,0.2858,0.2733,0.2362,0.1918,0.2175,0.2054,0.2304,0.2394,0.2936,0.3287,0.2729,,block of flats,0.3486,,No,3.0,1.0,3.0,0.0,-3668.0,0,1,0,0,0,0,0,0,0,0,0,0,0,0,0,0,0,0,0,0,0.0,0.0,0.0,0.0,0.0,2.0
100641,0,Cash loans,M,Y,Y,1,90000.0,220500.0,180000.0,12000.0,Unaccompanied,State servant,Higher education,Civil marriage,House / apartment,0.021871,-16239,-5775,-925.0,-1627,,1,1,0,1,0,0,,2.0,2,2,SATURDAY,18,0,0,0,0,0,0,Bank,,0.64992,0.359403,0.1294,0.1468,0.1435,0.121,0.1032,0.1073,0.1095,0.0765,0.123,0.0674,0.0849,0.0804,0.048,0.0749,0.1259,0.0817,0.1001,0.0653,0.0882,0.0953,0.1025,0.0967,0.0662,0.0847,0.0772,0.0483,0.0602,0.1473,0.1155,0.1274,0.0763,0.113,0.1027,0.1131,0.0935,0.1024,0.0521,0.065,0.0767,0.0777,0.1146,0.0978,reg oper account,block of flats,0.0478,"Stone, brick",,2.0,0.0,2.0,0.0,-469.0,0,1,0,0,0,0,0,0,0,0,0,0,0,0,0,0,0,0,0,0,,0.0,,,2.0,2.0
100642,0,Cash loans,F,Y,Y,0,85500.0,355500.0,279000.0,13000.0,Unaccompanied,Pensioner,Secondary / secondary special,Married,House / apartment,0.067308,-20976,365243,-1487.0,-4700,,1,0,1,1,0,0,,2.0,3,3,SUNDAY,4,0,0,0,0,0,0,Medicine,,0.561263,,0.0517,0.0812,0.0488,0.0965,0.1098,0.0833,0.0719,0.068,0.0919,0.0488,0.0902,0.0441,0.0816,0.0593,0.045,0.0778,0.0571,0.0416,0.07,0.0229,0.0217,0.0353,0.067,0.0751,0.0602,0.0999,0.0226,0.0951,0.0863,0.0841,0.0341,0.0716,0.0737,0.0671,0.0897,0.0585,0.0492,0.0639,0.0455,0.1044,0.0758,0.1105,,,,,No,1.0,0.0,1.0,0.0,-2528.0,0,0,0,0,0,0,0,0,0,0,0,0,0,0,0,0,0,0,0,0,0.0,0.0,0.0,0.0,0.0,4.0
100643,0,Cash loans,F,N,N,0,117000.0,130500.0,121500.0,9000.0,Family,Pensioner,Secondary / secondary special,Single / not married,House / apartment,0.018093,-24935,365243,-467.0,-1987,,1,0,0,1,0,0,Laborers,2.0,2,2,THURSDAY,9,0,0,0,1,0,0,Business Entity Type 3,,0.496851,0.715059,0.2974,0.3013,0.2841,0.3115,0.3567,0.3035,0.2779,0.2393,0.2856,0.1818,0.1916,0.1934,0.2516,0.289,0.2935,0.124,0.1417,0.1252,0.2772,0.2645,0.2402,0.2762,0.2984,0.2516,0.3411,0.2789,0.2922,0.2767,0.2798,0.2639,0.2832,0.2965,0.3125,0.1877,0.205,0.1695,0.2786,0.2905,0.3235,0.1707,0.172,0.1601,,,,Panel,,2.0,0.0,2.0,0.0,-1701.0,0,1,0,0,0,0,1,0,0,0,0,0,0,0,0,0,0,0,0,0,,0.0,0.0,,1.0,1.0
100644,0,Cash loans,F,N,N,0,85500.0,283500.0,279000.0,8500.0,Unaccompanied,Pensioner,Secondary / secondary special,Married,With parents,0.011009,-23970,365243,-16935.0,-2510,,1,0,1,1,0,0,,2.0,3,3,WEDNESDAY,10,0,0,0,0,0,0,Self-employed,0.613186,0.714128,0.670016,0.0637,0.0656,0.094,0.0851,0.1022,0.0539,0.0597,0.0588,0.0864,0.0042,0.0231,0.0354,0.0386,0.0792,0.0793,0.0324,0.0307,0.0517,0.0924,0.0802,0.0329,0.0708,0.0846,0.104,0.1217,0.1066,0.1103,0.0645,0.0363,0.0383,0.1121,0.0645,0.103,0.1163,0.1078,0.0887,0.0778,0.053,0.0324,0.0494,0.0719,0.0412,,block of flats,0.0406,Panel,No,0.0,0.0,0.0,0.0,-3097.0,0,0,0,0,0,0,0,0,0,0,0,0,0,0,0,0,0,0,0,0,0.0,0.0,0.0,1.0,0.0,1.0
100645,1,Cash loans,F,Y,Y,0,216000.0,688500.0,630000.0,28000.0,Unaccompanied,Working,Secondary / secondary special,Married,House / apartment,0.013283,-7967,-390,-693.0,-5155,,1,1,1,1,0,0,,1.0,2,2,MONDAY,7,0,0,0,0,1,0,Business Entity Type 3,,0.184298,0.496508,0.538,0.5317,0.5597,0.4987,0.5212,0.5473,0.3733,0.4028,0.4231,0.3761,0.3924,0.3944,0.3639,0.3229,0.3622,0.4053,0.4219,0.4241,0.2883,0.2741,0.2732,0.5135,0.5265,0.5247,0.3049,0.3383,0.3436,0.5063,0.5156,0.5176,0.405,0.3889,0.3823,0.2916,0.2942,0.2662,0.4349,0.4808,0.449,0.4488,0.3789,0.3821,,,,,No,2.0,0.0,2.0,0.0,-1992.0,0,1,0,0,0,0,0,0,0,0,0,0,0,0,0,0,0,0,0,0,0.0,,0.0,0.0,0.0,
100646,0,Cash loans,F,N,Y,0,94500.0,310500.0,279000.0,11500.0,Other_B,Commercial associate,Higher education,Widow,House / apartment,0.025047,-9474,-2486,-1193.0,-3783,,1,1,0,1,0,0,Laborers,1.0,2,2,TUESDAY,12,0,0,0,0,0,0,Business Entity Type 3,,0.260437,0.541229,0.515,0.5129,0.529,0.4442,0.4513,0.4408,0.3769,0.3798,0.3997,0.5031,0.498,0.5042,0.2962,0.2143,0.2691,0.5852,0.5796,0.5529,0.5725,0.6031,0.6008,0.4956,0.5383,0.5645,0.6216,0.6479,0.6351,0.3091,0.3293,0.3745,0.5173,0.4935,0.4915,0.3633,0.3475,0.3375,0.6112,0.6399,0.603,0.3651,0.3673,0.3888,reg oper account,,,,,2.0,0.0,2.0,0.0,-676.0,0,1,0,0,0,0,0,0,0,0,0,0,0,0,0,0,0,0,0,0,,0.0,0.0,0.0,0.0,2.0
100647,0,Cash loans,F,Y,Y,0,90000.0,261000.0,252000.0,7500.0,"Spouse, partner",Commercial associate,Higher education,Civil marriage,House / apartment,0.025275,-16225,-3979,-8184.0,-232,25.0,1,1,1,1,0,0,Laborers,2.0,2,2,FRIDAY,12,0,0,0,0,1,0,XNA,,0.450766,0.38063,0.4457,0.3711,0.404,0.37,0.3497,0.3746,0.3229,0.3291,0.293,0.3266,0.2927,0.3501,0.4796,0.4764,0.4512,0.3383,0.3448,0.3532,0.4534,0.5052,0.5001,0.5077,0.5082,0.5042,0.3456,0.3772,0.3385,0.3218,0.3086,0.3239,0.2282,0.2086,0.2457,0.2811,0.2617,0.3151,0.2635,0.2644,0.2663,0.5142,0.5195,0.5455,reg oper account,block of flats,0.346,,,0.0,0.0,0.0,1.0,-264.0,0,1,0,0,0,0,0,0,0,0,0,0,0,0,0,0,0,0,0,0,0.0,0.0,0.0,0.0,,3.0
100648,1,Cash loans,F,N,Y,0,117000.0,265500.0,220500.0,17000.0,Unaccompanied,Working,Secondary / secondary special,Civil marriage,House / apartment,0.021254,-19736,-739,-6356.0,-353,,1,1,0,1,1,0,Medicine staff,2.0,3,3,TUESDAY,14,0,0,0,0,1,0,Business Entity Type 3,,0.467386,0.520014,0.753,0.7087,0.7504,0.5714,0.5675,0.5412,0.7243,0.7497,0.7086,0.4913,0.4584,0.4615,0.5196,0.5492,0.5585,0.7872,0.7747,0.7898,0.5506,0.4799,0.554,0.436,0.4418,0.4267,0.4147,0.3594,0.3914,0.5437,0.5484,0.5822,0.4693,0.4771,0.4548,0.634,0.6237,0.5818,0.6637,0.6567,0.6335,0.7568,0.7762,0.8019,,,0.3888,,No,0.0,0.0,0.0,0.0,-16.0,0,1,0,0,0,0,0,0,0,0,0,0,0,0,0,0,0,0,0,0,0.0,0.0,0.0,0.0,,1.0
100649,0,Cash loans,F,N,Y,0,252000.0,360000.0,283500.0,23500.0,Unaccompanied,Working,Secondary / secondary special,Single / not married,House / apartment,0.011043,-12048,-2323,-845.0,-3226,,1,1,1,1,0,0,Laborers,2.0,1,1,WEDNESDAY,14,0,0,0,0,0,0,Security,,0.580277,,0.3636,0.4103,0.4036,0.2929,0.3089,0.3095,0.3672,0.3545,0.3385,0.3278,0.3529,0.3472,0.2969,0.2915,0.3003,0.198,0.2118,0.2098,0.3268,0.3432,0.3575,0.4131,0.4034,0.4275,0.3324,0.3133,0.3437,0.2445,0.2237,0.2309,0.4046,0.3814,0.3842,0.3746,0.3694,0.4005,0.2524,0.2157,0.2461,0.2293,0.2623,0.2384,,,,Mixed,,1.0,0.0,1.0,0.0,-2585.0,0,1,0,0,0,0,0,0,0,0,0,0,0,0,0,0,0,0,0,0,0.0,0.0,0.0,0.0,0.0,3.0
100650,0,Cash loans,F,Y,Y,1,166500.0,702000.0,621000.0,31000.0,Unaccompanied,Commercial associate,Lower secondary,Married,House / apartment,0.037184,-20084,-1512,-4728.0,-4260,2.0,1,1,1,1,0,0,Laborers,3.0,2,2,THURSDAY,13,0,0,0,0,0,0,Business Entity Type 2,,0.539541,0.704696,0.1434,0.1225,0.142,0.1047,0.1268,0.1151,0.1009,0.0786,0.1126,0.1301,0.1642,0.1345,0.0639,0.1241,0.1103,0.1185,0.1483,0.1446,0.1742,0.1483,0.1015,0.1473,0.1182,0.1226,0.1092,0.12,0.0799,0.1225,0.1692,0.0848,0.0653,0.0708,0.0728,0.1145,0.1007,0.0916,0.1593,0.1353,0.1247,0.0704,0.0594,0.0414,,,0.099,Panel,No,1.0,0.0,1.0,0.0,-739.0,0,1,0,0,0,0,1,0,0,0,0,0,0,0,0,0,0,0,0,0,0.0,,0.0,0.0,,2.0
100651,0,Cash loans,F,N,Y,0,139500.0,463500.0,387000.0,14000.0,Family,Pensioner,Secondary / secondary special,Single / not married,With parents,0.062144,-24982,365243,-6543.0,-2826,,1,0,0,1,0,0,Security staff,2.0,2,2,FRIDAY,16,0,0,0,0,0,0,Government,,0.618712,0.635989,0.5154,0.4981,0.5305,0.5226,0.5462,0.4868,0.693,0.6798,0.7038,0.396,0.4466,0.4762,0.6748,0.731,0.7029,0.5442,0.5288,0.5449,0.3365,0.4001,0.3769,0.5445,0.5509,0.5467,0.3088,0.3262,0.3169,0.356,0.3197,0.3589,0.337,0.3048,0.3053,0.2879,0.3163,0.3257,0.5393,0.5931,0.5528,0.3455,0.3629,0.3727,,,,,No,5.0,0.0,5.0,0.0,-2521.0,0,1,0,0,0,0,0,0,0,0,0,0,0,0,0,0,0,0,0,0,,0.0,0.0,0.0,0.0,0.0
100652,0,Cash loans,M,N,Y,1,67500.0,121500.0,103500.0,10500.0,Unaccompanied,Working,Secondary / secondary special,Married,House / apartment,0.019042,-14301,-4280,-2129.0,-5744,,1,1,0,1,0,0,High skill tech staff,3.0,2,2,SATURDAY,14,0,0,0,0,1,0,Business Entity Type 2,,0.0005,0.427871,0.4464,0.4166,0.4271,0.2813,0.2424,0.2626,0.2831,0.2566,0.3114,0.4526,0.4408,0.466,0.3602,0.4083,0.402,0.3024,0.3421,0.3149,0.3406,0.3367,0.3385,0.5161,0.4899,0.4888,0.2876,0.2845,0.2832,0.3244,0.3416,0.2771,0.2142,0.206,0.2432,0.2318,0.2419,0.2463,0.2977,0.2727,0.3026,0.3664,0.3548,0.3659,reg oper account,,,Block,,0.0,0.0,0.0,0.0,-92.0,0,0,0,0,0,0,0,0,0,0,0,0,0,0,0,0,0,0,0,0,,,0.0,0.0,1.0,3.0
100653,0,Cash loans,F,N,N,0,76500.0,310500.0,270000.0,9000.0,Unaccompanied,Pensioner,Secondary / secondary special,Married,House / apartment,0.057461,-24222,365243,-11880.0,-5103,,1,0,0,1,0,0,,2.0,2,2,MONDAY,11,0,0,0,0,0,1,XNA,0.480725,0.693815,0.456287,0.7835,0.7704,0.7903,0.5679,0.5544,0.5608,0.7397,0.7276,0.8183,0.4272,0.3931,0.3997,0.591,0.5639,0.6024,0.4185,0.3857,0.3879,0.649,0.6455,0.6493,0.7468,0.7198,0.7275,0.4,0.4272,0.4037,0.4846,0.4541,0.4779,0.582,0.5286,0.547,0.3663,0.4016,0.3826,0.4959,0.4889,0.53,0.6811,0.643,0.7145,reg oper account,block of flats,,Panel,,2.0,0.0,2.0,0.0,-1032.0,0,1,0,0,0,0,0,0,0,0,0,0,0,0,0,0,0,0,0,0,0.0,0.0,0.0,0.0,0.0,0.0
100654,0,Cash loans,M,N,Y,0,72000.0,238500.0,202500.0,9500.0,Unaccompanied,Pensioner,Secondary / secondary special,Married,House / apartment,0.031996,-20620,365243,-637.0,-2686,,1,0,1,1,0,0,,2.0,2,2,WEDNESDAY,12,0,0,0,0,0,0,Bank,,0.330034,0.4014,0.3534,0.3464,0.3226,0.336,0.315,0.3408,0.3823,0.415,0.3534,0.2935,0.3244,0.318,0.3302,0.3683,0.3367,0.2914,0.2684,0.2681,0.4233,0.4592,0.4591,0.3092,0.2605,0.2736,0.3642,0.3847,0.391,0.3172,0.3242,0.3072,0.2395,0.2301,0.2423,0.2928,0.3327,0.2969,0.3781,0.3427,0.3393,0.2109,0.2133,0.224,reg oper account,,,,No,2.0,1.0,2.0,0.0,-3398.0,0,1,0,0,0,0,1,0,0,0,0,0,0,0,0,0,0,0,0,0,0.0,0.0,0.0,0.0,0.0,0.0
100655,0,Cash loans,F,Y,Y,0,301500.0,913500.0,801000.0,34000.0,Unaccompanied,Pensioner,Secondary / secondary special,Married,House / apartment,0.0725,-21778,365243,-1161.0,-1411,19.0,1,0,0,1,1,0,Drivers,2.0,2,2,TUESDAY,10,0,0,0,0,0,0,Self-employed,,0.630546,0.868016,0.3885,0.4121,0.3909,0.6782,0.6779,0.682,0.3999,0.4172,0.3989,0.4212,0.4007,0.415,0.4885,0.4292,0.4786,0.8673,0.7897,0.8868,0.9005,0.8811,0.8698,0.5784,0.5995,0.5509,0.8289,0.841,0.8525,0.4731,0.4665,0.4922,0.8329,0.874,0.8591,0.6413,0.5999,0.6382,0.4044,0.4007,0.3997,0.8628,0.8394,0.8555,,block of flats,0.8003,Panel,No,0.0,1.0,0.0,0.0,-3764.0,0,0,0,0,0,0,0,0,0,0,0,0,0,0,0,0,0,0,0,0,0.0,0.0,0.0,1.0,0.0,0.0
100656,0,Cash loans,F,N,Y,1,198000.0,234000.0,202500.0,8500.0,Unaccompanied,Working,Secondary / secondary special,Married,House / apartment,0.025067,-20996,-1058,-3616.0,-59,,1,1,0,1,0,0,Laborers,2.0,2,2,THURSDAY,8,0,0,0,0,0,1,Business Entity Type 3,,0.677456,0.925027,0.1873,0.1711,0.2024,0.2229,0.1715,0.1471,0.3073,0.3048,0.293,0.3319,0.355,0.3589,0.3001,0.2429,0.2949,0.3823,0.3882,0.3943,0.2684,0.2505,0.2014,0.3657,0.4104,0.4123,0.383,0.4013,0.3704,0.4096,0.3525,0.326,0.4241,0.3537,0.4,0.3487,0.3787,0.3269,0.3552,0.3818,0.3418,0.3429,0.3219,0.2937,,,0.2355,Panel,No,,0.0,0.0,0.0,-1942.0,0,0,0,0,0,0,0,0,0,0,0,0,0,0,0,0,0,0,0,0,0.0,0.0,0.0,0.0,1.0,0.0
100657,0,Cash loans,F,N,Y,0,90000.0,513000.0,409500.0,44000.0,Unaccompanied,Working,Secondary / secondary special,Married,House / apartment,0.020353,-11436,-1088,-120.0,-201,,1,1,0,1,1,0,Core staff,1.0,2,2,TUESDAY,13,0,0,0,0,0,1,Medicine,,0.378933,0.20004,0.4929,0.4866,0.5104,0.4866,0.5023,0.4903,0.3207,0.2662,0.332,0.5576,0.5342,0.5197,0.3013,0.2747,0.2729,0.261,0.2747,0.2794,0.5431,0.575,0.5574,0.535,0.5396,0.5443,0.448,0.4404,0.4272,0.4213,0.4377,0.4642,0.2621,0.285,0.2631,0.5185,0.4999,0.5087,0.2951,0.2961,0.3338,0.3427,0.3169,0.3412,,,0.5233,"Stone, brick",,2.0,0.0,2.0,0.0,-2080.0,0,1,0,0,0,0,0,0,0,0,0,0,0,0,0,0,0,0,0,0,0.0,0.0,0.0,0.0,0.0,1.0
100658,0,Cash loans,F,N,Y,0,108000.0,216000.0,207000.0,12500.0,Unaccompanied,Commercial associate,Secondary / secondary special,Married,House / apartment,0.031526,-8980,-1858,-2368.0,-3621,,1,1,0,1,0,0,Medicine staff,2.0,2,2,THURSDAY,7,0,0,1,0,0,0,Self-employed,,0.816139,0.144247,0.0981,0.0727,0.0728,0.1722,0.1662,0.1487,0.1026,0.0757,0.0753,0.0984,0.1212,0.1258,0.088,0.1165,0.1625,0.1044,0.0777,0.096,0.0834,0.13,0.0729,0.1029,0.1342,0.1314,0.1253,0.0948,0.1226,0.1324,0.1467,0.1903,0.1011,0.0624,0.0698,0.1189,0.0942,0.1025,0.1319,0.1332,0.1438,0.0646,0.0457,0.0706,,,,Block,,1.0,0.0,1.0,0.0,-3899.0,0,1,0,0,0,0,0,0,0,0,0,0,0,0,0,0,0,0,0,0,0.0,0.0,0.0,,0.0,1.0
100659,0,Cash loans,F,Y,N,1,94500.0,382500.0,351000.0,11500.0,Family,Working,Secondary / secondary special,Married,House / apartment,0.014292,-21317,-1088,-5522.0,-2008,,1,1,1,1,0,0,Drivers,3.0,1,1,MONDAY,11,0,0,1,0,0,0,Other,0.626084,0.190114,0.421208,0.301,0.2669,0.29,0.1616,0.1933,0.1808,0.3111,0.3089,0.2965,0.2307,0.2203,0.2522,0.316,0.2974,0.3024,0.2641,0.242,0.2774,0.2904,0.2701,0.2806,0.2108,0.202,0.2285,0.2387,0.2528,0.3086,0.2124,0.2024,0.2667,0.3381,0.3564,0.3264,0.2596,0.2114,0.2702,0.2915,0.2744,0.2517,0.3742,0.3756,0.3729,,block of flats,,"Stone, brick",,1.0,0.0,,0.0,-484.0,0,1,0,0,0,0,0,0,0,0,0,0,0,0,0,0,0,0,0,0,0.0,,0.0,0.0,0.0,1.0
100660,0,Cash loans,F,N,N,1,90000.0,225000.0,175500.0,10000.0,Unaccompanied,Working,Secondary / secondary special,Married,House / apartment,0.024069,-15645,-705,-137.0,-871,,1,1,0,1,0,0,Managers,3.0,2,2,MONDAY,5,0,0,0,0,0,0,XNA,,0.367564,0.305116,0.4129,0.3698,0.3492,0.356,0.3268,0.3422,0.3437,0.3432,0.3551,0.3012,0.2998,0.2708,0.3195,0.3141,0.2712,0.3525,0.34,0.4071,0.2285,0.2081,0.2203,0.2274,0.2246,0.178,0.2233,0.2231,0.2541,0.246,0.1969,0.1934,0.2652,0.3117,0.3031,0.2229,0.2098,0.2012,0.2612,0.2451,0.1936,0.2304,0.2117,0.2277,,,,,No,0.0,0.0,0.0,0.0,-1764.0,0,1,0,0,0,0,0,0,0,0,0,0,0,0,0,0,0,0,0,0,0.0,0.0,0.0,0.0,0.0,1.0
100661,0,Cash loans,M,Y,Y,0,189000.0,594000.0,477000.0,22000.0,Family,Pensioner,Secondary / secondary special,Married,House / apartment,0.042673,-23083,365243,-8226.0,-440,13.0,1,0,0,1,0,0,Core staff,2.0,3,3,WEDNESDAY,12,0,0,0,0,0,0,Self-employed,0.410838,0.606162,0.663233,0.1795,0.2108,0.165,0.1554,0.1212,0.1344,0.1971,0.1943,0.2094,0.203,0.2012,0.2178,0.1214,0.1398,0.1618,0.1359,0.1353,0.0872,0.1726,0.1573,0.1579,0.0881,0.1142,0.103,0.1461,0.1541,0.1604,0.1006,0.0965,0.1104,0.1375,0.1698,0.1561,0.1761,0.1491,0.135,0.1508,0.1212,0.1336,0.1143,0.1457,0.1126,,block of flats,,,,4.0,0.0,4.0,0.0,-2133.0,0,1,0,0,1,0,0,0,0,0,0,0,0,0,0,0,0,0,0,0,0.0,0.0,1.0,0.0,0.0,2.0
100662,0,Cash loans,M,Y,Y,0,126000.0,927000.0,742500.0,24000.0,Unaccompanied,Working,Secondary / secondary special,Separated,Rented apartment,0.031082,-20017,-636,-9515.0,-2807,,1,1,1,1,1,0,Laborers,1.0,1,1,SATURDAY,10,0,0,0,0,0,1,Business Entity Type 3,,0.387654,0.531449,0.1728,0.1813,0.2076,0.1564,0.1436,0.1519,0.2509,0.2283,0.2087,0.1874,0.2618,0.1874,0.1386,0.1547,0.1794,0.3277,0.3207,0.317,0.2777,0.2322,0.2305,0.1437,0.1959,0.1517,0.3039,0.3093,0.3268,0.3022,0.3608,0.3444,0.2408,0.2557,0.2256,0.2603,0.2477,0.2755,0.1879,0.2183,0.1809,0.3127,0.2544,0.309,reg oper account,block of flats,,"Stone, brick",,4.0,0.0,4.0,0.0,-2831.0,0,1,0,0,0,0,1,0,0,0,0,0,0,0,0,0,0,0,0,0,0.0,0.0,0.0,0.0,0.0,2.0
100663,0,Cash loans,F,N,Y,0,463500.0,2421000.0,1917000.0,212500.0,Unaccompanied,Working,Higher education,Married,House / apartment,0.018344,-16141,-6920,-2726.0,-3509,,1,1,0,1,1,0,Managers,2.0,2,2,FRIDAY,14,0,0,0,0,0,0,Trade: type 7,0.852184,0.517286,,0.0741,0.0905,0.0822,0.0775,0.084,0.0708,0.0375,0.062,0.0582,0.0821,0.0749,0.0849,0.0906,0.0625,0.0813,0.0617,0.0831,0.0123,0.0268,0.0487,0.0631,0.0731,0.0614,0.0621,0.0888,0.1063,0.101,0.051,0.0259,0.0476,0.0821,0.0143,0.1076,0.0807,0.0944,0.0805,0.0701,0.0979,0.0783,0.0629,0.0835,0.0655,reg oper account,,,"Stone, brick",,0.0,0.0,0.0,0.0,-1518.0,0,0,0,0,0,0,0,0,0,0,0,0,0,0,0,0,0,0,0,0,0.0,0.0,0.0,0.0,0.0,2.0
100664,0,Cash loans,F,Y,Y,0,292500.0,2124000.0,1683000.0,90500.0,"Spouse, partner",State servant,Higher education,Civil marriage,House / apartment,0.021174,-14384,-1903,-2801.0,-194,,1,1,0,1,0,0,Laborers,1.0,2,2,THURSDAY,11,0,0,0,0,0,0,Other,,0.914207,,0.4604,0.4581,0.4808,0.5714,0.5995,0.6361,0.4686,0.4714,0.4853,0.3753,0.4564,0.4334,0.3371,0.3099,0.3602,0.4399,0.4585,0.468,0.3638,0.373,0.378,0.421,0.4803,0.4672,0.4304,0.4634,0.4165,0.616,0.6085,0.581,0.5314,0.5456,0.5471,0.5904,0.5979,0.625,0.3388,0.3466,0.3489,0.5753,0.5898,0.5854,,,0.5056,"Stone, brick",,0.0,0.0,0.0,0.0,-53.0,0,0,0,0,0,0,0,0,0,0,0,0,0,0,0,0,0,0,0,0,0.0,0.0,0.0,1.0,0.0,2.0
100665,0,Cash loans,F,Y,Y,1,301500.0,1408500.0,1143000.0,67500.0,Family,Working,Secondary / secondary special,Married,House / apartment,0.029913,-14511,-7936,-4825.0,-2513,,1,1,0,1,0,0,,3.0,2,2,MONDAY,12,0,0,0,0,0,0,Medicine,,0.645702,0.658133,0.0935,0.0954,0.1579,0.1859,0.1811,0.1892,0.0816,0.1109,0.104,0.1261,0.1377,0.1106,0.1038,0.1106,0.1209,0.1156,0.1357,0.1288,0.1314,0.1357,0.1562,0.2199,0.1971,0.1887,0.1089,0.0904,0.0918,0.1476,0.1684,0.1941,0.2053,0.2146,0.1953,0.1086,0.153,0.1239,0.0874,0.128,0.0902,0.2147,0.2074,0.1985,,block of flats,,Panel,No,3.0,1.0,3.0,1.0,-2830.0,0,1,0,0,0,0,0,0,0,0,0,0,0,0,0,0,0,0,0,0,0.0,0.0,0.0,0.0,0.0,4.0
100666,0,Cash loans,M,N,N,0,211500.0,1026000.0,976500.0,78000.0,Family,Pensioner,Secondary / secondary special,Civil marriage,House / apartment,0.029303,-21276,365243,-1923.0,-2656,,1,0,1,1,0,0,Laborers,2.0,1,1,MONDAY,12,0,0,0,0,0,0,Self-employed,,0.657407,0.448285,0.4966,0.4859,0.4682,0.3611,0.2863,0.3069,0.6424,0.6339,0.6508,0.6593,0.6388,0.6416,0.6681,0.7086,0.6669,0.6053,0.5972,0.5791,0.3887,0.3778,0.3907,0.403,0.4049,0.4056,0.3879,0.3838,0.3527,0.3548,0.3302,0.3362,0.4078,0.3935,0.4249,0.6171,0.6454,0.5776,0.5865,0.6021,0.5902,0.4337,0.4059,0.4541,,,,Panel,,1.0,0.0,1.0,0.0,-4151.0,0,0,0,0,0,0,0,0,0,0,0,0,0,0,0,0,0,0,0,0,0.0,0.0,0.0,0.0,0.0,0.0
100667,0,Cash loans,M,N,Y,0,117000.0,171000.0,162000.0,4500.0,Family,Working,Secondary / secondary special,Single / not married,House / apartment,0.029772,-14131,-3244,-3678.0,-336,,1,1,1,1,0,1,Laborers,2.0,2,2,MONDAY,10,0,0,0,0,0,0,Military,0.286259,0.442287,,0.4195,0.4279,0.4096,0.2121,0.2294,0.1991,0.2939,0.2852,0.2924,0.4154,0.4139,0.4112,0.4226,0.409,0.4229,0.2502,0.2499,0.2367,0.2174,0.2173,0.2426,0.2552,0.2142,0.2669,0.4187,0.4726,0.4209,0.2558,0.2548,0.2569,0.297,0.3058,0.2719,0.2924,0.3194,0.2372,0.2424,0.2246,0.2399,0.2236,0.2632,0.2733,,,0.2593,"Stone, brick",No,1.0,0.0,1.0,0.0,-2162.0,0,1,0,0,0,0,0,0,0,0,0,0,0,0,0,0,0,0,0,0,0.0,0.0,0.0,0.0,0.0,1.0
100668,0,Revolving loans,F,Y,Y,0,202500.0,661500.0,621000.0,17000.0,Unaccompanied,Working,Secondary / secondary special,Separated,House / apartment,0.02308,-19376,-623,-6721.0,-5246,,1,1,0,1,1,0,,2.0,2,2,SATURDAY,10,0,0,0,1,0,0,Business Entity Type 3,0.315105,0.579825,0.310638,0.1982,0.2054,0.2096,0.2469,0.2126,0.2416,0.2339,0.2769,0.2437,0.1333,0.1097,0.1276,0.0884,0.0898,0.1475,0.2359,0.2375,0.2454,0.1734,0.1205,0.1292,0.2148,0.1964,0.1942,0.1058,0.0854,0.1204,0.1459,0.183,0.1783,0.088,0.1239,0.1343,0.1005,0.1396,0.115,0.2398,0.2742,0.2309,0.1907,0.2309,0.2138,,,,Panel,,0.0,0.0,0.0,1.0,-3466.0,0,0,0,0,0,0,0,0,0,0,0,0,0,0,0,1,0,0,0,0,0.0,0.0,0.0,,0.0,2.0
100669,0,Cash loans,F,Y,Y,0,121500.0,418500.0,378000.0,21500.0,Unaccompanied,Working,Secondary / secondary special,Civil marriage,House / apartment,0.011216,-21755,-1447,-11201.0,-1379,23.0,1,1,0,1,0,1,Accountants,2.0,2,2,MONDAY,10,0,0,0,0,0,0,Self-employed,,0.417929,0.510776,0.5136,0.5444,0.5606,0.408,0.3994,0.4278,0.3036,0.3331,0.3454,0.5233,0.5016,0.5268,0.4609,0.4928,0.4852,0.5368,0.5121,0.5008,0.5404,0.606,0.5964,0.5214,0.5676,0.5497,0.4786,0.4647,0.4687,0.5744,0.5801,0.6041,0.303,0.3467,0.3602,0.3802,0.4297,0.4371,0.3798,0.3766,0.3774,0.5592,0.5729,0.5166,,,,Panel,,0.0,0.0,0.0,0.0,-2161.0,0,1,0,0,0,0,0,0,0,0,0,0,0,0,0,0,0,0,0,0,0.0,0.0,,0.0,1.0,1.0
100670,0,Cash loans,F,Y,Y,0,360000.0,2754000.0,2547000.0,71500.0,Unaccompanied,Working,Lower secondary,Single / not married,House / apartment,0.012381,-21350,-1936,-12576.0,-812,,1,1,0,1,0,0,Core staff,2.0,2,2,TUESDAY,12,0,0,0,0,1,1,Medicine,0.620003,0.408925,0.895352,0.1777,0.1745,0.1388,0.2102,0.2262,0.1969,0.1811,0.2082,0.149,0.3821,0.3661,0.377,0.1724,0.1838,0.1616,0.2136,0.1914,0.1745,0.3412,0.3572,0.3397,0.2317,0.215,0.2501,0.2393,0.2666,0.2736,0.2479,0.2891,0.2287,0.3144,0.3354,0.3621,0.2388,0.2762,0.2447,0.1597,0.1844,0.1655,0.3865,0.3816,0.3447,,,,,No,3.0,0.0,3.0,0.0,-3981.0,0,1,0,0,0,0,0,0,0,0,0,0,0,0,0,0,0,0,0,0,,0.0,,0.0,1.0,2.0
100671,0,Cash loans,F,Y,N,0,184500.0,544500.0,504000.0,49500.0,Family,Working,Secondary / secondary special,Married,House / apartment,0.02489,-21376,-952,-13595.0,-803,,1,1,0,1,0,0,Sales staff,2.0,2,2,SATURDAY,10,0,0,0,1,0,1,Other,,0.776307,,0.2147,0.2857,0.2864,0.3579,0.373,0.3368,0.1862,0.1299,0.1867,0.243,0.2723,0.2924,0.3037,0.3267,0.3622,0.2591,0.2477,0.2149,0.2556,0.2861,0.2216,0.378,0.3198,0.349,0.3346,0.2979,0.3169,0.2956,0.3491,0.3137,0.2994,0.2993,0.3104,0.3152,0.3335,0.3733,0.1846,0.2063,0.2284,0.2225,0.1696,0.1914,org spec account,,,"Stone, brick",No,2.0,0.0,2.0,0.0,-53.0,0,1,0,0,0,0,0,0,0,0,0,0,0,0,0,0,0,0,0,0,0.0,,,0.0,0.0,2.0
100672,0,Cash loans,M,N,Y,0,171000.0,769500.0,738000.0,19500.0,Family,Pensioner,Secondary / secondary special,Married,House / apartment,0.031313,-21270,365243,-812.0,-2989,,1,0,0,1,0,0,Core staff,2.0,2,3,THURSDAY,14,0,0,0,0,1,0,Government,,0.739156,0.619372,0.2497,0.2068,0.2245,0.1861,0.1752,0.1857,0.3105,0.2864,0.2713,0.1215,0.159,0.1143,0.2737,0.3127,0.2743,0.157,0.1387,0.1544,0.1693,0.1295,0.1677,0.2141,0.2004,0.2089,0.236,0.1911,0.1817,0.2723,0.277,0.2912,0.2193,0.2301,0.2474,0.2449,0.2533,0.236,0.225,0.1985,0.2263,0.2284,0.2104,0.2007,not specified,,0.1534,,No,1.0,0.0,1.0,0.0,-334.0,0,0,0,0,0,0,0,0,0,0,0,0,0,0,0,0,0,0,0,0,0.0,0.0,0.0,0.0,0.0,
100673,0,Revolving loans,M,Y,Y,0,157500.0,697500.0,648000.0,20000.0,Children,Pensioner,Secondary / secondary special,Married,Municipal apartment,0.028897,-24419,365243,-13433.0,-4250,,1,0,0,1,0,0,Managers,2.0,2,2,TUESDAY,6,0,0,0,0,0,0,Military,,0.700565,0.724187,0.189,0.1833,0.2318,0.285,0.2756,0.2709,0.2572,0.2727,0.2503,0.2985,0.3009,0.2846,0.3455,0.3584,0.373,0.3426,0.2739,0.2851,0.3765,0.325,0.3368,0.1647,0.2059,0.1884,0.1757,0.23,0.1994,0.366,0.3504,0.3357,0.2546,0.2091,0.2157,0.2935,0.3263,0.2911,0.3757,0.3881,0.3476,0.3069,0.3048,0.3009,,block of flats,,Mixed,No,3.0,1.0,3.0,0.0,-1988.0,0,1,0,0,0,0,0,0,0,0,0,0,0,0,0,0,0,0,0,0,,0.0,0.0,0.0,0.0,1.0
100674,0,Cash loans,F,Y,Y,0,382500.0,2821500.0,2614500.0,171500.0,Family,Working,Secondary / secondary special,Separated,House / apartment,0.012304,-10521,-2794,-2281.0,-1523,,1,1,0,1,0,0,,2.0,2,2,TUESDAY,7,0,0,0,0,0,0,Self-employed,0.201916,0.282883,0.526029,0.1792,0.1395,0.1726,0.1566,0.1602,0.1497,0.1404,0.1105,0.1179,0.058,0.0895,0.0466,0.0641,0.0821,0.0782,0.1366,0.1576,0.1596,0.0901,0.0876,0.108,0.1256,0.1451,0.1269,0.0796,0.0863,0.0922,0.1094,0.112,0.1115,0.1132,0.0825,0.1128,0.1155,0.1117,0.1354,0.0279,0.0163,0.0641,0.1337,0.0976,0.1177,,,,,No,0.0,0.0,0.0,0.0,-3735.0,0,1,0,0,0,0,0,0,0,0,0,0,0,0,0,0,0,0,0,0,0.0,0.0,0.0,0.0,0.0,6.0
100675,0,Cash loans,F,N,N,0,67500.0,243000.0,229500.0,8500.0,Unaccompanied,Working,Secondary / secondary special,Civil marriage,House / apartment,0.017027,-16435,-473,-2459.0,-4595,,1,1,1,1,0,0,,1.0,2,2,MONDAY,18,0,0,0,0,1,0,School,0.285119,0.321052,0.296669,0.3052,0.2895,0.2911,0.5296,0.4827,0.5226,0.3364,0.2872,0.3552,0.3167,0.3766,0.3349,0.5054,0.5146,0.5915,0.4107,0.3925,0.3434,0.5724,0.5594,0.5509,0.234,0.2148,0.2661,0.4075,0.4108,0.4108,0.5546,0.5628,0.5743,0.415,0.412,0.4984,0.5012,0.5259,0.5236,0.4838,0.5313,0.5337,0.2746,0.269,0.3008,reg oper account,block of flats,,Panel,No,3.0,0.0,3.0,0.0,-1054.0,0,1,0,0,0,0,0,0,0,0,0,0,0,0,0,0,0,0,0,0,,0.0,0.0,0.0,0.0,3.0
100676,0,Cash loans,F,N,Y,0,405000.0,2488500.0,2218500.0,73500.0,Unaccompanied,Commercial associate,Secondary / secondary special,Married,House / apartment,0.009029,-21143,-2391,-13023.0,-1566,,1,1,0,1,1,0,Laborers,2.0,1,1,THURSDAY,11,0,0,0,0,0,0,Self-employed,0.087782,0.567547,,0.1909,0.1687,0.1578,0.2088,0.221,0.2212,0.1322,0.1312,0.1801,0.1576,0.1297,0.1346,0.1328,0.1312,0.1183,0.2697,0.3207,0.307,0.2448,0.2677,0.238,0.2196,0.2429,0.2156,0.2411,0.2509,0.2448,0.1827,0.1553,0.1587,0.26,0.2449,0.2725,0.1635,0.1273,0.1396,0.1678,0.2262,0.1844,0.3289,0.3032,0.3245,reg oper account,,,,No,2.0,0.0,2.0,0.0,-2777.0,0,1,0,0,0,0,0,0,0,0,0,0,0,0,0,0,0,0,0,0,0.0,0.0,0.0,0.0,0.0,0.0
100677,0,Revolving loans,F,N,Y,0,130500.0,198000.0,162000.0,10000.0,Unaccompanied,Working,Secondary / secondary special,Single / not married,House / apartment,0.007892,-20158,-3129,-11004.0,-1121,,1,1,0,1,1,0,Medicine staff,1.0,2,2,SUNDAY,9,0,0,0,0,0,1,Business Entity Type 2,0.518727,0.730741,0.683265,0.2784,0.2999,0.3177,0.4464,0.4273,0.4872,0.4029,0.3786,0.35,0.6314,0.5891,0.6378,0.5988,0.5938,0.6168,0.3759,0.4111,0.4033,0.359,0.3486,0.3345,0.3546,0.3945,0.366,0.6147,0.6337,0.6133,0.6594,0.6377,0.6498,0.6236,0.619,0.5995,0.5714,0.6357,0.5821,0.2749,0.2967,0.2993,0.5389,0.5839,0.593,,,0.5923,,,1.0,0.0,1.0,0.0,-171.0,0,1,0,0,0,0,0,0,0,0,0,0,0,0,0,0,0,0,0,0,0.0,0.0,0.0,0.0,2.0,0.0
100678,0,Cash loans,F,Y,Y,1,67500.0,108000.0,85500.0,5000.0,Unaccompanied,Working,Higher education,Married,House / apartment,0.019669,-20015,-998,-9399.0,-3859,27.0,1,1,1,1,0,0,Core staff,3.0,2,2,TUESDAY,12,0,0,0,0,0,0,Self-employed,0.625677,0.310524,0.56247,0.6371,0.6571,0.6381,0.6807,0.6678,0.688,0.531,0.541,0.5129,0.8559,0.8376,0.8126,0.5471,0.5451,0.5636,0.5853,0.5747,0.6094,0.6532,0.6574,0.6401,0.5002,0.467,0.4998,0.8641,0.9121,0.887,0.599,0.6368,0.5968,0.8768,0.8901,0.8855,0.7807,0.8018,0.7975,1.0,1.0,1.0,0.8033,0.8441,0.8092,reg oper spec account,block of flats,0.7101,,,0.0,0.0,0.0,0.0,-3086.0,0,1,0,0,0,0,0,0,0,0,0,0,0,0,0,0,0,0,0,0,0.0,,0.0,1.0,0.0,5.0
100679,0,Cash loans,F,N,Y,2,99000.0,108000.0,94500.0,3500.0,Unaccompanied,Working,Secondary / secondary special,Single / not married,House / apartment,0.043405,-12880,-901,-116.0,-4642,,1,1,0,1,1,0,,4.0,2,2,MONDAY,15,0,0,0,0,0,0,Self-employed,,0.547308,,0.4889,0.4265,0.4341,0.6412,0.6883,0.6719,0.3101,0.3342,0.3742,0.4399,0.479,0.4852,0.3201,0.3342,0.3276,0.6299,0.696,0.6888,0.6878,0.6822,0.6903,0.612,0.61,0.6068,0.7123,0.7047,0.6947,0.5808,0.5627,0.5776,0.7239,0.7059,0.7209,0.4978,0.5184,0.5024,0.5389,0.5143,0.4785,0.7626,0.7439,0.7238,,,0.5663,"Stone, brick",No,1.0,0.0,1.0,0.0,-3463.0,0,1,0,0,1,0,0,0,0,0,0,0,0,0,0,0,0,0,0,0,0.0,0.0,0.0,0.0,1.0,3.0
100680,0,Cash loans,M,Y,N,2,58500.0,351000.0,279000.0,24500.0,Unaccompanied,Working,Secondary / secondary special,Married,House / apartment,0.019894,-14809,-2799,-730.0,-4489,,1,1,0,1,0,0,Laborers,4.0,2,2,WEDNESDAY,14,0,0,0,0,0,0,Security,0.430587,0.405766,,0.3233,0.3688,0.3488,0.3283,0.3378,0.3489,0.2103,0.2268,0.2681,0.3238,0.326,0.3116,0.2651,0.2564,0.2634,0.3448,0.3982,0.3587,0.4421,0.4246,0.4066,0.3272,0.3819,0.3549,0.2932,0.2337,0.2761,0.2353,0.2265,0.2088,0.4159,0.4092,0.4144,0.3166,0.279,0.2974,0.4112,0.4443,0.4292,0.2892,0.265,0.3071,,,0.2048,,,1.0,0.0,1.0,0.0,-3624.0,0,0,0,0,1,0,0,0,0,0,0,0,0,0,0,0,0,0,0,0,0.0,0.0,0.0,0.0,0.0,3.0
100681,1,Cash loans,F,N,Y,0,211500.0,1197000.0,972000.0,88500.0,Family,Commercial associate,Lower secondary,Married,House / apartment,0.061042,-11686,-137,-4541.0,-3344,,1,1,0,1,0,0,Medicine staff,2.0,3,3,MONDAY,10,0,0,0,0,0,0,Medicine,0.27924,0.047166,0.264452,0.5671,0.5794,0.5612,0.5719,0.5625,0.5641,0.4298,0.4322,0.4351,0.4396,0.4966,0.4255,0.3429,0.33,0.3426,0.4428,0.4187,0.4135,0.2554,0.2853,0.2524,0.3815,0.3685,0.3347,0.3394,0.3442,0.3223,0.4501,0.4358,0.4158,0.4495,0.4114,0.4257,0.5867,0.5387,0.5389,0.4227,0.4528,0.4493,0.5271,0.5218,0.5362,,block of flats,0.322,,No,,0.0,3.0,0.0,-2311.0,0,1,0,0,0,0,0,0,0,0,0,0,0,0,0,0,0,0,0,0,0.0,0.0,,0.0,0.0,4.0
100682,0,Cash loans,F,N,Y,0,81000.0,517500.0,405000.0,29500.0,Unaccompanied,Working,Higher education,Civil marriage,House / apartment,0.016891,-15560,-1804,-8767.0,-5239,,1,1,1,1,0,0,Cleaning staff,1.0,2,2,FRIDAY,10,0,0,0,0,1,1,Medicine,,0.304318,,0.1879,0.1905,0.192,0.3214,0.2458,0.2753,0.1792,0.2229,0.2122,0.1314,0.1642,0.1799,0.1812,0.1567,0.1315,0.2871,0.2898,0.2564,0.2239,0.1931,0.2043,0.1951,0.2607,0.2207,0.2087,0.2456,0.2514,0.2122,0.1798,0.1642,0.2308,0.2784,0.2648,0.2905,0.2649,0.2944,0.1612,0.133,0.1697,0.2935,0.2388,0.245,,block of flats,,,No,2.0,0.0,2.0,0.0,-2461.0,0,1,0,0,0,0,0,0,0,0,0,0,0,0,0,0,0,0,0,0,,0.0,0.0,0.0,0.0,2.0
100683,0,Cash loans,F,N,Y,0,162000.0,436500.0,364500.0,13500.0,Unaccompanied,Commercial associate,Secondary / secondary special,Married,House / apartment,0.019065,-11992,-5418,-900.0,-5094,,1,1,0,1,0,0,,2.0,2,2,TUESDAY,11,0,0,0,1,0,0,Self-employed,0.661616,0.996389,0.512535,0.3146,0.31,0.3152,0.3729,0.3697,0.3888,0.3643,0.3963,0.4043,0.3831,0.3601,0.4036,0.484,0.4713,0.4834,0.3631,0.4124,0.3762,0.455,0.4503,0.4745,0.5852,0.5267,0.5718,0.2387,0.2432,0.2668,0.4336,0.3875,0.4178,0.349,0.324,0.3006,0.4779,0.5083,0.4653,0.5061,0.5364,0.4983,0.2804,0.2462,0.2897,,block of flats,0.4956,Panel,,5.0,1.0,5.0,0.0,-4088.0,0,0,0,0,0,0,0,0,0,0,0,0,0,0,0,0,0,0,0,0,,0.0,0.0,0.0,,2.0
100684,0,Cash loans,F,N,Y,1,274500.0,783000.0,,37500.0,Family,Working,Lower secondary,Civil marriage,House / apartment,0.010116,-19190,-134,-2096.0,-1669,,1,1,1,1,0,0,Laborers,3.0,2,2,SATURDAY,13,0,0,0,0,1,1,Business Entity Type 3,,0.148432,,0.1095,0.1014,0.1054,0.0886,0.0601,0.0947,0.145,0.1441,0.1329,0.1267,0.1271,0.1059,0.1401,0.1591,0.199,0.0502,0.0669,0.0532,0.1464,0.1302,0.146,0.1398,0.1379,0.1151,0.1822,0.1581,0.1501,0.1092,0.107,0.0854,0.138,0.1174,0.1452,0.106,0.133,0.0622,0.119,0.0787,0.1357,0.1077,0.0857,0.132,reg oper account,block of flats,,Block,No,3.0,0.0,3.0,0.0,-526.0,0,0,0,0,0,0,0,0,0,0,0,0,0,0,0,0,0,0,0,0,0.0,0.0,0.0,0.0,1.0,2.0
100685,0,Cash loans,M,Y,Y,0,103500.0,378000.0,324000.0,15000.0,Unaccompanied,Working,Higher education,Single / not married,House / apartment,0.015078,-14286,-4099,-3865.0,-3762,12.0,1,1,0,1,1,0,Laborers,2.0,2,2,WEDNESDAY,12,0,0,0,0,0,0,XNA,,0.402772,0.54716,0.4071,0.4202,0.4203,0.7748,0.7568,0.7611,0.4935,0.463,0.4616,0.6412,0.6571,0.6412,0.348,0.3813,0.352,0.6407,0.6664,0.656,0.5216,0.5655,0.5254,0.3733,0.3699,0.3679,0.7484,0.745,0.7608,0.4106,0.3797,0.4119,0.4706,0.48,0.4849,0.4748,0.4578,0.4852,0.6177,0.6149,0.5912,0.6982,0.6693,0.6763,,block of flats,,"Stone, brick",,0.0,0.0,0.0,0.0,-3263.0,0,1,0,0,0,0,0,0,0,0,0,0,0,0,0,0,0,0,0,0,0.0,0.0,0.0,0.0,0.0,3.0
100686,0,Cash loans,F,N,N,0,126000.0,1089000.0,900000.0,68500.0,Unaccompanied,Commercial associate,Secondary / secondary special,Married,House / apartment,0.008942,-17647,-3103,-301.0,-424,,1,1,0,1,0,0,,2.0,2,2,FRIDAY,9,0,0,0,0,0,0,Business Entity Type 3,0.614584,0.169851,0.854701,0.2651,0.2373,0.2504,0.3098,0.2826,0.323,0.3647,0.3381,0.3869,0.3227,0.2766,0.2943,0.3261,0.3433,0.337,0.3969,0.382,0.4428,0.4191,0.4421,0.4345,0.2776,0.2816,0.2626,0.3741,0.3863,0.373,0.4696,0.4606,0.4274,0.2762,0.2808,0.2959,0.3916,0.405,0.4219,0.2687,0.2607,0.2688,0.4777,0.4862,0.5027,,block of flats,0.5415,,,0.0,0.0,0.0,1.0,-904.0,0,1,0,0,0,0,0,0,0,0,0,0,0,0,0,0,0,0,0,0,0.0,0.0,0.0,1.0,,1.0
100687,1,Cash loans,M,Y,Y,0,72000.0,711000.0,612000.0,45000.0,Unaccompanied,Working,Secondary / secondary special,Married,Municipal apartment,0.007174,-20101,-427,-6546.0,-478,11.0,1,1,0,1,1,0,Core staff,1.0,2,2,THURSDAY,10,0,0,0,0,1,0,Business Entity Type 2,,0.34822,0.499061,0.2471,0.2467,0.2483,0.2802,0.284,0.2254,0.4349,0.4239,0.4144,0.359,0.4156,0.3799,0.3376,0.298,0.3056,0.3113,0.3072,0.3178,0.2151,0.1884,0.2087,0.2413,0.2304,0.2642,0.3122,0.3487,0.3208,0.3098,0.2941,0.2729,0.3981,0.419,0.413,0.3025,0.2395,0.2812,0.235,0.2339,0.2073,0.2062,0.2197,0.1879,reg oper account,,,,No,1.0,0.0,1.0,1.0,-690.0,0,1,0,0,0,0,1,0,0,0,0,0,0,0,1,0,0,0,0,0,0.0,,0.0,,0.0,1.0
100688,0,Revolving loans,M,N,Y,0,117000.0,706500.0,594000.0,24000.0,Unaccompanied,Pensioner,Secondary / secondary special,Married,House / apartment,0.009037,-21215,365243,-14007.0,-2653,,1,0,1,1,0,0,Core staff,1.0,2,2,THURSDAY,11,0,0,0,0,1,0,School,,0.275015,,0.1338,0.1063,0.0943,0.0594,0.1197,0.0846,0.1467,0.1958,0.1468,0.1192,0.0887,0.1217,0.0914,0.0778,0.0757,0.1425,0.1138,0.097,0.1279,0.1331,0.1992,0.1477,0.1298,0.1585,0.097,0.1272,0.0923,0.1498,0.1258,0.1366,0.1262,0.094,0.091,0.0408,0.1104,0.0594,0.1431,0.2001,0.1678,0.1135,0.0936,0.1253,,,,,No,1.0,0.0,1.0,0.0,-1080.0,0,1,0,0,0,0,0,0,0,0,0,0,0,0,0,0,0,0,0,0,0.0,0.0,0.0,0.0,0.0,1.0
100689,0,Cash loans,F,Y,Y,1,607500.0,2844000.0,2601000.0,214500.0,Unaccompanied,Commercial associate,Secondary / secondary special,Married,House / apartment,0.019715,-16532,-4900,-1820.0,-4221,26.0,1,1,0,1,0,0,,3.0,1,1,SATURDAY,17,0,0,0,0,0,1,Business Entity Type 3,,0.440832,0.599726,0.2402,0.1936,0.2259,0.4735,0.4514,0.4207,0.362,0.3961,0.3971,0.2191,0.2301,0.2143,0.2705,0.2321,0.2143,0.2175,0.1828,0.197,0.3095,0.3204,0.33,0.2004,0.2144,0.2202,0.2962,0.2593,0.258,0.2399,0.2201,0.2452,0.3343,0.2876,0.3196,0.2211,0.1846,0.1886,0.2883,0.2612,0.3028,0.3239,0.3073,0.2878,,specific housing,,,,1.0,0.0,1.0,0.0,-1723.0,0,1,0,0,0,0,0,0,0,0,0,0,0,0,0,0,0,0,0,0,0.0,0.0,0.0,0.0,1.0,1.0
100690,0,Cash loans,F,N,N,0,225000.0,1827000.0,1656000.0,,Unaccompanied,Pensioner,Higher education,Separated,House / apartment,0.011843,-24354,365243,-11727.0,-3507,,1,0,0,1,1,0,Laborers,2.0,1,1,THURSDAY,11,0,0,0,0,0,0,Self-employed,,0.865436,0.478965,0.5628,0.5156,0.5488,0.4698,0.4592,0.4624,0.4736,0.5443,0.5494,0.4289,0.4215,0.4171,0.4475,0.506,0.4706,0.3682,0.3268,0.3412,0.5535,0.5451,0.512,0.3005,0.2928,0.2805,0.3004,0.3625,0.334,0.3941,0.389,0.4046,0.2886,0.2324,0.243,0.3646,0.3595,0.3349,0.5503,0.5739,0.5371,0.2524,0.2684,0.2434,reg oper account,block of flats,0.4009,"Stone, brick",,2.0,0.0,2.0,0.0,-3352.0,0,1,0,0,0,0,0,0,0,0,0,0,0,0,0,0,0,0,0,0,0.0,0.0,0.0,0.0,,2.0
100691,0,Cash loans,M,N,Y,0,126000.0,427500.0,337500.0,19500.0,Unaccompanied,Working,Secondary / secondary special,Married,House / apartment,0.013717,-21213,-887,-5939.0,-986,,1,1,0,1,0,0,Laborers,2.0,2,3,FRIDAY,23,0,0,0,0,0,0,Transport: type 4,0.661643,0.604491,0.202229,0.1257,0.1131,0.068,0.1924,0.1503,0.1727,0.1336,0.1413,0.1039,0.152,0.1357,0.137,0.1397,0.1275,0.1586,0.1421,0.0974,0.1332,0.2034,0.1881,0.1897,0.1885,0.2002,0.2001,0.1598,0.1392,0.1463,0.1583,0.2038,0.1653,0.1892,0.1457,0.1729,0.1058,0.1531,0.135,0.1117,0.0762,0.0984,0.1571,0.1842,0.1753,,block of flats,,,,1.0,0.0,1.0,0.0,-1221.0,0,1,0,0,0,0,0,0,0,0,0,0,0,0,0,0,0,0,0,0,0.0,0.0,0.0,0.0,,
100692,0,Cash loans,F,N,Y,2,103500.0,324000.0,288000.0,11000.0,"Spouse, partner",Working,Secondary / secondary special,Married,House / apartment,0.02411,-9993,-1848,-597.0,-4437,,1,1,0,1,0,0,Low-skill Laborers,3.0,3,3,THURSDAY,11,0,0,0,0,0,0,Business Entity Type 3,0.699997,0.524071,0.85374,0.1542,0.139,0.1492,0.0855,0.1144,0.067,0.1074,0.0939,0.0746,0.1223,0.099,0.1058,0.0659,0.0696,0.0683,0.1158,0.1389,0.1468,0.1666,0.1263,0.1648,0.1385,0.0852,0.0887,0.1109,0.0741,0.0807,0.1291,0.1397,0.1508,0.1734,0.1841,0.225,0.0763,0.0643,0.1167,0.12,0.1339,0.1207,0.0973,0.1023,0.0895,org spec account,block of flats,0.1265,"Stone, brick",No,1.0,0.0,1.0,0.0,-1643.0,0,1,0,0,0,0,1,0,0,0,0,0,0,0,0,0,0,0,0,0,0.0,0.0,0.0,0.0,0.0,4.0
100693,0,Cash loans,F,N,Y,0,144000.0,522000.0,409500.0,24500.0,Family,Working,Secondary / secondary special,Married,House / apartment,0.007158,-17377,-4785,-3128.0,-3641,,1,1,0,1,0,0,,2.0,2,2,FRIDAY,7,0,0,0,0,0,0,XNA,,0.813493,0.255138,0.1328,0.174,0.1596,0.1838,0.1796,0.1835,0.1586,0.178,0.128,0.2408,0.2324,0.2725,0.2082,0.261,0.2822,0.1348,0.1646,0.142,0.1154,0.0812,0.0802,0.178,0.1705,0.1504,0.204,0.1906,0.2051,0.1963,0.209,0.2025,0.1628,0.185,0.1677,0.2564,0.2599,0.271,0.1336,0.1606,0.1535,0.21,0.1886,0.2111,,block of flats,0.2602,,No,3.0,1.0,3.0,2.0,-568.0,0,1,0,0,0,0,0,0,0,0,0,0,0,0,0,0,0,0,0,0,0.0,0.0,0.0,0.0,0.0,2.0
100694,0,Cash loans,M,N,Y,0,157500.0,360000.0,328500.0,10000.0,Unaccompanied,Commercial associate,Higher education,Married,House / apartment,0.019664,-13870,-1048,-3170.0,-4536,,1,1,0,1,1,0,,2.0,1,1,TUESDAY,13,0,0,0,0,0,0,Business Entity Type 3,,0.418045,0.217148,0.8306,0.803,0.7964,0.6255,0.6271,0.6227,0.7006,0.7274,0.7171,0.8471,0.8526,0.8235,0.7619,0.709,0.7317,0.9148,0.9304,0.9096,0.5415,0.5316,0.4959,0.6994,0.6359,0.6647,0.6711,0.6964,0.6918,0.7155,0.6952,0.6852,0.6472,0.664,0.6264,0.5306,0.5298,0.4944,0.6549,0.7267,0.6684,0.9194,0.9224,0.8865,,,,"Stone, brick",No,0.0,1.0,0.0,0.0,-3201.0,0,1,0,0,0,0,0,0,0,0,0,0,0,0,0,0,0,0,0,0,0.0,0.0,0.0,0.0,0.0,
100695,0,Revolving loans,M,Y,N,0,117000.0,414000.0,400500.0,35500.0,Children,Commercial associate,Secondary / secondary special,Married,House / apartment,0.031637,-11737,-1726,-3529.0,-3673,,1,1,0,1,0,0,Managers,2.0,2,2,THURSDAY,15,0,0,0,0,0,0,Self-employed,,0.359789,0.628008,0.0485,0.0958,0.026,0.0919,0.0894,0.0587,0.1669,0.1852,0.1603,0.1027,0.1552,0.1455,0.1122,0.0722,0.1235,0.1765,0.1236,0.139,0.13,0.1511,0.1538,0.1243,0.1089,0.1538,0.1787,0.2019,0.1357,0.111,0.1149,0.0937,0.0641,0.0289,0.0908,0.1311,0.109,0.1088,0.1352,0.1185,0.1133,0.1111,0.0965,0.1377,,,0.1745,,No,2.0,0.0,2.0,0.0,-3066.0,0,1,0,0,0,0,0,0,0,0,0,0,0,0,0,0,0,0,0,0,0.0,0.0,0.0,0.0,0.0,2.0
100696,0,Cash loans,F,N,Y,0,198000.0,418500.0,400500.0,11500.0,Unaccompanied,Working,Secondary / secondary special,Married,House / apartment,0.03338,-9917,-926,-1415.0,-5181,,1,1,0,1,1,0,Laborers,2.0,3,3,SATURDAY,14,0,0,0,0,0,0,Self-employed,,0.550695,,0.1913,0.1542,0.1553,0.2842,0.2856,0.3108,0.3391,0.3222,0.2926,0.3313,0.2447,0.3203,0.2783,0.2845,0.2793,0.217,0.249,0.1793,0.2901,0.3141,0.2861,0.284,0.3338,0.3363,0.2216,0.2104,0.2334,0.1622,0.1638,0.1876,0.2689,0.2747,0.2584,0.2082,0.2074,0.2147,0.2726,0.2836,0.2573,0.311,0.3181,0.3556,,,,Others,No,5.0,0.0,5.0,1.0,-1995.0,0,1,0,0,0,0,0,0,0,0,0,0,0,0,0,0,0,0,0,0,,0.0,0.0,0.0,0.0,1.0
100697,0,Cash loans,F,N,Y,0,85500.0,585000.0,481500.0,32500.0,Unaccompanied,Working,Secondary / secondary special,Married,House / apartment,0.025759,-16009,-1845,-8465.0,-2173,,1,1,0,1,0,0,Managers,1.0,1,1,THURSDAY,13,0,0,0,0,1,1,XNA,,0.318221,,0.246,0.2537,0.2415,0.1987,0.1933,0.2014,0.294,0.2952,0.2795,0.2947,0.3102,0.2815,0.2282,0.2464,0.2468,0.3535,0.3528,0.3622,0.2764,0.2475,0.3161,0.3185,0.338,0.3637,0.2232,0.2464,0.2831,0.2514,0.2701,0.2445,0.3999,0.3829,0.3963,0.4192,0.4262,0.4068,0.2417,0.308,0.2565,0.3047,0.2725,0.2538,,block of flats,0.2555,Panel,,0.0,,0.0,0.0,-538.0,0,1,0,0,1,0,0,0,0,0,0,0,0,0,0,0,0,0,0,0,0.0,,0.0,0.0,,
100698,0,Cash loans,F,N,Y,0,85500.0,450000.0,418500.0,40000.0,Unaccompanied,Working,Secondary / secondary special,Civil marriage,House / apartment,0.018105,-12429,-5127,-290.0,-186,,1,1,1,1,0,0,Secretaries,2.0,2,2,FRIDAY,11,0,0,0,0,0,0,Kindergarten,,0.310896,0.753051,0.1075,0.0539,0.0977,0.1024,0.0695,0.0982,0.055,0.0942,0.0672,0.0939,0.1013,0.087,0.0792,0.072,0.0835,0.0804,0.0801,0.0529,0.0766,0.0411,0.0215,0.1039,0.0861,0.054,0.0822,0.0773,0.0274,0.1205,0.0874,0.0652,0.0571,0.0462,0.0349,0.0672,0.0866,0.0681,0.087,0.0836,0.0785,0.0488,0.0581,0.0682,,terraced house,0.0425,,No,3.0,1.0,3.0,0.0,-3594.0,0,1,0,0,0,0,0,0,0,0,0,0,0,0,0,0,0,0,0,0,0.0,0.0,0.0,0.0,0.0,2.0
100699,1,Cash loans,M,N,Y,2,180000.0,1539000.0,1444500.0,57500.0,Family,Working,Secondary / secondary special,Married,Co-op apartment,0.012703,-17185,-2001,-9992.0,-3592,,1,1,0,1,1,0,,4.0,1,1,SUNDAY,11,0,0,0,0,1,0,XNA,,0.623468,,0.4556,0.4124,0.4632,0.3024,0.3191,0.3284,0.3959,0.382,0.4059,0.1986,0.1924,0.2117,0.3001,0.3115,0.3154,0.3546,0.3341,0.3934,0.3096,0.2719,0.2491,0.3604,0.3821,0.3799,0.1888,0.195,0.1739,0.3984,0.4155,0.416,0.3474,0.3715,0.356,0.1882,0.1977,0.1996,0.2493,0.2192,0.2201,0.3969,0.3935,0.3903,,block of flats,,,,1.0,0.0,1.0,0.0,-3447.0,0,1,0,0,1,0,0,0,0,0,0,0,0,0,0,0,0,0,0,0,0.0,0.0,0.0,0.0,0.0,
100700,0,Cash loans,F,Y,Y,0,76500.0,121500.0,117000.0,7500.0,"Spouse, partner",Working,Secondary / secondary special,Married,House / apartment,0.017769,-11673,-1259,-2213.0,-5885,,1,1,0,1,0,0,Sales staff,2.0,2,2,TUESDAY,4,0,0,0,0,1,0,Business Entity Type 3,,0.687694,0.647644,0.1727,0.1998,0.1808,0.2065,0.1903,0.1909,0.2423,0.2224,0.2153,0.1498,0.1469,0.1258,0.1982,0.15,0.1967,0.2829,0.2629,0.2868,0.1336,0.176,0.1499,0.258,0.2321,0.2338,0.2162,0.2497,0.285,0.2475,0.2163,0.2647,0.233,0.2254,0.1741,0.2845,0.3107,0.2457,0.2319,0.2436,0.2297,0.1688,0.1463,0.1235,,,,,,4.0,0.0,4.0,0.0,-4103.0,0,0,0,0,0,0,0,0,0,0,0,0,0,0,0,0,0,0,0,0,0.0,0.0,0.0,,1.0,2.0
100701,0,Cash loans,F,N,Y,0,220500.0,2448000.0,2038500.0,103000.0,Family,Commercial associate,Secondary / secondary special,Married,Rented apartment,0.052126,-7679,-1104,-299.0,-589,,1,1,0,1,0,0,,2.0,3,3,FRIDAY,15,0,0,0,0,0,0,School,,0.389918,0.590463,0.3573,0.3724,0.3923,0.3226,0.2627,0.3506,0.3064,0.3055,0.3176,0.2463,0.2699,0.2511,0.3976,0.3929,0.3788,0.2645,0.2892,0.2573,0.3505,0.3185,0.3275,0.4283,0.4496,0.4428,0.481,0.4418,0.4493,0.4175,0.4127,0.403,0.2314,0.2571,0.2349,0.3106,0.2603,0.2754,0.3386,0.3233,0.3588,0.4194,0.3989,0.429,org spec account,,,,No,0.0,0.0,0.0,0.0,-2980.0,0,1,0,0,0,0,0,0,0,0,0,0,0,0,0,0,0,0,0,0,0.0,0.0,0.0,0.0,0.0,0.0
100702,0,Cash loans,M,Y,Y,0,144000.0,238500.0,207000.0,7000.0,Unaccompanied,State servant,Secondary / secondary special,Married,House / apartment,0.02215,-18599,-808,-326.0,-5800,,1,1,0,1,0,0,,2.0,2,2,SATURDAY,11,0,0,0,0,1,0,Business Entity Type 3,,0.503852,0.291912,0.5263,0.4891,0.521,0.4567,0.4525,0.4457,0.2923,0.318,0.3161,0.3507,0.3531,0.3664,0.3295,0.3036,0.2882,0.635,0.6035,0.6095,0.4954,0.4598,0.4766,0.3423,0.3269,0.3267,0.4874,0.4264,0.429,0.516,0.4745,0.5109,0.5839,0.6178,0.6033,0.3099,0.2802,0.3266,0.3312,0.2823,0.2757,0.5323,0.5127,0.5659,,block of flats,,,No,2.0,0.0,2.0,0.0,-4167.0,0,1,0,0,0,0,0,0,0,0,0,0,0,0,0,0,0,0,0,0,,0.0,0.0,0.0,,3.0
100703,0,Cash loans,M,Y,N,2,54000.0,108000.0,90000.0,3000.0,Unaccompanied,Working,Secondary / secondary special,Married,House / apartment,0.017501,-9968,-666,-619.0,-4620,,1,1,0,1,0,0,Laborers,3.0,2,2,TUESDAY,16,0,1,0,1,1,0,Government,,0.557315,0.372782,0.4506,0.4139,0.3878,0.2863,0.2729,0.2735,0.3284,0.3084,0.2953,0.3595,0.3691,0.3767,0.307,0.309,0.2889,0.2563,0.3273,0.2669,0.2503,0.2407,0.2567,0.2126,0.2022,0.2343,0.2634,0.2628,0.2782,0.3886,0.3806,0.4235,0.3393,0.3541,0.3536,0.3538,0.339,0.3139,0.2201,0.2178,0.1672,0.3401,0.344,0.3626,reg oper account,block of flats,,Panel,,2.0,0.0,2.0,0.0,-3357.0,0,1,0,0,0,0,0,0,0,0,0,0,0,0,0,0,0,0,0,0,0.0,0.0,0.0,0.0,0.0,1.0
100704,0,Cash loans,M,N,N,0,157500.0,436500.0,342000.0,15500.0,Unaccompanied,Working,Secondary / secondary special,Single / not married,House / apartment,0.026523,-11267,-4692,-1478.0,-213,,1,1,0,1,0,0,Sales staff,2.0,2,2,WEDNESDAY,10,0,0,0,0,0,0,XNA,0.267049,0.328329,0.389968,0.3652,0.3805,0.3013,0.4116,0.4,0.397,0.245,0.2582,0.2614,0.2262,0.217,0.2067,0.3249,0.2846,0.2737,0.4433,0.4024,0.3724,0.2842,0.2708,0.3088,0.2791,0.2463,0.2434,0.3703,0.388,0.3724,0.2264,0.269,0.2561,0.3402,0.3114,0.3504,0.2937,0.2689,0.2977,0.2839,0.3281,0.2853,0.2439,0.238,0.2216,reg oper account,block of flats,0.3398,Panel,,1.0,0.0,1.0,0.0,-1450.0,0,1,0,0,0,0,0,0,0,0,0,0,0,0,0,0,0,0,0,0,0.0,0.0,0.0,0.0,0.0,2.0
100705,1,Cash loans,F,N,Y,2,58500.0,468000.0,427500.0,12000.0,Unaccompanied,Working,Secondary / secondary special,Widow,House / apartment,0.019285,-11023,-4448,-4066.0,-3256,,1,1,0,1,0,0,,4.0,2,2,WEDNESDAY,12,0,0,0,0,0,0,Business Entity Type 3,0.313108,0.248598,0.314728,0.3633,0.3835,0.3515,0.5048,0.4858,0.4731,0.2823,0.2954,0.2727,0.3856,0.35,0.3749,0.6544,0.6554,0.6542,0.6485,0.6403,0.612,0.446,0.4032,0.3873,0.5451,0.5388,0.5239,0.3829,0.3393,0.3667,0.3145,0.2829,0.311,0.3185,0.3681,0.3749,0.3746,0.3892,0.4265,0.5933,0.5737,0.5838,0.4349,0.462,0.4446,,block of flats,,,No,3.0,0.0,3.0,0.0,-2700.0,0,1,0,0,0,0,0,0,0,0,0,0,0,0,0,0,0,0,0,0,0.0,0.0,0.0,0.0,0.0,3.0
100706,0,Cash loans,F,N,N,0,216000.0,954000.0,828000.0,40000.0,Unaccompanied,Working,Secondary / secondary special,Married,House / apartment,0.02151,-12545,-300,-4042.0,-1879,,1,1,0,1,0,0,Drivers,2.0,1,1,SATURDAY,16,0,0,0,0,0,0,Business Entity Type 3,,0.921772,0.905512,0.3359,0.2906,0.2975,0.2251,0.2186,0.2174,0.1568,0.2036,0.2073,0.1883,0.1928,0.2033,0.3544,0.3156,0.3344,0.2052,0.2202,0.2044,0.1894,0.2161,0.1759,0.2633,0.2381,0.278,0.191,0.2123,0.2431,0.2436,0.2358,0.2592,0.2731,0.2615,0.2934,0.3164,0.3275,0.2582,0.3178,0.3084,0.3041,0.3237,0.3881,0.3464,reg oper account,,,Monolithic,,2.0,0.0,2.0,0.0,-358.0,0,1,0,0,0,0,0,0,0,0,0,0,0,0,0,0,0,0,0,0,,0.0,0.0,,0.0,1.0
100707,0,Cash loans,M,N,N,0,126000.0,427500.0,355500.0,38000.0,Unaccompanied,Commercial associate,Secondary / secondary special,Married,Municipal apartment,0.016048,-14584,-3222,-153.0,-3923,,1,1,0,1,0,0,High skill tech staff,2.0,2,2,SUNDAY,16,0,0,0,0,0,0,Trade: type 7,,0.760662,,0.9357,0.8924,0.9383,0.9425,0.9284,0.92,0.7483,0.7467,0.7402,0.8475,0.812,0.7782,0.8944,0.9174,0.9218,0.7849,0.8115,0.8065,0.5536,0.5604,0.5525,0.7055,0.6611,0.7084,0.9212,0.9607,0.9218,0.4607,0.5269,0.5147,0.8039,0.8099,0.7962,0.6107,0.5549,0.5734,0.8395,0.8478,0.8603,0.5227,0.4968,0.5522,,block of flats,0.6165,"Stone, brick",No,1.0,0.0,1.0,0.0,-1105.0,0,1,0,0,0,0,0,0,0,0,0,0,1,0,0,0,0,0,0,0,0.0,,0.0,0.0,0.0,1.0
100708,0,Cash loans,M,N,Y,1,405000.0,1021500.0,972000.0,29500.0,Unaccompanied,Working,Secondary / secondary special,Married,House / apartment,0.014458,-19243,-4249,-2660.0,-4593,,1,1,0,1,1,0,Core staff,3.0,2,2,SATURDAY,15,0,0,1,0,1,1,Business Entity Type 3,0.776953,0.912963,0.713398,0.5359,0.566,0.5649,0.3607,0.3949,0.3986,0.3945,0.3946,0.4052,0.5534,0.5657,0.569,0.4192,0.4038,0.4186,0.5936,0.5936,0.5724,0.5856,0.5927,0.613,0.375,0.378,0.4017,0.4048,0.4425,0.4318,0.5621,0.5764,0.5564,0.4298,0.4358,0.396,0.4457,0.4398,0.412,0.6091,0.5617,0.5407,0.3139,0.3213,0.3365,,,,Panel,No,2.0,2.0,2.0,0.0,-2978.0,0,1,0,0,0,0,1,0,0,0,0,0,0,0,1,0,0,0,0,0,0.0,0.0,0.0,0.0,0.0,
100709,0,Cash loans,F,Y,Y,0,265500.0,486000.0,427500.0,29000.0,Unaccompanied,State servant,Secondary / secondary special,Married,With parents,0.034676,-16932,-536,-3833.0,-2243,19.0,1,1,0,1,1,1,Laborers,2.0,2,3,MONDAY,6,0,0,0,0,0,0,Military,0.715056,0.630717,0.50018,0.2343,0.2066,0.2075,0.1966,0.1853,0.197,0.1966,0.2303,0.2348,0.1212,0.1089,0.1219,0.1327,0.1386,0.1208,0.1225,0.0931,0.1493,0.1379,0.1039,0.1466,0.2345,0.2667,0.2232,0.1916,0.1016,0.1255,0.2443,0.241,0.246,0.1088,0.1284,0.1119,0.2381,0.2344,0.2329,0.1556,0.1198,0.1478,0.239,0.2713,0.2159,reg oper account,,0.2103,,No,1.0,0.0,1.0,0.0,-3133.0,0,1,0,0,1,0,0,0,0,0,0,0,0,0,0,0,1,0,0,0,0.0,0.0,0.0,0.0,0.0,3.0
100710,0,Cash loans,F,N,Y,0,81000.0,589500.0,576000.0,38500.0,Unaccompanied,Pensioner,Secondary / secondary special,Civil marriage,House / apartment,0.005581,-22698,365243,-12848.0,-2871,,1,0,0,1,0,0,,2.0,2,2,FRIDAY,8,0,0,0,0,0,0,Self-employed,0.56545,0.174273,0.551379,0.2523,0.2331,0.2203,0.3214,0.3266,0.3203,0.3979,0.3897,0.412,0.2358,0.2388,0.259,0.4499,0.4579,0.4534,0.3227,0.3648,0.3648,0.2668,0.2837,0.2745,0.382,0.3708,0.3329,0.3007,0.2825,0.2982,0.3967,0.424,0.4113,0.4905,0.4301,0.4266,0.3533,0.3729,0.3335,0.2151,0.2503,0.2227,0.2684,0.2379,0.2751,not specified,,,"Stone, brick",No,2.0,0.0,2.0,0.0,-1393.0,0,1,0,0,1,0,0,0,0,0,0,0,0,0,0,0,0,0,0,0,0.0,0.0,0.0,1.0,1.0,1.0
100711,1,Revolving loans,F,N,Y,3,49500.0,301500.0,283500.0,25000.0,Unaccompanied,Working,Secondary / secondary special,Married,House / apartment,0.02516,-10287,-1011,-2608.0,-239,,1,1,0,1,0,0,,5.0,2,2,TUESDAY,14,0,0,0,0,1,0,Government,0.591573,0.153161,,0.1686,0.1697,0.159,0.1389,0.1052,0.0956,0.1203,0.1057,0.1247,0.1381,0.0969,0.1332,0.2165,0.1402,0.2099,0.1426,0.1262,0.1232,0.2479,0.2201,0.2199,0.1221,0.1081,0.1644,0.2282,0.2303,0.2123,0.177,0.1723,0.1859,0.0725,0.142,0.1363,0.1922,0.2792,0.2544,0.202,0.2071,0.1871,0.1523,0.1471,0.192,,,0.0968,"Stone, brick",,3.0,0.0,3.0,0.0,-10.0,0,1,0,0,0,0,0,0,0,0,0,0,0,0,0,0,0,0,0,0,0.0,0.0,0.0,0.0,0.0,
100712,0,Cash loans,F,Y,Y,0,99000.0,814500.0,778500.0,41000.0,Unaccompanied,Pensioner,Secondary / secondary special,Civil marriage,House / apartment,0.013915,-22082,365243,-1817.0,-27,,1,0,0,1,0,0,Core staff,2.0,2,2,SUNDAY,10,0,0,0,0,1,1,Self-employed,,0.457236,0.172777,0.4484,0.4568,0.4272,0.6464,0.6655,0.6521,0.4877,0.4775,0.4989,0.5409,0.5426,0.5443,0.5178,0.5232,0.5322,0.5648,0.5203,0.5521,0.4735,0.4349,0.452,0.4089,0.4336,0.4089,0.5763,0.5975,0.5954,0.6804,0.6678,0.7022,0.5218,0.5323,0.5275,0.5994,0.6113,0.5663,0.5915,0.5866,0.5645,0.7019,0.6437,0.6672,,block of flats,,Panel,No,1.0,0.0,1.0,0.0,-2133.0,0,0,0,0,0,0,0,0,0,0,0,0,0,0,0,0,0,0,0,0,0.0,0.0,0.0,0.0,1.0,0.0
100713,0,Cash loans,F,N,Y,0,76500.0,369000.0,346500.0,18500.0,Unaccompanied,Commercial associate,Secondary / secondary special,Married,House / apartment,0.005739,-11229,-4654,-71.0,-4556,,1,1,0,1,0,0,Core staff,2.0,3,3,SUNDAY,12,0,0,0,0,0,0,Bank,,0.567376,,0.3595,0.3546,0.3615,0.3369,0.3028,0.3039,0.2725,0.2914,0.2952,0.2849,0.2634,0.2515,0.3469,0.3758,0.3832,0.1709,0.205,0.1903,0.1665,0.1946,0.1758,0.2402,0.2306,0.2735,0.1691,0.2074,0.1898,0.1985,0.198,0.1365,0.2759,0.3391,0.3595,0.2813,0.3119,0.3064,0.3159,0.3252,0.2977,0.2222,0.2258,0.2357,reg oper account,block of flats,,"Stone, brick",No,3.0,0.0,3.0,0.0,-3364.0,0,1,0,0,0,0,0,0,0,0,0,0,0,0,0,0,0,0,0,0,0.0,,0.0,0.0,1.0,1.0
100714,0,Cash loans,F,Y,N,1,400500.0,364500.0,292500.0,19000.0,Unaccompanied,State servant,Lower secondary,Married,With parents,0.010219,-10785,-716,-249.0,-2128,,1,1,1,1,0,0,Laborers,3.0,3,3,THURSDAY,13,0,0,0,0,0,0,Business Entity Type 3,,0.640179,0.481396,0.3463,0.3935,0.3895,0.3897,0.3992,0.4222,0.6642,0.6831,0.6511,0.6517,0.6444,0.6708,0.4231,0.4088,0.399,0.7157,0.7359,0.72,0.6298,0.6146,0.5915,0.5117,0.5171,0.5171,0.5236,0.5308,0.5601,0.4637,0.4538,0.4669,0.4361,0.4345,0.4693,0.5886,0.6083,0.58,0.66,0.6966,0.6865,0.479,0.4743,0.486,,block of flats,0.7165,"Stone, brick",,3.0,0.0,3.0,0.0,-4153.0,0,0,0,0,0,0,0,0,0,0,0,0,0,0,0,0,0,0,0,0,0.0,0.0,0.0,0.0,0.0,5.0
100715,0,Cash loans,F,N,Y,2,144000.0,283500.0,225000.0,10000.0,Unaccompanied,Working,Secondary / secondary special,Single / not married,House / apartment,0.018287,-7721,-418,-440.0,-5268,,1,1,0,1,0,0,Sales staff,3.0,1,1,TUESDAY,13,0,0,0,0,0,1,XNA,0.416829,0.431583,0.458496,0.2725,0.2116,0.2492,0.2433,0.2657,0.2437,0.3682,0.3373,0.3078,0.3686,0.337,0.3636,0.3499,0.3301,0.3252,0.1955,0.1988,0.1977,0.3581,0.3379,0.3138,0.2609,0.2343,0.2563,0.3665,0.3484,0.3374,0.2914,0.2934,0.297,0.2549,0.2462,0.2447,0.3564,0.3445,0.3884,0.2646,0.2386,0.2604,0.2807,0.315,0.3129,,block of flats,,"Stone, brick",,4.0,0.0,4.0,0.0,-808.0,0,1,0,0,0,0,0,0,0,0,0,0,0,0,0,0,0,0,0,0,,0.0,0.0,1.0,0.0,2.0
100716,0,Cash loans,M,N,N,3,247500.0,1246500.0,1201500.0,38500.0,Unaccompanied,State servant,Secondary / secondary special,Married,House / apartment,0.019914,-18697,-3899,-416.0,-3473,,1,1,0,1,0,0,,4.0,1,1,SUNDAY,9,0,0,0,0,0,1,Business Entity Type 1,0.362854,0.335538,,0.2422,0.2378,0.2428,0.3136,0.2414,0.2874,0.2027,0.2127,0.2176,0.1962,0.188,0.1769,0.1299,0.1189,0.1101,0.2605,0.2543,0.2584,0.1236,0.1392,0.1723,0.1871,0.1918,0.172,0.2768,0.2461,0.2623,0.1776,0.2125,0.1916,0.2878,0.2065,0.2172,0.3152,0.3125,0.3043,0.2381,0.2837,0.2387,0.1569,0.138,0.0975,,block of flats,,"Stone, brick",,2.0,0.0,2.0,0.0,-485.0,0,1,0,0,0,0,0,0,0,0,0,0,0,0,0,0,0,0,0,0,0.0,0.0,0.0,0.0,0.0,0.0
100717,0,Cash loans,F,Y,Y,1,126000.0,400500.0,324000.0,,"Spouse, partner",Working,Higher education,Single / not married,With parents,0.029587,-18189,-3101,-1666.0,-2378,29.0,1,1,0,1,0,0,Laborers,3.0,2,2,SATURDAY,15,0,0,0,0,1,0,Business Entity Type 3,0.489621,0.773769,0.557866,0.1652,0.116,0.1472,0.2403,0.2243,0.2358,0.1649,0.155,0.1791,0.1903,0.1805,0.1732,0.1306,0.1568,0.1485,0.2799,0.2947,0.2858,0.1728,0.1208,0.1853,0.2364,0.2081,0.2702,0.2464,0.2598,0.2817,0.137,0.1173,0.1606,0.2512,0.2203,0.2084,0.2809,0.2696,0.2426,0.2491,0.2293,0.184,0.2167,0.2367,0.2337,,,0.2606,,,2.0,0.0,2.0,0.0,-3204.0,0,1,0,0,1,0,0,0,0,0,0,0,0,0,0,0,0,0,0,0,0.0,0.0,,0.0,0.0,1.0
100718,0,Cash loans,F,Y,Y,0,135000.0,387000.0,333000.0,30000.0,Unaccompanied,Working,Secondary / secondary special,Civil marriage,House / apartment,0.030861,-12622,-6048,-4594.0,-5277,,1,1,0,1,0,0,Security staff,2.0,2,2,SUNDAY,10,0,0,0,0,0,0,Other,,0.563078,,0.655,0.6315,0.6201,0.578,0.5318,0.5553,0.5176,0.4659,0.4634,0.3852,0.3921,0.3897,0.6342,0.6802,0.6623,0.449,0.4949,0.5,0.6517,0.6857,0.6557,0.5961,0.6034,0.603,0.5169,0.5255,0.5409,0.4713,0.4809,0.4923,0.5487,0.5509,0.5884,0.6479,0.6673,0.6789,0.5874,0.6442,0.6266,0.439,0.4844,0.4609,reg oper account,,0.6054,,,3.0,0.0,3.0,0.0,-391.0,0,0,0,0,0,0,0,0,0,0,0,0,0,0,0,0,0,0,0,0,0.0,0.0,0.0,0.0,0.0,0.0
100719,0,Cash loans,F,Y,N,2,144000.0,306000.0,274500.0,21000.0,Unaccompanied,State servant,Higher education,Married,House / apartment,0.007168,-7774,-624,-336.0,-342,6.0,1,1,1,1,1,0,Drivers,4.0,3,3,THURSDAY,14,0,0,0,0,1,0,Business Entity Type 1,0.519067,0.271408,0.596544,0.4193,0.4488,0.4281,0.4372,0.4823,0.4245,0.2819,0.2877,0.2507,0.3132,0.3252,0.2835,0.3597,0.3744,0.3617,0.3836,0.3812,0.3813,0.3842,0.3735,0.371,0.3143,0.3095,0.3263,0.2263,0.2777,0.2763,0.1884,0.2624,0.2138,0.4885,0.4531,0.4694,0.3465,0.3241,0.3538,0.4472,0.4469,0.4679,0.4805,0.4816,0.4983,,block of flats,,,,1.0,0.0,1.0,0.0,-3699.0,0,1,0,0,0,0,0,0,0,0,0,0,0,0,0,0,0,0,0,0,0.0,0.0,0.0,0.0,0.0,3.0
100720,0,Revolving loans,F,N,Y,0,270000.0,1773000.0,1458000.0,64000.0,Unaccompanied,Working,Secondary / secondary special,Married,House / apartment,0.023631,-18861,-3711,-12225.0,-4975,,1,1,0,1,0,0,Medicine staff,1.0,2,1,MONDAY,11,0,0,0,0,0,0,Bank,0.441827,0.660707,0.583309,0.2695,0.2329,0.2162,0.2658,0.3146,0.2979,0.2856,0.2825,0.2526,0.3896,0.3902,0.4012,0.3159,0.3482,0.3389,0.4446,0.4167,0.4422,0.2503,0.2226,0.2662,0.4756,0.4319,0.4667,0.2041,0.2172,0.2175,0.4352,0.3709,0.4233,0.3684,0.3889,0.3882,0.2519,0.2454,0.2529,0.404,0.4501,0.433,0.2497,0.2749,0.2471,,block of flats,,Panel,No,2.0,0.0,2.0,0.0,-71.0,0,1,0,0,0,0,0,0,0,0,0,0,0,0,0,0,0,0,0,0,0.0,0.0,0.0,0.0,0.0,2.0
100721,1,Cash loans,F,Y,Y,0,175500.0,877500.0,724500.0,68000.0,Unaccompanied,Working,Secondary / secondary special,Married,With parents,0.029377,-9086,-866,-1701.0,-444,29.0,1,1,0,0,0,0,,2.0,2,2,MONDAY,18,0,1,0,0,0,0,School,,0.583593,0.421627,0.5802,0.6016,0.5969,0.6636,0.6637,0.6211,0.3434,0.3741,0.3495,0.4786,0.5062,0.4648,0.5796,0.5766,0.5904,0.3804,0.3885,0.3668,0.5955,0.6173,0.606,0.553,0.5369,0.5123,0.5375,0.571,0.5789,0.6616,0.6867,0.6511,0.7152,0.6568,0.6866,0.4098,0.4095,0.384,0.4399,0.4447,0.4614,0.4694,0.4706,0.4963,reg oper account,block of flats,,"Stone, brick",,1.0,0.0,1.0,0.0,-4109.0,0,1,0,0,0,0,0,0,0,0,0,0,0,0,0,0,0,0,0,0,0.0,0.0,0.0,0.0,0.0,3.0
100722,0,Cash loans,F,N,Y,0,81000.0,414000.0,360000.0,19500.0,Unaccompanied,Working,Higher education,Married,House / apartment,0.021419,-14230,-3357,-1193.0,-5677,,1,1,0,1,0,0,,2.0,2,2,MONDAY,17,0,0,0,0,0,0,Business Entity Type 3,0.581376,0.564876,0.622798,0.3974,0.4099,0.4085,0.4899,0.4945,0.5132,0.3864,0.4319,0.3903,0.4591,0.4043,0.4237,0.4848,0.4897,0.5164,0.3853,0.3923,0.3807,0.4138,0.4377,0.4518,0.2471,0.2467,0.2775,0.3883,0.4426,0.4831,0.5307,0.4884,0.4996,0.3936,0.3853,0.4202,0.2469,0.2475,0.2572,0.4348,0.4496,0.4468,0.4814,0.4398,0.4753,,,0.5158,Monolithic,No,3.0,0.0,3.0,0.0,-2604.0,0,1,0,0,0,0,0,0,0,0,0,0,0,0,0,0,0,0,0,0,,0.0,0.0,0.0,0.0,1.0
100723,0,Cash loans,F,N,Y,1,360000.0,990000.0,841500.0,34500.0,Unaccompanied,Working,Secondary / secondary special,Single / not married,House / apartment,0.025535,-19638,-1734,-14.0,-3393,,1,1,0,1,0,0,Sales staff,3.0,3,3,SATURDAY,19,0,0,0,0,0,0,Self-employed,0.257721,0.704661,,0.4205,0.4135,0.4078,0.388,0.3928,0.3643,0.6845,0.7082,0.6728,0.6102,0.5757,0.5974,0.5618,0.609,0.5873,0.768,0.7668,0.7915,0.3824,0.4075,0.397,0.4337,0.4292,0.422,0.7446,0.7166,0.7644,0.6752,0.6575,0.6328,0.5244,0.4994,0.4814,0.538,0.5332,0.5715,0.5919,0.5903,0.5856,0.6422,0.6595,0.6204,,,,,,2.0,0.0,2.0,0.0,-2675.0,0,1,0,0,0,0,0,0,0,0,0,0,0,0,0,0,0,0,0,0,,0.0,0.0,0.0,0.0,1.0
100724,0,Revolving loans,F,N,Y,0,126000.0,540000.0,495000.0,16000.0,"Spouse, partner",Working,Higher education,Married,House / apartment,0.005643,-11150,-4576,-1869.0,-2807,,1,1,0,1,0,0,Core staff,1.0,2,2,TUESDAY,17,0,0,0,0,1,0,Medicine,,0.671485,0.437896,0.4492,0.453,0.4562,0.4816,0.4571,0.4585,0.2893,0.301,0.3013,0.42,0.4363,0.4285,0.2695,0.2491,0.2586,0.259,0.2658,0.2303,0.2865,0.2959,0.267,0.4686,0.4365,0.4482,0.4558,0.3923,0.4249,0.3966,0.3943,0.3718,0.4579,0.4487,0.4501,0.2102,0.2175,0.201,0.2647,0.2771,0.2595,0.3879,0.3782,0.3876,,,,,No,1.0,0.0,1.0,0.0,-1168.0,0,1,0,0,0,0,0,0,0,0,0,0,0,0,0,0,0,0,0,0,0.0,0.0,,1.0,0.0,3.0
100725,0,Cash loans,M,N,Y,1,112500.0,211500.0,166500.0,13000.0,Unaccompanied,Working,Secondary / secondary special,Married,House / apartment,0.010121,-13079,-2816,-3997.0,-3930,,1,1,0,1,0,0,,2.0,3,3,THURSDAY,12,0,1,0,1,0,0,XNA,,0.419341,0.233422,0.0818,0.0917,0.0882,0.1093,0.1372,0.08,0.0113,0.0415,0.0464,0.052,0.0925,0.0926,0.0911,0.0612,0.0914,0.0924,0.0859,0.0949,0.1038,0.1002,0.068,0.127,0.0881,0.094,0.1345,0.102,0.1164,0.0737,0.1087,0.0803,0.1145,0.1223,0.1141,0.0924,0.0827,0.0816,0.0769,0.0613,0.0963,0.0365,0.0775,0.0502,,,0.1108,"Stone, brick",,0.0,0.0,0.0,1.0,-3931.0,0,1,0,0,0,0,1,0,0,0,0,0,0,0,0,0,0,0,0,0,0.0,0.0,0.0,0.0,0.0,5.0
100726,0,Cash loans,F,N,Y,0,31500.0,112500.0,99000.0,3500.0,Unaccompanied,Commercial associate,Secondary / secondary special,Single / not married,Municipal apartment,0.043618,-17084,-1315,-3650.0,-4789,,1,1,0,1,0,0,,2.0,3,3,SATURDAY,10,0,0,0,1,1,0,Medicine,0.240717,0.472061,0.385174,0.5674,0.5468,0.5421,0.5023,0.4952,0.5085,0.5986,0.587,0.5773,0.4104,0.4593,0.4477,0.3677,0.3985,0.4092,0.7371,0.7296,0.7307,0.4533,0.4356,0.4238,0.5817,0.6337,0.6397,0.4757,0.4612,0.4356,0.5532,0.5275,0.5192,0.711,0.7231,0.7386,0.4239,0.4043,0.3921,0.7671,0.7087,0.7097,0.522,0.5041,0.5625,,block of flats,0.3073,,,0.0,0.0,0.0,1.0,-2405.0,0,0,0,0,0,0,0,0,0,0,0,0,0,0,0,0,0,0,0,0,0.0,0.0,0.0,0.0,1.0,1.0
100727,0,Cash loans,M,N,Y,0,207000.0,202500.0,166500.0,7000.0,Unaccompanied,Pensioner,Secondary / secondary special,Single / not married,House / apartment,0.015723,-23742,365243,-14967.0,-1711,,1,0,0,1,0,0,Accountants,1.0,1,1,WEDNESDAY,8,0,0,0,0,0,0,Transport: type 4,,0.548085,0.864862,0.6563,0.6452,0.6743,0.7415,0.6987,0.7136,0.4699,0.4427,0.4299,0.7267,0.767,0.7626,0.5467,0.4996,0.5175,0.7886,0.8167,0.8114,0.6051,0.6408,0.623,0.4369,0.4179,0.4179,0.6797,0.6495,0.6197,0.7059,0.6786,0.6745,0.647,0.6367,0.6391,0.8104,0.7844,0.7707,0.5769,0.5879,0.5687,0.7406,0.7189,0.6879,,block of flats,,Block,No,3.0,0.0,3.0,0.0,-476.0,0,0,0,0,0,0,0,0,0,0,0,0,0,0,0,0,0,0,0,0,0.0,0.0,0.0,0.0,1.0,1.0
100728,0,Cash loans,M,Y,Y,0,157500.0,261000.0,234000.0,7500.0,Unaccompanied,Working,Secondary / secondary special,Single / not married,House / apartment,0.0725,-14261,-1628,-5314.0,-604,,1,1,0,1,0,0,,2.0,2,2,THURSDAY,13,0,1,0,0,1,1,Other,0.313549,0.429127,0.427922,0.197,0.1781,0.1834,0.1622,0.1496,0.1266,0.15,0.1608,0.1404,0.2939,0.3123,0.303,0.2235,0.2045,0.2101,0.2682,0.2536,0.2491,0.3051,0.3081,0.3137,0.2037,0.2393,0.1937,0.159,0.179,0.1761,0.2396,0.2332,0.254,0.2234,0.2075,0.2223,0.293,0.303,0.2867,0.3095,0.3101,0.275,0.2813,0.3084,0.265,reg oper account,,,,No,3.0,0.0,3.0,0.0,-297.0,0,1,0,0,0,0,0,0,0,0,0,0,0,0,0,0,0,0,0,0,0.0,0.0,0.0,0.0,,2.0
100729,0,Cash loans,M,Y,Y,0,157500.0,513000.0,414000.0,26500.0,Unaccompanied,Pensioner,Secondary / secondary special,Married,House / apartment,0.008465,-20855,365243,-5723.0,-5804,,1,0,0,1,0,0,Sales staff,2.0,2,2,FRIDAY,12,0,0,0,0,1,1,Self-employed,0.292379,0.819001,,0.3332,0.3037,0.3345,0.3554,0.3609,0.37,0.2659,0.3012,0.2875,0.2458,0.2984,0.2942,0.3346,0.3519,0.3032,0.3422,0.2775,0.3123,0.1699,0.2369,0.226,0.322,0.3463,0.3328,0.2361,0.2292,0.2159,0.3668,0.3562,0.3793,0.2792,0.2692,0.2553,0.3133,0.2795,0.2236,0.2216,0.2135,0.2148,0.2989,0.2736,0.3466,org spec account,block of flats,0.4462,Panel,No,0.0,0.0,0.0,0.0,-3475.0,0,1,0,0,0,0,0,0,0,0,0,0,0,0,0,0,0,0,0,0,0.0,0.0,0.0,1.0,0.0,2.0
100730,0,Cash loans,F,Y,Y,0,117000.0,1683000.0,1381500.0,52000.0,Unaccompanied,Commercial associate,Higher education,Married,House / apartment,0.049307,-13646,-7072,-27.0,-3110,,1,1,0,1,0,0,Laborers,2.0,2,2,THURSDAY,12,0,0,0,0,1,1,Business Entity Type 2,,0.62567,0.690535,0.1064,0.1015,0.1151,0.1252,0.1088,0.1334,0.1305,0.0719,0.1132,0.0589,0.0775,0.0829,0.1604,0.1486,0.133,0.0688,0.0887,0.1259,0.0949,0.1504,0.1182,0.1332,0.1416,0.1009,0.0991,0.0955,0.1002,0.1389,0.1467,0.1495,0.0976,0.0942,0.093,0.1542,0.1255,0.1328,0.135,0.1379,0.1222,0.1133,0.0911,0.0757,reg oper account,block of flats,,,No,0.0,0.0,0.0,0.0,-2309.0,0,1,0,0,0,0,0,0,0,0,0,0,0,0,0,0,0,0,0,0,0.0,0.0,0.0,0.0,0.0,
100731,0,Cash loans,F,N,Y,0,108000.0,157500.0,148500.0,5000.0,Unaccompanied,Pensioner,Secondary / secondary special,Married,House / apartment,0.012806,-23629,365243,-3740.0,-1721,,1,0,1,1,0,0,Laborers,2.0,2,2,THURSDAY,9,0,0,0,0,0,0,XNA,,0.781541,,0.3271,0.3542,0.3216,0.2616,0.2795,0.2458,0.2592,0.2505,0.1993,0.2956,0.3024,0.2959,0.309,0.3365,0.3178,0.2442,0.2315,0.2373,0.3409,0.3049,0.3134,0.3221,0.334,0.2852,0.217,0.208,0.2107,0.1732,0.2124,0.1978,0.2857,0.2858,0.2998,0.2369,0.2016,0.23,0.2505,0.2624,0.2423,0.3193,0.3276,0.2902,,block of flats,,"Stone, brick",No,1.0,0.0,1.0,1.0,-346.0,0,1,0,0,0,0,0,0,0,0,0,0,0,0,0,0,0,0,0,0,0.0,0.0,,0.0,,1.0
100732,0,Cash loans,F,Y,Y,0,121500.0,238500.0,198000.0,14000.0,Unaccompanied,Pensioner,Higher education,Civil marriage,House / apartment,0.03192,-21900,365243,-5718.0,-5499,,1,0,0,1,0,0,,1.0,3,3,FRIDAY,13,0,0,0,0,0,1,Medicine,0.637654,0.534093,,0.1793,0.1925,0.2092,0.1705,0.1847,0.1933,0.2042,0.1914,0.1809,0.1318,0.1498,0.1601,0.1756,0.1785,0.1636,0.1736,0.1969,0.202,0.1801,0.1681,0.2126,0.2221,0.2193,0.1904,0.1075,0.1251,0.1406,0.1253,0.1067,0.1401,0.1045,0.1321,0.1477,0.1338,0.1169,0.0782,0.1898,0.1857,0.1318,0.042,0.0999,0.1269,,block of flats,,Panel,,3.0,0.0,3.0,0.0,-990.0,0,0,0,0,0,0,0,0,0,0,0,0,0,0,0,0,0,0,0,0,0.0,0.0,0.0,0.0,0.0,2.0
100733,0,Cash loans,M,N,N,0,189000.0,832500.0,774000.0,29000.0,"Spouse, partner",Pensioner,Secondary / secondary special,Civil marriage,House / apartment,0.015571,-20746,365243,-2038.0,-237,,1,0,0,1,1,0,Cleaning staff,1.0,2,2,TUESDAY,11,0,0,0,0,0,1,Self-employed,0.899432,0.257661,0.754648,0.4207,0.4189,0.4199,0.427,0.4145,0.393,0.4541,0.5015,0.448,0.3377,0.3359,0.3339,0.4336,0.4399,0.4301,0.4119,0.4008,0.378,0.3547,0.351,0.4049,0.2568,0.2351,0.2613,0.3267,0.3168,0.2858,0.2271,0.2255,0.2456,0.4662,0.4489,0.472,0.2452,0.2556,0.2735,0.3242,0.2994,0.3202,0.3503,0.3163,0.306,not specified,,0.285,,,1.0,0.0,1.0,0.0,-3240.0,0,1,0,0,0,0,0,0,0,0,0,0,0,0,0,0,0,0,0,0,0.0,0.0,0.0,,0.0,2.0
100734,0,Cash loans,F,N,Y,0,207000.0,2137500.0,1782000.0,70500.0,Unaccompanied,Working,Secondary / secondary special,Civil marriage,House / apartment,0.02009,-12172,-5598,-4372.0,-5033,,1,1,1,1,0,0,Laborers,2.0,2,2,FRIDAY,10,0,0,0,0,0,0,Other,,0.574995,0.050336,0.1284,0.1802,0.1094,0.2544,0.2233,0.2575,0.2379,0.2271,0.2162,0.1959,0.1655,0.1569,0.121,0.1123,0.0918,0.2441,0.2031,0.2395,0.2334,0.1885,0.2213,0.1473,0.161,0.1249,0.2022,0.1574,0.1889,0.2777,0.2414,0.2199,0.2177,0.2222,0.2026,0.1526,0.1825,0.2026,0.2267,0.245,0.2368,0.2532,0.2729,0.2987,,,,Panel,,3.0,0.0,3.0,0.0,-3996.0,0,1,0,0,0,0,0,0,0,0,0,0,0,0,0,0,0,0,0,0,0.0,0.0,0.0,0.0,0.0,0.0
100735,0,Cash loans,M,Y,Y,0,130500.0,567000.0,468000.0,31000.0,Family,Commercial associate,Secondary / secondary special,Married,House / apartment,0.027052,-14476,-6201,-2382.0,-111,13.0,1,1,1,1,0,0,,2.0,2,2,SATURDAY,13,0,0,0,0,0,0,Self-employed,0.46368,0.437859,0.305061,0.0853,0.0637,0.0754,0.0863,0.0612,0.0735,0.0861,0.1073,0.0958,0.0893,0.0882,0.0781,0.0823,0.0576,0.055,0.0608,0.035,0.0924,0.1118,0.0902,0.0759,0.0884,0.0827,0.0986,0.0308,0.052,0.0955,0.0507,0.0612,0.0174,0.0719,0.1068,0.106,0.0781,0.0863,0.116,0.0887,0.0769,0.0475,0.0407,0.0948,0.0934,,,,,No,1.0,0.0,1.0,1.0,-2159.0,0,0,0,0,0,0,0,0,0,0,0,0,0,0,0,0,0,0,0,0,,,0.0,0.0,0.0,1.0
100736,0,Cash loans,F,N,Y,0,247500.0,1422000.0,1192500.0,60500.0,Unaccompanied,Pensioner,Secondary / secondary special,Single / not married,House / apartment,0.012785,-22865,365243,-1758.0,-3933,,1,0,1,1,0,0,Core staff,1.0,2,2,TUESDAY,12,0,0,0,0,0,0,XNA,,0.315797,0.388753,0.5993,0.5789,0.6075,0.4666,0.4668,0.4755,0.3123,0.3139,0.3176,0.2971,0.3158,0.2775,0.2737,0.2815,0.2794,0.4345,0.4853,0.4521,0.491,0.4997,0.4907,0.5083,0.4661,0.5192,0.5355,0.4949,0.5361,0.3546,0.3586,0.3149,0.3618,0.3812,0.3998,0.5029,0.5624,0.5488,0.3856,0.4271,0.3833,0.5253,0.4951,0.5334,,,,,,2.0,0.0,2.0,0.0,-4011.0,0,1,0,0,0,0,0,0,0,0,0,0,0,0,0,0,0,0,0,0,0.0,0.0,0.0,0.0,,0.0
100737,0,Cash loans,M,N,N,0,139500.0,450000.0,432000.0,19500.0,Unaccompanied,Commercial associate,Secondary / secondary special,Civil marriage,House / apartment,0.030729,-16011,-1648,-6657.0,-227,,1,1,0,1,1,0,Core staff,2.0,1,1,TUESDAY,7,0,0,0,0,0,1,Business Entity Type 3,,0.443863,,0.3559,0.3555,0.3423,0.3048,0.288,0.2828,0.3525,0.3366,0.3636,0.4157,0.4307,0.3892,0.2965,0.3234,0.318,0.2844,0.2795,0.2943,0.463,0.481,0.4806,0.4605,0.4427,0.4264,0.52,0.5365,0.5232,0.4425,0.4477,0.4502,0.404,0.3594,0.3809,0.3451,0.2806,0.3249,0.2229,0.2829,0.2618,0.5063,0.5014,0.4702,,block of flats,0.2828,Block,No,0.0,0.0,0.0,0.0,-1773.0,0,0,0,0,0,0,1,0,0,0,0,0,0,0,0,0,0,0,0,0,,0.0,0.0,0.0,,1.0
100738,0,Cash loans,F,N,Y,0,112500.0,333000.0,288000.0,10000.0,Unaccompanied,Working,Higher education,Married,House / apartment,0.015858,-16661,-323,-5031.0,-895,,1,1,0,1,0,0,Laborers,2.0,2,2,TUESDAY,9,0,0,0,0,0,0,Other,0.979922,0.413191,0.50037,0.2561,0.2524,0.2411,0.1918,0.1947,0.1934,0.3128,0.2384,0.2345,0.3355,0.3742,0.3248,0.2696,0.2998,0.3236,0.1721,0.1999,0.1691,0.2945,0.3248,0.3506,0.1771,0.1928,0.1873,0.3859,0.33,0.3974,0.3346,0.3077,0.3266,0.3354,0.3451,0.3852,0.3441,0.3669,0.3476,0.3193,0.3262,0.3534,0.2786,0.291,0.286,,block of flats,,Panel,No,3.0,1.0,3.0,0.0,-3299.0,0,1,0,0,0,0,0,0,0,0,0,0,0,0,0,0,0,0,0,0,0.0,0.0,0.0,1.0,0.0,
100739,0,Cash loans,F,N,Y,0,162000.0,661500.0,549000.0,66000.0,Unaccompanied,Commercial associate,Higher education,Married,House / apartment,0.020883,-21860,-3906,-1574.0,-1957,,1,1,0,1,0,0,Laborers,2.0,1,1,FRIDAY,14,0,0,0,0,1,1,Housing,,0.679423,,0.1843,0.1968,0.2142,0.3223,0.3063,0.315,0.2776,0.2727,0.2808,0.2961,0.3332,0.341,0.3542,0.3209,0.3152,0.1979,0.1279,0.1612,0.1786,0.2082,0.1999,0.1866,0.1835,0.2,0.3693,0.3241,0.3705,0.2397,0.205,0.2458,0.2082,0.1664,0.2081,0.2027,0.1625,0.1947,0.1633,0.201,0.1339,0.2632,0.2353,0.2314,,,,,No,0.0,0.0,0.0,1.0,-3582.0,0,1,0,0,0,0,0,0,0,0,0,0,0,0,0,0,0,0,0,0,0.0,,0.0,0.0,0.0,3.0
100740,0,Cash loans,F,Y,Y,0,67500.0,184500.0,162000.0,7500.0,Unaccompanied,Pensioner,Secondary / secondary special,Married,House / apartment,0.003627,-23312,365243,-6933.0,-1092,,1,0,0,1,0,1,,2.0,2,2,MONDAY,12,0,0,0,0,0,0,XNA,,0.767663,0.658863,0.0408,0.0422,0.02,0.0777,0.0858,0.0957,0.0498,0.0593,0.0606,0.063,0.0786,0.0854,0.0189,0.0693,0.0677,0.1117,0.1166,0.0921,0.0852,0.0518,0.0894,0.0408,0.0706,0.057,0.0983,0.1057,0.0818,0.0303,0.0471,0.0412,0.0366,0.0524,0.0381,0.0779,0.0503,0.0693,0.0743,0.0889,0.0993,0.0629,0.025,0.0424,,,,,No,1.0,0.0,1.0,0.0,-375.0,0,1,0,0,0,0,0,0,0,0,0,0,0,0,0,0,0,0,0,0,0.0,0.0,0.0,0.0,0.0,3.0
100741,0,Cash loans,F,N,Y,0,166500.0,967500.0,828000.0,62500.0,Unaccompanied,Working,Secondary / secondary special,Married,House / apartment,0.015171,-18135,-6281,-6942.0,-268,,1,1,0,1,0,0,Managers,1.0,2,2,MONDAY,6,0,0,0,0,0,0,Other,,0.720222,0.572521,0.1819,0.1836,0.1724,0.2216,0.1925,0.1914,0.2316,0.2509,0.2732,0.271,0.2622,0.2679,0.21,0.1744,0.1828,0.3862,0.39,0.3864,0.3719,0.3619,0.3383,0.3964,0.3955,0.4195,0.2919,0.2478,0.2714,0.2921,0.2622,0.2645,0.3523,0.3262,0.3125,0.2811,0.2374,0.2748,0.3576,0.4327,0.4182,0.1773,0.2384,0.1925,reg oper account,,0.1446,,,0.0,0.0,0.0,0.0,-253.0,0,1,0,0,0,0,0,0,0,0,0,0,0,0,0,0,0,0,0,0,0.0,,0.0,1.0,0.0,2.0
100742,0,Cash loans,F,N,Y,0,63000.0,103500.0,99000.0,3500.0,Unaccompanied,Commercial associate,Secondary / secondary special,Married,House / apartment,0.040932,-9067,-2492,-812.0,-4071,,1,1,0,1,1,0,,2.0,2,1,FRIDAY,14,0,0,0,0,0,0,Government,,0.745229,0.741154,0.294,0.2765,0.3066,0.4208,0.3952,0.4165,0.4887,0.4719,0.4719,0.5077,0.5251,0.4955,0.3001,0.3124,0.3395,0.5238,0.5537,0.5374,0.3172,0.3313,0.3374,0.3045,0.3087,0.3521,0.5061,0.5055,0.4967,0.3902,0.3989,0.4146,0.434,0.4228,0.3907,0.2964,0.2836,0.3021,0.4021,0.3615,0.3803,0.4593,0.4264,0.3887,,,,"Stone, brick",No,2.0,0.0,2.0,0.0,-3361.0,0,1,0,0,0,0,0,0,0,0,0,0,0,0,0,0,0,0,0,0,0.0,0.0,0.0,0.0,0.0,1.0
100743,0,Cash loans,F,N,Y,0,85500.0,544500.0,531000.0,18000.0,Unaccompanied,Pensioner,Secondary / secondary special,Married,House / apartment,0.028767,-24339,365243,-3330.0,-4567,,1,0,0,1,0,0,Sales staff,2.0,2,2,THURSDAY,12,0,0,0,0,1,1,Other,,0.33778,0.354834,0.4045,0.4175,0.4294,0.4915,0.4998,0.4993,0.6306,0.6713,0.6289,0.4998,0.4473,0.4673,0.3071,0.3548,0.3714,0.5738,0.5702,0.5484,0.4888,0.4882,0.4899,0.5195,0.5239,0.512,0.3461,0.3963,0.3618,0.6207,0.6263,0.6398,0.2585,0.2397,0.2794,0.4622,0.4694,0.4454,0.3234,0.3223,0.3348,0.2957,0.2929,0.2732,,,0.4693,Panel,No,3.0,0.0,3.0,1.0,-1325.0,0,1,0,0,0,0,0,0,0,0,0,0,0,0,0,0,0,0,0,0,0.0,0.0,0.0,0.0,0.0,3.0
100744,0,Cash loans,F,N,Y,0,49500.0,198000.0,175500.0,8000.0,Unaccompanied,Commercial associate,Secondary / secondary special,Married,House / apartment,0.032401,-14919,-664,-4963.0,-1953,,1,1,0,1,0,0,Laborers,2.0,2,2,THURSDAY,9,0,0,0,0,0,0,Transport: type 4,,0.628254,0.597148,0.2435,0.2127,0.2295,0.2745,0.2978,0.2728,0.1478,0.1482,0.1509,0.162,0.1765,0.1583,0.2044,0.2179,0.2365,0.2915,0.3179,0.2757,0.2176,0.194,0.2116,0.1979,0.1968,0.1802,0.2457,0.2427,0.2206,0.1547,0.1506,0.1562,0.2607,0.2799,0.26,0.2865,0.2891,0.241,0.1724,0.1485,0.1518,0.2538,0.2448,0.2328,,block of flats,0.1927,Panel,,1.0,0.0,1.0,0.0,-2681.0,0,1,0,0,0,0,0,0,0,0,0,0,0,0,0,0,0,0,0,0,0.0,0.0,0.0,1.0,0.0,1.0
100745,0,Cash loans,F,Y,Y,0,135000.0,468000.0,409500.0,18000.0,Unaccompanied,Working,Secondary / secondary special,Single / not married,House / apartment,0.019328,-20014,-2478,-7952.0,-4187,,1,1,0,1,0,0,Sales staff,2.0,2,2,SATURDAY,10,0,0,0,0,0,0,Industry: type 9,,0.647419,0.477141,0.2423,0.2446,0.2032,0.1879,0.1586,0.1952,0.2518,0.2996,0.2363,0.198,0.2159,0.1536,0.139,0.1296,0.1594,0.2589,0.292,0.2753,0.1988,0.212,0.1939,0.2566,0.2684,0.2913,0.1396,0.1708,0.1687,0.3325,0.2972,0.2959,0.1865,0.1705,0.1422,0.2555,0.2132,0.2199,0.2283,0.2295,0.2508,0.281,0.2702,0.2873,,,0.2416,Panel,,1.0,0.0,1.0,1.0,-4032.0,0,1,0,0,0,0,1,0,0,0,0,0,0,0,0,0,0,0,0,0,0.0,,0.0,,0.0,
100746,0,Cash loans,F,Y,Y,0,355500.0,562500.0,477000.0,29000.0,Unaccompanied,Commercial associate,Secondary / secondary special,Civil marriage,House / apartment,0.052869,-21501,-957,-49.0,-1976,,1,1,0,1,0,0,Drivers,2.0,1,1,MONDAY,13,0,0,0,0,0,0,Construction,,0.848161,0.887471,0.22,0.2705,0.2047,0.1512,0.1947,0.1559,0.173,0.1536,0.1498,0.1564,0.1146,0.1468,0.1785,0.1478,0.1756,0.2204,0.2188,0.2101,0.1449,0.1551,0.126,0.3156,0.2674,0.2962,0.2451,0.2981,0.29,0.223,0.2382,0.249,0.2921,0.2466,0.259,0.206,0.2313,0.2238,0.2088,0.1808,0.1944,0.1888,0.2115,0.2128,not specified,specific housing,,,,3.0,0.0,3.0,0.0,-1652.0,0,0,0,0,0,0,0,0,0,0,0,0,0,0,0,0,0,0,0,0,0.0,0.0,,0.0,1.0,0.0
100747,0,Cash loans,M,Y,N,2,139500.0,319500.0,310500.0,16500.0,Family,Commercial associate,Secondary / secondary special,Single / not married,House / apartment,0.022362,-10952,-3043,-574.0,-1292,,1,1,0,1,0,0,,4.0,3,3,SATURDAY,5,0,0,1,1,0,0,XNA,,0.611234,0.535571,0.1182,0.1104,0.1395,0.1306,0.1581,0.1164,0.0648,0.056,0.0709,0.1189,0.0991,0.1126,0.0749,0.0917,0.0918,0.1341,0.099,0.1418,0.0462,0.0984,0.0577,0.139,0.1064,0.1267,0.1308,0.1396,0.1198,0.1388,0.0986,0.1529,0.104,0.1142,0.0965,0.1432,0.1299,0.1156,0.0896,0.0718,0.1206,0.1341,0.1577,0.1447,,,,,,3.0,0.0,3.0,0.0,-3699.0,0,1,0,0,0,0,0,0,0,0,0,0,0,0,0,0,0,0,0,0,0.0,0.0,0.0,0.0,0.0,
100748,0,Cash loans,F,Y,Y,0,211500.0,1593000.0,1395000.0,49000.0,Unaccompanied,Working,Incomplete higher,Separated,House / apartment,0.012419,-20899,-839,-7777.0,-5085,4.0,1,1,1,1,1,0,,2.0,2,2,THURSDAY,13,0,0,0,0,0,1,Business Entity Type 3,0.585109,0.444395,0.648328,0.1781,0.2171,0.1479,0.1492,0.1317,0.1461,0.1228,0.1376,0.1032,0.0986,0.0862,0.1371,0.2218,0.1837,0.193,0.1393,0.0815,0.1134,0.127,0.1225,0.109,0.2033,0.2085,0.2436,0.1879,0.1749,0.1769,0.1732,0.1566,0.1534,0.2227,0.2309,0.2247,0.2382,0.2107,0.2233,0.2216,0.2394,0.252,0.1532,0.2079,0.1654,reg oper account,,,"Stone, brick",,1.0,0.0,1.0,0.0,-2790.0,0,0,0,0,0,0,0,0,0,0,0,0,0,0,0,0,0,0,0,0,0.0,0.0,0.0,1.0,0.0,1.0
100749,0,Cash loans,F,N,N,0,535500.0,1863000.0,1521000.0,133500.0,Unaccompanied,Commercial associate,Higher education,Married,House / apartment,0.031776,-17238,-3024,-1315.0,-3151,,1,1,1,1,0,0,Accountants,1.0,2,2,MONDAY,15,0,0,0,1,0,0,XNA,,0.602072,0.421189,0.3377,0.3465,0.3624,0.4349,0.4756,0.4267,0.4729,0.5172,0.4908,0.2974,0.3274,0.2782,0.2575,0.2356,0.2389,0.2658,0.2609,0.286,0.285,0.2694,0.2886,0.4147,0.4071,0.4162,0.3694,0.3356,0.3533,0.3892,0.3704,0.3321,0.2762,0.2922,0.3104,0.3932,0.3734,0.3984,0.4109,0.4129,0.3918,0.2766,0.2478,0.3188,,block of flats,0.3956,,,0.0,0.0,0.0,0.0,-738.0,0,0,0,0,0,0,0,0,0,0,0,0,0,0,0,0,0,0,0,0,0.0,0.0,0.0,,,0.0
100750,0,Cash loans,F,Y,N,2,184500.0,837000.0,814500.0,25500.0,Family,Working,Higher education,Civil marriage,House / apartment,0.033133,-18199,-6759,-11026.0,-122,24.0,1,1,0,1,0,0,,4.0,1,1,WEDNESDAY,15,0,0,1,0,0,0,Self-employed,,0.169287,0.410359,0.1761,0.138,0.1833,0.0649,0.1101,0.1265,0.1538,0.1772,0.1659,0.1148,0.1276,0.1303,0.1066,0.0946,0.0832,0.1249,0.1331,0.1954,0.187,0.2017,0.199,0.1493,0.1819,0.1509,0.252,0.2178,0.2392,0.1361,0.1734,0.1697,0.1592,0.1829,0.2101,0.1788,0.1712,0.2135,0.2119,0.1978,0.2335,0.1612,0.1834,0.1751,reg oper spec account,block of flats,,,,0.0,1.0,0.0,0.0,-3437.0,0,1,0,0,0,0,0,0,0,0,0,0,0,0,0,0,0,0,0,0,0.0,0.0,0.0,0.0,0.0,1.0
100751,0,Cash loans,F,N,N,0,94500.0,225000.0,220500.0,7500.0,Unaccompanied,Pensioner,Secondary / secondary special,Married,House / apartment,0.027629,-22193,365243,-1230.0,-4195,,1,0,0,1,1,1,,2.0,1,1,FRIDAY,16,0,0,0,0,1,1,Business Entity Type 3,,0.488264,0.790587,0.187,0.2375,0.2579,0.1936,0.1782,0.1755,0.159,0.1846,0.1865,0.2072,0.2238,0.2356,0.1061,0.1098,0.0723,0.1979,0.225,0.2108,0.2494,0.2025,0.2251,0.2132,0.238,0.199,0.1214,0.1271,0.1281,0.1978,0.2117,0.2246,0.1165,0.1118,0.1017,0.112,0.145,0.1494,0.2129,0.1911,0.1932,0.2219,0.1653,0.1732,,,0.1536,,,1.0,0.0,1.0,0.0,-3493.0,0,1,0,0,0,0,0,0,0,0,0,0,0,0,0,0,0,0,0,0,0.0,0.0,0.0,,1.0,1.0
100752,1,Cash loans,F,N,N,0,103500.0,396000.0,342000.0,11000.0,Unaccompanied,Pensioner,Secondary / secondary special,Civil marriage,House / apartment,0.014566,-20416,365243,-9225.0,-2355,,1,0,1,1,0,0,Core staff,1.0,2,2,THURSDAY,10,0,0,0,0,1,0,Kindergarten,,0.313955,0.458334,0.0323,0.0545,0.0889,0.0878,0.0814,0.047,0.1349,0.0881,0.0784,0.0554,0.0714,0.0256,0.1215,0.0711,0.0389,0.0827,0.0904,0.1284,0.0638,0.088,0.1224,0.0414,0.0685,0.0602,0.0979,0.1488,0.1505,0.0961,0.0481,0.0836,0.0704,0.0741,0.0929,0.0844,0.0737,0.0939,0.0946,0.1162,0.0918,0.1139,0.0735,0.1058,reg oper account,,0.0732,Panel,,1.0,0.0,1.0,0.0,-3942.0,0,0,0,0,0,0,0,0,0,0,0,0,0,0,0,0,0,0,0,0,0.0,0.0,0.0,0.0,1.0,2.0
100753,0,Cash loans,F,N,Y,1,148500.0,274500.0,234000.0,15500.0,Unaccompanied,Pensioner,Secondary / secondary special,Separated,House / apartment,0.022265,-21010,365243,-14406.0,-438,,1,0,0,1,0,0,,3.0,3,3,FRIDAY,15,0,0,0,0,0,0,Business Entity Type 1,,0.295681,0.578543,0.1765,0.1681,0.1899,0.169,0.1706,0.1884,0.1945,0.248,0.2011,0.1734,0.1325,0.1189,0.1204,0.1153,0.1218,0.251,0.23,0.2026,0.2794,0.2905,0.2668,0.2529,0.2887,0.3068,0.1492,0.1444,0.1455,0.2401,0.2714,0.2405,0.1949,0.1652,0.1845,0.1681,0.165,0.152,0.1527,0.107,0.1355,0.1398,0.1687,0.1427,reg oper account,block of flats,,"Stone, brick",No,2.0,0.0,2.0,0.0,-4121.0,0,1,0,0,0,0,0,0,0,0,0,0,0,0,0,0,0,0,0,0,0.0,0.0,0.0,0.0,0.0,0.0
100754,0,Cash loans,M,N,Y,0,103500.0,427500.0,391500.0,17000.0,Unaccompanied,Commercial associate,Higher education,Single / not married,House / apartment,0.044362,-7983,-1408,-321.0,-1429,,1,1,0,1,0,0,Laborers,2.0,2,1,THURSDAY,13,0,0,0,0,0,0,Other,0.359247,0.563408,0.623504,0.5759,0.6198,0.608,0.7328,0.7392,0.7142,0.3362,0.327,0.3335,0.7159,0.7385,0.7157,0.7658,0.7513,0.7682,0.5888,0.5517,0.5901,0.7095,0.7126,0.686,0.686,0.6544,0.6731,0.5181,0.5018,0.5038,0.7511,0.7597,0.7607,0.4931,0.4605,0.4591,0.7031,0.7398,0.7818,0.7416,0.6994,0.7296,0.5393,0.5395,0.5405,reg oper account,block of flats,,,No,1.0,0.0,1.0,0.0,-1360.0,0,1,0,0,0,0,0,0,0,0,0,0,0,0,0,0,0,0,0,0,0.0,0.0,0.0,1.0,0.0,3.0
100755,0,Cash loans,F,Y,Y,1,108000.0,517500.0,490500.0,46500.0,Unaccompanied,Working,Secondary / secondary special,Married,House / apartment,0.025144,-15371,-1617,-4336.0,-1914,,1,1,0,1,1,0,High skill tech staff,3.0,1,1,SATURDAY,9,0,0,0,0,0,0,Self-employed,,0.528604,0.250097,0.6485,0.5772,0.5769,0.4849,0.4859,0.4658,0.6458,0.6956,0.6716,0.4487,0.4747,0.4497,0.5052,0.4787,0.5222,0.5739,0.5702,0.6067,0.459,0.4757,0.4812,0.7979,0.8234,0.7607,0.4617,0.4528,0.465,0.464,0.4439,0.4466,0.8654,0.804,0.8185,0.5567,0.5916,0.5523,0.8496,0.8327,0.8399,0.5996,0.5768,0.6105,,block of flats,,,,0.0,0.0,0.0,0.0,-1851.0,0,0,0,0,0,0,0,0,0,0,0,0,0,0,0,0,0,0,0,0,0.0,,0.0,,0.0,2.0
100756,0,Cash loans,M,Y,Y,0,252000.0,1174500.0,1035000.0,31500.0,Unaccompanied,Commercial associate,Secondary / secondary special,Married,House / apartment,0.007481,-8722,-2148,-93.0,-162,27.0,1,1,0,1,0,0,Drivers,1.0,2,2,WEDNESDAY,14,0,0,0,0,0,1,XNA,,0.899057,0.470238,0.1761,0.1944,0.16,0.1162,0.1253,0.123,0.115,0.1304,0.1128,0.1275,0.082,0.1133,0.1603,0.1373,0.1388,0.1564,0.1582,0.1687,0.1878,0.18,0.1772,0.1364,0.1165,0.156,0.1701,0.1689,0.1649,0.1483,0.1831,0.1788,0.1934,0.255,0.2319,0.144,0.1543,0.1707,0.2244,0.1922,0.2151,0.1709,0.1685,0.1455,reg oper account,block of flats,,Panel,No,1.0,1.0,1.0,0.0,-609.0,0,1,0,0,0,0,0,0,0,0,0,0,0,0,0,0,0,0,0,0,0.0,0.0,0.0,0.0,0.0,2.0
100757,0,Cash loans,F,Y,Y,0,256500.0,607500.0,513000.0,20000.0,"Spouse, partner",Working,Secondary / secondary special,Married,House / apartment,0.012663,-11297,-4722,-2431.0,-4368,10.0,1,1,0,1,0,0,Laborers,2.0,2,2,FRIDAY,13,0,0,0,0,0,1,Housing,0.733906,0.732769,0.574134,0.0833,0.1019,0.0999,0.176,0.1651,0.1783,0.17,0.1499,0.1549,0.14,0.1316,0.1048,0.1527,0.1658,0.1666,0.1255,0.117,0.1144,0.1797,0.2026,0.1887,0.1747,0.1473,0.1504,0.1342,0.1088,0.1399,0.1419,0.0913,0.1313,0.0893,0.0823,0.1332,0.18,0.1489,0.1272,0.1633,0.1517,0.1316,0.2032,0.203,0.146,reg oper account,,0.193,,No,2.0,0.0,2.0,0.0,-2952.0,0,1,0,0,0,0,0,0,0,0,0,0,0,0,0,0,0,0,0,0,0.0,0.0,0.0,0.0,1.0,1.0
100758,0,Revolving loans,F,N,Y,0,58500.0,189000.0,157500.0,6500.0,Unaccompanied,Commercial associate,Secondary / secondary special,Married,With parents,0.012303,-18001,-3515,-11232.0,-1299,,1,1,0,1,0,0,,2.0,2,2,MONDAY,17,0,0,0,0,0,0,XNA,,0.554778,0.372627,0.1692,0.1481,0.1298,0.1347,0.1061,0.1066,0.196,0.1639,0.1736,0.1405,0.1264,0.1388,0.1288,0.1495,0.1445,0.1877,0.1494,0.1716,0.1192,0.0944,0.0875,0.1699,0.1694,0.1667,0.2041,0.1625,0.1727,0.1155,0.0849,0.1209,0.1199,0.1319,0.1257,0.1681,0.192,0.1564,0.1083,0.1633,0.1471,0.1654,0.1884,0.1586,,block of flats,0.1813,,,1.0,0.0,1.0,0.0,-3160.0,0,0,0,0,0,0,1,0,0,0,0,0,0,0,0,0,0,0,0,0,0.0,,0.0,0.0,,2.0
100759,1,Cash loans,F,N,Y,0,94500.0,495000.0,418500.0,15500.0,Unaccompanied,Working,Secondary / secondary special,Married,House / apartment,0.011715,-18421,-243,-11403.0,-939,,1,1,0,1,1,0,High skill tech staff,2.0,2,2,TUESDAY,16,0,0,0,0,0,0,Business Entity Type 3,,0.602449,0.428919,0.5175,0.5314,0.5101,0.4007,0.4115,0.3702,0.4645,0.4678,0.4852,0.4445,0.4423,0.4451,0.4538,0.415,0.4643,0.2947,0.2583,0.2279,0.4547,0.421,0.4429,0.5077,0.5608,0.5004,0.3945,0.4285,0.4075,0.2874,0.2738,0.2857,0.3999,0.4068,0.4064,0.3655,0.3507,0.3502,0.3297,0.2888,0.2991,0.4742,0.459,0.4421,,block of flats,0.2323,,,2.0,0.0,2.0,0.0,-3797.0,0,1,0,0,0,0,0,0,0,0,0,0,0,0,0,0,0,0,0,0,0.0,0.0,0.0,0.0,0.0,2.0
100760,0,Cash loans,F,Y,N,2,112500.0,391500.0,315000.0,21000.0,Unaccompanied,Commercial associate,Secondary / secondary special,Married,House / apartment,0.005051,-20334,-880,-3974.0,-1105,,1,1,0,1,1,0,Core staff,3.0,2,2,THURSDAY,10,0,0,0,0,0,0,Security,,0.553882,0.569713,0.1914,0.2087,0.2368,0.1627,0.1438,0.1608,0.1381,0.146,0.1433,0.1995,0.1601,0.1762,0.1507,0.1203,0.1499,0.1782,0.2158,0.1926,0.1151,0.1973,0.1276,0.0771,0.0832,0.082,0.1686,0.1819,0.1749,0.1026,0.1218,0.145,0.1976,0.1967,0.1853,0.1975,0.1418,0.1754,0.1517,0.1054,0.1497,0.1468,0.1355,0.1513,,block of flats,0.1652,"Stone, brick",No,2.0,1.0,2.0,0.0,-619.0,0,1,0,0,0,0,0,0,0,0,0,0,0,0,0,0,0,0,0,0,0.0,0.0,0.0,,0.0,3.0
100761,0,Cash loans,F,N,Y,0,202500.0,675000.0,630000.0,24000.0,Unaccompanied,Commercial associate,Higher education,Married,House / apartment,0.060381,-17861,-3815,-8561.0,-4286,,1,1,0,1,0,0,Drivers,2.0,2,2,WEDNESDAY,13,0,0,0,0,0,0,Kindergarten,0.554678,0.543233,,0.2497,0.2095,0.1982,0.2327,0.2602,0.2249,0.1899,0.2008,0.2152,0.2171,0.2425,0.2071,0.1177,0.1094,0.1183,0.179,0.1539,0.1466,0.2293,0.2076,0.2018,0.2104,0.2379,0.1701,0.1202,0.1078,0.149,0.1576,0.1139,0.1412,0.1769,0.1872,0.1971,0.1873,0.1832,0.1949,0.1516,0.1578,0.2027,0.1838,0.249,0.2183,,block of flats,,Panel,No,3.0,0.0,3.0,1.0,-2531.0,0,0,0,0,0,0,0,0,0,0,0,0,0,0,0,0,0,0,0,0,0.0,0.0,0.0,0.0,,3.0
100762,0,Cash loans,M,N,Y,0,274500.0,3051000.0,2443500.0,89500.0,Unaccompanied,Working,Lower secondary,Civil marriage,House / apartment,0.010862,-17282,-1206,-8205.0,-3026,,1,1,0,1,0,0,,2.0,2,2,TUESDAY,13,0,0,0,0,0,1,XNA,,0.491862,0.437523,0.3301,0.3643,0.3764,0.1934,0.2001,0.1831,0.3119,0.3766,0.3367,0.337,0.3062,0.3303,0.2976,0.2683,0.3116,0.316,0.2285,0.2569,0.222,0.1897,0.204,0.2294,0.1865,0.2013,0.2716,0.225,0.2302,0.2362,0.2764,0.2825,0.3354,0.3351,0.3143,0.1714,0.2024,0.1867,0.3576,0.3166,0.3439,0.3329,0.2948,0.2998,,block of flats,0.1644,Panel,No,0.0,0.0,0.0,0.0,-1787.0,0,0,0,0,0,0,0,0,0,0,0,0,0,0,0,0,0,0,0,0,0.0,0.0,0.0,0.0,0.0,3.0
100763,0,Cash loans,M,N,Y,0,648000.0,1498500.0,1287000.0,118000.0,Unaccompanied,Working,Secondary / secondary special,Single / not married,House / apartment,0.01136,-21133,-7600,-3049.0,-4879,,1,1,0,1,0,0,Laborers,2.0,2,2,MONDAY,13,0,0,0,0,0,0,Self-employed,,0.588932,0.281708,0.3314,0.3677,0.318,0.3566,0.3618,0.4119,0.2633,0.2564,0.2412,0.4107,0.3901,0.4042,0.4269,0.369,0.3785,0.303,0.3078,0.3067,0.4001,0.373,0.3543,0.3472,0.3607,0.3344,0.2459,0.1707,0.2014,0.3951,0.3799,0.3847,0.2802,0.3098,0.324,0.2509,0.2558,0.2602,0.3911,0.3682,0.3991,0.3916,0.4052,0.3955,,,0.2118,Monolithic,No,2.0,0.0,2.0,0.0,-2164.0,0,0,0,0,0,0,0,0,0,0,0,0,0,0,0,0,0,0,0,0,0.0,0.0,,,0.0,1.0
100764,0,Cash loans,F,Y,Y,1,112500.0,796500.0,756000.0,20500.0,Unaccompanied,Working,Secondary / secondary special,Civil marriage,House / apartment,0.005611,-15326,-8752,-6663.0,-2611,,1,1,1,1,0,0,High skill tech staff,3.0,2,2,SUNDAY,11,0,0,0,0,0,0,Self-employed,0.665351,0.526331,0.520248,0.1145,0.1593,0.0873,0.1729,0.131,0.1554,0.1932,0.1579,0.1515,0.1799,0.1966,0.199,0.1146,0.0701,0.0818,0.1152,0.1194,0.1054,0.1033,0.069,0.0891,0.1204,0.1448,0.0969,0.1322,0.1258,0.0856,0.2051,0.1709,0.1893,0.1433,0.1402,0.1838,0.2031,0.1935,0.2043,0.1252,0.1549,0.1048,0.1836,0.1566,0.1873,,,,,No,1.0,0.0,1.0,1.0,-2891.0,0,1,0,0,0,0,0,0,0,0,0,0,0,0,0,0,0,0,0,0,0.0,0.0,0.0,0.0,0.0,1.0
100765,0,Revolving loans,F,Y,N,0,117000.0,243000.0,207000.0,6500.0,Unaccompanied,Working,Higher education,Married,House / apartment,0.031999,-16985,-998,-818.0,-4094,,1,1,0,1,0,0,Laborers,2.0,2,1,SATURDAY,18,0,1,0,0,0,0,Construction,0.626072,0.680775,,0.4191,0.4056,0.4218,0.515,0.4866,0.4717,0.3217,0.3277,0.2955,0.2463,0.2593,0.277,0.2743,0.2963,0.2509,0.3997,0.4342,0.4182,0.3369,0.3544,0.3129,0.2927,0.321,0.3397,0.2782,0.2843,0.2995,0.4055,0.4385,0.4172,0.4319,0.4339,0.4303,0.2367,0.2614,0.2955,0.4096,0.3685,0.3267,0.2419,0.2588,0.2726,,block of flats,,,,0.0,0.0,0.0,0.0,-3026.0,0,1,0,0,0,0,0,0,0,0,0,0,0,0,0,0,0,0,0,0,0.0,0.0,1.0,0.0,0.0,3.0
100766,0,Cash loans,F,N,Y,1,202500.0,1134000.0,949500.0,29000.0,Other_B,Working,Secondary / secondary special,Married,House / apartment,0.017676,-20036,-641,-13070.0,-2830,,1,1,0,1,0,0,Laborers,2.0,2,2,SUNDAY,10,0,0,0,0,0,0,Self-employed,,0.180131,0.445582,0.1808,0.1777,0.1975,0.1227,0.1189,0.1321,0.0867,0.0992,0.1044,0.1895,0.136,0.1641,0.2002,0.1857,0.2097,0.193,0.1732,0.196,0.081,0.0795,0.0882,0.1365,0.1307,0.1293,0.1107,0.1582,0.1247,0.0858,0.1016,0.1269,0.1207,0.1228,0.1358,0.1942,0.2086,0.1631,0.1759,0.2026,0.1816,0.0902,0.0948,0.1006,,block of flats,,,No,3.0,0.0,3.0,0.0,-1453.0,0,0,0,0,0,0,0,0,0,0,0,0,0,0,1,0,0,0,0,0,0.0,0.0,0.0,2.0,0.0,2.0
100767,0,Cash loans,F,N,Y,0,99000.0,571500.0,553500.0,16500.0,Unaccompanied,Pensioner,Higher education,Married,House / apartment,0.015044,-22606,365243,-13072.0,-3557,,1,0,0,1,0,0,Laborers,2.0,2,2,TUESDAY,18,0,0,0,0,0,0,XNA,,0.544873,0.688146,0.1061,0.0702,0.0718,0.0413,0.043,0.0402,0.1054,0.0752,0.0499,0.0653,0.0447,0.0398,0.0929,0.0513,0.1258,0.0616,0.0975,0.1043,0.0701,0.0852,0.1005,0.0736,0.0548,0.1033,0.0837,0.0548,0.1057,0.0604,0.099,0.0244,0.0696,0.0745,0.0255,0.1069,0.0905,0.1065,0.111,0.0801,0.0817,0.0931,0.1058,0.1162,,block of flats,,,No,1.0,1.0,1.0,0.0,-2463.0,0,1,0,0,0,0,0,0,0,0,0,0,0,0,0,0,0,0,0,0,0.0,0.0,0.0,0.0,0.0,1.0
100768,0,Cash loans,F,N,Y,1,135000.0,396000.0,319500.0,21000.0,Family,Pensioner,Higher education,Civil marriage,House / apartment,0.015545,-22349,365243,-6157.0,-5267,,1,0,0,1,1,0,Accountants,3.0,2,2,TUESDAY,7,0,0,0,0,0,0,Other,0.521655,0.562333,,0.3054,0.3123,0.313,0.3628,0.3141,0.313,0.2384,0.2346,0.2151,0.2401,0.2375,0.2309,0.3136,0.3107,0.2744,0.3815,0.3472,0.3536,0.2444,0.2457,0.2303,0.3636,0.2878,0.306,0.2613,0.2666,0.2609,0.1979,0.1761,0.1817,0.3556,0.3313,0.3125,0.3333,0.3334,0.3399,0.2575,0.2686,0.2803,0.2861,0.2879,0.2903,,,,Panel,No,3.0,0.0,3.0,0.0,-887.0,0,1,0,0,1,0,0,0,0,0,0,0,0,0,0,0,0,0,0,0,0.0,0.0,0.0,2.0,0.0,1.0
100769,0,Cash loans,F,N,Y,0,117000.0,234000.0,225000.0,8500.0,Unaccompanied,State servant,Secondary / secondary special,Married,House / apartment,0.026922,-15316,-8363,-2301.0,-3683,,1,1,0,1,0,0,Sales staff,2.0,2,3,WEDNESDAY,11,0,0,0,1,0,1,Housing,,0.496538,0.520604,0.6987,0.6717,0.681,0.5638,0.5947,0.5473,0.3958,0.423,0.4135,0.5171,0.5242,0.4818,0.3272,0.3646,0.3834,0.6192,0.6385,0.6059,0.4973,0.5423,0.5112,0.6286,0.6485,0.6593,0.4721,0.4605,0.4834,0.4515,0.4545,0.4463,0.5223,0.5427,0.5803,0.7557,0.7419,0.7468,0.7402,0.7854,0.7947,0.6047,0.5987,0.6001,,specific housing,0.4406,Block,No,1.0,0.0,1.0,0.0,-3137.0,0,1,0,0,0,0,0,0,0,0,0,0,0,0,0,0,0,0,0,0,0.0,0.0,0.0,,0.0,1.0
100770,0,Cash loans,M,N,N,0,36000.0,49500.0,40500.0,3500.0,Unaccompanied,Working,Secondary / secondary special,Single / not married,House / apartment,0.013886,-15189,-639,-7974.0,-2966,,1,1,0,1,1,0,Core staff,2.0,2,2,FRIDAY,15,0,0,0,0,0,1,Business Entity Type 3,0.767235,0.563498,0.520988,0.2153,0.2325,0.2162,0.3322,0.3856,0.337,0.4071,0.4546,0.43,0.3797,0.4155,0.3883,0.3014,0.3214,0.3388,0.2009,0.1964,0.1977,0.2868,0.3079,0.2923,0.2399,0.2957,0.2684,0.3919,0.3797,0.3864,0.2203,0.225,0.2364,0.4452,0.4857,0.452,0.3769,0.3897,0.3836,0.4056,0.4422,0.3995,0.4303,0.4499,0.4721,reg oper spec account,block of flats,0.481,"Stone, brick",No,1.0,0.0,1.0,0.0,-295.0,0,1,0,0,0,0,0,0,0,0,0,0,0,0,0,0,0,0,0,0,0.0,0.0,0.0,,1.0,3.0
100771,0,Cash loans,F,N,N,0,157500.0,436500.0,378000.0,13500.0,Unaccompanied,Working,Secondary / secondary special,Married,House / apartment,0.005449,-16911,-3782,-256.0,-5193,,1,1,1,1,0,0,Managers,2.0,2,2,SUNDAY,9,0,0,0,0,0,0,Other,,0.719055,0.44062,0.1773,0.1412,0.1367,0.2493,0.2369,0.2309,0.2394,0.2411,0.2403,0.2677,0.2137,0.2339,0.2724,0.2853,0.3144,0.2387,0.2206,0.2055,0.1851,0.1943,0.1857,0.2016,0.1646,0.1574,0.3683,0.371,0.3326,0.2286,0.1944,0.1589,0.2246,0.252,0.1895,0.1613,0.1809,0.2197,0.1772,0.1849,0.1902,0.2045,0.1919,0.1756,reg oper account,,0.3546,,,0.0,0.0,0.0,0.0,-388.0,0,1,0,0,0,0,0,0,0,0,0,0,0,0,0,0,0,0,0,0,,0.0,0.0,0.0,,1.0
100772,0,Cash loans,F,N,Y,0,135000.0,702000.0,634500.0,48000.0,Unaccompanied,Working,Secondary / secondary special,Married,House / apartment,0.008396,-17649,-7211,-4179.0,-3834,,1,1,0,1,0,0,Sales staff,2.0,2,2,MONDAY,10,0,0,0,0,0,0,Business Entity Type 3,,0.517046,,0.5614,0.5547,0.5319,0.2766,0.2725,0.3233,0.5453,0.5537,0.5933,0.3908,0.3933,0.3875,0.3344,0.3736,0.3336,0.4873,0.448,0.4819,0.3734,0.3657,0.3584,0.536,0.6299,0.5902,0.5435,0.5532,0.5366,0.3592,0.381,0.4009,0.3904,0.3815,0.3884,0.4671,0.5086,0.5164,0.3109,0.3067,0.2943,0.5066,0.5184,0.4894,,block of flats,0.3039,,No,3.0,0.0,3.0,0.0,-3361.0,0,0,0,0,0,0,0,0,0,0,0,0,0,0,0,0,0,0,0,0,0.0,0.0,0.0,0.0,0.0,2.0
100773,0,Cash loans,M,N,Y,0,297000.0,639000.0,544500.0,17500.0,Unaccompanied,Commercial associate,Higher education,Married,House / apartment,0.00813,-15449,-4084,-3242.0,-5598,,1,1,1,1,0,0,,2.0,2,2,THURSDAY,14,0,0,0,1,0,0,XNA,,0.469855,,0.0961,0.0693,0.0946,0.0683,0.0614,0.0743,0.0455,0.0863,0.0604,0.0795,0.106,0.0844,0.0715,0.0672,0.0885,0.0829,0.0732,0.0824,0.1358,0.1537,0.1687,0.1274,0.1085,0.1462,0.0819,0.0853,0.0868,0.056,0.0854,0.0754,0.1046,0.1203,0.0832,0.1094,0.0884,0.097,0.0933,0.0615,0.0451,0.092,0.0692,0.0581,reg oper account,block of flats,,Panel,,3.0,0.0,3.0,0.0,-648.0,0,0,0,0,0,0,0,0,0,0,0,0,0,0,0,0,0,0,0,0,0.0,0.0,1.0,1.0,0.0,2.0
100774,0,Cash loans,M,N,Y,0,148500.0,612000.0,544500.0,35500.0,Unaccompanied,Commercial associate,Secondary / secondary special,Married,House / apartment,0.022181,-10312,-2785,-970.0,-3884,,1,1,0,1,1,0,Laborers,2.0,2,2,TUESDAY,6,0,0,0,1,1,0,Government,,0.529209,0.959269,0.227,0.2278,0.1962,0.2872,0.2622,0.2926,0.266,0.2739,0.2787,0.3092,0.266,0.223,0.2609,0.2689,0.2555,0.253,0.2302,0.232,0.2939,0.2999,0.2892,0.2596,0.2912,0.2829,0.205,0.1697,0.1584,0.1891,0.1719,0.1854,0.2657,0.271,0.2948,0.1612,0.1526,0.1571,0.2016,0.2186,0.2067,0.2048,0.2142,0.2225,reg oper account,,,,,1.0,0.0,1.0,0.0,-1375.0,0,1,0,0,0,0,0,0,0,0,0,0,0,0,0,0,0,0,0,0,0.0,,0.0,0.0,0.0,1.0
100775,0,Cash loans,F,N,Y,1,72000.0,126000.0,103500.0,8500.0,Unaccompanied,Pensioner,Secondary / secondary special,Married,House / apartment,0.033286,-21920,365243,-722.0,-4122,,1,0,0,1,0,0,,3.0,3,3,THURSDAY,16,0,0,0,0,0,0,Government,,0.587535,0.461018,0.0372,0.0501,0.0549,0.076,0.0779,0.0767,0.1319,0.0663,0.0965,0.0361,0.0411,0.0679,0.0279,0.0625,0.0203,0.0713,0.0833,0.0597,0.0841,0.0586,0.057,0.0487,0.0954,0.0448,0.0566,0.0406,0.0412,0.0892,0.0596,0.0684,0.0814,0.0463,0.0329,0.0774,0.0822,0.09,0.0764,0.0347,0.0597,0.1037,0.0511,0.0526,,,,,,0.0,0.0,0.0,0.0,-1012.0,0,1,0,0,0,0,0,0,0,0,0,0,0,0,0,0,0,0,0,0,0.0,0.0,0.0,0.0,0.0,1.0
100776,0,Cash loans,F,N,N,2,126000.0,432000.0,387000.0,35500.0,Unaccompanied,Working,Secondary / secondary special,Civil marriage,House / apartment,0.046401,-14694,-8120,-1176.0,-3101,,1,1,0,1,0,0,Cooking staff,3.0,2,2,SATURDAY,17,0,1,0,0,1,0,Kindergarten,,0.434038,0.52212,0.3628,0.3682,0.4026,0.5253,0.5259,0.4868,0.6421,0.6741,0.724,0.415,0.4081,0.4336,0.6495,0.6754,0.6617,0.3947,0.3844,0.4082,0.3657,0.3494,0.3672,0.6138,0.6197,0.6221,0.3607,0.3811,0.4158,0.3848,0.3644,0.3985,0.6754,0.7258,0.7002,0.6308,0.6292,0.6082,0.3727,0.4163,0.4156,0.6255,0.6789,0.6455,,,,,No,0.0,0.0,0.0,0.0,-3771.0,0,1,0,0,0,0,0,0,0,0,0,0,0,0,0,0,0,0,0,0,0.0,,0.0,0.0,0.0,2.0
100777,1,Cash loans,M,Y,N,1,45000.0,94500.0,76500.0,3000.0,Family,Commercial associate,Higher education,Married,House / apartment,0.006786,-10577,-1409,-3913.0,-5099,16.0,1,1,0,1,0,0,High skill tech staff,2.0,3,3,THURSDAY,17,0,0,0,0,0,1,Self-employed,,0.222127,,0.1112,0.1198,0.1151,0.1171,0.0736,0.0774,0.1993,0.1989,0.1638,0.1833,0.1959,0.1769,0.158,0.1401,0.1096,0.1932,0.1821,0.1956,0.1122,0.1322,0.0952,0.1843,0.1929,0.1693,0.1469,0.2113,0.2103,0.1789,0.1477,0.1528,0.1229,0.0722,0.0694,0.1606,0.1323,0.1617,0.1944,0.2123,0.1749,0.1678,0.1661,0.1538,,,,Panel,,3.0,0.0,3.0,0.0,-3783.0,0,1,0,0,0,0,0,0,0,0,0,0,0,0,0,0,0,0,0,0,0.0,0.0,0.0,0.0,0.0,1.0
100778,0,Cash loans,M,N,Y,2,76500.0,288000.0,270000.0,18500.0,Family,State servant,Secondary / secondary special,Married,House / apartment,0.02747,-13703,-4646,-5292.0,-1828,,1,1,0,1,1,0,,4.0,2,2,THURSDAY,13,0,0,0,0,0,0,Trade: type 7,,0.418423,0.450264,0.2454,0.2385,0.2298,0.3542,0.3502,0.3806,0.1895,0.1963,0.2113,0.1888,0.177,0.197,0.193,0.2106,0.1898,0.2564,0.249,0.2469,0.1598,0.1724,0.119,0.2596,0.2682,0.26,0.3763,0.3627,0.3786,0.2239,0.2298,0.2163,0.3491,0.3682,0.3748,0.2819,0.2881,0.2312,0.2787,0.2791,0.2824,0.3179,0.3499,0.3404,,,0.4014,Panel,,0.0,0.0,0.0,0.0,-1701.0,0,1,0,0,0,0,0,0,0,0,0,0,0,0,0,0,0,0,0,0,0.0,0.0,0.0,0.0,0.0,3.0
100779,0,Cash loans,F,Y,Y,2,207000.0,612000.0,549000.0,38500.0,Unaccompanied,Working,Secondary / secondary special,Married,House / apartment,0.012771,-9766,-1536,-2497.0,-3265,,1,1,1,1,0,0,,4.0,2,2,MONDAY,11,0,0,0,0,0,0,Self-employed,,0.876959,0.860706,0.2933,0.2837,0.2663,0.4735,0.4885,0.5441,0.3622,0.3503,0.3691,0.3562,0.3308,0.3086,0.3832,0.3971,0.3927,0.442,0.4656,0.4797,0.3251,0.3159,0.3223,0.367,0.3472,0.3446,0.2668,0.2211,0.2485,0.4144,0.4572,0.4479,0.3955,0.394,0.3873,0.4936,0.4719,0.4889,0.506,0.514,0.5288,0.295,0.2701,0.2695,reg oper account,block of flats,0.4103,Panel,,0.0,0.0,0.0,0.0,-302.0,0,0,0,0,0,0,0,0,0,0,0,0,0,0,0,0,0,0,0,0,0.0,,0.0,0.0,1.0,2.0
100780,0,Cash loans,M,N,Y,0,130500.0,265500.0,234000.0,17500.0,Unaccompanied,Pensioner,Secondary / secondary special,Widow,House / apartment,0.0725,-22823,365243,-6324.0,-5418,,1,0,1,1,0,0,Laborers,1.0,2,2,MONDAY,11,0,0,0,0,0,0,Business Entity Type 3,0.602167,0.561898,,0.537,0.5938,0.563,0.2834,0.2664,0.256,0.5481,0.5566,0.6013,0.2809,0.297,0.2825,0.352,0.3916,0.3737,0.4155,0.4028,0.4386,0.3208,0.3159,0.3651,0.2812,0.2932,0.2833,0.3807,0.3658,0.3911,0.5613,0.5291,0.534,0.4321,0.458,0.432,0.2726,0.3243,0.2951,0.5072,0.4927,0.4775,0.3191,0.3247,0.3377,reg oper account,block of flats,0.5313,,,2.0,0.0,2.0,0.0,-2245.0,0,1,0,0,0,0,1,0,0,0,0,0,0,0,0,0,0,0,0,0,0.0,0.0,0.0,0.0,0.0,
100781,0,Cash loans,F,N,Y,0,243000.0,661500.0,522000.0,34500.0,Children,Commercial associate,Secondary / secondary special,Single / not married,House / apartment,0.044094,-19682,-1375,-7357.0,-1275,,1,1,0,1,0,0,High skill tech staff,2.0,2,2,MONDAY,13,0,0,0,0,0,0,XNA,0.407657,0.30746,0.374836,0.4946,0.4941,0.5032,0.4432,0.4737,0.4218,0.2748,0.247,0.2123,0.37,0.364,0.3989,0.4741,0.5159,0.4494,0.27,0.2977,0.2865,0.4017,0.4273,0.431,0.2095,0.1953,0.2321,0.4697,0.4643,0.447,0.2616,0.2716,0.2299,0.3147,0.2971,0.287,0.378,0.4074,0.3972,0.4946,0.5499,0.5018,0.2828,0.253,0.2637,,,,,,0.0,0.0,0.0,0.0,-2960.0,0,1,0,0,0,0,0,0,0,0,0,0,0,0,0,0,0,0,0,0,0.0,0.0,,1.0,0.0,2.0
100782,0,Revolving loans,M,N,Y,2,49500.0,117000.0,103500.0,3000.0,Unaccompanied,Working,Secondary / secondary special,Single / not married,House / apartment,0.053715,-15394,-1540,-3391.0,-2629,,1,1,1,1,1,0,Core staff,4.0,1,1,FRIDAY,12,0,0,0,0,1,0,Business Entity Type 3,,0.389959,0.917549,0.2524,0.2613,0.2792,0.4971,0.4868,0.4579,0.4808,0.4854,0.4805,0.4868,0.4654,0.4942,0.4572,0.4639,0.4524,0.3114,0.2879,0.2568,0.4563,0.4247,0.439,0.4588,0.4545,0.4963,0.3188,0.3041,0.3153,0.2284,0.2653,0.2475,0.3431,0.3292,0.3226,0.2771,0.281,0.2938,0.3058,0.32,0.2877,0.4876,0.4814,0.481,,,0.2936,,,0.0,0.0,0.0,0.0,-1359.0,0,1,0,0,0,0,1,0,0,0,0,0,0,0,0,0,0,0,0,0,0.0,0.0,0.0,1.0,0.0,1.0
100783,0,Cash loans,F,N,N,2,130500.0,247500.0,220500.0,10000.0,Unaccompanied,Pensioner,Secondary / secondary special,Married,House / apartment,0.030754,-22115,365243,-9010.0,-154,,1,0,1,1,1,0,High skill tech staff,4.0,3,3,THURSDAY,11,0,0,0,0,1,0,Self-employed,,0.393019,0.616218,0.2915,0.2938,0.3424,0.5376,0.5185,0.5066,0.432,0.4339,0.4328,0.2546,0.2415,0.2741,0.2726,0.2765,0.2901,0.2437,0.2631,0.2687,0.3711,0.353,0.3871,0.3659,0.3544,0.3774,0.3689,0.3762,0.4033,0.3911,0.3647,0.3713,0.3332,0.3099,0.3098,0.212,0.2221,0.2399,0.2552,0.2803,0.2476,0.4026,0.4209,0.416,,block of flats,,,,0.0,0.0,0.0,0.0,-102.0,0,1,0,0,0,0,0,0,0,0,0,0,0,0,0,0,0,0,0,0,0.0,0.0,0.0,0.0,1.0,0.0
100784,0,Cash loans,F,N,Y,2,112500.0,796500.0,661500.0,44500.0,Unaccompanied,Pensioner,Secondary / secondary special,Civil marriage,House / apartment,0.023696,-22380,365243,-12873.0,-3426,,1,0,1,1,0,0,Private service staff,4.0,2,2,WEDNESDAY,17,0,0,0,0,1,0,Self-employed,,0.363903,0.542061,0.4104,0.4163,0.4181,0.6795,0.6472,0.6727,0.5066,0.5113,0.512,0.6602,0.6345,0.6086,0.5497,0.5009,0.5462,0.791,0.7695,0.7238,0.5199,0.5958,0.5658,0.4562,0.4828,0.4942,0.3579,0.3654,0.3808,0.4023,0.3629,0.3655,0.7546,0.7921,0.7763,0.3569,0.3355,0.3643,0.7254,0.7092,0.7135,0.6002,0.6391,0.6552,reg oper account,block of flats,,,,0.0,0.0,0.0,0.0,-3541.0,0,1,0,0,0,0,0,0,0,0,0,0,0,0,0,0,0,0,0,0,0.0,0.0,,0.0,0.0,2.0
100785,0,Revolving loans,F,Y,Y,1,247500.0,792000.0,724500.0,52500.0,Family,Pensioner,Higher education,Married,Rented apartment,0.014569,-22014,365243,-2126.0,-2084,,1,0,0,1,0,0,Sales staff,3.0,2,2,THURSDAY,11,0,0,0,0,0,0,XNA,0.364815,0.57291,0.467342,0.2397,0.2547,0.2247,0.2009,0.2022,0.2344,0.1788,0.1789,0.1551,0.2718,0.2562,0.2421,0.1576,0.125,0.1473,0.1644,0.1478,0.1795,0.2465,0.2297,0.187,0.2418,0.2597,0.2555,0.3205,0.2806,0.2941,0.2047,0.2096,0.2184,0.2977,0.3054,0.2881,0.2652,0.2733,0.3076,0.186,0.2236,0.1705,0.1644,0.1858,0.1344,,block of flats,,Panel,,0.0,0.0,0.0,0.0,-11.0,0,1,0,0,0,0,0,0,0,0,0,0,0,0,0,0,0,0,0,0,0.0,0.0,0.0,0.0,0.0,
100786,0,Cash loans,F,Y,N,0,211500.0,247500.0,198000.0,23500.0,Unaccompanied,Working,Higher education,Civil marriage,House / apartment,0.012896,-7922,-1348,-1260.0,-3354,,1,1,0,1,0,1,Managers,1.0,2,2,TUESDAY,17,0,0,0,0,0,1,Self-employed,,0.53228,0.556435,0.1126,0.088,0.0822,0.0587,0.0698,0.0253,0.0894,0.1402,0.0773,0.0824,0.1044,0.0962,0.0933,0.0698,0.0669,0.1162,0.1145,0.0809,0.0859,0.0706,0.0945,0.137,0.0995,0.066,0.0712,0.0766,0.0522,0.0985,0.1143,0.0866,0.083,0.1349,0.0997,0.1208,0.0548,0.0889,0.0466,0.0555,0.0546,0.0781,0.0649,0.0624,reg oper spec account,block of flats,,,,1.0,0.0,1.0,0.0,-857.0,0,1,0,0,0,0,0,0,0,0,0,0,0,0,0,0,0,0,0,0,,0.0,0.0,0.0,0.0,
100787,0,Cash loans,F,N,N,2,211500.0,585000.0,481500.0,28000.0,Unaccompanied,Working,Lower secondary,Civil marriage,House / apartment,0.011387,-7718,-1144,-1012.0,-1417,,1,1,1,1,0,0,Sales staff,4.0,1,1,TUESDAY,12,0,0,0,0,0,1,Other,,0.389374,,0.1418,0.1039,0.1097,0.1941,0.1389,0.158,0.1074,0.1229,0.1387,0.1954,0.1893,0.2121,0.2101,0.1965,0.1799,0.0886,0.0968,0.0662,0.2149,0.2092,0.2039,0.1554,0.1906,0.1351,0.162,0.133,0.1424,0.2208,0.2161,0.184,0.1816,0.1554,0.1919,0.186,0.2294,0.214,0.1453,0.1776,0.1889,0.2029,0.1605,0.1516,reg oper account,,,"Stone, brick",No,1.0,0.0,1.0,0.0,-883.0,0,0,0,0,0,0,0,0,0,0,0,0,0,0,0,0,0,0,0,0,0.0,0.0,0.0,2.0,1.0,3.0
100788,0,Cash loans,F,N,Y,2,342000.0,2205000.0,2043000.0,166000.0,Unaccompanied,Commercial associate,Incomplete higher,Married,House / apartment,0.027424,-8126,-1315,-461.0,-4965,,1,1,0,1,0,0,Security staff,4.0,2,2,TUESDAY,12,0,0,0,0,0,0,XNA,,0.482968,0.708109,0.5854,0.572,0.5842,0.6945,0.6893,0.6805,0.567,0.5586,0.5794,0.5449,0.5664,0.5362,0.7028,0.7202,0.7382,0.3888,0.3664,0.3458,0.3218,0.3173,0.3319,0.59,0.5595,0.5483,0.4433,0.4404,0.4432,0.5591,0.5039,0.5369,0.442,0.4541,0.417,0.6517,0.638,0.6732,0.752,0.7121,0.7292,0.6763,0.6893,0.6896,,,,,No,3.0,0.0,3.0,0.0,-3057.0,0,1,0,0,0,0,0,0,0,0,0,0,0,0,0,0,0,0,0,0,0.0,0.0,0.0,1.0,2.0,
100789,0,Cash loans,F,Y,Y,0,121500.0,310500.0,252000.0,28500.0,Unaccompanied,Working,Secondary / secondary special,Married,House / apartment,0.049204,-15099,-629,-8253.0,-5911,,1,1,0,1,1,0,,2.0,2,2,SATURDAY,14,0,0,0,0,0,1,Business Entity Type 3,,0.660732,0.535234,0.2412,0.274,0.2829,0.1838,0.192,0.1862,0.235,0.2444,0.2693,0.2689,0.2917,0.3156,0.3895,0.3598,0.3561,0.2598,0.2543,0.2294,0.3518,0.3307,0.3275,0.2287,0.1969,0.2004,0.2052,0.1942,0.2291,0.2874,0.3354,0.283,0.214,0.2116,0.2334,0.2284,0.198,0.1581,0.2227,0.2297,0.2723,0.234,0.2448,0.2494,reg oper account,,,,No,1.0,0.0,1.0,0.0,-160.0,0,0,0,0,0,0,1,0,0,0,0,0,0,0,0,0,0,0,0,0,0.0,,0.0,1.0,1.0,1.0
100790,0,Cash loans,F,N,Y,1,306000.0,2718000.0,2254500.0,207500.0,Unaccompanied,Working,Secondary / secondary special,Married,House / apartment,0.014989,-8964,-2321,-2010.0,-3207,,1,1,0,1,0,0,,3.0,2,2,WEDNESDAY,14,0,0,0,0,0,0,Industry: type 3,,0.744368,0.27318,0.2173,0.2545,0.2362,0.1893,0.2089,0.1672,0.3068,0.3233,0.2904,0.1427,0.1924,0.1764,0.2494,0.2274,0.2428,0.2747,0.2545,0.2764,0.1991,0.1968,0.1998,0.1465,0.1684,0.1184,0.2383,0.2718,0.2913,0.1597,0.1557,0.1424,0.1557,0.1316,0.1607,0.3328,0.3499,0.3285,0.2401,0.2999,0.2893,0.2783,0.2191,0.2419,,block of flats,0.2075,,No,2.0,0.0,2.0,0.0,-2637.0,0,0,0,0,0,0,0,0,0,0,0,0,0,0,0,0,0,0,0,0,0.0,0.0,0.0,,0.0,4.0
100791,0,Cash loans,M,N,N,0,81000.0,198000.0,180000.0,10000.0,Other_B,Working,Secondary / secondary special,Married,Municipal apartment,0.011949,-19043,-7140,-138.0,-3661,,1,1,0,1,0,0,,1.0,2,2,SUNDAY,12,0,0,0,0,0,1,Trade: type 7,,0.605814,0.563362,0.3584,0.3486,0.3485,0.356,0.3483,0.3771,0.4008,0.3835,0.397,0.2774,0.3396,0.3113,0.3725,0.3372,0.3429,0.3165,0.3354,0.3171,0.2561,0.296,0.3056,0.2893,0.2805,0.2844,0.3268,0.3039,0.3198,0.2647,0.2599,0.3199,0.2833,0.2466,0.3037,0.2857,0.2378,0.2478,0.2407,0.2647,0.2368,0.2449,0.2122,0.2157,,block of flats,0.2563,,,1.0,1.0,1.0,0.0,-4158.0,0,1,0,0,0,0,0,0,0,0,0,0,0,0,0,0,0,0,0,0,0.0,0.0,0.0,0.0,,4.0
100792,0,Cash loans,M,Y,Y,2,81000.0,418500.0,387000.0,13000.0,Unaccompanied,Working,Secondary / secondary special,Married,House / apartment,0.007454,-15023,-7145,-100.0,-2741,,1,1,0,1,0,0,Laborers,4.0,2,2,MONDAY,14,0,0,0,0,1,0,Business Entity Type 3,0.590867,0.540961,,0.08,0.0747,0.0824,0.1692,0.1431,0.1763,0.1527,0.1448,0.1696,0.102,0.089,0.0655,0.1618,0.1483,0.1504,0.1004,0.1173,0.1182,0.1376,0.1358,0.12,0.0995,0.0518,0.0777,0.1904,0.1731,0.1932,0.0743,0.0816,0.0958,0.1572,0.1434,0.1349,0.1016,0.1338,0.1161,0.1687,0.1357,0.1275,0.1226,0.1245,0.0876,,,,,No,0.0,0.0,0.0,1.0,-688.0,0,1,0,0,0,0,0,0,0,0,0,0,0,0,0,0,1,0,0,0,0.0,0.0,0.0,0.0,0.0,4.0
100793,0,Cash loans,F,N,Y,0,220500.0,1521000.0,1201500.0,126500.0,Unaccompanied,Commercial associate,Lower secondary,Married,House / apartment,0.021763,-11165,-989,-2830.0,-1790,,1,1,0,1,0,0,Core staff,2.0,2,2,MONDAY,14,0,0,0,0,0,0,Self-employed,,0.546295,0.867643,0.2218,0.2159,0.1462,0.0793,0.0953,0.1037,0.2209,0.1815,0.2123,0.1486,0.1385,0.1871,0.1582,0.127,0.1789,0.1584,0.1941,0.171,0.1817,0.1702,0.154,0.1301,0.1663,0.1602,0.184,0.128,0.1573,0.1772,0.1965,0.2089,0.2164,0.1619,0.1696,0.1881,0.1755,0.1684,0.1607,0.1888,0.1453,0.1957,0.1903,0.1735,,,,,No,2.0,0.0,2.0,0.0,-692.0,0,0,0,0,0,0,0,0,0,0,0,0,0,0,0,0,0,0,0,0,0.0,,0.0,0.0,1.0,1.0
100794,0,Cash loans,F,N,Y,1,63000.0,315000.0,252000.0,10500.0,Unaccompanied,Commercial associate,Secondary / secondary special,Married,House / apartment,0.040072,-19617,-13042,-9275.0,-2760,,1,1,0,1,1,0,Managers,3.0,2,2,FRIDAY,17,0,1,0,0,0,0,XNA,,0.553279,0.51168,0.1214,0.1091,0.0968,0.1299,0.12,0.148,0.2244,0.2494,0.2243,0.1756,0.1776,0.2051,0.1754,0.1908,0.1649,0.1576,0.1361,0.1681,0.1742,0.2041,0.2021,0.1663,0.1637,0.1691,0.1058,0.0808,0.1016,0.2514,0.2378,0.1882,0.2239,0.2638,0.2234,0.2475,0.2279,0.2244,0.174,0.177,0.1661,0.1759,0.1268,0.1785,,,,,,3.0,0.0,3.0,0.0,-599.0,0,1,0,0,0,0,0,0,0,0,0,0,0,0,0,0,0,0,0,0,,0.0,0.0,0.0,1.0,3.0
100795,0,Cash loans,F,N,Y,0,202500.0,369000.0,319500.0,13000.0,Unaccompanied,Working,Secondary / secondary special,Single / not married,House / apartment,0.041335,-14930,-1253,-1192.0,-2963,,1,1,0,1,0,0,Managers,2.0,2,3,WEDNESDAY,12,0,0,0,0,0,0,Bank,,0.485009,0.36137,0.2769,0.2991,0.2946,0.2448,0.2783,0.2522,0.3108,0.3383,0.3717,0.2608,0.2583,0.2557,0.3411,0.3135,0.3035,0.3363,0.3091,0.2915,0.3453,0.3723,0.4011,0.2066,0.2017,0.1883,0.296,0.2988,0.2882,0.3546,0.3638,0.3485,0.3166,0.2763,0.2953,0.3332,0.3341,0.3213,0.3117,0.2998,0.3073,0.2139,0.2507,0.2673,reg oper spec account,,,,,1.0,0.0,1.0,0.0,-3668.0,0,1,0,0,0,0,0,0,0,0,0,0,0,0,0,0,0,0,0,0,0.0,0.0,0.0,0.0,0.0,1.0
100796,0,Cash loans,M,N,Y,0,157500.0,364500.0,328500.0,10000.0,Unaccompanied,Commercial associate,Secondary / secondary special,Married,House / apartment,0.043955,-12667,-652,-2302.0,-4679,,1,1,0,1,0,0,Laborers,1.0,2,1,SATURDAY,10,0,0,0,0,0,0,Government,0.9995,0.672854,0.859023,0.3423,0.3796,0.3677,0.3583,0.3311,0.3373,0.2454,0.2961,0.2829,0.2359,0.2523,0.298,0.1904,0.1775,0.1617,0.1656,0.183,0.2036,0.202,0.1759,0.187,0.2859,0.2983,0.2856,0.2514,0.3028,0.3196,0.2514,0.2103,0.2048,0.2536,0.2165,0.2217,0.2584,0.2339,0.2418,0.1688,0.1497,0.151,0.1433,0.2149,0.1841,reg oper account,block of flats,,Panel,No,3.0,0.0,3.0,0.0,-1116.0,0,1,0,0,0,0,0,0,0,0,0,0,0,0,0,0,0,0,0,0,0.0,0.0,0.0,0.0,0.0,0.0
100797,0,Cash loans,F,N,N,0,265500.0,1971000.0,1714500.0,127000.0,Unaccompanied,Working,Higher education,Single / not married,Municipal apartment,0.024193,-15761,-461,-3871.0,-4142,,1,1,0,1,0,0,,2.0,2,2,THURSDAY,10,0,0,0,0,0,1,Other,0.327045,0.510766,,0.2481,0.254,0.256,0.1513,0.1328,0.131,0.1137,0.1422,0.109,0.216,0.2069,0.2181,0.1733,0.15,0.1167,0.1415,0.1727,0.2067,0.3086,0.2532,0.2619,0.2307,0.2407,0.2408,0.1078,0.1391,0.1166,0.2414,0.2639,0.2536,0.2499,0.2133,0.2359,0.1757,0.1629,0.1698,0.1441,0.1544,0.1385,0.207,0.1994,0.2136,reg oper account,block of flats,0.2684,Block,No,0.0,0.0,0.0,0.0,-1265.0,0,0,0,0,0,0,0,0,0,0,0,0,0,0,0,0,0,0,0,0,0.0,0.0,0.0,0.0,0.0,0.0
100798,0,Cash loans,F,Y,Y,0,144000.0,360000.0,328500.0,10500.0,Unaccompanied,Working,Secondary / secondary special,Married,House / apartment,0.019775,-17251,-614,-3445.0,-1979,,1,1,0,1,0,0,Core staff,2.0,2,2,TUESDAY,20,0,1,0,0,0,0,Business Entity Type 3,0.427365,0.519657,0.371749,0.1055,0.1131,0.1331,0.0667,0.0429,0.041,0.091,0.1136,0.1101,0.1185,0.1199,0.126,0.0,0.0448,0.065,0.0873,0.1108,0.0965,0.1318,0.1217,0.1471,0.1111,0.1252,0.1004,0.165,0.0976,0.1105,0.106,0.1263,0.0749,0.1399,0.1278,0.1107,0.0892,0.0634,0.0816,0.116,0.1026,0.1293,0.1398,0.1331,0.1397,,block of flats,0.0527,,No,1.0,0.0,1.0,0.0,-2963.0,0,1,0,0,0,0,0,0,0,0,0,0,0,0,0,0,0,0,0,0,0.0,,0.0,1.0,1.0,0.0
100799,0,Cash loans,M,N,Y,0,153000.0,1021500.0,949500.0,28500.0,Family,Working,Secondary / secondary special,Married,Office apartment,0.04141,-15630,-2513,-215.0,-3701,,1,1,0,1,1,0,Core staff,2.0,2,2,SUNDAY,6,0,0,0,0,0,1,Business Entity Type 3,0.379795,0.490277,0.411958,0.1024,0.0896,0.0784,0.1025,0.1432,0.1361,0.1058,0.0915,0.0788,0.0506,0.0712,0.0959,0.0901,0.1468,0.1234,0.074,0.0988,0.0939,0.0843,0.1336,0.1212,0.1362,0.1341,0.0936,0.0907,0.1218,0.0759,0.0208,0.0722,0.04,0.1097,0.0808,0.1102,0.1168,0.1482,0.1212,0.0835,0.0459,0.0704,0.0223,0.0745,0.0494,,block of flats,0.1141,"Stone, brick",,1.0,0.0,1.0,0.0,-3981.0,0,0,0,0,0,0,0,0,0,0,0,0,0,0,0,0,0,0,0,0,0.0,0.0,0.0,0.0,,1.0
100800,0,Cash loans,M,Y,N,2,193500.0,594000.0,576000.0,15000.0,Unaccompanied,Working,Secondary / secondary special,Married,House / apartment,0.009396,-20958,-1391,-1715.0,-5609,,1,1,0,1,1,0,Cleaning staff,3.0,2,2,WEDNESDAY,8,0,0,0,0,0,1,Trade: type 3,,0.726016,0.724677,0.1615,0.1676,0.1795,0.153,0.1857,0.1784,0.2261,0.1922,0.1968,0.2333,0.1965,0.219,0.1759,0.127,0.1882,0.1673,0.1892,0.1831,0.1772,0.1292,0.1617,0.2136,0.2363,0.2031,0.2064,0.1704,0.1549,0.1989,0.1745,0.1898,0.246,0.2275,0.2526,0.1387,0.0977,0.1161,0.1177,0.1454,0.1477,0.1436,0.1407,0.1529,,block of flats,,Panel,No,2.0,0.0,2.0,0.0,-1171.0,0,0,0,0,0,0,0,0,0,0,0,0,0,0,0,0,0,0,0,0,0.0,0.0,0.0,1.0,0.0,
100801,0,Cash loans,F,Y,Y,0,103500.0,436500.0,369000.0,12500.0,Unaccompanied,Working,Secondary / secondary special,Separated,House / apartment,0.014228,-12713,-957,-4609.0,-2506,,1,1,1,1,0,0,High skill tech staff,1.0,2,2,WEDNESDAY,12,0,0,0,0,1,0,XNA,0.589245,0.60356,0.695832,0.1047,0.0777,0.0534,0.1157,0.1232,0.1177,0.0879,0.086,0.0671,0.1522,0.1126,0.1076,0.0927,0.0877,0.094,0.1165,0.0925,0.1367,0.0959,0.1071,0.0753,0.1398,0.1492,0.1457,0.1026,0.14,0.1712,0.1114,0.1648,0.1321,0.1241,0.131,0.1203,0.1204,0.1342,0.1694,0.0487,0.0585,0.0746,0.1042,0.1237,0.1146,reg oper account,,,Panel,,1.0,0.0,1.0,0.0,-3067.0,0,1,0,0,0,0,0,0,0,0,0,0,0,0,0,0,0,0,0,0,0.0,0.0,0.0,0.0,0.0,2.0
100802,0,Cash loans,M,Y,Y,2,99000.0,180000.0,148500.0,13000.0,Unaccompanied,Commercial associate,Higher education,Married,House / apartment,0.054014,-13510,-771,-178.0,-5079,,1,1,0,1,0,0,Managers,3.0,1,1,SATURDAY,10,0,1,0,0,0,0,Business Entity Type 3,,0.430643,0.519438,0.2651,0.3327,0.3151,0.2728,0.2831,0.2504,0.2392,0.1796,0.1863,0.2968,0.3374,0.3047,0.3753,0.3988,0.3774,0.2611,0.2273,0.2279,0.1768,0.1956,0.1737,0.3383,0.307,0.3234,0.251,0.2538,0.2615,0.2997,0.3201,0.2888,0.3057,0.2607,0.2753,0.2886,0.2555,0.2391,0.3484,0.3595,0.3714,0.3788,0.3992,0.415,reg oper account,block of flats,,Panel,No,0.0,0.0,0.0,0.0,-1371.0,0,1,0,0,0,0,0,0,0,0,0,0,0,0,0,0,0,0,0,0,0.0,0.0,0.0,0.0,,3.0
100803,0,Cash loans,F,N,Y,0,189000.0,526500.0,436500.0,13500.0,Unaccompanied,Working,Secondary / secondary special,Single / not married,House / apartment,0.009605,-19904,-608,-6861.0,-2841,,1,1,0,1,0,0,,1.0,2,2,WEDNESDAY,15,0,0,0,0,0,0,Self-employed,0.350582,0.460224,0.36518,0.3904,0.375,0.3672,0.4569,0.4726,0.4791,0.4394,0.4276,0.4288,0.3093,0.2504,0.3013,0.2489,0.2422,0.2474,0.2799,0.2995,0.3408,0.2766,0.2542,0.2845,0.4564,0.459,0.4727,0.3022,0.2657,0.3159,0.2504,0.2614,0.2691,0.4888,0.5006,0.4837,0.2965,0.2784,0.2796,0.2783,0.2531,0.2699,0.4556,0.4033,0.4226,,block of flats,,"Stone, brick",,4.0,0.0,4.0,1.0,-3465.0,0,0,0,0,0,0,0,0,0,0,0,0,0,0,0,0,0,0,0,0,0.0,0.0,0.0,1.0,0.0,7.0
100804,0,Cash loans,M,N,Y,0,144000.0,346500.0,279000.0,10000.0,Family,Commercial associate,Higher education,Civil marriage,House / apartment,0.018305,-16751,-739,-5381.0,-830,,1,1,0,1,0,0,Security staff,2.0,1,1,FRIDAY,14,0,0,0,0,0,0,Other,,0.662118,,0.2581,0.2723,0.3029,0.2033,0.2096,0.2397,0.1982,0.1754,0.1864,0.1853,0.1746,0.1932,0.1109,0.1027,0.1316,0.2472,0.2295,0.2124,0.1866,0.1357,0.1625,0.2447,0.2065,0.2815,0.2848,0.2389,0.2506,0.1019,0.1611,0.1207,0.1413,0.1391,0.1512,0.1305,0.133,0.1462,0.2261,0.2326,0.2026,0.2371,0.2193,0.2255,reg oper account,,,"Stone, brick",No,0.0,0.0,0.0,0.0,-3652.0,0,1,0,0,1,0,0,0,0,0,0,0,0,0,0,0,0,0,0,0,0.0,0.0,0.0,1.0,,2.0
100805,0,Cash loans,F,N,Y,1,117000.0,517500.0,445500.0,31500.0,Family,Working,Secondary / secondary special,Married,House / apartment,0.027659,-21434,-4969,-13967.0,-1092,,1,1,0,1,0,0,Laborers,3.0,2,2,TUESDAY,10,0,0,0,1,0,0,XNA,,0.591799,0.901641,0.1502,0.2112,0.2079,0.221,0.1864,0.2181,0.4573,0.4217,0.4575,0.4762,0.4932,0.4451,0.259,0.2322,0.2501,0.3968,0.38,0.4185,0.4946,0.4622,0.4582,0.2542,0.3144,0.2553,0.2645,0.2529,0.2545,0.4145,0.414,0.4279,0.4283,0.3782,0.3962,0.2472,0.2543,0.2426,0.3517,0.3404,0.3372,0.2116,0.2257,0.207,,,,,,3.0,0.0,3.0,0.0,-862.0,0,1,0,0,1,0,0,0,0,0,0,0,0,0,0,0,0,0,0,0,0.0,0.0,0.0,0.0,2.0,2.0
100806,0,Cash loans,F,N,Y,1,139500.0,571500.0,544500.0,38000.0,Unaccompanied,Commercial associate,Secondary / secondary special,Married,House / apartment,0.019684,-18954,-10926,-12167.0,-1903,,1,1,0,1,0,0,Cleaning staff,3.0,2,2,SATURDAY,17,0,0,0,0,0,0,XNA,,0.632227,,0.2918,0.2968,0.2962,0.2461,0.2113,0.2116,0.3642,0.3469,0.3865,0.3537,0.3901,0.3778,0.3491,0.3306,0.3285,0.1993,0.1881,0.2348,0.2206,0.2541,0.2545,0.3033,0.3336,0.2938,0.2508,0.2765,0.2845,0.2852,0.2667,0.2921,0.4308,0.4019,0.4479,0.2161,0.1985,0.2384,0.2758,0.2599,0.2774,0.2806,0.3045,0.2972,,block of flats,,"Stone, brick",No,3.0,0.0,3.0,0.0,-3381.0,0,1,0,0,0,0,0,0,0,0,0,0,0,0,0,0,0,0,0,0,0.0,0.0,0.0,0.0,1.0,3.0
100807,0,Cash loans,F,Y,Y,0,355500.0,1786500.0,1516500.0,47000.0,Unaccompanied,Commercial associate,Incomplete higher,Married,House / apartment,0.038136,-14977,-8402,-7767.0,-3493,32.0,1,1,0,1,1,0,Cleaning staff,1.0,3,3,MONDAY,8,0,0,0,0,0,0,XNA,0.946688,0.634633,0.473784,0.367,0.3663,0.3748,0.1863,0.2033,0.22,0.2416,0.2906,0.2555,0.3369,0.3828,0.332,0.3239,0.2959,0.2813,0.3017,0.291,0.2161,0.3742,0.402,0.3736,0.4247,0.4233,0.4004,0.3261,0.2816,0.303,0.4331,0.414,0.3858,0.3601,0.3937,0.3721,0.3404,0.3625,0.3199,0.238,0.2621,0.253,0.2277,0.1732,0.1944,,block of flats,,Wooden,,2.0,0.0,2.0,0.0,-1905.0,0,1,0,0,0,0,0,0,0,0,0,0,0,0,0,0,0,0,0,0,0.0,0.0,0.0,0.0,,3.0
100808,0,Cash loans,F,N,Y,1,117000.0,346500.0,279000.0,23500.0,Unaccompanied,Working,Secondary / secondary special,Married,House / apartment,0.048156,-16712,-3578,-4295.0,-5433,,1,1,0,1,0,0,Waiters/barmen staff,2.0,3,3,WEDNESDAY,10,0,0,0,0,0,0,XNA,0.413569,0.408904,0.136125,0.269,0.2589,0.2683,0.3106,0.3145,0.3053,0.5663,0.5736,0.5558,0.4888,0.4767,0.4414,0.5642,0.5927,0.6328,0.2905,0.2934,0.3208,0.5276,0.5855,0.5874,0.4018,0.3792,0.3942,0.3857,0.4002,0.3907,0.4718,0.4664,0.4433,0.4994,0.5378,0.518,0.5781,0.5495,0.5211,0.2911,0.2916,0.303,0.4357,0.4834,0.4456,,,0.6355,Panel,No,3.0,0.0,3.0,0.0,-3364.0,0,0,0,0,0,0,0,0,0,0,0,0,0,0,0,0,0,0,0,0,0.0,0.0,0.0,0.0,0.0,2.0
100809,0,Cash loans,M,Y,Y,1,112500.0,261000.0,229500.0,8000.0,Unaccompanied,Commercial associate,Secondary / secondary special,Single / not married,With parents,0.025177,-13455,-1100,-81.0,-2360,,1,1,0,1,1,0,Sales staff,3.0,2,2,SUNDAY,17,0,0,0,0,0,1,Military,,0.478294,0.513389,0.3226,0.3446,0.3335,0.2159,0.2337,0.2488,0.2814,0.3194,0.3169,0.276,0.254,0.2217,0.2116,0.1957,0.1855,0.3518,0.3361,0.3543,0.3825,0.3682,0.3464,0.2696,0.2778,0.2664,0.2439,0.2611,0.2612,0.348,0.4178,0.4173,0.3079,0.2542,0.2517,0.1675,0.2096,0.1758,0.3743,0.3391,0.3274,0.2755,0.3144,0.3005,,block of flats,0.3556,Monolithic,No,4.0,0.0,4.0,0.0,-3009.0,0,0,0,0,1,0,0,0,0,0,0,0,0,0,0,0,0,0,0,0,0.0,0.0,0.0,1.0,0.0,2.0
100810,0,Revolving loans,F,N,N,0,58500.0,252000.0,247500.0,11500.0,Unaccompanied,Pensioner,Secondary / secondary special,Single / not married,House / apartment,0.044272,-24424,365243,-2964.0,-1670,,1,0,0,1,0,0,,2.0,2,2,FRIDAY,8,0,0,0,0,0,1,Self-employed,0.589801,0.582947,0.698538,0.0723,0.0633,0.0662,0.11,0.0951,0.0826,0.0691,0.0703,0.0813,0.0783,0.0648,0.0793,0.1226,0.1201,0.0864,0.0466,0.1161,0.1053,0.0998,0.0826,0.0927,0.0827,0.0942,0.0899,0.0707,0.0761,0.087,0.1074,0.0672,0.133,0.065,0.0674,0.0401,0.0705,0.0868,0.0939,0.0738,0.0981,0.1112,0.1035,0.0753,0.0586,reg oper account,,0.1101,,,2.0,0.0,2.0,0.0,-1276.0,0,1,0,0,1,0,0,0,0,0,0,0,0,0,0,0,0,0,0,0,0.0,0.0,0.0,0.0,0.0,2.0
100811,0,Cash loans,M,N,Y,2,144000.0,319500.0,261000.0,10000.0,Unaccompanied,Working,Higher education,Single / not married,House / apartment,0.010514,-13469,-3834,-2437.0,-3928,,1,1,0,1,0,0,Managers,4.0,2,2,FRIDAY,13,0,0,0,0,0,0,Trade: type 7,,0.619583,0.293215,0.2334,0.1952,0.2469,0.251,0.2975,0.2487,0.4248,0.4566,0.4231,0.3167,0.3319,0.3517,0.3137,0.2905,0.3425,0.435,0.4733,0.4613,0.3326,0.3247,0.3178,0.3137,0.3223,0.2606,0.4092,0.4605,0.3989,0.342,0.3436,0.3269,0.476,0.4768,0.4765,0.241,0.281,0.2514,0.3339,0.3235,0.3111,0.3481,0.3278,0.3255,,,0.388,,,3.0,0.0,3.0,0.0,-1591.0,0,1,0,0,1,0,0,0,0,0,0,0,0,0,0,0,0,0,0,0,,0.0,0.0,1.0,,1.0
100812,0,Cash loans,M,N,N,1,211500.0,1494000.0,1399500.0,117000.0,Family,Commercial associate,Secondary / secondary special,Married,House / apartment,0.01696,-11680,-1407,-55.0,-1905,,1,1,0,1,0,0,Core staff,2.0,2,3,MONDAY,17,0,0,0,0,0,0,Business Entity Type 3,,0.534738,0.479891,0.583,0.5484,0.555,0.7053,0.694,0.7117,0.7127,0.665,0.7045,0.2934,0.3361,0.2872,0.4783,0.4806,0.464,0.5907,0.5793,0.604,0.4044,0.394,0.3963,0.6588,0.6931,0.6436,0.4118,0.45,0.4445,0.3107,0.2963,0.3421,0.7162,0.6957,0.7229,0.4277,0.4178,0.3712,0.3751,0.3496,0.3109,0.4541,0.476,0.4744,,block of flats,0.4197,,,3.0,0.0,3.0,0.0,-401.0,0,1,0,0,0,0,0,0,0,0,0,0,0,0,0,0,0,0,0,0,0.0,0.0,0.0,1.0,1.0,3.0
100813,0,Revolving loans,F,Y,Y,0,234000.0,855000.0,805500.0,27000.0,Unaccompanied,Pensioner,Secondary / secondary special,Single / not married,House / apartment,0.0725,-20310,365243,-136.0,-2614,,1,0,0,1,0,0,,2.0,3,3,FRIDAY,4,0,0,0,0,0,1,School,,0.611563,0.495576,0.1026,0.0741,0.1179,0.1544,0.1363,0.0727,0.1109,0.1308,0.1312,0.0897,0.109,0.1305,0.0686,0.0669,0.073,0.1241,0.1188,0.123,0.0798,0.0816,0.0803,0.165,0.1041,0.1202,0.0882,0.0823,0.069,0.0605,0.0845,0.0767,0.0767,0.138,0.0478,0.0943,0.1414,0.0969,0.0875,0.092,0.1192,0.1255,0.1189,0.11,,,,Others,No,1.0,0.0,1.0,0.0,-1881.0,0,1,0,0,0,0,1,0,0,0,0,0,0,0,0,0,0,0,0,0,0.0,,,0.0,1.0,2.0
100814,0,Cash loans,M,N,Y,0,157500.0,513000.0,441000.0,20000.0,Unaccompanied,Working,Higher education,Married,House / apartment,0.062373,-17203,-10628,-2195.0,-1304,,1,1,0,1,0,0,Managers,2.0,2,3,WEDNESDAY,11,0,0,0,0,0,0,Self-employed,0.134163,0.278385,,0.2278,0.1523,0.183,0.2146,0.2628,0.2436,0.2809,0.295,0.275,0.1735,0.1646,0.18,0.2981,0.3287,0.3137,0.2594,0.2155,0.2227,0.2684,0.2553,0.2134,0.1167,0.1367,0.1297,0.2556,0.2594,0.2578,0.2426,0.2508,0.2483,0.1742,0.1648,0.1557,0.2717,0.2879,0.2784,0.1714,0.1514,0.1422,0.2856,0.2982,0.2799,,block of flats,,Mixed,,4.0,0.0,4.0,1.0,-1084.0,0,1,0,0,0,0,0,0,0,0,0,0,0,0,0,0,0,0,0,0,0.0,0.0,0.0,0.0,0.0,1.0
100815,0,Cash loans,F,N,Y,0,247500.0,1246500.0,1125000.0,33500.0,Family,Pensioner,Secondary / secondary special,Widow,House / apartment,0.008472,-23987,365243,-4616.0,-1767,,1,0,0,1,0,0,Drivers,1.0,2,3,THURSDAY,15,0,0,0,0,0,1,XNA,,0.47486,0.755856,0.1806,0.1742,0.1548,0.1834,0.1648,0.1991,0.3152,0.3082,0.3146,0.2402,0.2543,0.2619,0.2728,0.3024,0.3216,0.2438,0.296,0.2302,0.3426,0.3329,0.3356,0.2584,0.2574,0.2413,0.1888,0.2452,0.1814,0.1561,0.1613,0.1641,0.178,0.2147,0.1592,0.2198,0.1806,0.1834,0.2959,0.2873,0.2859,0.2541,0.2286,0.2589,,block of flats,,"Stone, brick",No,2.0,0.0,2.0,0.0,-3027.0,0,1,0,0,0,0,0,0,0,0,0,0,0,0,0,0,0,0,0,0,0.0,0.0,0.0,1.0,0.0,1.0
100816,0,Cash loans,F,Y,Y,0,220500.0,823500.0,715500.0,52500.0,Unaccompanied,Working,Secondary / secondary special,Single / not married,House / apartment,0.018553,-8802,-2228,-1043.0,-326,31.0,1,1,0,1,1,0,,2.0,1,1,MONDAY,11,0,0,0,0,0,0,Self-employed,0.696683,0.42518,0.499541,0.1648,0.1755,0.1843,0.2383,0.2705,0.2409,0.1567,0.1574,0.1436,0.2052,0.2172,0.1966,0.1577,0.1816,0.1459,0.2204,0.2517,0.2515,0.2423,0.271,0.2751,0.1748,0.1482,0.1704,0.1864,0.2149,0.1841,0.2671,0.2666,0.2583,0.1197,0.1325,0.1082,0.1295,0.104,0.1508,0.137,0.0976,0.1425,0.1327,0.1186,0.1597,,block of flats,,,No,1.0,0.0,1.0,0.0,-1529.0,0,1,0,0,0,0,1,0,0,0,0,0,0,0,0,0,0,0,0,0,0.0,0.0,0.0,0.0,0.0,5.0
100817,0,Cash loans,F,N,Y,1,270000.0,423000.0,351000.0,32000.0,Unaccompanied,Commercial associate,Secondary / secondary special,Married,House / apartment,0.020346,-14331,-583,-7041.0,-3410,,1,1,0,1,1,0,Sales staff,3.0,2,2,MONDAY,12,0,0,0,0,0,0,XNA,0.952059,0.403213,0.611351,0.2916,0.2413,0.306,0.47,0.4329,0.4862,0.502,0.4737,0.4746,0.3427,0.347,0.3661,0.2731,0.2998,0.3158,0.3603,0.3719,0.3736,0.3607,0.3268,0.3602,0.3104,0.2849,0.2955,0.4084,0.4193,0.4109,0.269,0.2123,0.218,0.3266,0.2868,0.2918,0.2149,0.2492,0.1936,0.4168,0.4249,0.4051,0.2975,0.2899,0.3089,reg oper spec account,,,"Stone, brick",No,1.0,0.0,1.0,0.0,-2141.0,0,0,0,0,0,0,0,0,0,0,0,0,0,0,0,0,0,0,0,0,0.0,0.0,0.0,0.0,0.0,1.0
100818,0,Cash loans,M,N,N,1,252000.0,549000.0,477000.0,34500.0,Unaccompanied,Pensioner,Secondary / secondary special,Single / not married,House / apartment,0.02421,-22636,365243,-4317.0,-2870,,1,0,0,1,0,0,Managers,2.0,2,2,TUESDAY,13,0,0,0,1,0,0,Trade: type 7,,0.482415,0.948341,0.3583,0.3769,0.3614,0.2216,0.2553,0.2625,0.3315,0.3212,0.3025,0.3762,0.4052,0.3702,0.3906,0.3697,0.3934,0.3475,0.294,0.345,0.2565,0.253,0.2413,0.2146,0.2313,0.2271,0.2847,0.2544,0.2328,0.313,0.3147,0.2636,0.2237,0.2183,0.2305,0.2975,0.231,0.2484,0.3119,0.3555,0.3411,0.2363,0.2471,0.1974,reg oper account,block of flats,,"Stone, brick",No,1.0,0.0,1.0,0.0,-4107.0,0,0,0,0,0,0,0,0,0,0,0,0,0,0,0,0,0,0,0,0,0.0,0.0,0.0,0.0,0.0,3.0
100819,0,Cash loans,M,N,Y,0,346500.0,2416500.0,1930500.0,195500.0,Family,State servant,Higher education,Married,House / apartment,0.0412,-15183,-2463,-123.0,-1031,,1,1,0,1,0,0,,2.0,3,3,FRIDAY,13,0,1,0,0,1,0,School,0.26641,0.325207,0.647457,0.5968,0.608,0.5833,0.4206,0.4195,0.4016,0.6613,0.6328,0.659,0.3133,0.2954,0.3275,0.5458,0.5479,0.5451,0.636,0.6389,0.6289,0.5201,0.4903,0.5257,0.4785,0.4822,0.4893,0.4772,0.5102,0.4721,0.5765,0.6102,0.5954,0.5153,0.5222,0.5287,0.6036,0.6475,0.6088,0.6153,0.6015,0.6379,0.616,0.5794,0.5767,,block of flats,0.5945,,No,1.0,0.0,1.0,1.0,-2953.0,0,1,0,0,0,0,0,0,0,0,0,0,0,0,0,0,0,0,0,0,0.0,0.0,0.0,1.0,0.0,2.0
100820,0,Cash loans,M,N,Y,0,135000.0,553500.0,508500.0,14000.0,"Spouse, partner",Commercial associate,Secondary / secondary special,Married,House / apartment,0.058487,-9373,-673,-1183.0,-4529,,1,1,0,1,0,0,Drivers,2.0,2,2,WEDNESDAY,9,0,1,0,0,1,1,Business Entity Type 3,,0.470521,0.5359,0.3212,0.3267,0.283,0.6189,0.5778,0.5694,0.5692,0.5739,0.5714,0.5319,0.5643,0.5507,0.4462,0.4601,0.4259,0.5769,0.577,0.5612,0.4028,0.4125,0.4176,0.3499,0.3585,0.3684,0.4632,0.4383,0.442,0.6354,0.6211,0.5979,0.3127,0.3314,0.3572,0.4125,0.423,0.4344,0.528,0.5309,0.5613,0.625,0.6112,0.6081,,,0.3212,Block,No,0.0,0.0,0.0,1.0,-409.0,0,0,0,0,0,0,0,0,0,0,0,0,0,0,0,0,0,0,0,0,0.0,0.0,0.0,0.0,,
100821,0,Cash loans,M,N,Y,0,72000.0,112500.0,108000.0,8000.0,Unaccompanied,Commercial associate,Higher education,Married,House / apartment,0.019139,-14670,-4013,-1922.0,-1210,,1,1,0,1,1,0,,2.0,1,1,MONDAY,15,0,0,0,0,1,0,XNA,,0.491226,,0.4326,0.4423,0.444,0.743,0.7543,0.7728,0.4668,0.4513,0.4537,0.6014,0.5797,0.64,0.6441,0.6369,0.6718,0.6134,0.615,0.6111,0.5019,0.4477,0.4907,0.523,0.5286,0.5143,0.4035,0.3958,0.4298,0.7098,0.754,0.7456,0.5708,0.6258,0.6041,0.7639,0.7464,0.7693,0.8218,0.7969,0.81,0.8096,0.858,0.8471,,,0.5462,"Stone, brick",No,2.0,1.0,2.0,0.0,-3094.0,0,0,0,0,0,0,0,0,0,0,0,0,0,0,0,0,0,0,0,0,0.0,0.0,0.0,0.0,,2.0
100822,0,Cash loans,M,N,Y,0,211500.0,999000.0,841500.0,62500.0,Unaccompanied,Working,Incomplete higher,Married,House / apartment,0.037493,-17029,-8319,-9040.0,-3959,,1,1,0,1,1,0,Security staff,2.0,2,2,THURSDAY,13,0,0,0,0,0,1,Business Entity Type 3,,0.396657,0.473846,0.3205,0.3232,0.3335,0.1628,0.1721,0.1802,0.2091,0.2465,0.1999,0.168,0.1634,0.1912,0.3065,0.2948,0.293,0.2829,0.3041,0.308,0.2429,0.2529,0.2332,0.2472,0.2692,0.2546,0.1411,0.1282,0.0805,0.2732,0.2759,0.2352,0.261,0.2508,0.2334,0.1852,0.1958,0.1711,0.3052,0.3009,0.2948,0.2793,0.2844,0.3204,,,,,,1.0,1.0,1.0,0.0,-1812.0,0,1,0,0,0,0,0,0,0,0,0,0,0,0,0,0,0,0,0,0,0.0,0.0,0.0,,0.0,
100823,0,Cash loans,F,N,Y,2,225000.0,643500.0,576000.0,19000.0,Family,Working,Secondary / secondary special,Married,House / apartment,0.02795,-12140,-5566,-1717.0,-672,,1,1,1,1,1,0,High skill tech staff,4.0,2,2,TUESDAY,8,0,0,0,0,0,0,Business Entity Type 3,0.522747,0.680403,0.491915,0.2525,0.2188,0.2611,0.2106,0.1947,0.1959,0.307,0.286,0.3267,0.1991,0.2328,0.1818,0.2041,0.1976,0.208,0.2686,0.2726,0.2645,0.2978,0.3264,0.327,0.2988,0.2921,0.271,0.2029,0.2079,0.1686,0.2632,0.2762,0.2709,0.2795,0.3317,0.326,0.1696,0.1517,0.1537,0.3618,0.3336,0.3423,0.2734,0.2765,0.2676,reg oper account,,0.2879,Panel,No,0.0,0.0,0.0,0.0,-2847.0,0,1,0,0,0,0,0,0,0,0,0,0,0,0,0,0,0,0,0,0,0.0,0.0,0.0,2.0,1.0,2.0
100824,0,Cash loans,M,N,Y,0,346500.0,837000.0,693000.0,48000.0,Children,Pensioner,Secondary / secondary special,Single / not married,House / apartment,0.018457,-23392,365243,-3439.0,-165,,1,0,0,1,0,0,Core staff,2.0,3,3,MONDAY,11,0,0,0,0,0,1,XNA,0.408562,0.593321,0.468851,0.3401,0.2979,0.33,0.3238,0.2962,0.3162,0.2185,0.1908,0.2038,0.1674,0.1967,0.1707,0.1745,0.2467,0.2162,0.2365,0.2287,0.2119,0.1873,0.175,0.1592,0.1828,0.1519,0.1439,0.3855,0.3888,0.421,0.3025,0.2671,0.2761,0.1862,0.224,0.2269,0.192,0.2388,0.2198,0.307,0.3086,0.3707,0.1914,0.2375,0.1927,,,0.3695,Panel,No,2.0,0.0,2.0,0.0,-3043.0,0,1,0,0,0,0,0,0,0,0,0,0,0,0,0,0,0,0,0,0,0.0,0.0,0.0,0.0,,7.0
100825,0,Cash loans,F,N,Y,0,297000.0,616500.0,495000.0,37000.0,Unaccompanied,Working,Secondary / secondary special,Married,House / apartment,0.006525,-11455,-269,-3107.0,-740,,1,1,0,1,1,0,Medicine staff,2.0,2,2,WEDNESDAY,7,0,0,0,0,1,0,Self-employed,0.482654,0.63338,0.311579,0.3252,0.325,0.3173,0.5592,0.5947,0.559,0.3761,0.3734,0.388,0.2979,0.2549,0.2455,0.3959,0.3852,0.3385,0.5704,0.6048,0.611,0.4049,0.3777,0.3769,0.4209,0.3879,0.4013,0.4148,0.4527,0.4156,0.5353,0.5252,0.5712,0.5602,0.5918,0.5742,0.2597,0.2341,0.2803,0.3906,0.4248,0.4177,0.5064,0.5626,0.5383,,,,,,1.0,0.0,1.0,0.0,-232.0,0,0,0,0,0,0,0,0,0,0,0,0,0,0,0,0,0,0,0,0,0.0,0.0,,,0.0,2.0
100826,0,Cash loans,F,N,Y,0,427500.0,2889000.0,2637000.0,96000.0,,Pensioner,Higher education,Single / not married,House / apartment,0.035162,-21055,365243,-5385.0,-3140,,1,0,0,1,0,0,Core staff,1.0,2,2,TUESDAY,13,0,1,0,0,0,0,Business Entity Type 2,,0.69974,0.603951,0.3431,0.3523,0.3316,0.4346,0.4274,0.4683,0.3665,0.3337,0.3868,0.4823,0.5461,0.4972,0.4069,0.392,0.4275,0.4935,0.4951,0.4895,0.3032,0.3145,0.3185,0.4158,0.3974,0.4052,0.4766,0.4497,0.4866,0.4619,0.4787,0.4532,0.3018,0.3677,0.3415,0.5722,0.6111,0.5847,0.4947,0.5187,0.5309,0.5496,0.5584,0.558,reg oper account,block of flats,,Panel,No,0.0,0.0,0.0,0.0,-247.0,0,1,0,0,0,0,0,0,0,0,0,0,0,0,0,0,0,0,0,0,0.0,0.0,0.0,0.0,0.0,
100827,0,Cash loans,F,N,Y,0,207000.0,274500.0,220500.0,12500.0,Family,Working,Secondary / secondary special,Married,House / apartment,0.027214,-20594,-3780,-6152.0,-1078,,1,1,0,1,0,0,Accountants,1.0,2,2,FRIDAY,14,0,0,0,0,0,1,Industry: type 3,,0.7268,,0.2698,0.2542,0.2767,0.2416,0.214,0.2641,0.3564,0.3447,0.3432,0.1779,0.2028,0.1614,0.4037,0.4044,0.417,0.3003,0.2708,0.2651,0.2369,0.2591,0.2784,0.3236,0.2607,0.274,0.2255,0.2244,0.2439,0.3475,0.3827,0.3895,0.3562,0.3668,0.3949,0.3932,0.4,0.3806,0.2023,0.2319,0.2024,0.2623,0.2921,0.271,,block of flats,,,,0.0,0.0,0.0,0.0,-3029.0,0,1,0,0,0,0,0,0,0,0,0,0,0,0,0,0,0,0,0,0,,0.0,0.0,0.0,0.0,2.0
100828,0,Cash loans,F,N,Y,1,166500.0,409500.0,382500.0,11500.0,Unaccompanied,Working,Secondary / secondary special,Civil marriage,With parents,0.023809,-8027,-1423,-104.0,-1981,,1,1,0,1,0,0,,3.0,2,2,THURSDAY,13,0,0,0,0,1,1,XNA,0.276527,0.570779,0.683291,0.2669,0.2971,0.3173,0.1798,0.1522,0.1809,0.1452,0.1541,0.1691,0.3433,0.3208,0.327,0.3458,0.3185,0.2998,0.2372,0.1958,0.1818,0.2945,0.2394,0.2601,0.1886,0.1806,0.1636,0.1704,0.1305,0.1336,0.275,0.2932,0.3057,0.1558,0.1262,0.1493,0.1772,0.2033,0.2005,0.237,0.2088,0.2116,0.2353,0.2305,0.2414,not specified,,0.281,,No,0.0,0.0,0.0,0.0,-2094.0,0,1,0,0,0,0,0,0,0,0,0,0,0,0,0,0,0,0,0,0,0.0,0.0,,,0.0,3.0
100829,0,Cash loans,F,N,Y,2,67500.0,279000.0,234000.0,9500.0,Unaccompanied,Working,Higher education,Single / not married,With parents,0.010177,-11557,-2232,-1264.0,-3225,,1,1,0,1,0,0,Drivers,4.0,2,2,MONDAY,14,0,0,0,0,1,1,Business Entity Type 3,0.790399,0.45974,0.484212,0.0546,0.0733,0.1031,0.0467,0.0812,0.0905,0.1158,0.1629,0.1229,0.0687,0.0671,0.0772,0.1096,0.0911,0.0835,0.1215,0.095,0.1256,0.0848,0.0738,0.0689,0.1138,0.1177,0.1107,0.1027,0.0749,0.0824,0.1367,0.1198,0.1129,0.1245,0.0871,0.0778,0.1178,0.164,0.1379,0.091,0.1082,0.109,0.0647,0.0853,0.0642,reg oper account,,,Panel,,1.0,0.0,1.0,0.0,-1769.0,0,0,0,0,0,0,0,0,0,0,0,0,0,0,0,0,0,0,0,0,0.0,0.0,0.0,0.0,0.0,0.0
100830,0,Cash loans,F,N,Y,0,175500.0,1629000.0,1539000.0,87500.0,Unaccompanied,Commercial associate,Secondary / secondary special,Single / not married,House / apartment,0.063003,-20999,-1110,-196.0,-3850,,1,1,0,1,1,0,Laborers,2.0,2,2,TUESDAY,12,0,0,0,0,0,0,Other,,0.758919,0.906492,0.2517,0.2365,0.2573,0.1184,0.138,0.1176,0.1822,0.184,0.1654,0.2773,0.2511,0.2499,0.2321,0.228,0.2405,0.1954,0.1479,0.1557,0.1708,0.1644,0.1564,0.2578,0.2244,0.2427,0.0842,0.1135,0.1375,0.115,0.0633,0.1245,0.2025,0.2022,0.1887,0.2503,0.2369,0.2489,0.1912,0.1897,0.1446,0.2364,0.2682,0.2392,reg oper account,,0.2775,Panel,No,1.0,0.0,1.0,0.0,-3491.0,0,1,0,0,0,0,0,0,0,0,0,0,0,0,0,0,0,0,0,0,0.0,0.0,0.0,1.0,0.0,2.0
100831,0,Cash loans,F,N,N,0,108000.0,571500.0,486000.0,20500.0,Unaccompanied,Working,Higher education,Married,House / apartment,0.020554,-9765,-1575,-2155.0,-4705,,1,1,0,1,0,0,Laborers,2.0,3,3,THURSDAY,15,0,0,0,0,0,0,Business Entity Type 3,,0.668183,0.44715,0.1219,0.1221,0.1312,0.1356,0.1572,0.1387,0.1257,0.1625,0.1475,0.2934,0.2951,0.317,0.1976,0.2295,0.217,0.2457,0.2089,0.244,0.3071,0.3041,0.3268,0.2894,0.2724,0.2574,0.3173,0.3078,0.3297,0.2395,0.2345,0.2783,0.2275,0.2208,0.2558,0.2352,0.1728,0.2288,0.1302,0.1275,0.1728,0.2503,0.183,0.202,,block of flats,,"Stone, brick",,1.0,0.0,1.0,0.0,-2625.0,0,1,0,0,0,0,0,0,0,0,0,0,0,0,0,0,0,0,0,0,0.0,0.0,0.0,0.0,0.0,1.0
100832,0,Cash loans,F,Y,Y,0,166500.0,409500.0,351000.0,11500.0,Unaccompanied,Working,Secondary / secondary special,Widow,Co-op apartment,0.009215,-13331,-4979,-947.0,-2430,,1,1,0,1,1,0,Core staff,2.0,2,2,WEDNESDAY,12,0,0,0,1,0,0,Self-employed,,0.799631,0.610973,0.3406,0.3706,0.3426,0.33,0.2798,0.3087,0.4619,0.4652,0.4808,0.3274,0.3073,0.3344,0.2472,0.2352,0.2743,0.2835,0.2646,0.3033,0.2938,0.2905,0.3722,0.3333,0.3101,0.3718,0.4313,0.4122,0.3922,0.2605,0.2517,0.2437,0.4341,0.4635,0.4552,0.3081,0.2686,0.255,0.3379,0.3459,0.3703,0.4068,0.4117,0.4416,reg oper account,,,Block,,0.0,1.0,0.0,0.0,-4076.0,0,1,0,0,0,0,0,0,0,0,0,0,0,0,0,0,0,0,0,0,0.0,0.0,,,1.0,1.0
100833,0,Cash loans,M,Y,N,0,153000.0,1386000.0,1287000.0,66000.0,Unaccompanied,State servant,Secondary / secondary special,Married,House / apartment,0.00834,-14139,-7220,-391.0,-635,,1,1,0,1,0,0,,2.0,1,1,TUESDAY,14,0,0,0,0,1,0,Self-employed,,0.436608,0.589335,0.2913,0.3198,0.316,0.3702,0.3771,0.4135,0.3703,0.3761,0.3327,0.3767,0.3512,0.3912,0.2296,0.2215,0.2706,0.3479,0.3849,0.3553,0.272,0.2598,0.2682,0.3535,0.3841,0.3805,0.3604,0.4175,0.4279,0.2426,0.2212,0.2495,0.4824,0.4661,0.4623,0.4508,0.4471,0.4171,0.3102,0.3432,0.3306,0.3024,0.2921,0.3222,reg oper account,,0.253,,,1.0,0.0,1.0,0.0,-1827.0,0,1,0,0,0,0,1,0,0,0,0,0,0,0,0,0,0,0,0,0,0.0,0.0,0.0,0.0,,4.0
100834,0,Cash loans,F,N,Y,0,189000.0,351000.0,310500.0,11000.0,Unaccompanied,Pensioner,Secondary / secondary special,Civil marriage,House / apartment,0.028462,-24302,365243,-8462.0,-5883,,1,0,0,1,0,0,,2.0,1,1,THURSDAY,8,0,0,0,0,0,1,XNA,,0.596405,0.490929,0.3327,0.2969,0.2664,0.4135,0.4335,0.4373,0.2899,0.3006,0.3323,0.3994,0.3926,0.4529,0.4033,0.4077,0.4085,0.4881,0.4587,0.3988,0.3515,0.3374,0.3268,0.3263,0.3218,0.3234,0.4446,0.4324,0.4223,0.3681,0.3787,0.3742,0.5399,0.5308,0.5374,0.5282,0.5217,0.4872,0.4247,0.4379,0.4641,0.4112,0.3948,0.3761,,,0.4235,,No,2.0,0.0,2.0,0.0,-2625.0,0,0,0,0,0,0,0,0,0,0,0,0,0,0,0,0,0,0,0,0,,0.0,1.0,0.0,,1.0
100835,0,Cash loans,F,N,Y,0,139500.0,630000.0,517500.0,28000.0,Unaccompanied,Pensioner,Higher education,Married,House / apartment,0.028992,-21796,365243,-7092.0,-4666,,1,0,0,1,1,0,High skill tech staff,2.0,2,2,FRIDAY,7,0,0,0,0,0,0,XNA,,0.626153,0.838884,0.2554,0.2424,0.2516,0.3946,0.3651,0.4145,0.3549,0.3318,0.3807,0.2232,0.2577,0.2254,0.2608,0.2752,0.2403,0.2859,0.3042,0.2544,0.1814,0.2132,0.1818,0.2646,0.2401,0.2167,0.3524,0.3484,0.3496,0.2941,0.3294,0.3302,0.2954,0.3204,0.3063,0.1813,0.1876,0.1908,0.2677,0.2335,0.2381,0.2184,0.1902,0.2265,,,,Panel,No,1.0,0.0,1.0,0.0,-284.0,0,1,0,0,0,0,0,0,0,0,0,0,0,0,0,0,0,0,0,0,0.0,0.0,0.0,0.0,1.0,2.0
100836,0,Cash loans,F,N,Y,1,247500.0,1264500.0,1201500.0,48000.0,Family,Working,Secondary / secondary special,Married,With parents,0.014034,-16598,-368,-1997.0,-4970,,1,1,0,1,0,0,Managers,3.0,2,2,TUESDAY,12,0,0,1,0,1,0,XNA,0.536187,0.409794,,0.3578,0.3262,0.3537,0.1861,0.2098,0.2501,0.4437,0.4153,0.4076,0.4744,0.5041,0.494,0.1964,0.2389,0.2431,0.4193,0.4319,0.4392,0.4498,0.4159,0.432,0.3439,0.3745,0.3178,0.3609,0.3438,0.3781,0.4082,0.4161,0.4051,0.3628,0.3486,0.3157,0.4788,0.4753,0.4311,0.4986,0.4523,0.4684,0.3641,0.3403,0.3576,reg oper account,,,,No,2.0,0.0,2.0,0.0,-3933.0,0,0,0,0,1,0,0,0,0,0,0,0,0,0,0,0,0,0,0,0,0.0,,,0.0,0.0,1.0
100837,0,Cash loans,F,Y,Y,0,31500.0,76500.0,63000.0,2500.0,Unaccompanied,Working,Secondary / secondary special,Married,House / apartment,0.024912,-21066,-11315,-13738.0,-5537,,1,1,1,1,0,1,High skill tech staff,2.0,2,2,TUESDAY,14,0,0,0,0,0,0,Business Entity Type 3,0.394988,0.548241,,0.4837,0.4927,0.4768,0.7467,0.7011,0.735,0.6972,0.6845,0.7326,0.6546,0.6628,0.6866,0.4124,0.4618,0.4153,0.4144,0.4466,0.4201,0.6374,0.6403,0.6631,0.5292,0.5389,0.522,0.3901,0.3868,0.3704,0.7309,0.7124,0.7368,0.7076,0.6946,0.7325,0.5363,0.5349,0.5406,0.4171,0.4384,0.4574,0.6171,0.6518,0.6334,reg oper account,block of flats,0.6423,Panel,,1.0,0.0,1.0,0.0,-1433.0,0,1,0,0,0,0,0,0,0,0,0,0,0,0,0,0,0,0,0,0,,0.0,0.0,1.0,1.0,3.0
100838,0,Revolving loans,F,N,Y,0,162000.0,927000.0,742500.0,78500.0,Unaccompanied,Commercial associate,Higher education,Married,House / apartment,0.028288,-13265,-4300,-3549.0,-4202,,1,1,1,1,0,0,,2.0,1,1,FRIDAY,11,0,1,0,0,1,0,Government,,0.689271,0.721468,0.6821,0.661,0.6884,0.5147,0.5281,0.4911,0.534,0.547,0.5771,0.4379,0.4308,0.4392,0.5053,0.5077,0.4588,0.6887,0.6353,0.6739,0.5756,0.5855,0.584,0.6228,0.6087,0.5685,0.5725,0.5839,0.5588,0.6381,0.6113,0.6381,0.4842,0.4874,0.4995,0.424,0.4427,0.4308,0.3106,0.3427,0.3476,0.6382,0.6526,0.643,,block of flats,,,No,3.0,2.0,3.0,0.0,-3574.0,0,1,0,0,0,0,0,0,0,0,0,0,0,0,0,0,0,0,0,0,0.0,0.0,,0.0,0.0,0.0
100839,0,Cash loans,M,N,N,0,283500.0,832500.0,720000.0,35000.0,"Spouse, partner",Working,Lower secondary,Married,House / apartment,0.020395,-14648,-243,-7258.0,-5960,,1,1,1,1,1,0,Core staff,1.0,1,1,WEDNESDAY,14,0,1,0,0,1,0,XNA,0.668977,0.655511,0.749401,0.5006,0.5034,0.5229,0.7478,0.7408,0.7629,0.5907,0.5878,0.5664,0.4506,0.4624,0.4577,0.4569,0.4406,0.4944,0.36,0.4017,0.3416,0.7396,0.6901,0.6974,0.3964,0.37,0.3899,0.7162,0.6868,0.74,0.4785,0.4836,0.452,0.4537,0.4782,0.4713,0.4141,0.4532,0.4288,0.635,0.5988,0.6139,0.47,0.432,0.4444,reg oper account,block of flats,0.4706,Panel,No,0.0,0.0,0.0,0.0,-2684.0,0,1,0,0,0,0,0,0,0,0,0,0,0,0,0,0,0,0,0,0,0.0,0.0,,1.0,,1.0
100840,0,Cash loans,F,N,Y,1,409500.0,2340000.0,2092500.0,182000.0,Unaccompanied,Working,Secondary / secondary special,Married,House / apartment,0.012106,-21402,-1688,-2757.0,-3094,,1,1,0,1,1,0,Secretaries,3.0,1,1,TUESDAY,13,0,1,0,0,1,0,Government,0.634134,0.28852,,0.4131,0.4443,0.4389,0.2642,0.2339,0.2292,0.3992,0.3819,0.4221,0.3643,0.4405,0.3821,0.2174,0.2222,0.1938,0.2108,0.233,0.2146,0.3867,0.4109,0.4437,0.3772,0.3895,0.3873,0.3477,0.334,0.3268,0.3884,0.4249,0.436,0.3143,0.3041,0.2832,0.2731,0.2633,0.2246,0.2185,0.2285,0.1924,0.3783,0.3816,0.3265,,block of flats,0.3465,,No,1.0,0.0,1.0,0.0,-823.0,0,1,0,0,0,0,0,0,0,0,0,0,0,0,0,0,0,0,0,0,0.0,0.0,0.0,1.0,0.0,
100841,1,Cash loans,M,N,Y,0,220500.0,310500.0,279000.0,10000.0,Unaccompanied,State servant,Secondary / secondary special,Married,House / apartment,0.033939,-9496,-1356,-1273.0,-3362,,1,1,1,1,1,0,Laborers,2.0,2,2,SUNDAY,5,0,0,0,0,1,0,Self-employed,,0.396589,0.338675,0.5444,0.5413,0.5262,0.4061,0.4057,0.4215,0.5292,0.5576,0.5269,0.3867,0.3694,0.3533,0.3823,0.3798,0.4555,0.5444,0.5607,0.5308,0.4287,0.4209,0.4251,0.6466,0.6631,0.6668,0.5817,0.5819,0.5954,0.5681,0.5527,0.5617,0.5432,0.5325,0.5997,0.4088,0.4057,0.3949,0.5973,0.5854,0.6149,0.473,0.4893,0.4789,,block of flats,0.3165,Panel,,1.0,0.0,1.0,0.0,-3280.0,0,1,0,0,0,0,0,0,0,0,0,0,0,0,0,0,0,0,0,0,0.0,0.0,,0.0,0.0,1.0
100842,0,Cash loans,M,N,Y,0,373500.0,1750500.0,1656000.0,62000.0,Unaccompanied,Working,Secondary / secondary special,Widow,House / apartment,0.031433,-21177,-845,-4243.0,-3546,,1,1,0,1,0,0,Laborers,2.0,2,2,WEDNESDAY,20,0,0,0,0,0,0,Business Entity Type 3,,0.240622,0.394062,0.2289,0.2595,0.2381,0.1718,0.1859,0.2166,0.0807,0.0999,0.0944,0.2124,0.1904,0.2235,0.1129,0.1649,0.125,0.1806,0.1728,0.1691,0.1614,0.1711,0.1996,0.2127,0.1811,0.1947,0.1691,0.1383,0.135,0.2535,0.2712,0.2623,0.1382,0.1279,0.1473,0.1866,0.169,0.1758,0.2799,0.2233,0.2517,0.1653,0.2189,0.2178,,,0.139,"Stone, brick",,2.0,0.0,2.0,0.0,-3136.0,0,1,0,0,0,0,0,0,0,0,0,0,0,0,0,0,0,0,0,0,0.0,0.0,0.0,,0.0,2.0
100843,0,Cash loans,F,Y,Y,1,162000.0,504000.0,445500.0,25500.0,Unaccompanied,Pensioner,Secondary / secondary special,Single / not married,House / apartment,0.026589,-21388,365243,-4301.0,-3049,,1,0,0,1,1,0,Sales staff,3.0,2,2,FRIDAY,8,0,0,0,0,0,0,XNA,0.563625,0.690251,0.663051,0.5748,0.5924,0.5805,0.3928,0.3576,0.3849,0.6142,0.6181,0.6254,0.4412,0.4342,0.453,0.5435,0.5822,0.575,0.511,0.5414,0.5263,0.4918,0.4842,0.5077,0.356,0.4063,0.3536,0.6579,0.6658,0.6837,0.5568,0.5315,0.5768,0.377,0.3867,0.327,0.7482,0.7697,0.7687,0.4402,0.4039,0.4034,0.3396,0.375,0.3615,,,0.4422,,,0.0,0.0,0.0,0.0,-14.0,0,1,0,0,0,0,0,0,0,0,0,0,0,0,0,0,0,0,0,0,0.0,0.0,0.0,0.0,,
100844,1,Cash loans,M,Y,N,0,148500.0,1089000.0,900000.0,88500.0,Children,Working,Secondary / secondary special,Married,House / apartment,0.011152,-21252,-4959,-208.0,-2652,,1,1,0,1,0,0,High skill tech staff,2.0,2,2,FRIDAY,9,0,0,0,0,0,0,Trade: type 3,0.219036,0.0005,0.223912,0.4293,0.4002,0.4613,0.258,0.2731,0.2509,0.4769,0.4513,0.4708,0.266,0.3235,0.2879,0.3794,0.4109,0.4152,0.444,0.454,0.446,0.2107,0.2417,0.225,0.4711,0.4626,0.4676,0.3326,0.3313,0.3282,0.2739,0.2805,0.2942,0.3355,0.3414,0.3735,0.2184,0.2501,0.2582,0.284,0.319,0.3324,0.3959,0.4044,0.4064,reg oper account,block of flats,0.4988,Panel,No,5.0,0.0,5.0,0.0,-434.0,0,0,0,0,0,0,0,0,0,0,0,0,0,0,0,0,0,0,0,0,0.0,0.0,0.0,0.0,0.0,2.0
100845,1,Cash loans,F,N,Y,2,198000.0,751500.0,625500.0,20000.0,Unaccompanied,Working,Secondary / secondary special,Single / not married,House / apartment,0.008193,-8625,-2050,-246.0,-1984,,1,1,0,1,0,0,,3.0,3,3,WEDNESDAY,16,0,0,0,1,0,0,XNA,0.548135,0.266839,0.37871,0.1975,0.1595,0.1609,0.2155,0.2205,0.2895,0.2192,0.2521,0.2157,0.1692,0.1721,0.1359,0.1761,0.109,0.1737,0.2145,0.1631,0.1812,0.3396,0.3352,0.3345,0.161,0.2027,0.1632,0.2687,0.23,0.2549,0.1459,0.1074,0.1303,0.2407,0.2477,0.2585,0.2718,0.3113,0.295,0.2517,0.2516,0.2172,0.1701,0.1366,0.1629,,,0.278,Panel,No,3.0,1.0,3.0,0.0,-1093.0,0,1,0,0,0,0,0,0,0,0,0,0,0,0,0,0,0,0,0,0,,0.0,,0.0,,3.0
100846,1,Cash loans,M,N,Y,0,148500.0,1152000.0,922500.0,59000.0,"Spouse, partner",Working,Secondary / secondary special,Married,House / apartment,0.019609,-15898,-948,-7667.0,-4767,,1,1,1,1,0,0,,2.0,1,1,MONDAY,12,0,0,0,0,0,0,Business Entity Type 3,,0.37724,0.275466,0.2788,0.2737,0.2784,0.4624,0.4382,0.4742,0.2664,0.2747,0.2958,0.3904,0.4115,0.4163,0.5224,0.4999,0.5148,0.4962,0.5226,0.4631,0.5616,0.573,0.5795,0.5825,0.6026,0.5855,0.3498,0.3211,0.2862,0.4862,0.4429,0.4689,0.5005,0.5087,0.5113,0.2993,0.2818,0.3296,0.4054,0.4712,0.4093,0.5453,0.5164,0.5229,org spec account,block of flats,0.28,Wooden,,2.0,0.0,2.0,0.0,-175.0,0,1,0,0,0,0,0,0,0,0,0,0,0,0,0,0,0,0,0,0,0.0,0.0,0.0,0.0,,2.0
100847,0,Cash loans,M,N,N,1,94500.0,486000.0,450000.0,26500.0,Unaccompanied,State servant,Secondary / secondary special,Single / not married,House / apartment,0.033277,-19610,-956,-10384.0,-1970,,1,1,0,1,1,0,Managers,3.0,2,2,THURSDAY,10,0,0,0,0,0,0,Other,,0.459693,,0.6368,0.6202,0.6404,0.5955,0.5641,0.6332,0.8128,0.8117,0.7959,0.5766,0.5839,0.5871,0.7638,0.7076,0.7118,0.5706,0.5892,0.6181,0.8076,0.8052,0.7838,0.4781,0.4668,0.4715,0.7183,0.7304,0.6995,0.5442,0.5447,0.5218,0.7147,0.6911,0.679,0.5625,0.5611,0.5373,0.5783,0.5768,0.5872,0.4083,0.4281,0.379,,,0.6544,"Stone, brick",,1.0,0.0,1.0,0.0,-1181.0,0,1,0,0,1,0,0,0,0,0,0,0,0,0,0,0,0,0,0,0,0.0,,0.0,0.0,,1.0
100848,0,Cash loans,M,N,N,3,112500.0,409500.0,328500.0,31500.0,Unaccompanied,Commercial associate,Secondary / secondary special,Married,House / apartment,0.035643,-12139,-1881,-238.0,-5449,,1,1,0,1,0,0,,4.0,2,2,WEDNESDAY,11,0,0,0,0,0,0,XNA,0.641715,0.308404,0.300829,0.3352,0.3505,0.3132,0.2441,0.261,0.2546,0.4015,0.3861,0.4056,0.462,0.4844,0.5102,0.3131,0.3362,0.3391,0.3404,0.3263,0.288,0.4061,0.4237,0.4636,0.522,0.4927,0.5271,0.3849,0.367,0.381,0.4413,0.4475,0.5105,0.3524,0.3348,0.269,0.2785,0.2306,0.2455,0.3766,0.3656,0.3585,0.3486,0.3307,0.3248,,,0.3521,Panel,No,0.0,0.0,0.0,0.0,-1726.0,0,1,0,0,0,0,0,0,0,0,0,0,0,0,0,0,0,0,0,0,0.0,0.0,,,0.0,3.0
100849,0,Cash loans,M,N,Y,0,81000.0,486000.0,436500.0,18000.0,Unaccompanied,Pensioner,Incomplete higher,Married,House / apartment,0.026865,-23987,365243,-64.0,-4498,,1,0,0,1,1,0,Medicine staff,1.0,2,1,WEDNESDAY,9,0,1,1,0,0,0,Self-employed,,0.639228,0.645937,0.6531,0.6436,0.6751,0.8145,0.8433,0.8174,0.5714,0.5799,0.5724,0.6818,0.6607,0.6472,0.6005,0.5957,0.5561,0.7254,0.6873,0.7288,0.9124,0.8477,0.9324,0.832,0.8732,0.8466,0.5855,0.5858,0.5758,0.509,0.4626,0.4654,0.6071,0.6085,0.5695,0.4661,0.4562,0.4816,0.441,0.468,0.4377,0.8095,0.8136,0.7569,,,0.7434,,,1.0,0.0,1.0,0.0,-2516.0,0,0,0,0,0,0,0,0,0,0,0,0,0,0,0,0,0,0,0,0,0.0,0.0,0.0,,0.0,2.0
100850,0,Revolving loans,M,N,Y,0,198000.0,1197000.0,1075500.0,66500.0,Unaccompanied,Working,Secondary / secondary special,Married,House / apartment,0.014143,-11323,-1790,-195.0,-5994,,1,1,0,1,1,0,Laborers,2.0,2,2,SUNDAY,9,0,0,0,1,0,0,Business Entity Type 3,0.277854,0.4841,0.106187,0.0771,0.0726,0.0601,0.058,0.0857,0.0795,0.1126,0.1292,0.1324,0.1606,0.1138,0.1242,0.1404,0.1548,0.1203,0.1637,0.1391,0.1405,0.1057,0.0823,0.0706,0.1008,0.0618,0.024,0.0688,0.0863,0.0837,0.0669,0.0599,0.0935,0.1176,0.1184,0.0897,0.0476,0.0504,0.0549,0.0649,0.071,0.041,0.1158,0.1095,0.1043,,block of flats,,,No,0.0,,0.0,0.0,-2427.0,0,1,0,0,1,0,0,0,0,0,0,0,0,0,0,0,0,0,0,0,0.0,0.0,0.0,1.0,0.0,0.0
100851,0,Cash loans,M,Y,N,0,148500.0,751500.0,702000.0,21500.0,Family,Pensioner,Higher education,Single / not married,House / apartment,0.011358,-21125,365243,-7772.0,-3871,12.0,1,0,1,1,0,1,Sales staff,2.0,3,3,WEDNESDAY,15,0,0,0,0,0,0,Business Entity Type 3,0.751513,0.90892,0.435779,0.5392,0.5651,0.5409,0.5444,0.549,0.5801,0.5746,0.5527,0.5678,0.3391,0.2998,0.3376,0.6119,0.6508,0.5799,0.3467,0.3988,0.3753,0.5572,0.5577,0.5713,0.4813,0.5002,0.526,0.6349,0.6549,0.649,0.3937,0.4087,0.3629,0.3771,0.4045,0.4183,0.3535,0.3508,0.3057,0.5154,0.4763,0.4635,0.6639,0.6695,0.6704,org spec account,block of flats,,,,1.0,0.0,1.0,1.0,-1464.0,0,1,0,0,0,0,0,0,0,0,0,0,0,0,0,0,0,0,0,0,0.0,0.0,0.0,1.0,0.0,2.0
100852,0,Cash loans,F,Y,Y,1,121500.0,135000.0,108000.0,4500.0,Unaccompanied,Commercial associate,Secondary / secondary special,Single / not married,Municipal apartment,0.018505,-19810,-388,-1794.0,-3592,,1,1,1,1,0,0,Drivers,3.0,2,2,FRIDAY,10,0,0,0,0,0,0,Self-employed,,0.588115,0.928004,0.8597,0.8277,0.8737,0.5992,0.6357,0.5912,0.7004,0.717,0.7101,0.6499,0.6312,0.6269,0.7982,0.8061,0.7831,0.5029,0.5443,0.523,0.7529,0.7624,0.7487,0.4553,0.4458,0.4719,0.4902,0.4777,0.4768,0.5493,0.5418,0.5031,0.8682,0.9345,0.9114,0.9116,0.9031,0.8868,0.7827,0.8211,0.7766,0.7486,0.7528,0.7601,reg oper account,block of flats,,"Stone, brick",No,1.0,1.0,1.0,0.0,-1292.0,0,0,0,0,0,0,0,0,0,0,0,0,0,0,0,0,0,0,0,0,0.0,,0.0,1.0,0.0,1.0
100853,1,Cash loans,M,N,Y,2,108000.0,247500.0,202500.0,24500.0,"Spouse, partner",Commercial associate,Higher education,Single / not married,With parents,0.018615,-21647,-843,-10317.0,-2008,,1,1,0,1,0,0,,4.0,2,2,THURSDAY,9,0,0,0,0,1,0,XNA,,0.700013,0.248499,0.4554,0.4628,0.4079,0.3504,0.3347,0.3348,0.4009,0.3972,0.3927,0.5333,0.5809,0.547,0.3333,0.3069,0.2807,0.3436,0.3438,0.3705,0.376,0.391,0.3933,0.4844,0.5194,0.4477,0.3753,0.3832,0.4258,0.5297,0.5193,0.5324,0.4363,0.4578,0.4502,0.3678,0.3838,0.3916,0.4236,0.4683,0.4715,0.2714,0.252,0.221,,block of flats,,Panel,,4.0,0.0,4.0,0.0,-2225.0,0,0,0,0,0,0,0,0,0,0,0,0,0,0,0,0,0,0,0,0,0.0,0.0,0.0,,1.0,2.0
100854,0,Revolving loans,M,Y,Y,1,193500.0,1615500.0,1552500.0,60000.0,Unaccompanied,Pensioner,Higher education,Married,House / apartment,0.037153,-21245,365243,-11.0,-4091,,1,0,0,1,0,0,,3.0,3,3,THURSDAY,10,0,0,1,0,1,0,XNA,,0.430653,0.386146,0.0757,0.0823,0.0845,0.0608,0.0716,0.0838,0.0726,0.1269,0.1061,0.062,0.0615,0.0685,0.0641,0.0691,0.0823,0.0509,0.0729,0.0693,0.0955,0.0751,0.0719,0.0798,0.0907,0.0733,0.0658,0.0561,0.057,0.0611,0.0389,0.0072,0.0868,0.0908,0.0985,0.0262,0.0841,0.0637,0.0635,0.0826,0.0711,0.0845,0.0949,0.081,,block of flats,,,No,0.0,0.0,0.0,0.0,-1548.0,0,1,0,0,0,0,0,0,0,0,0,0,0,0,0,0,0,0,0,0,0.0,0.0,0.0,0.0,1.0,2.0
100855,0,Cash loans,F,N,N,2,225000.0,441000.0,396000.0,26000.0,Unaccompanied,Pensioner,Secondary / secondary special,Civil marriage,House / apartment,0.013889,-24694,365243,-11349.0,-3482,,1,0,0,1,0,0,Drivers,3.0,2,2,MONDAY,12,0,0,0,0,0,0,Trade: type 3,,0.450484,,0.0938,0.0852,0.1172,0.0482,0.0737,0.0328,0.0886,0.085,0.073,0.1544,0.0756,0.0847,0.0792,0.0732,0.015,0.1114,0.0867,0.1176,0.098,0.0591,0.1004,0.0889,0.1298,0.0859,0.0944,0.1043,0.0787,0.0692,0.0259,0.0382,0.0834,0.0755,0.0802,0.0718,0.0679,0.0886,0.1422,0.1597,0.1254,0.0798,0.0636,0.0924,,block of flats,,Panel,,0.0,0.0,0.0,0.0,-3835.0,0,1,0,0,0,0,0,0,0,0,0,0,0,0,0,0,0,0,0,0,0.0,0.0,0.0,1.0,1.0,3.0
100856,0,Cash loans,M,N,N,0,81000.0,513000.0,445500.0,49000.0,Family,Commercial associate,Secondary / secondary special,Married,House / apartment,0.014623,-16055,-4192,-8011.0,-2399,,1,1,0,1,1,1,,2.0,3,3,THURSDAY,10,0,0,0,0,1,0,XNA,0.596455,0.373504,0.245936,0.9356,0.9378,0.9393,0.4934,0.5149,0.4878,0.6882,0.7039,0.7011,0.4708,0.4055,0.4246,0.6778,0.6479,0.6665,0.8472,0.8974,0.8637,0.9324,0.9568,0.9307,0.9038,0.8416,0.8457,0.5954,0.5342,0.5868,0.4826,0.4634,0.456,0.5192,0.4972,0.509,0.5979,0.6436,0.6041,0.513,0.5068,0.4953,0.9265,0.9199,0.9139,reg oper account,,0.9735,"Stone, brick",,3.0,0.0,3.0,0.0,-186.0,0,0,0,0,0,0,0,0,0,0,0,0,0,0,0,0,0,0,0,0,0.0,0.0,0.0,0.0,1.0,1.0
100857,0,Cash loans,F,N,Y,0,72000.0,414000.0,387000.0,14500.0,Unaccompanied,Working,Secondary / secondary special,Single / not married,House / apartment,0.066861,-8900,-1794,-30.0,-405,,1,1,0,1,0,0,Laborers,2.0,3,3,THURSDAY,11,0,1,0,0,0,0,Self-employed,,0.489244,0.482442,0.4414,0.4725,0.4642,0.7209,0.7195,0.7015,0.4531,0.4764,0.485,0.4616,0.4211,0.4431,0.3354,0.3304,0.3384,0.6911,0.7048,0.6643,0.5842,0.5789,0.5537,0.3755,0.3994,0.3632,0.5503,0.5664,0.5676,0.5748,0.5894,0.6071,0.5467,0.5714,0.6075,0.6046,0.6126,0.6201,0.6143,0.623,0.6096,0.6578,0.65,0.6266,,,,"Stone, brick",,2.0,0.0,2.0,0.0,-2805.0,0,0,0,0,0,0,0,0,0,0,0,0,0,0,0,0,0,0,0,0,0.0,0.0,0.0,1.0,0.0,2.0
100858,0,Cash loans,F,N,Y,0,247500.0,648000.0,621000.0,40000.0,Unaccompanied,Pensioner,Secondary / secondary special,Married,House / apartment,0.048925,-20599,365243,-11496.0,-50,,1,0,0,1,1,0,,2.0,2,2,MONDAY,13,0,0,0,0,0,1,Trade: type 7,,0.580392,,0.214,0.2135,0.22,0.3255,0.2801,0.2998,0.4346,0.4005,0.4371,0.3989,0.4139,0.3901,0.4504,0.4356,0.4084,0.3483,0.384,0.3664,0.3765,0.4443,0.3865,0.2018,0.2209,0.1997,0.2975,0.3414,0.3444,0.2671,0.3279,0.2674,0.3165,0.2991,0.3137,0.3647,0.3221,0.3355,0.3426,0.3698,0.3346,0.3839,0.3927,0.4157,,block of flats,0.1887,Panel,,1.0,0.0,1.0,0.0,-2213.0,0,1,0,0,0,0,0,0,0,0,0,0,0,0,0,0,0,0,0,0,0.0,,0.0,0.0,1.0,
100859,0,Cash loans,F,N,Y,1,67500.0,90000.0,76500.0,2500.0,Unaccompanied,Working,Higher education,Single / not married,House / apartment,0.010818,-17919,-1626,-10066.0,-1384,,1,1,0,1,0,0,Accountants,2.0,3,3,FRIDAY,10,0,0,0,0,1,1,Self-employed,,0.565504,0.288098,0.4765,0.5264,0.51,0.6362,0.5824,0.605,0.6394,0.665,0.638,0.4057,0.3629,0.3631,0.4426,0.4738,0.4291,0.4936,0.4936,0.5092,0.5764,0.5689,0.5835,0.423,0.4245,0.4207,0.5292,0.5449,0.481,0.5812,0.5515,0.5334,0.4732,0.4993,0.4921,0.3653,0.3664,0.3501,0.6639,0.6683,0.6654,0.6129,0.6137,0.6114,,block of flats,0.6693,,No,1.0,0.0,1.0,0.0,-1106.0,0,1,0,0,0,0,0,0,0,0,0,0,0,0,0,0,0,0,0,0,0.0,0.0,0.0,1.0,0.0,2.0
100860,0,Cash loans,F,Y,Y,1,198000.0,562500.0,540000.0,20500.0,Unaccompanied,State servant,Secondary / secondary special,Widow,House / apartment,0.046486,-13577,-5286,-2925.0,-4219,,1,1,0,1,1,0,High skill tech staff,3.0,2,2,SATURDAY,9,0,0,0,0,0,0,Business Entity Type 2,0.486334,0.52754,,0.414,0.4319,0.4054,0.5138,0.5231,0.5141,0.4772,0.4712,0.4613,0.273,0.2883,0.2903,0.522,0.5293,0.5354,0.2799,0.2978,0.2895,0.4488,0.4674,0.471,0.433,0.4058,0.4294,0.2614,0.2753,0.3209,0.3653,0.3675,0.3694,0.2972,0.2683,0.264,0.2821,0.3356,0.3315,0.5799,0.5873,0.5859,0.4573,0.4551,0.4683,,block of flats,,"Stone, brick",,0.0,0.0,0.0,0.0,-2601.0,0,1,0,0,0,0,0,0,0,0,0,0,0,0,0,0,0,0,0,0,,0.0,0.0,0.0,0.0,2.0
100861,0,Cash loans,M,N,N,0,355500.0,4050000.0,3249000.0,249000.0,Family,Working,Secondary / secondary special,Married,With parents,0.009327,-18443,-2777,-2043.0,-5512,,1,1,0,1,1,0,Core staff,2.0,2,2,WEDNESDAY,10,0,0,0,0,1,0,Self-employed,0.903887,0.940908,0.482395,0.3316,0.3333,0.3588,0.1918,0.1857,0.2313,0.347,0.307,0.3582,0.2741,0.2678,0.2643,0.2574,0.2411,0.235,0.2564,0.2146,0.2599,0.2395,0.2341,0.2061,0.4508,0.4187,0.4302,0.2002,0.1648,0.2438,0.3235,0.3332,0.3346,0.4603,0.4216,0.4085,0.2957,0.2838,0.3165,0.1926,0.2002,0.2015,0.2329,0.2397,0.1846,,,,,No,0.0,0.0,0.0,0.0,-1923.0,0,1,0,0,1,0,1,0,0,0,0,0,0,0,0,0,0,0,0,0,0.0,0.0,0.0,0.0,1.0,4.0
100862,0,Cash loans,F,N,Y,0,360000.0,873000.0,850500.0,22000.0,Unaccompanied,Working,Lower secondary,Single / not married,House / apartment,0.014288,-9289,-2714,-1216.0,-5604,,1,1,0,1,0,0,Drivers,2.0,2,2,TUESDAY,17,0,0,0,0,0,1,XNA,,,0.425877,0.095,0.0984,0.042,0.0629,0.1356,0.0963,0.0788,0.0788,0.0718,0.0789,0.0835,0.1074,0.1102,0.1209,0.0917,0.1233,0.1268,0.0947,0.0688,0.0811,0.0769,0.129,0.1474,0.1392,0.0685,0.141,0.1245,0.0953,0.1159,0.1413,0.0603,0.0626,0.0865,0.1396,0.1843,0.1433,0.0939,0.0926,0.0814,0.1086,0.1372,0.0629,reg oper account,,0.0867,"Stone, brick",No,0.0,0.0,0.0,0.0,-987.0,0,0,0,0,0,0,0,0,0,0,0,0,0,0,0,0,0,0,0,0,0.0,0.0,0.0,0.0,0.0,2.0
100863,0,Cash loans,F,N,Y,0,220500.0,553500.0,450000.0,21000.0,Unaccompanied,Working,Secondary / secondary special,Married,With parents,0.015332,-11961,-464,-1049.0,-3151,,1,1,0,1,0,0,,1.0,2,2,FRIDAY,19,0,0,0,1,1,0,Transport: type 4,0.928621,0.651658,0.614096,0.2117,0.2289,0.143,0.1575,0.162,0.1496,0.0769,0.0821,0.13,0.1777,0.1761,0.1837,0.1811,0.197,0.1644,0.1834,0.1695,0.219,0.2553,0.22,0.2129,0.2502,0.2057,0.2541,0.1852,0.1725,0.1924,0.163,0.2324,0.1598,0.1913,0.1902,0.1743,0.1896,0.1276,0.1548,0.1109,0.1056,0.1207,0.1295,0.0934,0.1048,reg oper account,block of flats,,,,0.0,0.0,0.0,0.0,-1064.0,0,1,0,0,0,0,0,0,0,0,0,0,0,0,0,0,0,0,0,0,0.0,0.0,0.0,,,0.0
100864,0,Cash loans,F,Y,N,1,216000.0,486000.0,405000.0,32500.0,Unaccompanied,Commercial associate,Secondary / secondary special,Married,Rented apartment,0.017822,-19175,-804,-11442.0,-5157,5.0,1,1,0,1,1,0,Laborers,2.0,2,2,WEDNESDAY,12,0,0,0,0,0,0,XNA,,0.533128,,0.3476,0.336,0.3321,0.3512,0.3151,0.3172,0.3554,0.3292,0.3422,0.2632,0.2837,0.239,0.3429,0.3755,0.3352,0.155,0.1573,0.1587,0.2237,0.183,0.2169,0.3391,0.3964,0.3628,0.2452,0.2294,0.2392,0.268,0.2184,0.2234,0.1679,0.1857,0.1682,0.1364,0.1744,0.1738,0.3232,0.2864,0.3194,0.3411,0.3555,0.3415,,,0.3513,,No,0.0,0.0,0.0,0.0,-3841.0,0,1,0,0,1,0,1,0,0,0,0,0,0,0,0,0,0,0,0,0,1.0,0.0,0.0,1.0,0.0,2.0
100865,1,Cash loans,F,N,Y,2,508500.0,3870000.0,3091500.0,151500.0,Unaccompanied,Working,Secondary / secondary special,Married,House / apartment,0.027461,-8929,-2354,-1005.0,-25,,1,1,1,1,1,0,Medicine staff,4.0,2,2,SATURDAY,14,0,0,0,0,0,0,Self-employed,,0.19388,0.398576,0.4762,0.4673,0.4802,0.8342,0.8333,0.8249,0.8407,0.8442,0.8133,0.7853,0.7898,0.7498,0.3793,0.3981,0.3752,0.6925,0.6771,0.6818,0.6154,0.6233,0.6538,0.4196,0.3766,0.4059,0.4886,0.4637,0.4513,0.7501,0.7303,0.7706,0.5009,0.4636,0.4543,0.3531,0.3775,0.3985,0.6154,0.6209,0.6444,0.623,0.6271,0.5937,,block of flats,0.7775,"Stone, brick",No,0.0,0.0,0.0,0.0,-1011.0,0,0,0,0,0,0,0,0,0,0,0,0,0,0,0,0,0,0,0,0,0.0,,0.0,0.0,1.0,
100866,0,Cash loans,M,N,N,0,40500.0,139500.0,130500.0,3500.0,Family,Pensioner,Lower secondary,Single / not married,House / apartment,0.019976,-24906,365243,-13386.0,-5271,,1,0,0,1,1,1,Laborers,2.0,1,1,TUESDAY,9,0,0,0,0,0,0,Other,0.597389,0.395411,0.454429,0.1105,0.1191,0.115,0.1219,0.0894,0.0533,0.1564,0.1222,0.1438,0.1734,0.2019,0.1756,0.088,0.0907,0.1073,0.1459,0.1589,0.1328,0.104,0.1027,0.1,0.1364,0.0902,0.106,0.1391,0.0869,0.0943,0.0969,0.1219,0.1167,0.1028,0.1249,0.0953,0.14,0.1571,0.1137,0.1069,0.122,0.1459,0.1806,0.1928,0.1847,,,,,No,1.0,0.0,1.0,0.0,-3013.0,0,1,0,0,0,0,0,0,0,0,0,0,0,0,0,0,0,0,0,0,0.0,0.0,0.0,1.0,1.0,
100867,0,Cash loans,M,N,Y,0,112500.0,310500.0,301500.0,13500.0,Family,Commercial associate,Secondary / secondary special,Married,House / apartment,0.027376,-16519,-9944,-4980.0,-5782,,1,1,1,1,0,0,,1.0,1,1,TUESDAY,10,0,0,0,0,0,1,Other,,0.201898,0.306212,0.2877,0.2499,0.2431,0.1958,0.2165,0.2323,0.1573,0.1899,0.1774,0.2754,0.2889,0.2964,0.2436,0.1917,0.1911,0.2408,0.2488,0.2736,0.1636,0.167,0.1583,0.1328,0.1068,0.1683,0.1877,0.2013,0.1713,0.2212,0.2087,0.2097,0.2477,0.2198,0.226,0.26,0.298,0.3214,0.1556,0.1544,0.1618,0.1218,0.1433,0.1632,,,,"Stone, brick",No,1.0,0.0,1.0,0.0,-3572.0,0,1,0,0,0,0,1,0,0,0,0,0,0,0,0,0,0,0,0,0,,0.0,0.0,0.0,0.0,1.0
100868,0,Cash loans,F,N,N,0,234000.0,1984500.0,1665000.0,87000.0,Unaccompanied,Working,Secondary / secondary special,Married,With parents,0.014576,-11194,-295,-811.0,-2412,,1,1,0,1,1,0,,2.0,1,1,WEDNESDAY,14,0,0,0,0,1,0,Self-employed,,0.536265,,0.6054,0.5941,0.6562,0.4234,0.4253,0.4127,0.4093,0.392,0.4099,0.5756,0.5832,0.5661,0.4509,0.4616,0.451,0.381,0.416,0.4818,0.2722,0.2975,0.2947,0.5998,0.5926,0.5933,0.4514,0.453,0.4602,0.5208,0.5586,0.5478,0.3125,0.3035,0.3526,0.4578,0.4422,0.471,0.4263,0.4379,0.4439,0.4052,0.4083,0.3934,,,0.2909,"Stone, brick",,3.0,0.0,3.0,0.0,-2308.0,0,1,0,0,1,0,1,0,0,0,0,0,0,0,0,0,0,0,0,0,0.0,0.0,0.0,0.0,0.0,
100869,0,Cash loans,F,Y,Y,0,121500.0,652500.0,553500.0,27500.0,Unaccompanied,Commercial associate,Secondary / secondary special,Civil marriage,House / apartment,0.023583,-14520,-1741,-3014.0,-272,,1,1,0,1,0,0,,1.0,2,2,TUESDAY,4,0,0,0,1,0,1,Medicine,,0.540466,0.237317,0.323,0.2935,0.3163,0.2533,0.3274,0.2849,0.3847,0.3859,0.3972,0.404,0.3685,0.4226,0.3412,0.3813,0.3554,0.319,0.3196,0.2953,0.2835,0.3249,0.3109,0.4407,0.4083,0.3974,0.2991,0.2803,0.294,0.4009,0.4031,0.4293,0.3194,0.3561,0.3201,0.3584,0.3374,0.3279,0.184,0.2086,0.2061,0.2888,0.2678,0.2614,,,,Panel,No,2.0,0.0,2.0,0.0,-2515.0,0,1,0,0,0,0,0,0,0,0,0,0,0,0,0,0,0,0,0,0,,0.0,0.0,1.0,0.0,2.0
100870,0,Cash loans,F,N,Y,3,292500.0,688500.0,576000.0,37500.0,Unaccompanied,Pensioner,Higher education,Married,House / apartment,0.019638,-23080,365243,-13802.0,-4281,,1,0,0,1,0,0,,5.0,1,1,FRIDAY,15,0,0,0,0,0,0,Government,,0.510065,0.645629,0.4529,0.4256,0.4122,0.2111,0.2405,0.2574,0.5511,0.5327,0.5333,0.3843,0.3917,0.3384,0.3661,0.3836,0.3431,0.4669,0.4291,0.4664,0.5173,0.468,0.4458,0.2493,0.286,0.2512,0.4418,0.469,0.385,0.4692,0.4239,0.4742,0.5681,0.5639,0.5647,0.5586,0.5606,0.5316,0.47,0.4725,0.4432,0.3581,0.3388,0.3537,,block of flats,0.2752,Mixed,No,0.0,0.0,0.0,0.0,-1972.0,0,1,0,0,0,0,0,0,0,0,0,0,0,0,0,0,0,0,0,0,0.0,0.0,0.0,0.0,0.0,2.0
100871,0,Cash loans,F,Y,Y,0,144000.0,288000.0,,19500.0,Family,Pensioner,Secondary / secondary special,Single / not married,House / apartment,0.007907,-23629,365243,-4449.0,-81,,1,0,0,1,0,0,Accountants,1.0,2,2,MONDAY,10,0,0,0,0,0,0,Self-employed,0.600484,0.640545,0.693314,0.4143,0.4233,0.4431,0.5549,0.5395,0.5684,0.3624,0.3227,0.3394,0.5506,0.4841,0.5017,0.4336,0.4441,0.4314,0.4362,0.4574,0.4483,0.5401,0.5249,0.5565,0.5549,0.5085,0.5017,0.3778,0.3691,0.376,0.2623,0.2617,0.2339,0.3483,0.3591,0.321,0.3788,0.3236,0.3211,0.3018,0.2398,0.3008,0.2928,0.3655,0.3095,,,,,No,1.0,0.0,1.0,0.0,-736.0,0,1,0,0,0,0,0,0,0,0,0,0,0,0,1,0,0,0,0,0,1.0,0.0,0.0,0.0,0.0,4.0
100872,0,Cash loans,F,N,Y,0,157500.0,1161000.0,1089000.0,42500.0,Unaccompanied,Working,Incomplete higher,Married,House / apartment,0.025229,-13879,-7304,-1623.0,-3830,,1,1,0,1,0,0,Laborers,1.0,3,3,SUNDAY,9,0,0,0,1,0,1,Self-employed,0.395098,0.742527,0.763681,0.0944,0.0775,0.073,0.1194,0.093,0.0789,0.0849,0.0982,0.0891,0.0383,0.0428,0.0218,0.061,0.0784,0.0391,0.0884,0.1439,0.129,0.0927,0.0918,0.1114,0.0587,0.0697,0.0805,0.0872,0.1165,0.0733,0.03,0.0587,0.0623,0.0453,0.0393,0.0456,0.0396,0.0597,0.0585,0.0758,0.0894,0.0768,0.0822,0.0742,0.0799,,,0.0403,,No,1.0,0.0,1.0,0.0,-1963.0,0,0,0,0,0,0,0,0,0,0,0,0,0,0,0,0,0,0,0,0,0.0,0.0,0.0,,,1.0
100873,0,Revolving loans,F,N,Y,0,126000.0,495000.0,391500.0,13500.0,Unaccompanied,Pensioner,Secondary / secondary special,Married,House / apartment,0.019847,-24829,365243,-17155.0,-1928,,1,0,0,1,0,0,Managers,2.0,2,2,MONDAY,13,0,0,0,0,0,0,Business Entity Type 3,0.798006,0.583485,0.557029,0.4829,0.4961,0.5023,0.4329,0.4408,0.4368,0.5467,0.5202,0.5506,0.5403,0.5563,0.5342,0.406,0.3743,0.3682,0.4047,0.4156,0.4104,0.4596,0.431,0.4751,0.2846,0.2747,0.26,0.2628,0.3026,0.2791,0.3962,0.3959,0.4205,0.4838,0.5101,0.4846,0.3455,0.3497,0.331,0.5794,0.5516,0.5453,0.2744,0.2956,0.2743,,block of flats,0.3548,,,0.0,0.0,0.0,0.0,-2487.0,0,0,0,0,0,0,1,0,0,0,0,0,0,0,0,0,0,0,0,0,0.0,0.0,0.0,0.0,1.0,1.0
100874,0,Cash loans,F,N,Y,0,112500.0,189000.0,184500.0,6000.0,Unaccompanied,Working,Secondary / secondary special,Single / not married,House / apartment,0.012012,-17761,-362,-2411.0,-3245,,1,1,0,1,0,0,Sales staff,2.0,3,3,FRIDAY,17,0,0,0,1,0,0,Government,,0.469678,0.748928,0.9388,0.9435,0.9584,1.0,0.9785,1.0,1.0,1.0,0.9847,0.9929,0.9876,1.0,0.9977,0.9768,1.0,1.0,0.9921,1.0,0.8559,0.8182,0.8224,0.9677,0.9938,1.0,0.609,0.6089,0.5808,0.8553,0.8214,0.8272,0.7837,0.7221,0.7554,0.6416,0.6209,0.6623,0.6225,0.6287,0.6133,0.9413,0.9592,0.9581,,block of flats,0.9622,,No,0.0,1.0,0.0,0.0,-3986.0,0,1,0,0,1,0,0,0,0,0,0,0,0,0,0,0,0,0,0,0,0.0,0.0,0.0,0.0,0.0,1.0
100875,0,Cash loans,F,N,Y,3,108000.0,157500.0,153000.0,12000.0,Other_A,Commercial associate,Secondary / secondary special,Married,Rented apartment,0.01437,-12728,-6154,-4982.0,-5519,,1,1,0,1,0,0,,5.0,2,2,FRIDAY,11,0,0,1,0,0,0,Bank,,0.694636,,0.1335,0.0832,0.1555,0.0772,0.0939,0.0723,0.0392,0.0728,0.0633,0.1296,0.1316,0.1412,0.0643,0.0909,0.1008,0.1571,0.1218,0.1216,0.0989,0.1031,0.0805,0.1054,0.0872,0.094,0.1225,0.1013,0.1236,0.0927,0.1087,0.0906,0.1027,0.1025,0.0918,0.1246,0.1231,0.0947,0.1082,0.0714,0.0864,0.1907,0.153,0.1189,reg oper account,block of flats,0.1493,Block,,1.0,0.0,1.0,0.0,-1686.0,0,1,0,0,0,0,0,0,0,0,0,0,0,0,0,0,0,0,0,0,,0.0,0.0,0.0,1.0,3.0
100876,0,Cash loans,F,N,N,0,171000.0,360000.0,288000.0,16500.0,Unaccompanied,Pensioner,Secondary / secondary special,Married,House / apartment,0.01459,-23428,365243,-1508.0,-909,,1,0,0,1,0,0,Drivers,2.0,2,2,WEDNESDAY,13,0,0,0,0,0,0,XNA,,0.335729,,0.2311,0.2598,0.2659,0.2699,0.2539,0.2561,0.2099,0.2076,0.1972,0.2801,0.2905,0.2726,0.1634,0.1725,0.2042,0.2449,0.2496,0.2761,0.2058,0.25,0.2406,0.2148,0.1827,0.2345,0.1865,0.1699,0.1855,0.1807,0.166,0.2287,0.1663,0.1144,0.1419,0.2,0.1597,0.1629,0.1817,0.1877,0.2136,0.2021,0.2313,0.2159,,,0.2638,,,1.0,0.0,1.0,1.0,-3824.0,0,1,0,0,0,0,0,0,0,0,0,0,0,0,1,0,0,0,0,0,0.0,0.0,,1.0,0.0,1.0
100877,0,Cash loans,F,N,Y,0,94500.0,184500.0,162000.0,18000.0,Unaccompanied,Working,Higher education,Married,Municipal apartment,0.016065,-8932,-2342,-1703.0,-204,,1,1,1,1,0,0,Laborers,2.0,2,2,SATURDAY,14,0,0,0,0,0,0,Business Entity Type 3,,0.685751,0.610063,0.448,0.4748,0.4661,0.5266,0.4985,0.4891,0.611,0.6267,0.6463,0.6865,0.7112,0.7316,0.3134,0.3204,0.3568,0.3386,0.3502,0.3193,0.3845,0.4581,0.4063,0.4362,0.4197,0.4322,0.6464,0.6392,0.6234,0.3724,0.4,0.3682,0.5696,0.5545,0.5267,0.3684,0.3291,0.333,0.4028,0.3983,0.3938,0.5549,0.5578,0.5724,reg oper account,block of flats,0.3723,Mixed,No,2.0,1.0,2.0,0.0,-2113.0,0,1,0,0,0,0,0,0,0,0,0,0,0,0,0,0,0,0,0,0,0.0,,0.0,1.0,0.0,3.0
100878,0,Cash loans,M,N,Y,0,247500.0,315000.0,306000.0,16500.0,Family,Working,Secondary / secondary special,Separated,House / apartment,0.05565,-18813,-357,-6203.0,-3452,,1,1,0,1,0,0,Laborers,2.0,3,3,MONDAY,13,0,0,0,0,0,0,Industry: type 9,0.297669,0.400859,0.730143,0.4224,0.4257,0.448,0.393,0.3326,0.3563,0.2394,0.25,0.2475,0.4656,0.4602,0.4609,0.3728,0.4072,0.4025,0.3655,0.3591,0.3466,0.3889,0.4207,0.4368,0.4014,0.3988,0.4376,0.3336,0.3703,0.3582,0.262,0.2542,0.2591,0.2985,0.2739,0.2616,0.3098,0.3234,0.3284,0.2466,0.31,0.2433,0.3668,0.3434,0.3613,,block of flats,0.1941,,,1.0,0.0,1.0,0.0,-3560.0,0,1,0,0,0,0,0,0,0,0,0,0,0,0,0,0,0,0,0,0,0.0,0.0,0.0,,1.0,
100879,0,Cash loans,M,Y,N,3,211500.0,450000.0,427500.0,15000.0,"Spouse, partner",Commercial associate,Secondary / secondary special,Married,With parents,0.068339,-19263,-1547,-654.0,-4178,27.0,1,1,1,1,0,0,Managers,5.0,2,2,THURSDAY,9,0,0,0,0,0,1,XNA,0.262708,0.088193,0.512951,0.5921,0.5781,0.6016,0.6645,0.6916,0.6817,0.7309,0.6873,0.6729,0.5854,0.5907,0.5851,0.6323,0.6884,0.6608,0.6666,0.6256,0.6773,0.5582,0.5372,0.5509,0.804,0.7707,0.7793,0.4948,0.478,0.5143,0.4857,0.5257,0.5261,0.3499,0.3739,0.3287,0.664,0.6393,0.6778,0.3765,0.3896,0.3651,0.5283,0.5192,0.4974,reg oper account,block of flats,0.7518,Panel,No,3.0,0.0,3.0,0.0,-1556.0,0,1,0,0,0,0,0,0,0,0,0,0,0,0,0,0,0,0,0,0,0.0,0.0,0.0,1.0,0.0,2.0
100880,0,Cash loans,F,Y,Y,3,270000.0,634500.0,585000.0,34000.0,Unaccompanied,Working,Secondary / secondary special,Widow,House / apartment,0.00345,-18725,-2876,-259.0,-1791,19.0,1,1,0,1,1,0,,5.0,3,3,MONDAY,13,0,1,0,0,0,0,Government,,0.696284,0.679973,0.1482,0.1697,0.1491,0.0975,0.0777,0.0677,0.0302,0.1064,0.0711,0.1791,0.1474,0.1365,0.1335,0.1227,0.1079,0.1422,0.122,0.1269,0.0815,0.1113,0.1281,0.0885,0.0807,0.0524,0.1388,0.1622,0.1529,0.0492,0.0615,0.1077,0.1508,0.1218,0.1274,0.1224,0.1585,0.0954,0.1335,0.1166,0.1202,0.1026,0.1228,0.1568,,,,,,2.0,0.0,2.0,0.0,-1673.0,0,0,0,0,0,0,0,0,0,0,0,0,0,0,0,0,0,0,0,0,0.0,0.0,,1.0,0.0,4.0
100881,0,Cash loans,M,N,N,0,81000.0,243000.0,189000.0,7000.0,Unaccompanied,Working,Secondary / secondary special,Single / not married,House / apartment,0.02531,-18131,-4876,-2126.0,-985,,1,1,1,1,0,0,Drivers,2.0,1,1,MONDAY,13,0,0,0,0,0,0,Self-employed,0.487931,0.672855,,0.6692,0.6664,0.689,0.864,0.8661,0.8485,0.8508,0.8774,0.8415,0.6229,0.5821,0.6225,0.6925,0.6839,0.7345,0.6655,0.6821,0.6915,0.7555,0.7346,0.7125,0.4307,0.4006,0.3953,0.6602,0.6415,0.6278,0.6851,0.668,0.6959,0.5375,0.5158,0.4996,0.4756,0.4409,0.5526,0.351,0.4187,0.4049,0.4538,0.4771,0.4452,,block of flats,0.3533,Panel,No,1.0,0.0,1.0,0.0,-3836.0,0,0,0,0,0,0,1,0,0,0,0,0,0,0,0,0,0,0,0,0,0.0,0.0,0.0,1.0,0.0,
100882,0,Cash loans,M,N,Y,0,58500.0,580500.0,459000.0,24000.0,Unaccompanied,Working,Higher education,Married,House / apartment,0.033804,-11057,-306,-2494.0,-4221,,1,1,0,1,0,0,Core staff,1.0,2,2,TUESDAY,3,0,0,0,0,0,0,Self-employed,,0.583735,,0.4941,0.491,0.482,0.4495,0.3953,0.4078,0.5592,0.5307,0.5637,0.4951,0.5158,0.5338,0.3867,0.354,0.3763,0.5272,0.5452,0.5278,0.5492,0.5702,0.5388,0.2571,0.2519,0.2513,0.5469,0.5615,0.5407,0.3152,0.3315,0.3471,0.3259,0.2903,0.286,0.2551,0.2284,0.2153,0.5493,0.5529,0.5645,0.3667,0.3693,0.3794,,block of flats,,Panel,No,1.0,1.0,1.0,0.0,-3673.0,0,1,0,0,0,0,0,0,0,0,0,0,0,0,0,0,0,0,0,0,0.0,0.0,0.0,0.0,0.0,1.0
100883,0,Revolving loans,F,Y,Y,0,148500.0,499500.0,468000.0,16500.0,Unaccompanied,Pensioner,Secondary / secondary special,Married,House / apartment,0.016355,-23842,365243,-4134.0,-4134,,1,0,0,1,1,0,,2.0,3,3,WEDNESDAY,15,0,0,0,0,0,0,XNA,,,,0.3099,0.3136,0.2929,0.4706,0.4621,0.4356,0.2962,0.2457,0.2873,0.5394,0.5345,0.5196,0.3478,0.3493,0.3172,0.5081,0.5091,0.5194,0.5406,0.515,0.5322,0.3483,0.35,0.3941,0.2815,0.3195,0.2899,0.5832,0.5978,0.6126,0.4673,0.5107,0.4516,0.4143,0.4085,0.3811,0.4858,0.441,0.4673,0.3855,0.3454,0.397,,block of flats,0.6056,"Stone, brick",,1.0,0.0,1.0,0.0,-3970.0,0,0,0,0,0,0,0,0,0,0,0,0,0,0,0,0,0,0,0,0,0.0,0.0,0.0,,0.0,0.0
100884,0,Cash loans,F,N,Y,0,724500.0,2578500.0,2205000.0,70500.0,Unaccompanied,Working,Higher education,Married,House / apartment,0.033246,-13168,-5397,-1061.0,-5669,,1,1,0,1,1,0,Accountants,2.0,2,2,SUNDAY,7,0,0,0,0,0,0,School,,0.288032,0.356923,0.201,0.1514,0.2054,0.1592,0.1662,0.1843,0.263,0.2348,0.2325,0.3042,0.2322,0.2385,0.2262,0.2219,0.2271,0.2138,0.2146,0.2116,0.1192,0.1144,0.0859,0.1936,0.1792,0.2058,0.1506,0.1494,0.1396,0.2606,0.2751,0.2406,0.1766,0.2052,0.1363,0.1775,0.1962,0.1994,0.1218,0.1336,0.1341,0.1234,0.1228,0.0956,reg oper account,block of flats,0.137,,,2.0,0.0,2.0,0.0,-3851.0,0,1,0,0,0,0,1,0,0,0,0,0,0,0,0,0,0,0,0,0,0.0,0.0,0.0,0.0,0.0,1.0
100885,0,Cash loans,F,Y,N,0,297000.0,1534500.0,1404000.0,50500.0,Unaccompanied,Working,Secondary / secondary special,Married,House / apartment,0.052149,-11104,-4530,-2124.0,-5185,,1,1,0,1,0,0,,2.0,2,2,SATURDAY,12,0,0,0,0,0,0,Self-employed,,0.814773,0.705599,0.1367,0.1812,0.1383,0.1872,0.1723,0.1451,0.1777,0.1734,0.1577,0.1809,0.1712,0.1971,0.1924,0.1904,0.2303,0.2307,0.2596,0.2305,0.2504,0.2942,0.3043,0.1837,0.1929,0.2087,0.1651,0.2125,0.1413,0.1721,0.2026,0.1859,0.2529,0.2018,0.2035,0.1615,0.1315,0.1378,0.201,0.2114,0.2217,0.2288,0.259,0.2729,reg oper account,block of flats,,Block,No,1.0,0.0,1.0,0.0,-3945.0,0,1,0,0,1,0,0,0,0,0,0,0,0,0,0,0,0,0,0,0,0.0,0.0,0.0,1.0,0.0,2.0
100886,0,Cash loans,M,N,Y,1,108000.0,369000.0,342000.0,10000.0,Unaccompanied,State servant,Incomplete higher,Married,House / apartment,0.007988,-14674,-2769,-7571.0,-4365,,1,1,0,1,0,0,Core staff,3.0,2,2,SATURDAY,17,0,0,0,0,0,0,Self-employed,0.754451,0.258218,0.640854,0.4738,0.5033,0.439,0.4801,0.4505,0.4299,0.4109,0.4009,0.417,0.3725,0.3746,0.359,0.3609,0.354,0.3607,0.2705,0.2545,0.2999,0.254,0.2973,0.2947,0.2543,0.2711,0.2339,0.4112,0.4439,0.4574,0.4316,0.4344,0.4298,0.4086,0.4099,0.4537,0.362,0.3515,0.3511,0.3781,0.3693,0.3436,0.4482,0.473,0.4218,reg oper account,,,"Stone, brick",No,1.0,0.0,1.0,0.0,-2548.0,0,0,0,0,1,0,0,0,0,0,0,0,0,0,0,0,1,0,0,0,0.0,0.0,0.0,0.0,,0.0
100887,0,Cash loans,F,Y,Y,2,184500.0,895500.0,774000.0,26000.0,Unaccompanied,Pensioner,Higher education,Married,House / apartment,0.020317,-24858,365243,-960.0,-119,,1,0,0,1,0,0,Core staff,4.0,2,2,FRIDAY,11,0,0,0,0,0,0,Self-employed,,0.602304,0.765479,0.1208,0.154,0.1252,0.1557,0.1287,0.1785,0.0765,0.0914,0.1043,0.1445,0.1135,0.1415,0.1674,0.1508,0.1441,0.1856,0.1705,0.1785,0.1565,0.1271,0.1257,0.1811,0.1644,0.1708,0.1034,0.1021,0.0905,0.0585,0.1316,0.0978,0.1773,0.1953,0.1616,0.1746,0.1935,0.1664,0.0813,0.1112,0.0936,0.1329,0.1421,0.1438,,,,Panel,No,2.0,0.0,2.0,0.0,-1324.0,0,1,0,0,1,0,0,0,0,0,0,0,0,0,0,0,0,0,0,0,0.0,0.0,,1.0,0.0,2.0
100888,0,Cash loans,M,N,N,0,220500.0,1003500.0,810000.0,37000.0,Unaccompanied,Commercial associate,Secondary / secondary special,Married,House / apartment,0.06291,-14490,-2838,-4283.0,-1557,,1,1,0,1,0,0,Sales staff,2.0,2,2,THURSDAY,9,0,0,0,0,0,0,Industry: type 9,,0.679117,,0.2509,0.2546,0.3005,0.1513,0.1382,0.1454,0.1613,0.1898,0.1772,0.2832,0.2608,0.261,0.2166,0.2012,0.2352,0.2564,0.2301,0.2538,0.2987,0.3308,0.293,0.2249,0.1986,0.1483,0.3101,0.2987,0.2764,0.1943,0.2046,0.1543,0.237,0.2339,0.2186,0.1976,0.2308,0.1824,0.1697,0.1425,0.1637,0.1745,0.1918,0.1719,reg oper account,specific housing,0.2386,"Stone, brick",No,2.0,0.0,2.0,0.0,-2639.0,0,1,0,0,0,0,0,0,0,0,0,0,0,0,0,0,0,0,0,0,0.0,0.0,0.0,1.0,1.0,3.0
100889,0,Cash loans,F,N,Y,0,67500.0,283500.0,243000.0,15000.0,Unaccompanied,Commercial associate,Secondary / secondary special,Widow,Municipal apartment,0.008681,-21551,-4716,-13177.0,-3930,,1,1,1,1,1,0,,2.0,2,2,SATURDAY,14,0,0,0,0,0,1,Trade: type 7,,0.302303,0.423635,0.1837,0.2087,0.1602,0.1667,0.1769,0.1733,0.2058,0.1701,0.2056,0.2441,0.2295,0.2415,0.1274,0.1301,0.1304,0.2151,0.2297,0.2063,0.1433,0.1247,0.1058,0.2464,0.3141,0.2513,0.191,0.1746,0.1956,0.1084,0.1188,0.1434,0.1985,0.2359,0.2083,0.2257,0.2212,0.2138,0.1433,0.1704,0.15,0.1398,0.127,0.1298,,,,"Stone, brick",No,0.0,0.0,0.0,0.0,-1095.0,0,1,0,0,0,0,0,0,0,0,0,0,0,0,0,0,0,0,0,0,0.0,0.0,0.0,1.0,0.0,
100890,0,Cash loans,F,N,N,0,310500.0,4050000.0,3865500.0,214000.0,Unaccompanied,Working,Higher education,Married,House / apartment,0.017411,-17766,-2081,-4739.0,-2791,,1,1,0,1,1,0,,2.0,2,2,THURSDAY,17,0,0,0,0,0,0,Business Entity Type 3,,0.770988,0.628702,0.2274,0.1939,0.2085,0.1609,0.184,0.1868,0.1339,0.0793,0.1383,0.1453,0.0905,0.1076,0.1915,0.1652,0.1747,0.156,0.1775,0.1675,0.1593,0.1944,0.1769,0.1896,0.1685,0.1631,0.1176,0.1113,0.0761,0.1287,0.0752,0.0949,0.1542,0.1408,0.151,0.1751,0.1894,0.194,0.1524,0.1191,0.1522,0.138,0.1246,0.1131,,,0.1105,"Stone, brick",No,1.0,0.0,1.0,0.0,-4172.0,0,0,0,0,0,0,0,0,0,0,0,0,0,0,0,0,0,0,0,0,0.0,0.0,0.0,0.0,0.0,0.0
100891,0,Cash loans,M,N,N,0,135000.0,868500.0,733500.0,24000.0,Unaccompanied,Working,Secondary / secondary special,Married,House / apartment,0.014161,-13976,-2909,-7037.0,-311,,1,1,0,1,0,0,Drivers,2.0,2,2,SATURDAY,8,0,0,0,0,1,0,XNA,,0.359008,0.118637,0.2578,0.2984,0.287,0.4203,0.44,0.4119,0.5432,0.5167,0.5437,0.3566,0.3864,0.3903,0.3361,0.3402,0.3417,0.4605,0.4609,0.4545,0.3517,0.3452,0.3324,0.5187,0.5665,0.5183,0.3149,0.3381,0.2601,0.2761,0.2281,0.2812,0.3606,0.386,0.3592,0.3562,0.3538,0.3488,0.5623,0.5709,0.5408,0.2687,0.2743,0.2684,reg oper account,block of flats,,Panel,,2.0,0.0,2.0,0.0,-2462.0,0,0,0,0,0,0,0,0,0,0,0,0,0,0,0,0,0,0,0,0,0.0,0.0,,0.0,0.0,2.0
100892,0,Revolving loans,F,Y,N,0,139500.0,301500.0,238500.0,26000.0,Unaccompanied,Working,Secondary / secondary special,Married,House / apartment,0.035899,-13425,-530,-3336.0,-3389,,1,1,0,1,0,0,Medicine staff,2.0,2,2,MONDAY,4,0,0,0,0,0,0,Business Entity Type 3,0.667534,0.702578,0.60381,0.1189,0.1797,0.1384,0.1464,0.2164,0.1848,0.2457,0.2888,0.2833,0.2674,0.2579,0.224,0.1449,0.1182,0.1115,0.2296,0.2248,0.2281,0.2854,0.2642,0.2742,0.2637,0.2634,0.2598,0.1795,0.1434,0.1628,0.164,0.1252,0.1387,0.1913,0.1935,0.1678,0.1974,0.2532,0.1845,0.2199,0.2447,0.2436,0.1477,0.1453,0.0939,,,,"Stone, brick",,4.0,0.0,4.0,0.0,-2883.0,0,1,0,0,0,0,0,0,0,0,0,0,0,0,0,0,0,0,0,0,0.0,0.0,,0.0,,3.0
100893,0,Cash loans,M,Y,N,0,148500.0,711000.0,693000.0,18500.0,Unaccompanied,Working,Higher education,Married,House / apartment,0.039138,-15984,-3706,-5403.0,-4557,,1,1,0,1,1,1,,1.0,2,2,THURSDAY,16,0,0,0,0,0,0,Transport: type 4,,0.771595,0.436192,0.3555,0.3115,0.3301,0.3316,0.2918,0.3412,0.3188,0.3123,0.3246,0.4015,0.4387,0.3805,0.5222,0.5113,0.4975,0.5095,0.4718,0.4908,0.2826,0.3102,0.2904,0.4581,0.4904,0.4817,0.2407,0.1853,0.2421,0.4728,0.494,0.4423,0.2715,0.2442,0.2518,0.5178,0.4878,0.5355,0.2923,0.2748,0.2758,0.2608,0.2619,0.3073,,,0.2625,,,1.0,0.0,1.0,0.0,-1215.0,0,1,0,0,0,0,0,0,0,0,0,0,0,0,0,0,0,0,0,0,0.0,0.0,0.0,2.0,0.0,4.0
100894,0,Cash loans,M,N,N,3,274500.0,693000.0,634500.0,35000.0,Unaccompanied,Working,Higher education,Married,House / apartment,0.02068,-13821,-514,-5225.0,-4356,,1,1,0,1,1,1,Laborers,5.0,2,2,MONDAY,15,0,0,0,0,0,0,Business Entity Type 3,0.436552,0.716241,0.478889,0.3585,0.3508,0.344,0.2499,0.2434,0.2372,0.4542,0.4595,0.4574,0.437,0.4472,0.416,0.4918,0.5099,0.5138,0.4134,0.4396,0.4438,0.4694,0.4885,0.5031,0.3943,0.3648,0.3587,0.4182,0.4075,0.4448,0.5045,0.504,0.4912,0.4728,0.4698,0.4936,0.4416,0.4294,0.4381,0.4818,0.4619,0.4779,0.3305,0.328,0.3157,,,,,No,2.0,0.0,2.0,0.0,-2821.0,0,1,0,0,0,0,0,0,0,0,0,0,0,0,0,0,0,0,0,0,0.0,0.0,0.0,0.0,0.0,
100895,0,Cash loans,M,N,Y,0,99000.0,495000.0,441000.0,15500.0,Unaccompanied,Commercial associate,Higher education,Single / not married,House / apartment,0.019077,-10832,-3702,-447.0,-5537,,1,1,0,1,0,1,,2.0,2,2,TUESDAY,13,0,0,0,0,1,1,Business Entity Type 2,0.320537,0.266017,,0.2172,0.1684,0.1795,0.287,0.2886,0.3062,0.2429,0.1705,0.1761,0.1873,0.1777,0.2121,0.3687,0.3505,0.3612,0.2777,0.3002,0.2892,0.309,0.2591,0.29,0.3084,0.2855,0.2854,0.1537,0.1414,0.1462,0.3365,0.3638,0.37,0.1912,0.1609,0.1579,0.3449,0.3841,0.365,0.3568,0.3556,0.3747,0.2929,0.2231,0.2343,reg oper account,,0.4067,"Stone, brick",,2.0,0.0,2.0,0.0,-530.0,0,1,0,0,0,0,0,0,0,0,0,0,0,0,0,0,0,0,0,0,0.0,,0.0,0.0,0.0,2.0
100896,0,Cash loans,F,N,N,1,58500.0,108000.0,103500.0,5500.0,Unaccompanied,Working,Higher education,Married,House / apartment,0.006441,-15092,-1160,-3786.0,-887,,1,1,0,1,0,0,,2.0,2,2,WEDNESDAY,6,0,0,0,0,1,1,Other,0.454653,0.05239,,0.0004,0.0,0.0177,0.0005,0.0,0.0,0.0357,0.0205,0.0273,0.0208,0.0048,0.0188,0.0,0.0183,0.026,0.0398,0.0169,0.0252,0.0252,0.0,0.0212,0.0227,0.0195,0.0172,0.0126,0.0134,0.022,0.0,0.0146,0.0,0.0,0.0,0.0093,0.0079,0.0084,0.0,0.0,0.0,0.0,0.0617,0.0041,0.0096,,,,,,2.0,0.0,2.0,0.0,-2950.0,0,1,0,0,0,0,0,0,0,0,0,0,0,0,0,0,0,0,0,0,0.0,0.0,0.0,0.0,1.0,1.0
100897,0,Cash loans,M,N,N,0,175500.0,373500.0,324000.0,9500.0,Unaccompanied,Working,Secondary / secondary special,Married,House / apartment,0.045186,-17253,-2606,-5400.0,-5725,,1,1,0,1,0,0,Laborers,2.0,2,2,SATURDAY,14,0,0,0,0,0,0,Business Entity Type 2,0.486684,0.269271,0.445369,0.7686,0.7659,0.8127,0.8386,0.8608,0.869,0.8233,0.8375,0.8397,0.9402,0.94,0.9771,0.7102,0.7142,0.7007,0.7873,0.7798,0.7951,0.6592,0.639,0.7021,0.8483,0.8845,0.8732,0.6495,0.6631,0.6627,0.465,0.4396,0.4398,0.6661,0.7035,0.654,0.9968,1.0,1.0,0.5211,0.5468,0.5339,0.7503,0.7689,0.7794,org spec account,,0.919,Panel,No,1.0,0.0,1.0,0.0,-1556.0,0,0,0,0,0,0,0,0,0,0,0,0,0,0,0,0,0,0,0,0,0.0,0.0,0.0,1.0,,1.0
100898,0,Cash loans,F,N,Y,0,49500.0,234000.0,229500.0,21000.0,Unaccompanied,Pensioner,Higher education,Civil marriage,House / apartment,0.015023,-25045,365243,-951.0,-3153,,1,0,0,1,0,0,,1.0,2,2,THURSDAY,15,0,0,0,0,1,0,Medicine,,0.312619,0.390878,0.283,0.2479,0.2777,0.1766,0.2218,0.1938,0.2521,0.2642,0.2848,0.3302,0.2992,0.3156,0.218,0.197,0.2469,0.1719,0.1796,0.1938,0.1316,0.1318,0.1505,0.2192,0.2247,0.2281,0.1737,0.1645,0.1792,0.1111,0.1347,0.1581,0.2657,0.2857,0.2879,0.2673,0.2984,0.2709,0.2171,0.1955,0.224,0.3015,0.3175,0.2871,,,,Panel,No,0.0,0.0,0.0,0.0,-1801.0,0,0,0,0,0,0,0,0,0,0,0,0,0,0,0,0,0,0,0,0,0.0,0.0,0.0,2.0,0.0,1.0
100899,0,Cash loans,F,Y,Y,0,126000.0,850500.0,810000.0,41500.0,Family,Working,Secondary / secondary special,Married,House / apartment,0.017121,-11706,-1088,-1708.0,-1833,,1,1,0,1,0,0,,1.0,2,2,TUESDAY,19,0,1,0,0,0,0,XNA,,0.578002,0.784043,0.2759,0.2228,0.2358,0.301,0.3366,0.342,0.256,0.2779,0.2769,0.4376,0.4145,0.4432,0.3633,0.3704,0.3929,0.3279,0.3398,0.3737,0.3473,0.336,0.3552,0.2487,0.2627,0.2402,0.3979,0.3626,0.3434,0.3037,0.339,0.322,0.2364,0.2687,0.2143,0.4352,0.4651,0.4347,0.3213,0.3461,0.3521,0.3762,0.3587,0.3658,,,,"Stone, brick",,0.0,0.0,0.0,0.0,-690.0,0,1,0,0,0,0,0,0,0,0,0,0,0,0,0,0,0,0,0,0,0.0,0.0,0.0,0.0,1.0,2.0
100900,0,Cash loans,M,Y,N,2,283500.0,1458000.0,1219500.0,40500.0,Unaccompanied,Commercial associate,Higher education,Civil marriage,House / apartment,0.034155,-10767,-2601,-2914.0,-5160,,1,1,0,1,0,0,Managers,4.0,2,2,SUNDAY,11,0,0,0,1,0,0,Self-employed,,0.373895,0.503931,0.2768,0.2698,0.3109,0.3835,0.3991,0.3747,0.3997,0.3507,0.3439,0.4933,0.4757,0.4715,0.307,0.2949,0.3124,0.4935,0.451,0.4965,0.2364,0.262,0.2615,0.5189,0.5269,0.5143,0.3198,0.2716,0.2557,0.2179,0.2628,0.212,0.2695,0.2225,0.2536,0.2215,0.2157,0.2206,0.4002,0.3798,0.382,0.4047,0.4428,0.4073,,block of flats,,Panel,,3.0,0.0,3.0,0.0,-2123.0,0,0,0,0,1,0,0,0,0,0,0,0,0,0,0,0,0,0,0,0,0.0,0.0,0.0,0.0,0.0,1.0
100901,1,Cash loans,M,N,Y,0,202500.0,1264500.0,1080000.0,69500.0,Unaccompanied,Working,Secondary / secondary special,Married,House / apartment,0.021137,-12839,-3827,-71.0,-619,,1,1,0,1,0,0,Managers,2.0,1,1,SATURDAY,13,0,0,0,1,0,0,Business Entity Type 3,,0.15927,0.246945,0.0914,0.0779,0.0747,0.1065,0.1342,0.1094,0.1065,0.1058,0.097,0.0874,0.1015,0.0966,0.1008,0.092,0.0975,0.0696,0.058,0.0677,0.0921,0.1179,0.1134,0.1288,0.1153,0.0979,0.1246,0.1208,0.0929,0.0186,0.0683,0.0547,0.0838,0.0637,0.058,0.0957,0.0975,0.1155,0.1141,0.1215,0.0872,0.0731,0.0885,0.0758,reg oper spec account,block of flats,,,No,1.0,0.0,1.0,0.0,-1261.0,0,1,0,0,0,0,0,0,0,0,0,0,0,0,0,0,0,0,0,0,0.0,0.0,0.0,0.0,,2.0
100902,0,Cash loans,F,N,Y,0,261000.0,1251000.0,1044000.0,68500.0,Unaccompanied,Commercial associate,Secondary / secondary special,Civil marriage,House / apartment,0.034845,-11151,-4576,-1330.0,-165,,1,1,0,1,0,0,Laborers,2.0,2,2,FRIDAY,5,0,0,0,0,0,0,Business Entity Type 3,0.688453,0.350284,0.563974,0.2033,0.2011,0.1813,0.2044,0.2037,0.1737,0.1503,0.1979,0.2286,0.118,0.1645,0.1505,0.1942,0.1654,0.1619,0.1254,0.1338,0.1192,0.1059,0.1198,0.1145,0.2213,0.2016,0.1849,0.0737,0.1216,0.0669,0.0915,0.0661,0.0854,0.114,0.1497,0.1163,0.1964,0.1821,0.2093,0.1777,0.1985,0.1758,0.1396,0.1305,0.1487,,,,"Stone, brick",No,2.0,0.0,2.0,0.0,-441.0,0,0,0,0,0,0,0,0,0,0,0,0,0,0,0,0,0,0,0,0,0.0,,0.0,0.0,1.0,2.0
100903,0,Cash loans,F,N,Y,1,207000.0,886500.0,810000.0,24000.0,Family,Working,Lower secondary,Separated,House / apartment,0.027184,-18540,-570,-807.0,-4382,,1,1,1,1,0,0,Managers,3.0,2,2,WEDNESDAY,15,0,0,0,0,1,0,Business Entity Type 3,,0.45461,0.234096,0.4429,0.4661,0.436,0.3303,0.3559,0.3224,0.57,0.5826,0.558,0.559,0.5905,0.561,0.3369,0.3794,0.3952,0.5901,0.5682,0.6015,0.3354,0.3739,0.3706,0.6068,0.6045,0.5651,0.642,0.6232,0.6375,0.4983,0.4595,0.4719,0.66,0.6354,0.673,0.3526,0.3045,0.3799,0.3713,0.3559,0.3261,0.4348,0.3999,0.3899,reg oper account,,,,,1.0,0.0,1.0,0.0,-1954.0,0,1,0,0,0,0,0,0,0,0,0,0,0,0,0,0,1,0,0,0,0.0,0.0,0.0,0.0,0.0,2.0
100904,0,Cash loans,M,N,Y,1,553500.0,1638000.0,,47000.0,Unaccompanied,Working,Secondary / secondary special,Civil marriage,House / apartment,0.021218,-16769,-401,-894.0,-4365,,1,1,0,1,0,0,Sales staff,2.0,1,1,WEDNESDAY,15,0,0,0,0,1,0,Construction,0.452848,0.666102,0.234857,0.5719,0.6028,0.5824,0.3004,0.3215,0.313,0.4163,0.3853,0.4,0.3842,0.3551,0.3596,0.3342,0.3341,0.3095,0.6751,0.6656,0.6109,0.3753,0.3591,0.4189,0.3126,0.3072,0.3422,0.3244,0.3277,0.3462,0.6396,0.6251,0.6195,0.3542,0.4258,0.4019,0.6521,0.6383,0.648,0.4509,0.4525,0.4607,0.5905,0.5917,0.5702,,,,,,2.0,0.0,2.0,0.0,-1046.0,0,0,0,0,0,0,0,0,0,0,0,0,0,0,0,0,0,0,0,0,0.0,0.0,0.0,,2.0,5.0
100905,0,Revolving loans,M,N,N,0,108000.0,657000.0,580500.0,50000.0,Unaccompanied,Pensioner,Secondary / secondary special,Married,House / apartment,0.022669,-23253,365243,-6545.0,-543,,1,0,0,1,0,0,Core staff,1.0,2,2,SATURDAY,13,0,0,0,0,0,0,XNA,,0.437451,,0.0756,0.0797,0.1053,0.0427,0.0374,0.0601,0.0416,0.0694,0.0667,0.0542,0.092,0.0848,0.0509,0.0617,0.0804,0.0689,0.0351,0.0462,0.0389,0.0937,0.0558,0.0966,0.0855,0.1356,0.0891,0.0592,0.1034,0.1157,0.08,0.0496,0.0396,0.0505,0.0216,0.0667,0.0813,0.0876,0.1029,0.1018,0.0774,0.0856,0.0796,0.1049,,block of flats,,"Stone, brick",,1.0,0.0,1.0,0.0,-2995.0,0,1,0,0,0,0,0,0,0,0,0,0,0,0,0,0,0,0,0,0,0.0,0.0,0.0,0.0,0.0,3.0
100906,0,Cash loans,F,N,Y,0,184500.0,1264500.0,1228500.0,46000.0,Unaccompanied,Working,Secondary / secondary special,Married,House / apartment,0.009322,-21799,-620,-110.0,-5282,,1,1,0,1,0,0,Medicine staff,1.0,2,2,TUESDAY,16,0,0,0,0,0,0,Business Entity Type 3,0.872147,0.698737,0.601385,0.6115,0.603,0.5836,0.8407,0.9256,0.8958,0.9895,0.9198,0.9492,0.8899,0.8834,0.8873,0.8002,0.8172,0.8171,0.6974,0.6693,0.6533,0.5046,0.5399,0.5146,0.6244,0.613,0.5999,0.6627,0.632,0.6528,0.9188,0.9222,0.9477,0.7084,0.7625,0.7246,0.9843,0.9804,0.9856,0.5477,0.5462,0.5482,1.0,0.9548,1.0,,,0.5386,Mixed,,2.0,1.0,2.0,0.0,-1539.0,0,0,0,0,0,0,0,0,0,0,0,0,0,0,0,0,1,0,0,0,,0.0,1.0,0.0,0.0,0.0
100907,0,Cash loans,M,N,Y,0,117000.0,441000.0,387000.0,26500.0,Unaccompanied,Working,Secondary / secondary special,Civil marriage,House / apartment,0.01705,-16868,-8625,-3108.0,-5043,,1,1,1,1,1,0,,2.0,2,2,WEDNESDAY,10,0,0,0,0,1,1,Business Entity Type 3,0.286736,0.0005,0.332269,0.2881,0.327,0.2942,0.236,0.2407,0.2415,0.2274,0.1598,0.1487,0.297,0.3005,0.3222,0.2441,0.2609,0.2783,0.3633,0.3289,0.3374,0.2769,0.3084,0.2752,0.2049,0.199,0.2018,0.3551,0.3749,0.3771,0.2827,0.3025,0.2973,0.2682,0.2722,0.3305,0.2863,0.2929,0.2909,0.4129,0.3984,0.4201,0.3813,0.3826,0.3917,,,0.1753,,,0.0,1.0,0.0,0.0,-454.0,0,1,0,0,0,0,1,0,0,0,0,0,0,0,0,0,0,0,0,0,0.0,0.0,,0.0,0.0,0.0
100908,0,Cash loans,F,N,N,1,247500.0,904500.0,846000.0,55000.0,"Spouse, partner",Working,Secondary / secondary special,Married,House / apartment,0.036621,-9700,-3126,-19.0,-4774,,1,1,0,1,1,0,Core staff,3.0,1,1,TUESDAY,11,0,1,0,0,0,0,XNA,,0.455677,0.511974,0.1593,0.1676,0.1468,0.2821,0.2514,0.2736,0.2432,0.1947,0.2122,0.298,0.3302,0.3198,0.1984,0.1857,0.1939,0.3132,0.2927,0.2721,0.3362,0.3171,0.2782,0.1137,0.1166,0.1611,0.1928,0.2056,0.1936,0.2458,0.2172,0.2278,0.1433,0.1485,0.1676,0.2329,0.2525,0.2033,0.2082,0.1846,0.1955,0.2809,0.2497,0.286,,,0.2196,,,1.0,0.0,1.0,1.0,-3373.0,0,1,0,0,0,0,0,0,0,0,0,0,0,0,0,0,0,0,0,0,0.0,0.0,,,0.0,2.0
100909,0,Cash loans,F,Y,Y,0,144000.0,1345500.0,1228500.0,47500.0,Unaccompanied,Working,Incomplete higher,Married,House / apartment,0.010712,-19484,-664,-11589.0,-2349,,1,1,1,1,0,0,Laborers,2.0,1,1,FRIDAY,11,0,0,0,0,1,0,Business Entity Type 3,,0.735594,0.437861,0.0996,0.0957,0.0874,0.091,0.063,0.1041,0.0894,0.0624,0.0483,0.0907,0.0769,0.0678,0.0664,0.0196,0.0506,0.0722,0.0895,0.0354,0.0882,0.0495,0.0646,0.0679,0.0915,0.0715,0.1077,0.0814,0.0775,0.0839,0.0874,0.0852,0.0963,0.1138,0.0613,0.0681,0.0394,0.075,0.0875,0.1122,0.0761,0.0995,0.1082,0.055,,block of flats,,Panel,No,1.0,0.0,1.0,0.0,-4050.0,0,1,0,0,0,0,0,0,0,0,0,0,0,0,0,0,0,0,0,0,0.0,0.0,0.0,0.0,0.0,2.0
100910,1,Cash loans,F,N,N,0,378000.0,1458000.0,1287000.0,106500.0,Unaccompanied,Working,Secondary / secondary special,Married,House / apartment,0.012002,-18407,-9955,-9944.0,-5591,,1,1,1,1,0,0,Laborers,1.0,2,2,MONDAY,16,0,0,0,0,0,0,Government,0.332504,0.497421,0.246936,0.0726,0.0944,0.1019,0.088,0.0755,0.0645,0.1021,0.1152,0.1222,0.0842,0.0509,0.0362,0.0923,0.0973,0.0869,0.0663,0.0825,0.0827,0.1165,0.1358,0.081,0.0979,0.0588,0.0991,0.0926,0.071,0.0898,0.1184,0.1273,0.1085,0.1188,0.113,0.1128,0.1103,0.1385,0.0723,0.1091,0.0776,0.0827,0.0701,0.1194,0.0913,,,,,,2.0,0.0,2.0,0.0,-2317.0,0,0,0,0,0,0,0,0,0,0,0,0,0,0,0,0,0,0,0,0,,0.0,,0.0,0.0,3.0
100911,0,Cash loans,M,N,Y,0,108000.0,441000.0,346500.0,18500.0,Unaccompanied,Commercial associate,Secondary / secondary special,Married,House / apartment,0.010839,-14793,-6477,-935.0,-785,,1,1,1,1,0,0,,2.0,2,2,SATURDAY,16,0,0,0,0,0,0,Medicine,,0.637819,0.64236,0.3373,0.3298,0.2597,0.2833,0.3224,0.3017,0.2025,0.1622,0.2205,0.1938,0.1926,0.15,0.1861,0.1862,0.2183,0.3883,0.3817,0.3503,0.2498,0.2376,0.2289,0.2744,0.2692,0.2935,0.2063,0.2097,0.2419,0.3851,0.3653,0.3873,0.3967,0.3746,0.3809,0.2968,0.3144,0.2795,0.3748,0.38,0.3877,0.301,0.3152,0.3038,,,,,No,1.0,0.0,1.0,0.0,-3080.0,0,0,0,0,0,0,0,0,0,0,0,0,0,0,0,0,0,0,0,0,0.0,0.0,0.0,0.0,0.0,1.0
100912,1,Cash loans,F,N,N,0,319500.0,1624500.0,1480500.0,92000.0,Unaccompanied,Commercial associate,Secondary / secondary special,Married,House / apartment,0.020566,-10996,-353,-98.0,-4696,,1,1,1,1,0,0,Drivers,2.0,2,2,FRIDAY,13,0,0,0,0,0,0,Self-employed,,0.100631,,0.1147,0.1054,0.1182,0.0785,0.0861,0.0416,0.1056,0.1102,0.1205,0.0802,0.0806,0.1075,0.0649,0.1033,0.0878,0.1241,0.1049,0.0766,0.0761,0.0739,0.0642,0.0608,0.1056,0.1182,0.0575,0.0165,0.0207,0.0851,0.0905,0.0894,0.0437,0.0525,0.0477,0.1366,0.1508,0.1418,0.0338,0.076,0.0372,0.0615,0.0324,0.0567,,block of flats,0.0744,,,1.0,0.0,1.0,0.0,-2949.0,0,1,0,0,1,0,0,0,0,0,0,0,0,0,0,0,0,0,0,0,0.0,0.0,0.0,0.0,0.0,0.0
100913,0,Cash loans,F,Y,N,2,202500.0,747000.0,679500.0,21000.0,Unaccompanied,Commercial associate,Higher education,Married,House / apartment,0.044616,-19221,-642,-1823.0,-5047,,1,1,0,1,0,0,Managers,4.0,2,2,SUNDAY,13,0,0,0,0,0,1,Construction,,0.866669,0.994686,0.4053,0.411,0.4129,0.3033,0.2762,0.3136,0.3918,0.3932,0.3948,0.4307,0.4264,0.4659,0.6047,0.5754,0.6011,0.619,0.6552,0.6333,0.3102,0.2957,0.2861,0.6345,0.6403,0.6549,0.4347,0.414,0.5071,0.3667,0.3648,0.4033,0.293,0.2859,0.2865,0.3908,0.3734,0.4042,0.4463,0.4434,0.432,0.3873,0.3791,0.4131,,,0.4642,Mixed,,1.0,0.0,1.0,0.0,-3877.0,0,1,0,0,1,0,0,0,0,0,0,0,0,0,0,0,0,0,0,0,0.0,,0.0,,,5.0
100914,0,Revolving loans,F,N,Y,1,144000.0,355500.0,288000.0,13500.0,Unaccompanied,Pensioner,Higher education,Single / not married,Office apartment,0.026253,-24250,365243,-121.0,-3108,,1,0,0,1,1,1,Cooking staff,3.0,2,2,WEDNESDAY,14,0,0,0,0,1,0,Business Entity Type 3,0.734536,0.959741,0.632228,0.3557,0.3319,0.3585,0.2754,0.3012,0.2702,0.346,0.3002,0.3474,0.2603,0.2691,0.2392,0.2053,0.2024,0.1902,0.2388,0.2192,0.2265,0.2769,0.2429,0.2295,0.2305,0.2595,0.2468,0.2371,0.279,0.2706,0.3046,0.3094,0.3101,0.3761,0.36,0.3731,0.3176,0.3346,0.2928,0.4372,0.4369,0.4443,0.3573,0.359,0.3484,,,0.4503,Panel,,2.0,0.0,2.0,0.0,-1309.0,0,1,0,0,0,0,0,0,0,0,0,0,0,0,0,0,0,0,0,0,,,0.0,1.0,0.0,
100915,0,Revolving loans,M,N,Y,0,198000.0,949500.0,891000.0,57500.0,Unaccompanied,Working,Secondary / secondary special,Married,House / apartment,0.004849,-13625,-1651,-4583.0,-2074,,1,1,1,1,0,0,Accountants,2.0,3,3,MONDAY,11,1,0,0,0,0,1,Other,0.572207,0.49821,0.368595,0.2694,0.2822,0.2848,0.304,0.3168,0.325,0.1882,0.2417,0.2106,0.2665,0.303,0.2726,0.3715,0.3346,0.3151,0.3391,0.3767,0.377,0.336,0.3136,0.2943,0.1948,0.2125,0.1983,0.2072,0.2222,0.2091,0.1931,0.1937,0.1786,0.2329,0.2432,0.2549,0.3173,0.2496,0.296,0.2056,0.225,0.2077,0.2238,0.234,0.2415,,,0.3825,,,2.0,0.0,2.0,0.0,-3159.0,0,1,0,0,0,0,0,0,0,0,0,0,0,0,0,0,0,0,0,0,0.0,0.0,0.0,0.0,0.0,2.0
100916,0,Revolving loans,F,N,Y,2,171000.0,652500.0,571500.0,17500.0,Family,Pensioner,Secondary / secondary special,Married,House / apartment,0.027957,-20209,365243,-6268.0,-2861,,1,0,0,1,1,0,Laborers,3.0,2,2,THURSDAY,17,0,0,0,0,0,0,Self-employed,0.559579,0.775034,0.417913,0.3945,0.43,0.4489,0.4,0.3661,0.396,0.3323,0.3154,0.3526,0.4277,0.4123,0.4349,0.3206,0.309,0.3263,0.4125,0.4134,0.4155,0.4896,0.5315,0.4678,0.267,0.2834,0.2728,0.5216,0.5307,0.5166,0.5239,0.5176,0.5397,0.2381,0.2001,0.2336,0.2982,0.3119,0.3087,0.2954,0.2974,0.2851,0.4155,0.4094,0.4364,,,,,,1.0,0.0,1.0,0.0,-4152.0,0,0,0,0,0,0,0,0,0,0,0,0,0,0,0,0,0,0,0,0,0.0,0.0,0.0,1.0,0.0,4.0
100917,0,Cash loans,F,N,Y,0,180000.0,1935000.0,1633500.0,56000.0,Unaccompanied,Working,Higher education,Married,House / apartment,0.014217,-19087,-1828,-5335.0,-286,,1,1,0,1,0,0,Managers,2.0,2,2,SUNDAY,11,0,0,0,0,0,0,Government,0.570914,0.528485,0.354141,0.1262,0.0537,0.0867,0.129,0.1278,0.1047,0.152,0.1759,0.2029,0.129,0.1206,0.1403,0.1457,0.1751,0.1476,0.1128,0.0882,0.1005,0.1432,0.1584,0.2088,0.1769,0.1749,0.2013,0.0898,0.0852,0.1056,0.1371,0.1635,0.1767,0.1345,0.1303,0.1023,0.1583,0.1127,0.1486,0.1426,0.1597,0.14,0.1703,0.1403,0.2113,,,0.0748,,,0.0,0.0,0.0,0.0,-1521.0,0,0,0,0,0,0,0,0,0,0,0,0,0,0,0,0,0,0,0,0,0.0,0.0,0.0,0.0,0.0,4.0
100918,0,Cash loans,M,N,N,0,130500.0,783000.0,738000.0,43500.0,Unaccompanied,Working,Secondary / secondary special,Separated,House / apartment,0.025645,-16643,-237,-8049.0,-191,,1,1,1,1,0,0,Managers,2.0,2,2,MONDAY,13,0,0,0,0,0,0,XNA,0.608968,0.652794,0.256807,0.3677,0.3376,0.3554,0.6782,0.6446,0.672,0.4254,0.425,0.3757,0.6088,0.5751,0.5622,0.3494,0.3475,0.3991,0.5967,0.568,0.6012,0.5879,0.5713,0.5581,0.6554,0.6734,0.6776,0.4798,0.4614,0.4543,0.6018,0.6149,0.6086,0.5717,0.5618,0.5316,0.3141,0.2858,0.3148,0.4374,0.4586,0.4404,0.6669,0.663,0.6942,reg oper account,,0.6301,"Stone, brick",No,1.0,0.0,1.0,1.0,-1036.0,0,1,0,0,0,0,0,0,0,0,0,0,0,0,0,0,0,0,0,0,,0.0,0.0,0.0,0.0,1.0
100919,0,Cash loans,F,Y,Y,0,99000.0,279000.0,238500.0,7000.0,Unaccompanied,Commercial associate,Secondary / secondary special,Married,House / apartment,0.017045,-7781,-432,-901.0,-2026,28.0,1,1,0,1,1,0,Drivers,2.0,2,1,WEDNESDAY,10,0,0,0,0,0,0,XNA,,0.624364,0.423769,0.5362,0.5404,0.4848,0.5791,0.5422,0.5463,0.54,0.4844,0.5587,0.3814,0.3366,0.3878,0.2713,0.2288,0.2476,0.4784,0.4798,0.4816,0.5456,0.5668,0.544,0.2263,0.2844,0.2537,0.3069,0.3012,0.2859,0.5066,0.5424,0.5171,0.3031,0.2929,0.3271,0.2612,0.2533,0.2475,0.5483,0.5797,0.563,0.3133,0.2897,0.341,org spec account,block of flats,0.2704,,No,0.0,0.0,0.0,0.0,-1545.0,0,1,0,0,0,0,0,0,0,0,0,0,0,0,0,0,0,0,0,0,,0.0,0.0,0.0,0.0,1.0
100920,0,Cash loans,F,N,Y,1,121500.0,706500.0,639000.0,39000.0,Family,Commercial associate,Secondary / secondary special,Single / not married,House / apartment,0.010969,-12415,-2335,-1671.0,-111,,1,1,0,1,0,0,Core staff,2.0,2,3,THURSDAY,15,0,0,0,0,0,0,XNA,0.412333,0.520614,0.485571,0.0886,0.0933,0.0869,0.0965,0.1139,0.1169,0.1174,0.0883,0.0737,0.1425,0.1852,0.1458,0.1045,0.0766,0.0914,0.0742,0.0863,0.099,0.0948,0.109,0.1117,0.1452,0.1207,0.0859,0.173,0.145,0.1781,0.0798,0.084,0.1156,0.1236,0.1174,0.1166,0.102,0.0362,0.0627,0.1303,0.1393,0.1277,0.1055,0.13,0.127,reg oper account,block of flats,,"Stone, brick",,1.0,0.0,1.0,0.0,-1821.0,0,1,0,0,0,0,0,0,0,0,0,0,0,0,0,0,0,0,0,0,0.0,0.0,0.0,1.0,0.0,3.0
100921,0,Cash loans,F,N,Y,0,58500.0,270000.0,243000.0,14500.0,Family,Working,Secondary / secondary special,Single / not married,Rented apartment,0.017889,-19824,-3354,-6640.0,-3812,,1,1,0,1,0,0,Cleaning staff,2.0,2,2,FRIDAY,12,0,0,0,0,1,0,XNA,0.478679,0.07476,0.343175,0.1374,0.133,0.1354,0.1259,0.1013,0.0884,0.1635,0.1813,0.1561,0.1073,0.1428,0.1599,0.1679,0.1666,0.1582,0.0891,0.1094,0.1066,0.0777,0.0953,0.0556,0.0868,0.0714,0.0623,0.1071,0.0626,0.083,0.1092,0.0673,0.113,0.1199,0.1599,0.1429,0.1474,0.0934,0.1236,0.0976,0.1214,0.0821,0.1329,0.0974,0.1497,reg oper account,block of flats,,,No,1.0,0.0,1.0,0.0,-2131.0,0,1,0,0,0,0,0,0,0,0,0,0,0,0,0,0,0,0,0,0,0.0,0.0,0.0,1.0,0.0,2.0
100922,0,Cash loans,M,N,Y,0,234000.0,1876500.0,1485000.0,87000.0,Unaccompanied,State servant,Lower secondary,Married,House / apartment,0.014222,-17946,-239,-3625.0,-3836,,1,1,0,1,1,0,Core staff,2.0,2,2,WEDNESDAY,19,0,1,0,1,0,0,Other,,0.784284,0.60015,0.3489,0.3739,0.3736,0.4381,0.4204,0.4166,0.3216,0.3628,0.3726,0.3479,0.3102,0.3562,0.3488,0.3333,0.3642,0.3756,0.3726,0.384,0.3864,0.4137,0.351,0.3619,0.3754,0.4055,0.3989,0.4501,0.4382,0.2935,0.3306,0.3369,0.3582,0.3745,0.3724,0.3813,0.3617,0.4085,0.3622,0.4092,0.3699,0.2243,0.2558,0.1794,,,0.2907,"Stone, brick",,2.0,1.0,2.0,0.0,-222.0,0,1,0,0,0,0,0,0,0,0,0,0,0,0,0,0,0,0,0,0,0.0,0.0,0.0,0.0,0.0,3.0
100923,0,Cash loans,F,Y,N,1,76500.0,225000.0,193500.0,15000.0,Unaccompanied,State servant,Higher education,Married,House / apartment,0.022631,-19217,-500,-6535.0,-5127,,1,1,0,1,0,0,Accountants,3.0,3,3,MONDAY,12,0,0,0,0,1,0,XNA,,0.673315,0.283101,0.0476,0.0734,0.0586,0.0949,0.0942,0.098,0.0896,0.0879,0.0667,0.1091,0.1026,0.1069,0.1186,0.1184,0.1348,0.1263,0.1385,0.1484,0.1246,0.0978,0.0824,0.078,0.0721,0.0741,0.0628,0.0506,0.098,0.0741,0.0979,0.0893,0.1007,0.1202,0.1383,0.0438,0.0736,0.0675,0.1327,0.1415,0.1167,0.095,0.1585,0.0838,reg oper account,block of flats,,,No,2.0,0.0,2.0,0.0,-2905.0,0,1,0,0,0,0,0,0,0,0,0,0,1,0,0,0,0,0,0,0,0.0,,0.0,0.0,0.0,1.0
100924,0,Cash loans,F,Y,Y,0,130500.0,562500.0,463500.0,18500.0,Unaccompanied,Working,Higher education,Married,House / apartment,0.010796,-8567,-1992,-142.0,-1652,,1,1,0,1,0,0,,2.0,2,2,MONDAY,15,0,0,0,0,0,0,Construction,0.605025,0.898524,0.736301,0.1887,0.1595,0.1277,0.179,0.1969,0.1829,0.1606,0.1822,0.1885,0.0783,0.0936,0.12,0.1519,0.1967,0.2023,0.1342,0.1687,0.1562,0.0766,0.1229,0.0934,0.1708,0.114,0.1039,0.1294,0.1676,0.2006,0.224,0.2244,0.2151,0.168,0.124,0.1486,0.1348,0.154,0.131,0.1433,0.1173,0.1549,0.1612,0.1617,0.1669,reg oper account,,,,,0.0,0.0,0.0,0.0,-2146.0,0,1,0,0,0,0,0,0,0,0,0,0,0,0,0,0,0,0,0,0,0.0,,0.0,1.0,0.0,0.0
100925,0,Cash loans,F,Y,Y,2,211500.0,783000.0,643500.0,29500.0,Unaccompanied,Commercial associate,Secondary / secondary special,Married,House / apartment,0.009311,-21071,-529,-2689.0,-4889,,1,1,1,1,1,0,Accountants,4.0,1,1,MONDAY,10,0,0,0,0,0,0,Bank,,0.468638,0.372873,0.4262,0.4424,0.4643,0.6981,0.7292,0.7114,0.6946,0.7218,0.7156,0.8886,0.9024,0.9298,0.8547,0.858,0.8467,0.4886,0.481,0.5328,0.6608,0.6503,0.6521,0.8897,0.8635,0.8251,0.7631,0.7614,0.7568,0.6359,0.6542,0.6687,0.7458,0.7323,0.7298,0.7,0.6989,0.6763,0.6842,0.6727,0.6451,0.6886,0.6484,0.6944,,,,"Stone, brick",No,1.0,0.0,1.0,0.0,-1624.0,0,0,0,0,0,0,0,0,0,0,0,0,0,0,0,0,0,0,0,0,0.0,0.0,0.0,0.0,1.0,3.0
100926,0,Cash loans,M,N,Y,0,234000.0,940500.0,855000.0,25500.0,Family,Pensioner,Lower secondary,Married,House / apartment,0.029442,-23044,365243,-2390.0,-1842,,1,0,1,1,0,0,Sales staff,2.0,2,2,TUESDAY,11,0,0,0,0,0,0,XNA,0.439914,0.451791,0.53631,0.186,0.1691,0.1899,0.3372,0.3111,0.3015,0.2564,0.1681,0.2067,0.2396,0.2786,0.2461,0.2485,0.2427,0.1808,0.407,0.4105,0.386,0.1733,0.1675,0.1922,0.2549,0.3012,0.2962,0.2607,0.2097,0.205,0.3083,0.2894,0.289,0.2672,0.3057,0.3095,0.2618,0.2381,0.2342,0.3781,0.3781,0.3999,0.3137,0.2807,0.3464,,,,Panel,,0.0,0.0,0.0,0.0,-444.0,0,1,0,0,0,0,0,0,0,0,0,0,0,0,0,0,0,0,0,0,0.0,0.0,0.0,0.0,0.0,
100927,0,Cash loans,M,Y,N,0,54000.0,130500.0,103500.0,7500.0,Family,Pensioner,Secondary / secondary special,Married,House / apartment,0.037189,-24841,365243,-1497.0,-3255,,1,0,0,1,1,0,Laborers,2.0,1,1,THURSDAY,12,0,0,0,0,0,0,Bank,0.521543,0.607809,0.770005,0.4205,0.3741,0.4169,0.2387,0.2352,0.2114,0.2185,0.2219,0.205,0.2092,0.2074,0.2049,0.2106,0.189,0.1791,0.396,0.4318,0.393,0.3713,0.2942,0.3188,0.2821,0.2854,0.2502,0.3908,0.4038,0.3451,0.3958,0.3763,0.391,0.2844,0.2634,0.2574,0.3696,0.3393,0.3873,0.3011,0.2723,0.2895,0.377,0.354,0.3724,,block of flats,0.211,"Stone, brick",,0.0,0.0,0.0,0.0,-182.0,0,1,0,0,0,0,0,0,0,0,0,0,0,0,0,0,0,0,0,0,0.0,0.0,0.0,0.0,0.0,1.0
100928,0,Cash loans,F,Y,Y,0,139500.0,747000.0,729000.0,49500.0,Unaccompanied,Commercial associate,Incomplete higher,Separated,House / apartment,0.026794,-19644,-4134,-3802.0,-4842,3.0,1,1,1,1,0,1,Core staff,1.0,2,2,WEDNESDAY,13,0,0,0,0,1,0,Self-employed,0.336609,0.178019,0.520343,0.4596,0.4374,0.4604,0.2791,0.3235,0.3242,0.5118,0.5041,0.4958,0.3525,0.3572,0.3538,0.28,0.3211,0.3111,0.3538,0.3865,0.331,0.2589,0.2732,0.2945,0.3461,0.3377,0.3122,0.5172,0.5382,0.5402,0.4144,0.4263,0.4276,0.5002,0.5116,0.4413,0.4314,0.4037,0.4222,0.3528,0.3181,0.3334,0.2979,0.2733,0.2923,,,,,,1.0,1.0,1.0,0.0,-509.0,0,1,0,0,0,0,0,0,0,0,0,0,0,0,0,0,0,0,0,0,0.0,0.0,,0.0,0.0,1.0
100929,0,Cash loans,F,N,Y,0,189000.0,927000.0,796500.0,44500.0,Family,Working,Secondary / secondary special,Married,House / apartment,0.012507,-13457,-240,-4403.0,-2131,,1,1,0,1,0,0,Managers,1.0,2,2,TUESDAY,10,0,0,0,0,1,0,Business Entity Type 3,,0.544377,,0.2467,0.2247,0.2521,0.302,0.2648,0.2443,0.2786,0.2773,0.2873,0.299,0.3282,0.3688,0.2854,0.2909,0.2483,0.2044,0.1833,0.1725,0.4076,0.3946,0.3873,0.3013,0.2799,0.2805,0.1671,0.1938,0.1882,0.2614,0.2473,0.2682,0.2784,0.2573,0.29,0.1891,0.2279,0.2042,0.3947,0.3492,0.3485,0.4027,0.3963,0.3862,reg oper account,,,,,3.0,1.0,3.0,0.0,-1969.0,0,1,0,0,0,0,0,0,0,0,0,0,0,0,0,0,0,0,0,0,0.0,,0.0,0.0,0.0,3.0
100930,0,Cash loans,M,N,Y,0,153000.0,1210500.0,1017000.0,84000.0,Unaccompanied,Commercial associate,Secondary / secondary special,Married,House / apartment,0.011819,-16831,-1328,-2806.0,-667,,1,1,0,1,0,0,,2.0,2,2,MONDAY,10,0,0,0,0,0,1,Transport: type 4,,0.517569,0.512914,0.2446,0.2223,0.2814,0.2491,0.2119,0.2346,0.3024,0.2488,0.2715,0.1834,0.1665,0.1472,0.2075,0.2212,0.197,0.3097,0.2841,0.293,0.3378,0.2995,0.3037,0.2037,0.2041,0.2521,0.1682,0.1329,0.1435,0.1866,0.2235,0.2334,0.2488,0.21,0.2206,0.2486,0.2482,0.2599,0.1943,0.2158,0.22,0.351,0.2923,0.3131,,block of flats,,Panel,No,1.0,0.0,1.0,0.0,-3640.0,0,0,0,0,0,0,0,0,0,0,0,0,0,0,0,0,0,0,0,0,0.0,0.0,0.0,0.0,0.0,1.0
100931,0,Cash loans,F,Y,Y,0,306000.0,1188000.0,1143000.0,31000.0,Unaccompanied,Working,Secondary / secondary special,Single / not married,House / apartment,0.012248,-15539,-4609,-8752.0,-4891,33.0,1,1,1,1,0,0,Drivers,2.0,1,1,TUESDAY,12,0,0,0,0,1,0,XNA,,0.306647,0.512704,0.5177,0.4983,0.5434,0.4156,0.4692,0.4223,0.4526,0.4419,0.4754,0.4168,0.4483,0.4022,0.4827,0.4766,0.4825,0.3451,0.311,0.3285,0.6273,0.6567,0.6292,0.5567,0.5181,0.5725,0.4897,0.5208,0.5015,0.318,0.2995,0.3097,0.5531,0.527,0.5491,0.6073,0.608,0.575,0.3727,0.3914,0.3766,0.6439,0.6357,0.664,,block of flats,,,No,1.0,0.0,1.0,0.0,-863.0,0,0,0,0,1,0,0,0,0,0,0,0,0,0,0,0,0,0,0,0,0.0,,0.0,,0.0,1.0
100932,0,Cash loans,F,N,N,2,94500.0,292500.0,256500.0,9500.0,Unaccompanied,Commercial associate,Higher education,Married,House / apartment,0.032478,-20007,-3313,-2515.0,-1703,,1,1,1,1,1,0,Medicine staff,4.0,2,2,FRIDAY,13,0,0,0,0,1,0,Business Entity Type 3,0.723905,0.64356,0.239013,0.4077,0.3652,0.3936,0.7224,0.744,0.7502,0.7781,0.7851,0.7836,0.5136,0.5673,0.5203,0.6636,0.6172,0.6498,0.5263,0.5803,0.5333,0.722,0.7121,0.7223,0.7467,0.7836,0.7366,0.4293,0.4121,0.4297,0.7619,0.8008,0.7836,0.406,0.4234,0.4188,0.7823,0.7618,0.7466,0.409,0.407,0.4065,0.5968,0.5955,0.6271,not specified,block of flats,,,,0.0,0.0,0.0,2.0,-2612.0,0,1,0,0,0,0,0,0,0,0,0,0,0,0,0,0,0,0,0,0,0.0,0.0,0.0,0.0,,3.0
100933,0,Cash loans,F,N,Y,1,49500.0,297000.0,270000.0,9000.0,Unaccompanied,Commercial associate,Secondary / secondary special,Married,House / apartment,0.011212,-9894,-1132,-3085.0,-1301,,1,1,0,1,0,0,Medicine staff,2.0,2,2,THURSDAY,12,0,0,0,0,0,0,Business Entity Type 3,0.593879,0.62013,,0.0935,0.0595,0.0752,0.0632,0.0808,0.0607,0.0898,0.0899,0.0712,0.0064,0.0706,0.0493,0.0837,0.076,0.0545,0.1316,0.0981,0.1115,0.0804,0.1033,0.0552,0.0521,0.0717,0.0725,0.0819,0.0805,0.0443,0.1598,0.0966,0.125,0.0988,0.1348,0.1076,0.065,0.0627,0.0421,0.0894,0.0451,0.0763,0.0833,0.0959,0.1027,,,,,No,2.0,0.0,2.0,0.0,-3461.0,0,1,0,0,0,0,0,0,0,0,0,0,0,0,0,0,0,0,0,0,0.0,0.0,0.0,0.0,0.0,0.0
100934,1,Cash loans,F,N,Y,1,229500.0,580500.0,535500.0,18000.0,"Spouse, partner",Commercial associate,Secondary / secondary special,Civil marriage,House / apartment,0.03235,-9063,-895,-250.0,-4110,,1,1,0,1,0,0,Sales staff,3.0,2,2,THURSDAY,11,0,0,0,0,0,1,Government,,0.023885,,0.62,0.634,0.6336,0.5898,0.6197,0.6234,0.3944,0.397,0.3828,0.414,0.3871,0.3796,0.7754,0.758,0.7614,0.412,0.4111,0.399,0.5877,0.5924,0.5813,0.5175,0.4763,0.5412,0.5345,0.5521,0.5244,0.3717,0.4092,0.3896,0.5419,0.5223,0.5787,0.7693,0.7999,0.8,0.4522,0.4299,0.4751,0.5046,0.4821,0.4816,not specified,block of flats,0.6742,,,3.0,0.0,3.0,0.0,-2450.0,0,1,0,0,0,0,0,0,0,0,0,0,0,0,0,0,0,0,0,0,,0.0,0.0,,2.0,3.0
100935,0,Cash loans,F,N,N,0,108000.0,765000.0,729000.0,44500.0,Unaccompanied,Working,Secondary / secondary special,Single / not married,House / apartment,0.027755,-16678,-1426,-2058.0,-3205,,1,1,0,1,0,0,Sales staff,2.0,2,2,TUESDAY,8,0,0,0,0,0,0,Business Entity Type 3,0.343114,0.563993,0.574721,0.4362,0.442,0.5089,0.4197,0.4339,0.4323,0.4979,0.4692,0.481,0.5235,0.5561,0.5141,0.4916,0.5219,0.4989,0.5939,0.5695,0.6198,0.4434,0.4523,0.4878,0.4284,0.4422,0.4255,0.5072,0.517,0.4967,0.5807,0.5506,0.5816,0.5917,0.6278,0.628,0.5183,0.4933,0.5058,0.3946,0.4123,0.4459,0.385,0.3528,0.3724,,,0.6516,,No,1.0,0.0,,0.0,-3668.0,0,1,0,0,1,0,0,0,0,0,0,0,0,0,0,0,0,0,0,0,0.0,0.0,1.0,0.0,0.0,3.0
100936,0,Cash loans,F,N,Y,0,54000.0,382500.0,310500.0,27000.0,Unaccompanied,Working,Academic degree,Single / not married,House / apartment,0.040282,-19702,-496,-1046.0,-183,,1,1,0,1,0,0,Medicine staff,2.0,2,2,TUESDAY,14,0,0,0,1,0,0,Business Entity Type 2,0.255633,0.539589,0.127275,0.1982,0.1992,0.1571,0.2118,0.2227,0.1803,0.2159,0.223,0.2063,0.1388,0.1526,0.1243,0.2345,0.2032,0.2182,0.1896,0.2009,0.1668,0.243,0.2119,0.2235,0.1386,0.1462,0.1543,0.2945,0.3085,0.2735,0.1888,0.2061,0.1816,0.2029,0.1714,0.2019,0.2052,0.1686,0.192,0.1453,0.1523,0.1591,0.2681,0.2719,0.3161,,block of flats,,,No,2.0,0.0,2.0,0.0,-1798.0,0,1,0,0,0,0,0,0,0,0,0,0,0,0,0,0,0,0,0,0,0.0,0.0,0.0,0.0,0.0,0.0
100937,0,Revolving loans,F,Y,Y,0,135000.0,1053000.0,837000.0,46000.0,Unaccompanied,Commercial associate,Higher education,Married,Municipal apartment,0.03615,-20820,-1629,-1909.0,-5486,,1,1,0,1,0,0,,1.0,2,2,FRIDAY,15,0,0,0,0,1,0,Kindergarten,,0.445646,0.472049,0.4878,0.496,0.4839,0.4793,0.4835,0.4758,0.557,0.5384,0.549,0.654,0.6602,0.6456,0.4944,0.4974,0.4965,0.5526,0.5628,0.5331,0.6943,0.7064,0.715,0.5843,0.5737,0.6053,0.3216,0.3253,0.3469,0.6818,0.6461,0.6451,0.3723,0.3753,0.3845,0.5661,0.5644,0.5582,0.6808,0.7157,0.6483,0.3288,0.3487,0.3259,,block of flats,0.3139,"Stone, brick",No,0.0,1.0,0.0,0.0,-3552.0,0,0,0,0,0,0,0,0,0,0,0,0,0,0,0,0,0,0,0,0,0.0,0.0,,0.0,0.0,
100938,0,Cash loans,F,Y,Y,0,288000.0,1381500.0,1350000.0,39500.0,Family,Working,Higher education,Married,House / apartment,0.026179,-13367,-1657,-509.0,-3118,,1,1,0,1,0,0,Laborers,2.0,2,2,TUESDAY,15,0,0,0,0,0,0,Transport: type 4,,0.360875,0.481601,0.4121,0.4371,0.4213,0.3245,0.3577,0.3494,0.2714,0.2642,0.2646,0.2714,0.2448,0.2835,0.4845,0.4633,0.4848,0.3411,0.3437,0.3354,0.5126,0.5089,0.5034,0.4659,0.4306,0.4637,0.3914,0.3826,0.3719,0.3842,0.3795,0.3817,0.3446,0.3276,0.3476,0.4454,0.3776,0.422,0.3118,0.314,0.3352,0.3021,0.299,0.2822,,,0.4995,"Stone, brick",No,2.0,0.0,2.0,2.0,-2182.0,0,0,0,0,1,0,0,0,0,0,0,0,0,0,0,0,0,0,0,0,0.0,,,0.0,2.0,0.0
100939,0,Cash loans,M,N,Y,1,72000.0,216000.0,171000.0,11000.0,Unaccompanied,Working,Secondary / secondary special,Married,House / apartment,0.007523,-18138,-1185,-5989.0,-1621,,1,1,1,1,0,0,Laborers,3.0,2,2,TUESDAY,13,0,0,0,0,1,1,Transport: type 4,0.315882,0.304064,0.285848,0.3155,0.2777,0.2597,0.2652,0.2333,0.257,0.2495,0.2887,0.2884,0.1982,0.1503,0.1891,0.2356,0.2746,0.2923,0.3261,0.3092,0.2787,0.1477,0.1478,0.1498,0.2018,0.2167,0.1803,0.1727,0.1796,0.1575,0.3104,0.306,0.2835,0.3216,0.2968,0.2826,0.3138,0.2986,0.2856,0.1602,0.1709,0.1736,0.1495,0.1106,0.1626,reg oper account,block of flats,,,,1.0,0.0,1.0,1.0,-207.0,0,1,0,0,1,0,0,0,0,0,0,0,0,0,0,0,0,0,0,0,0.0,0.0,0.0,0.0,0.0,2.0
100940,0,Cash loans,F,N,N,0,531000.0,2200500.0,2029500.0,214000.0,Unaccompanied,Working,Higher education,Married,House / apartment,0.027298,-13237,-4895,-703.0,-512,,1,1,0,1,0,0,,2.0,2,2,FRIDAY,10,0,0,0,0,0,0,Business Entity Type 3,,0.709156,0.695081,0.2863,0.3409,0.306,0.2317,0.2474,0.2903,0.3684,0.3279,0.3695,0.2753,0.2619,0.2519,0.2449,0.2269,0.2298,0.4,0.3598,0.3853,0.2983,0.3168,0.29,0.3057,0.2828,0.283,0.2314,0.1939,0.2177,0.3198,0.4131,0.3907,0.264,0.2355,0.2529,0.3053,0.2841,0.3125,0.3826,0.3771,0.352,0.2952,0.3332,0.3106,,block of flats,0.1796,Panel,,1.0,0.0,1.0,0.0,-2321.0,0,1,0,0,0,0,0,0,0,0,0,0,0,0,0,0,0,0,0,0,0.0,0.0,0.0,,0.0,0.0
100941,0,Cash loans,F,N,N,0,94500.0,454500.0,409500.0,15500.0,Unaccompanied,Pensioner,Secondary / secondary special,Married,With parents,0.020088,-20285,365243,-436.0,-4111,,1,0,0,1,1,0,,2.0,2,2,TUESDAY,11,0,0,0,0,1,1,Self-employed,0.9995,0.555209,0.492821,0.5525,0.5532,0.546,0.5261,0.5035,0.4894,0.4334,0.4364,0.4833,0.4948,0.4865,0.5104,0.5035,0.516,0.5502,0.4208,0.3629,0.3294,0.6193,0.5497,0.5726,0.4498,0.4509,0.4458,0.5876,0.5657,0.5828,0.409,0.3371,0.4576,0.522,0.5898,0.5946,0.5634,0.5733,0.5942,0.4805,0.4786,0.4965,0.6114,0.6337,0.6044,,block of flats,,"Stone, brick",No,1.0,1.0,1.0,0.0,-2087.0,0,1,0,0,0,0,0,0,0,0,0,0,0,0,0,0,1,0,0,0,,0.0,0.0,2.0,,1.0
100942,0,Cash loans,M,N,N,0,153000.0,436500.0,387000.0,27500.0,Unaccompanied,Working,Secondary / secondary special,Married,Municipal apartment,0.014837,-8015,-327,-227.0,-4569,,1,1,0,1,0,0,,1.0,2,1,MONDAY,13,0,0,0,0,0,0,Business Entity Type 1,,0.375486,0.834997,0.1489,0.121,0.1469,0.2445,0.217,0.2444,0.1455,0.1477,0.1693,0.2401,0.2025,0.2112,0.1289,0.1303,0.1273,0.2451,0.2449,0.2524,0.1452,0.1246,0.1141,0.2413,0.1985,0.2224,0.1991,0.22,0.2215,0.1389,0.1499,0.1305,0.2528,0.2362,0.2153,0.1757,0.1658,0.1758,0.2213,0.2581,0.2258,0.1409,0.1874,0.1721,reg oper account,,0.25,Panel,No,1.0,0.0,1.0,1.0,-2633.0,0,1,0,0,0,0,0,0,0,0,0,0,0,0,0,0,0,0,0,0,0.0,,0.0,1.0,0.0,2.0
100943,0,Cash loans,F,Y,N,0,76500.0,621000.0,580500.0,23500.0,Unaccompanied,Commercial associate,Secondary / secondary special,Married,House / apartment,0.043515,-11233,-1064,-2709.0,-4492,,1,1,0,1,1,0,Laborers,2.0,2,2,TUESDAY,12,0,0,0,0,0,0,Business Entity Type 3,0.681629,0.866188,0.808485,0.087,0.1072,0.0563,0.0599,0.0761,0.1058,0.1151,0.1185,0.1909,0.1164,0.0878,0.0829,0.1714,0.1662,0.1724,0.1545,0.1312,0.1177,0.1485,0.1326,0.1649,0.0472,0.0895,0.0734,0.1216,0.0902,0.0813,0.1457,0.1197,0.1154,0.1042,0.1281,0.0958,0.0869,0.0861,0.0916,0.0628,0.0726,0.0978,0.1055,0.1448,0.1396,reg oper account,block of flats,,Panel,,1.0,0.0,1.0,0.0,-1630.0,0,0,0,0,0,0,0,0,0,0,0,0,0,0,0,0,0,0,0,0,0.0,0.0,0.0,0.0,0.0,0.0
100944,0,Cash loans,M,N,Y,0,148500.0,796500.0,778500.0,76000.0,Unaccompanied,Working,Secondary / secondary special,Married,House / apartment,0.017025,-10094,-2038,-1076.0,-3807,,1,1,0,1,0,0,,2.0,2,3,WEDNESDAY,9,0,0,0,0,0,0,Bank,,0.557619,0.695037,0.6391,0.6749,0.6836,0.5621,0.5578,0.5335,0.7852,0.8135,0.797,0.4233,0.4281,0.4226,0.6839,0.7088,0.6672,0.5259,0.52,0.5281,0.5502,0.5807,0.5963,0.5091,0.5606,0.5011,0.7784,0.7707,0.7648,0.4858,0.4977,0.4731,0.3909,0.4122,0.3371,0.3741,0.449,0.428,0.5708,0.6028,0.6036,0.5639,0.6259,0.6139,,,,Panel,No,0.0,0.0,0.0,0.0,-1945.0,0,0,0,0,0,0,0,0,0,0,0,0,0,0,0,0,0,0,0,0,0.0,0.0,,0.0,,1.0
100945,0,Cash loans,F,N,Y,0,135000.0,324000.0,256500.0,13000.0,Unaccompanied,Pensioner,Secondary / secondary special,Married,House / apartment,0.013467,-20272,365243,-1018.0,-5254,,1,0,0,1,0,0,Laborers,1.0,1,1,SATURDAY,7,0,0,0,0,0,0,Business Entity Type 2,0.783694,0.462684,0.554644,0.3397,0.2791,0.2957,0.3476,0.3364,0.3033,0.3273,0.3269,0.3454,0.2657,0.2736,0.2963,0.2505,0.261,0.2391,0.2516,0.2779,0.2835,0.2121,0.2059,0.2648,0.3181,0.3334,0.3177,0.3338,0.3778,0.349,0.4404,0.4492,0.4174,0.4338,0.4101,0.4022,0.2487,0.2303,0.2349,0.2658,0.2851,0.2343,0.3184,0.3618,0.3891,,block of flats,,,,0.0,0.0,0.0,0.0,-2831.0,0,1,0,0,0,0,0,0,0,0,0,0,0,0,0,0,0,0,0,0,0.0,0.0,0.0,,1.0,5.0
100946,0,Cash loans,M,N,Y,0,63000.0,693000.0,625500.0,32000.0,Unaccompanied,Working,Secondary / secondary special,Married,House / apartment,0.037541,-11783,-1547,-110.0,-3651,,1,1,0,1,0,0,Laborers,2.0,2,2,FRIDAY,10,0,0,1,0,0,0,Industry: type 9,,0.826444,0.599382,0.265,0.309,0.324,0.5123,0.5035,0.4743,0.359,0.3111,0.3614,0.4996,0.5243,0.4912,0.5213,0.4937,0.4801,0.4244,0.4509,0.4349,0.4819,0.4888,0.4836,0.3274,0.3682,0.3395,0.3795,0.3961,0.4425,0.4366,0.4059,0.4108,0.2942,0.3307,0.2976,0.4308,0.4333,0.4204,0.4037,0.4215,0.3512,0.4941,0.4835,0.4672,not specified,,,,No,0.0,0.0,0.0,0.0,-374.0,0,1,0,0,0,0,0,0,0,0,0,0,0,0,0,0,0,0,0,0,0.0,0.0,0.0,0.0,0.0,2.0
100947,0,Cash loans,F,Y,N,0,697500.0,2871000.0,2650500.0,79000.0,Unaccompanied,Working,Higher education,Married,House / apartment,0.014547,-19905,-584,-8572.0,-1450,,1,1,0,1,0,0,Managers,1.0,2,2,WEDNESDAY,11,0,0,0,0,0,0,XNA,0.735853,0.621051,0.536706,0.1947,0.2403,0.2211,0.2559,0.2355,0.2791,0.3326,0.3252,0.2933,0.2663,0.3009,0.3105,0.3103,0.3578,0.3345,0.2921,0.2924,0.2755,0.3634,0.3414,0.3503,0.3253,0.3182,0.3263,0.4127,0.4192,0.4291,0.4607,0.4411,0.4231,0.3828,0.3956,0.4094,0.2563,0.2821,0.3001,0.2209,0.248,0.2274,0.2968,0.2486,0.2823,,block of flats,,,,2.0,0.0,2.0,0.0,-1198.0,0,1,0,0,0,0,0,0,0,0,0,0,0,0,0,0,0,0,0,0,,0.0,0.0,1.0,0.0,4.0
100948,0,Cash loans,F,N,N,0,112500.0,238500.0,202500.0,7500.0,Unaccompanied,Working,Higher education,Married,House / apartment,0.013056,-10567,-674,-2446.0,-1327,,1,1,0,1,1,0,,2.0,2,2,WEDNESDAY,13,0,0,0,0,0,0,Business Entity Type 3,0.120629,0.499999,0.589995,0.6296,0.6161,0.6294,0.8998,0.8558,0.9051,0.5133,0.5305,0.5112,0.7866,0.807,0.78,0.5009,0.4919,0.4756,0.8477,0.7983,0.8266,0.8311,0.8051,0.8424,0.8584,0.8903,0.8488,0.6777,0.6356,0.6847,0.5889,0.5743,0.6194,0.4903,0.4755,0.5264,0.475,0.5049,0.4797,0.4514,0.46,0.4564,0.4286,0.4323,0.4027,,,0.4365,Panel,,4.0,0.0,4.0,0.0,-3840.0,0,1,0,0,0,0,0,0,0,0,0,0,0,0,0,0,0,0,0,0,0.0,0.0,0.0,0.0,0.0,1.0
100949,0,Cash loans,F,Y,Y,1,112500.0,279000.0,265500.0,25000.0,Family,Working,Secondary / secondary special,Married,With parents,0.009297,-19341,-1105,-4326.0,-2307,,1,1,0,1,1,0,Sales staff,3.0,2,2,MONDAY,11,0,0,0,0,0,0,Industry: type 3,0.553064,0.60572,0.818124,0.5625,0.5745,0.584,0.3832,0.3316,0.397,0.3452,0.3524,0.3583,0.7264,0.7694,0.7146,0.3593,0.369,0.3476,0.6424,0.6221,0.6019,0.5356,0.5245,0.5406,0.4871,0.4671,0.4764,0.4393,0.4571,0.4415,0.6207,0.644,0.614,0.6833,0.668,0.6652,0.539,0.5114,0.5038,0.3629,0.3878,0.3929,0.3614,0.4112,0.3702,reg oper account,block of flats,0.4857,,,0.0,0.0,0.0,0.0,-2088.0,0,1,0,0,0,0,0,0,0,0,0,0,0,0,0,0,0,0,0,0,0.0,0.0,0.0,0.0,2.0,0.0
100950,0,Cash loans,F,N,Y,0,252000.0,2227500.0,1939500.0,66000.0,Unaccompanied,Pensioner,Higher education,Married,House / apartment,0.011246,-21210,365243,-5983.0,-4348,,1,0,1,1,0,0,,2.0,2,2,THURSDAY,11,0,0,0,0,1,1,XNA,,0.43646,0.348478,0.4892,0.4996,0.4622,0.8221,0.7914,0.766,0.8337,0.8384,0.7892,0.6391,0.6564,0.6824,0.5645,0.5212,0.5422,0.5847,0.5362,0.5652,0.7037,0.7024,0.7563,0.4843,0.4499,0.4409,0.3719,0.3908,0.3793,0.6147,0.636,0.6279,0.8233,0.8073,0.8243,0.4755,0.5204,0.5116,0.4284,0.428,0.4476,0.4371,0.4172,0.4224,,block of flats,0.3465,Panel,No,1.0,1.0,1.0,0.0,-482.0,0,1,0,0,1,0,0,0,0,0,0,0,0,0,0,0,0,0,0,0,0.0,0.0,0.0,0.0,0.0,2.0
100951,0,Cash loans,F,N,N,0,400500.0,4050000.0,3294000.0,120000.0,Unaccompanied,Commercial associate,Secondary / secondary special,Married,House / apartment,0.01186,-14277,-5397,-1048.0,-133,,1,1,0,1,1,0,Sales staff,2.0,2,2,THURSDAY,12,0,0,0,0,0,0,Transport: type 4,0.470352,0.536021,0.614388,0.7145,0.7476,0.7237,0.9913,0.9694,1.0,0.7362,0.709,0.7502,0.8177,0.7988,0.768,0.8738,0.9134,0.9084,0.9995,0.9799,0.9904,0.6896,0.685,0.6612,0.763,0.6952,0.7377,0.8264,0.839,0.823,0.7446,0.6989,0.7101,0.9842,0.951,0.9901,0.7147,0.7189,0.6837,0.519,0.5334,0.5469,0.5474,0.5013,0.5286,reg oper spec account,,1.0,Block,No,2.0,0.0,2.0,0.0,-2949.0,0,1,0,0,0,0,0,0,0,0,0,0,0,0,0,0,0,0,0,0,0.0,0.0,0.0,1.0,1.0,1.0
100952,1,Cash loans,M,Y,N,0,274500.0,1863000.0,1773000.0,62500.0,Family,Pensioner,Secondary / secondary special,Civil marriage,House / apartment,0.027483,-23599,365243,-6189.0,-1810,,1,0,0,1,0,0,Cooking staff,2.0,2,2,WEDNESDAY,17,0,0,0,0,0,0,Business Entity Type 3,,0.703567,,0.366,0.3439,0.3993,0.2193,0.1899,0.2089,0.2533,0.2796,0.2737,0.361,0.3502,0.3351,0.359,0.3496,0.3448,0.1873,0.1707,0.1679,0.3089,0.3352,0.3258,0.205,0.1729,0.1905,0.2145,0.1759,0.2008,0.3265,0.3165,0.3194,0.199,0.1849,0.1839,0.2128,0.2247,0.2289,0.1861,0.2229,0.1552,0.1526,0.1766,0.1582,reg oper account,,0.2563,,No,3.0,0.0,3.0,0.0,-672.0,0,0,0,0,0,0,0,0,0,0,0,0,0,0,0,0,0,0,0,0,0.0,0.0,0.0,,0.0,1.0
100953,0,Cash loans,M,N,N,0,76500.0,616500.0,598500.0,16500.0,Family,Commercial associate,Secondary / secondary special,Married,House / apartment,0.009941,-12209,-1057,-3620.0,-2595,,1,1,0,1,0,0,Medicine staff,1.0,2,2,SUNDAY,12,0,0,0,0,0,0,XNA,,0.713272,0.357032,0.178,0.1132,0.1659,0.2056,0.2292,0.2477,0.1348,0.1272,0.1438,0.1009,0.127,0.1373,0.2701,0.2787,0.2654,0.172,0.1476,0.1691,0.2398,0.3202,0.2345,0.1545,0.1466,0.1529,0.1013,0.1277,0.1382,0.2285,0.2014,0.213,0.1761,0.1158,0.1263,0.2756,0.2138,0.2626,0.1114,0.1125,0.0787,0.2165,0.2133,0.1656,,block of flats,,Panel,,3.0,0.0,3.0,0.0,-3389.0,0,1,0,0,0,0,0,0,0,0,0,0,0,0,0,0,0,0,0,0,,0.0,0.0,0.0,0.0,3.0
100954,0,Cash loans,F,Y,Y,1,166500.0,1269000.0,1017000.0,37000.0,Unaccompanied,Pensioner,Secondary / secondary special,Married,House / apartment,0.00591,-22422,365243,-11025.0,-3424,11.0,1,0,0,1,0,0,Core staff,3.0,1,1,SATURDAY,7,0,1,0,0,0,0,Other,0.492694,0.440306,0.501799,0.254,0.2828,0.3261,0.1816,0.201,0.195,0.3692,0.3723,0.3784,0.2347,0.2072,0.2066,0.2301,0.2587,0.2648,0.3328,0.3121,0.2842,0.41,0.3998,0.4007,0.4195,0.4168,0.4072,0.2975,0.3509,0.3204,0.2683,0.2251,0.246,0.2851,0.3033,0.327,0.2856,0.3192,0.3231,0.2635,0.2721,0.2538,0.4343,0.4579,0.4314,,,,Panel,,1.0,0.0,1.0,0.0,-1113.0,0,0,0,0,0,0,0,0,0,0,0,0,0,0,0,0,0,0,0,0,0.0,,0.0,1.0,0.0,0.0
100955,0,Revolving loans,M,N,Y,0,54000.0,288000.0,270000.0,17500.0,Unaccompanied,State servant,Secondary / secondary special,Married,House / apartment,0.022568,-17779,-2812,-2480.0,-882,,1,1,0,1,1,0,Private service staff,1.0,2,2,THURSDAY,10,0,0,0,0,0,0,Transport: type 4,0.382115,0.622136,0.555833,0.3393,0.3552,0.3655,0.2376,0.2338,0.2343,0.3534,0.3793,0.3351,0.3373,0.3759,0.3601,0.2457,0.2246,0.2202,0.3547,0.358,0.3705,0.2248,0.2091,0.2357,0.4652,0.4723,0.4307,0.2823,0.2813,0.2789,0.5084,0.5273,0.4983,0.4863,0.4879,0.5161,0.3733,0.3582,0.3606,0.3198,0.3434,0.3414,0.5507,0.499,0.5068,reg oper account,block of flats,,Panel,,1.0,0.0,1.0,0.0,-1559.0,0,1,0,0,0,0,0,0,0,0,0,0,0,0,0,0,0,0,0,0,,0.0,0.0,0.0,0.0,1.0
100956,1,Cash loans,M,Y,Y,2,243000.0,1134000.0,931500.0,53000.0,Unaccompanied,Commercial associate,Higher education,Married,With parents,0.012622,-16308,-463,-5662.0,-552,,1,1,0,1,0,0,,4.0,2,2,SATURDAY,18,0,0,0,0,0,0,Self-employed,,0.171764,0.489102,0.4061,0.4178,0.4285,0.4431,0.4705,0.4217,0.2815,0.3068,0.3337,0.3758,0.3159,0.3512,0.5786,0.5354,0.5566,0.4462,0.4289,0.443,0.2391,0.2433,0.2481,0.485,0.4957,0.4929,0.4383,0.4539,0.4274,0.4147,0.4456,0.4499,0.4776,0.503,0.4469,0.4825,0.5116,0.4724,0.3989,0.3994,0.363,0.512,0.4596,0.4676,,,,Panel,,4.0,0.0,4.0,0.0,-3433.0,0,1,0,0,0,0,0,0,0,0,0,0,0,0,0,0,0,0,0,0,0.0,0.0,0.0,0.0,0.0,
100957,1,Cash loans,M,Y,Y,1,58500.0,306000.0,238500.0,15000.0,Unaccompanied,Working,Higher education,Married,House / apartment,0.018512,-14242,-70,-2798.0,-5460,,1,1,0,1,0,0,Laborers,2.0,2,2,WEDNESDAY,17,0,0,0,0,1,0,Other,0.351739,0.740829,0.86217,0.2945,0.2269,0.2264,0.2294,0.2015,0.2378,0.1863,0.1714,0.1476,0.2238,0.2828,0.2438,0.2206,0.2329,0.2586,0.1831,0.1693,0.1868,0.2839,0.2569,0.2646,0.1405,0.1309,0.1216,0.2543,0.2243,0.2448,0.2014,0.1787,0.1971,0.1774,0.2015,0.1817,0.1624,0.1773,0.156,0.1469,0.1384,0.1761,0.2065,0.2176,0.2541,,block of flats,,"Stone, brick",No,0.0,0.0,0.0,0.0,-445.0,0,1,0,0,0,0,0,0,0,0,0,0,0,0,0,0,0,0,0,0,0.0,0.0,0.0,0.0,0.0,
100958,0,Cash loans,M,Y,N,0,94500.0,553500.0,459000.0,22000.0,,Working,Secondary / secondary special,Married,House / apartment,0.041414,-20472,-478,-9109.0,-576,25.0,1,1,0,1,1,0,Core staff,2.0,2,2,WEDNESDAY,15,0,0,0,0,1,1,XNA,,0.714995,0.180906,0.473,0.4955,0.514,0.3116,0.3156,0.3096,0.4181,0.418,0.4235,0.2955,0.3209,0.2992,0.3401,0.2934,0.3056,0.3421,0.3746,0.3613,0.3867,0.2952,0.3048,0.2257,0.2348,0.2313,0.3152,0.275,0.281,0.3986,0.4661,0.4422,0.2475,0.2287,0.2999,0.3697,0.4059,0.4062,0.251,0.2392,0.2169,0.252,0.2617,0.2549,,block of flats,0.3083,"Stone, brick",,1.0,0.0,1.0,0.0,-238.0,0,1,0,0,0,0,0,0,0,0,0,0,0,0,0,0,0,0,0,0,0.0,0.0,0.0,0.0,0.0,2.0
100959,0,Cash loans,M,N,Y,0,148500.0,387000.0,369000.0,10000.0,Unaccompanied,Commercial associate,Higher education,Married,House / apartment,0.019548,-18030,-3263,-6827.0,-477,,1,1,0,1,0,0,,2.0,2,2,WEDNESDAY,14,0,0,0,0,1,0,Business Entity Type 3,0.455139,0.668253,0.796976,0.2539,0.238,0.2638,0.3304,0.3323,0.3369,0.3356,0.3046,0.3136,0.3338,0.3178,0.3584,0.3236,0.329,0.3884,0.3056,0.2732,0.2937,0.2033,0.2068,0.2,0.2164,0.2378,0.2278,0.4121,0.3425,0.3672,0.2902,0.3144,0.3449,0.2009,0.2347,0.2316,0.3019,0.2581,0.3188,0.2805,0.2775,0.3004,0.269,0.2697,0.2751,reg oper account,,,"Stone, brick",,1.0,0.0,1.0,0.0,-2380.0,0,0,0,0,0,0,0,0,0,0,0,0,0,0,0,0,0,0,0,0,0.0,0.0,0.0,0.0,0.0,1.0
100960,0,Cash loans,F,Y,Y,0,189000.0,1102500.0,891000.0,38500.0,Unaccompanied,Pensioner,Incomplete higher,Civil marriage,House / apartment,0.047679,-21738,365243,-10146.0,-1163,,1,0,1,1,0,0,Drivers,2.0,2,1,TUESDAY,14,0,0,0,0,0,0,Business Entity Type 2,0.582108,0.280874,,0.4683,0.4486,0.4634,0.5196,0.5322,0.5577,0.3501,0.3207,0.3472,0.6018,0.6071,0.5649,0.6395,0.6807,0.6533,0.4996,0.521,0.5072,0.4949,0.4699,0.4685,0.3283,0.2843,0.3166,0.4753,0.4576,0.4571,0.5265,0.5287,0.5438,0.42,0.3876,0.4124,0.526,0.4863,0.5005,0.5665,0.5118,0.5683,0.4004,0.4092,0.4297,,block of flats,0.5939,,,1.0,0.0,1.0,0.0,-3750.0,0,1,0,0,0,0,0,0,0,0,0,0,0,0,0,0,0,0,0,0,0.0,0.0,0.0,0.0,0.0,1.0
100961,0,Cash loans,F,Y,Y,0,126000.0,1098000.0,886500.0,56500.0,Unaccompanied,Commercial associate,Secondary / secondary special,Civil marriage,House / apartment,0.017926,-8431,-342,-149.0,-2059,,1,1,0,1,0,0,Cleaning staff,2.0,2,2,TUESDAY,11,0,0,0,0,0,0,Business Entity Type 2,0.427681,0.271993,0.268194,0.126,0.1466,0.0944,0.1417,0.1457,0.1448,0.105,0.1041,0.0749,0.1292,0.1397,0.1083,0.094,0.116,0.0917,0.106,0.0915,0.088,0.1018,0.1064,0.0985,0.1101,0.1044,0.1078,0.0729,0.039,0.0474,0.0791,0.0808,0.096,0.0958,0.0732,0.0826,0.0589,0.091,0.1005,0.0935,0.0935,0.1022,0.1289,0.1051,0.1256,,,0.1568,,No,2.0,0.0,2.0,1.0,-60.0,0,1,0,0,0,0,0,0,0,0,0,0,0,0,0,0,0,0,0,0,0.0,0.0,0.0,0.0,0.0,0.0
100962,0,Cash loans,M,N,Y,0,337500.0,1174500.0,1089000.0,30500.0,Unaccompanied,Working,Secondary / secondary special,Married,House / apartment,0.034912,-20150,-3478,-2781.0,-1296,,1,1,0,1,0,0,Core staff,2.0,2,2,SATURDAY,15,0,0,0,0,0,0,Construction,,0.555892,,0.1047,0.1,0.1029,0.0949,0.1065,0.0889,0.1034,0.0719,0.1165,0.0592,0.0684,0.0632,0.0361,0.0353,0.0946,0.0948,0.1367,0.0877,0.1024,0.1045,0.1196,0.085,0.0875,0.1195,0.107,0.1231,0.0654,0.0854,0.1096,0.0981,0.0599,0.0489,0.0699,0.1381,0.1034,0.1014,0.1133,0.1354,0.1392,0.0884,0.1065,0.1217,reg oper account,,,"Stone, brick",,1.0,0.0,1.0,0.0,-2689.0,0,1,0,0,0,0,0,0,0,0,0,0,0,0,0,0,0,0,0,0,0.0,0.0,0.0,1.0,,4.0
100963,1,Cash loans,F,N,Y,0,220500.0,724500.0,625500.0,23500.0,Unaccompanied,Commercial associate,Secondary / secondary special,Married,House / apartment,0.013318,-21696,-3349,-2356.0,-4887,,1,1,0,1,0,0,,2.0,3,3,SATURDAY,15,0,0,0,0,0,1,Business Entity Type 3,,0.565386,0.575021,0.2208,0.2554,0.2517,0.351,0.3083,0.3468,0.4365,0.419,0.4402,0.5075,0.5053,0.4923,0.2813,0.2205,0.3024,0.4629,0.4983,0.4707,0.2816,0.2573,0.2546,0.4632,0.4666,0.428,0.4143,0.4316,0.4482,0.2933,0.2872,0.2779,0.2105,0.2262,0.2422,0.2922,0.245,0.2827,0.4157,0.413,0.4487,0.3864,0.3865,0.4188,reg oper account,,0.4143,,No,1.0,1.0,1.0,0.0,-4018.0,0,1,0,0,0,0,0,0,0,0,0,0,0,0,0,0,0,0,0,0,0.0,0.0,0.0,0.0,1.0,0.0
100964,0,Cash loans,F,Y,Y,0,211500.0,1071000.0,868500.0,59500.0,Unaccompanied,Working,Secondary / secondary special,Widow,House / apartment,0.019991,-16709,-7263,-3285.0,-758,,1,1,1,1,0,0,,1.0,3,3,THURSDAY,15,0,0,0,0,0,0,Business Entity Type 3,,0.490668,0.531367,0.5143,0.5016,0.5005,0.2384,0.2093,0.2351,0.5067,0.5013,0.4778,0.4489,0.4652,0.4292,0.4819,0.4426,0.4553,0.278,0.2667,0.2728,0.3957,0.3392,0.3895,0.206,0.2185,0.2463,0.3076,0.3191,0.3191,0.29,0.2444,0.2993,0.2482,0.2321,0.2592,0.4226,0.4431,0.4525,0.4434,0.4271,0.4174,0.2359,0.2589,0.2912,reg oper account,,,,No,1.0,1.0,1.0,0.0,-4189.0,0,1,0,0,0,0,0,0,0,0,0,0,0,0,0,0,0,0,0,0,,0.0,0.0,0.0,0.0,2.0
100965,0,Revolving loans,F,N,N,0,76500.0,207000.0,171000.0,5500.0,Family,Working,Secondary / secondary special,Married,House / apartment,0.010486,-18613,-4656,-4121.0,-835,,1,1,0,1,0,0,Accountants,2.0,2,2,THURSDAY,10,0,0,0,0,0,0,Other,,0.754063,0.622604,0.087,0.1017,0.0861,0.1195,0.1076,0.092,0.05,0.0543,0.0588,0.0568,0.1122,0.1058,0.0298,0.0965,0.051,0.1482,0.1041,0.1201,0.0773,0.0449,0.0514,0.0881,0.097,0.0904,0.0594,0.0753,0.0972,0.0675,0.0566,0.0434,0.0713,0.0362,0.089,0.0846,0.073,0.0564,0.1546,0.0861,0.1024,0.0647,0.0697,0.0606,,block of flats,0.0654,"Stone, brick",No,1.0,1.0,1.0,0.0,-3854.0,0,1,0,0,0,0,0,0,0,0,0,0,0,0,0,0,0,0,0,0,0.0,0.0,0.0,0.0,0.0,7.0
100966,0,Cash loans,M,Y,Y,0,373500.0,706500.0,661500.0,35000.0,Unaccompanied,Pensioner,Secondary / secondary special,Widow,House / apartment,0.011288,-22481,365243,-9031.0,-709,,1,0,0,1,0,0,,1.0,2,2,WEDNESDAY,11,0,1,0,0,0,1,Self-employed,,0.293089,,0.0557,0.0749,0.0788,0.0981,0.049,0.0981,0.105,0.0701,0.0581,0.0684,0.0148,0.0,0.0662,0.0791,0.0335,0.0845,0.0904,0.0835,0.0483,0.0442,0.1051,0.0447,0.0527,0.0567,0.0334,0.0284,0.0569,0.0435,0.0624,0.0415,0.0808,0.0926,0.064,0.0429,0.0738,0.0978,0.0956,0.1058,0.081,0.0496,0.0405,0.0094,,,,,,1.0,0.0,1.0,0.0,-2484.0,0,1,0,0,0,0,0,0,0,0,0,0,0,0,0,0,0,0,0,0,0.0,0.0,0.0,0.0,0.0,0.0
100967,0,Revolving loans,F,Y,Y,0,94500.0,693000.0,625500.0,27000.0,Unaccompanied,Commercial associate,Secondary / secondary special,Single / not married,House / apartment,0.016268,-11041,-2933,-2033.0,-3917,7.0,1,1,0,1,0,0,Sales staff,2.0,3,3,TUESDAY,10,0,0,0,0,0,0,Other,,0.74927,0.993302,0.3654,0.3857,0.3884,0.4677,0.4318,0.4622,0.3353,0.2751,0.2935,0.4336,0.4492,0.45,0.2826,0.2749,0.3029,0.3434,0.3483,0.3398,0.4704,0.4525,0.4894,0.3906,0.4028,0.3882,0.2651,0.2538,0.2636,0.3495,0.318,0.3319,0.2746,0.293,0.2921,0.4626,0.468,0.5144,0.3426,0.2906,0.2988,0.4388,0.4001,0.4166,,,,,,1.0,0.0,1.0,0.0,-1142.0,0,1,0,0,0,0,0,0,0,0,0,0,0,0,0,0,0,0,0,0,0.0,0.0,0.0,0.0,1.0,1.0
100968,0,Cash loans,M,N,Y,2,382500.0,1165500.0,1084500.0,48000.0,Unaccompanied,Working,Secondary / secondary special,Married,With parents,0.008206,-20662,-2837,-6571.0,-5274,,1,1,0,1,0,0,Managers,4.0,2,2,MONDAY,15,0,0,0,0,0,0,Business Entity Type 3,0.056813,0.289536,0.27174,0.3156,0.2996,0.3123,0.1501,0.1594,0.1459,0.1871,0.1894,0.2069,0.1271,0.1108,0.1258,0.1707,0.1779,0.1509,0.2816,0.2765,0.2479,0.2818,0.2685,0.2811,0.2019,0.2126,0.1861,0.2733,0.2288,0.2671,0.1538,0.1537,0.1679,0.185,0.1964,0.1763,0.1968,0.2352,0.2414,0.2262,0.1755,0.1938,0.2344,0.1714,0.1988,,block of flats,0.2515,,No,2.0,0.0,2.0,0.0,-3496.0,0,1,0,0,0,0,0,0,0,0,0,0,0,0,0,0,0,0,0,0,0.0,0.0,0.0,,0.0,4.0
100969,0,Cash loans,M,N,Y,0,445500.0,1755000.0,1404000.0,46500.0,Unaccompanied,Working,Secondary / secondary special,Married,House / apartment,0.020642,-17476,-1285,-5749.0,-977,,1,1,0,1,1,0,Laborers,2.0,3,3,FRIDAY,13,0,0,0,0,0,0,Trade: type 7,,0.517531,,0.1457,0.0928,0.111,0.1309,0.1753,0.1812,0.1016,0.1243,0.174,0.1493,0.1397,0.1476,0.1509,0.1613,0.1731,0.1056,0.0915,0.08,0.1416,0.1354,0.1306,0.1002,0.1221,0.0567,0.0888,0.1169,0.1111,0.1425,0.1398,0.0991,0.139,0.1369,0.15,0.1608,0.153,0.1239,0.1344,0.0775,0.1249,0.1333,0.1313,0.1839,reg oper account,,0.1701,,No,2.0,1.0,2.0,0.0,-1949.0,0,1,0,0,0,0,0,0,0,0,0,0,0,0,0,0,0,0,0,0,0.0,0.0,0.0,0.0,1.0,
100970,0,Cash loans,M,N,N,0,193500.0,540000.0,472500.0,30000.0,Family,Commercial associate,Secondary / secondary special,Married,Municipal apartment,0.0155,-15484,-4088,-1447.0,-3327,,1,1,1,1,0,0,Medicine staff,2.0,2,2,FRIDAY,13,0,0,0,0,0,1,XNA,,0.6203,,0.5775,0.6197,0.5478,0.3258,0.3518,0.3224,0.3937,0.3872,0.3968,0.5606,0.5309,0.5393,0.4833,0.4894,0.4856,0.3696,0.3296,0.3667,0.4052,0.3917,0.3636,0.5732,0.5674,0.609,0.4904,0.5009,0.548,0.478,0.4863,0.5105,0.5936,0.5868,0.563,0.4623,0.4712,0.4941,0.5942,0.5833,0.5421,0.4363,0.4263,0.4303,,,0.5274,,,3.0,0.0,3.0,0.0,-3608.0,0,1,0,0,1,0,0,0,0,0,0,0,0,0,0,0,0,0,0,0,0.0,0.0,,0.0,0.0,4.0
100971,1,Cash loans,F,N,N,2,261000.0,2056500.0,1930500.0,103000.0,Unaccompanied,Working,Secondary / secondary special,Civil marriage,With parents,0.021627,-17386,-475,-1349.0,-2233,,1,1,0,1,0,0,,4.0,2,2,THURSDAY,14,0,0,0,0,0,1,Medicine,,0.088555,0.506749,0.1585,0.1739,0.1621,0.1573,0.1263,0.1563,0.2205,0.2606,0.2175,0.132,0.156,0.1221,0.1309,0.136,0.155,0.1645,0.1492,0.1407,0.2378,0.2368,0.2386,0.1514,0.1833,0.1681,0.2056,0.2108,0.2404,0.2038,0.1849,0.209,0.2562,0.2532,0.1979,0.222,0.2167,0.196,0.1475,0.1222,0.1258,0.2475,0.2341,0.2199,,,,Panel,No,0.0,0.0,0.0,0.0,-2740.0,0,1,0,0,1,0,0,0,0,0,0,0,0,0,0,0,0,0,0,0,0.0,0.0,0.0,1.0,2.0,
100972,0,Cash loans,M,Y,Y,0,27000.0,166500.0,139500.0,5500.0,Family,Working,Higher education,Married,House / apartment,0.008284,-14962,-1567,-977.0,-3733,,1,1,0,1,0,0,Laborers,2.0,2,2,SATURDAY,7,0,0,0,0,0,0,Business Entity Type 3,,0.560175,,0.9468,0.94,0.9176,0.4266,0.4342,0.4349,0.6109,0.5846,0.6147,0.4859,0.5592,0.5134,0.8642,0.861,0.8447,0.8196,0.8184,0.8032,0.5484,0.5235,0.5558,0.6274,0.6323,0.6134,0.6614,0.7348,0.7443,0.7778,0.7666,0.7981,0.8183,0.8229,0.8277,0.5222,0.5393,0.5435,0.7594,0.8032,0.769,0.3829,0.4249,0.413,,,,,No,1.0,0.0,1.0,0.0,-2435.0,0,1,0,0,0,0,0,0,0,0,0,0,0,0,0,0,0,0,0,0,0.0,0.0,0.0,2.0,0.0,0.0
100973,0,Cash loans,M,N,N,0,130500.0,445500.0,364500.0,12000.0,Other_B,Commercial associate,Secondary / secondary special,Single / not married,House / apartment,0.028893,-8502,-1928,-1363.0,-3899,,1,1,0,1,0,0,Core staff,2.0,2,2,WEDNESDAY,15,0,0,0,0,0,1,Business Entity Type 3,0.605015,0.20171,,0.3562,0.3307,0.3412,0.754,0.7345,0.7341,0.674,0.6326,0.635,0.6646,0.6934,0.6945,0.7159,0.6722,0.7067,0.6063,0.6155,0.6427,0.401,0.3714,0.3619,0.3958,0.4168,0.3666,0.5854,0.5825,0.6039,0.726,0.672,0.7063,0.661,0.6635,0.6492,0.3984,0.4026,0.3753,0.6168,0.622,0.5749,0.6163,0.6328,0.6227,,,0.6352,"Stone, brick",,3.0,0.0,3.0,0.0,-3537.0,0,0,0,0,1,0,0,0,0,0,0,0,0,0,0,0,0,0,0,0,0.0,0.0,0.0,0.0,0.0,3.0
100974,0,Revolving loans,F,N,N,0,270000.0,549000.0,468000.0,41000.0,Unaccompanied,Commercial associate,Secondary / secondary special,Married,House / apartment,0.053573,-17078,-7360,-402.0,-1726,,1,1,0,1,0,0,Laborers,1.0,2,3,WEDNESDAY,10,0,0,1,0,1,1,XNA,0.570042,0.343255,0.572754,0.5423,0.5346,0.5136,0.5614,0.5474,0.5531,0.3589,0.3439,0.3447,0.5419,0.5374,0.5234,0.356,0.3003,0.3042,0.2999,0.3045,0.3353,0.5464,0.5805,0.5547,0.534,0.569,0.511,0.3822,0.3344,0.3752,0.3838,0.385,0.3883,0.2815,0.3056,0.3021,0.3296,0.3165,0.3083,0.3482,0.3415,0.3324,0.4262,0.4212,0.3872,,,0.4904,,No,1.0,0.0,1.0,0.0,-1771.0,0,1,0,0,0,0,0,0,0,0,0,0,0,0,0,0,0,0,0,0,0.0,0.0,0.0,0.0,0.0,2.0
100975,0,Cash loans,M,Y,Y,0,243000.0,783000.0,661500.0,48000.0,Unaccompanied,Working,Secondary / secondary special,Civil marriage,House / apartment,0.047001,-7745,-1116,-234.0,-3627,,1,1,1,1,1,0,,2.0,2,2,TUESDAY,11,0,0,0,0,1,0,XNA,0.403378,0.567827,0.741299,0.3032,0.2669,0.2653,0.4082,0.3941,0.4445,0.3309,0.3165,0.3119,0.379,0.3866,0.4,0.3884,0.3796,0.4309,0.4341,0.4487,0.4433,0.4816,0.5562,0.4672,0.6242,0.6208,0.5924,0.5196,0.5234,0.4641,0.4136,0.4024,0.4428,0.5352,0.5247,0.5185,0.5027,0.4476,0.4548,0.4074,0.4063,0.3858,0.3124,0.3611,0.3646,,block of flats,,Panel,No,0.0,0.0,0.0,1.0,-3549.0,0,1,0,0,0,0,1,0,0,0,0,0,0,0,0,0,0,0,0,0,0.0,0.0,0.0,1.0,,2.0
100976,0,Cash loans,F,N,Y,2,76500.0,409500.0,333000.0,10500.0,Unaccompanied,Commercial associate,Secondary / secondary special,Single / not married,House / apartment,0.060882,-10809,-4234,-714.0,-332,,1,1,0,1,0,0,,4.0,2,2,SUNDAY,9,0,0,0,0,0,0,XNA,0.322759,0.492066,0.467633,0.4194,0.4042,0.4056,0.5487,0.5482,0.5221,0.5062,0.4783,0.4844,0.3186,0.345,0.3922,0.5506,0.5726,0.5826,0.5045,0.4978,0.4953,0.4245,0.4022,0.4478,0.3104,0.3351,0.2872,0.2854,0.3153,0.3031,0.3876,0.3509,0.3497,0.2425,0.2898,0.2818,0.4371,0.4109,0.4174,0.3351,0.3564,0.3852,0.4256,0.4544,0.4427,,block of flats,0.3449,,,3.0,0.0,3.0,0.0,-801.0,0,1,0,0,0,0,1,0,0,0,0,0,0,0,0,0,0,0,0,0,0.0,0.0,,0.0,0.0,3.0
100977,0,Cash loans,F,Y,Y,0,126000.0,544500.0,526500.0,16500.0,Unaccompanied,Commercial associate,Secondary / secondary special,Married,House / apartment,0.019198,-9892,-1478,-1594.0,-2916,,1,1,1,1,1,0,Private service staff,2.0,3,3,MONDAY,12,0,0,0,0,1,0,Business Entity Type 3,0.231532,0.230574,0.209901,0.2648,0.2951,0.284,0.3657,0.354,0.3903,0.6643,0.6796,0.6677,0.6976,0.7131,0.6913,0.4978,0.4855,0.4906,0.3798,0.4271,0.4013,0.5315,0.5557,0.5419,0.5849,0.5322,0.5369,0.323,0.3687,0.3531,0.5897,0.5817,0.5609,0.6123,0.5618,0.5496,0.6983,0.7315,0.6618,0.5631,0.5736,0.5957,0.6336,0.6419,0.6134,,block of flats,0.3242,"Stone, brick",,1.0,0.0,1.0,0.0,-332.0,0,1,0,0,0,0,0,0,0,0,0,0,0,0,0,0,0,0,0,0,0.0,0.0,0.0,0.0,0.0,3.0
100978,1,Cash loans,F,N,N,0,36000.0,148500.0,130500.0,7500.0,Unaccompanied,Working,Secondary / secondary special,Married,House / apartment,0.01503,-12515,-4830,-5324.0,-5809,,1,1,1,1,0,0,,2.0,2,3,MONDAY,12,0,0,0,0,1,0,Self-employed,0.370222,0.547896,0.289082,0.1484,0.1346,0.0876,0.1812,0.159,0.1684,0.2395,0.2886,0.2749,0.1489,0.1668,0.1217,0.167,0.1845,0.1594,0.2261,0.2403,0.2037,0.2429,0.2081,0.2209,0.1687,0.1579,0.1344,0.1983,0.2424,0.2515,0.2463,0.182,0.1742,0.156,0.162,0.1315,0.2099,0.239,0.225,0.2544,0.2591,0.2521,0.2577,0.256,0.2266,,,0.2144,"Stone, brick",No,0.0,0.0,0.0,0.0,-2353.0,0,1,0,0,0,0,0,0,0,0,0,0,0,0,0,0,0,0,0,0,0.0,0.0,1.0,,0.0,3.0
100979,0,Cash loans,F,N,Y,0,184500.0,810000.0,729000.0,39000.0,Unaccompanied,Working,Secondary / secondary special,Married,House / apartment,0.025301,-20609,-808,-11712.0,-5393,,1,1,0,1,1,0,Realty agents,1.0,2,2,SUNDAY,8,0,0,0,0,1,0,Self-employed,0.600002,0.516803,0.38963,0.7555,0.8208,0.7503,0.4219,0.4067,0.3877,0.618,0.5972,0.5611,0.6051,0.6654,0.6416,0.4327,0.3876,0.3901,0.3971,0.4112,0.4351,0.8512,0.8401,0.8028,0.7682,0.7846,0.7963,0.6171,0.603,0.6252,0.5563,0.5668,0.5428,0.4765,0.4844,0.493,0.7426,0.7365,0.7541,0.4682,0.5745,0.5432,0.8049,0.7681,0.7886,,,,,,0.0,0.0,0.0,0.0,-4046.0,0,1,0,0,0,0,0,0,0,0,0,0,0,0,0,0,0,0,0,0,,,0.0,0.0,1.0,3.0
100980,0,Cash loans,F,N,Y,0,54000.0,319500.0,256500.0,13500.0,Unaccompanied,Working,Secondary / secondary special,Civil marriage,House / apartment,0.016132,-8806,-2232,-96.0,-324,,1,1,0,1,0,0,,2.0,2,2,MONDAY,6,0,0,0,0,1,0,XNA,,0.425827,0.454788,0.5263,0.5483,0.52,0.3561,0.3678,0.3453,0.354,0.3523,0.3591,0.368,0.3553,0.3678,0.2316,0.2455,0.2057,0.3361,0.296,0.2961,0.2509,0.2149,0.2934,0.3117,0.2948,0.3169,0.3752,0.3868,0.4044,0.3611,0.4158,0.4041,0.5183,0.4874,0.4814,0.4732,0.4649,0.475,0.2929,0.2196,0.2589,0.2118,0.2161,0.2256,reg oper spec account,,0.4413,,,1.0,0.0,1.0,0.0,-2169.0,0,1,0,0,0,0,0,0,0,0,0,0,0,0,0,0,0,0,0,0,0.0,0.0,0.0,1.0,0.0,0.0
100981,0,Revolving loans,F,Y,N,0,274500.0,1044000.0,940500.0,34500.0,Unaccompanied,Working,Secondary / secondary special,Single / not married,House / apartment,0.006356,-12761,-1636,-2614.0,-343,15.0,1,1,0,1,0,0,Sales staff,2.0,2,2,WEDNESDAY,11,0,1,0,0,0,0,XNA,0.32601,0.668132,0.265883,0.289,0.2967,0.3103,0.1851,0.2137,0.171,0.2162,0.2433,0.217,0.2711,0.2469,0.2379,0.1857,0.1897,0.1754,0.184,0.2159,0.1888,0.2683,0.2351,0.2341,0.3043,0.3003,0.285,0.136,0.125,0.0999,0.2,0.1925,0.2114,0.2603,0.2542,0.3072,0.2766,0.2417,0.2842,0.3077,0.3306,0.317,0.2637,0.2265,0.2171,,block of flats,,,,0.0,0.0,0.0,0.0,-312.0,0,1,0,0,0,0,0,0,0,0,0,0,0,0,0,0,0,0,0,0,,0.0,0.0,0.0,0.0,0.0
100982,0,Cash loans,F,Y,N,1,283500.0,1417500.0,1264500.0,53000.0,Unaccompanied,Pensioner,Higher education,Married,House / apartment,0.031078,-22583,365243,-160.0,-4935,,1,0,0,1,0,0,Cooking staff,3.0,2,2,WEDNESDAY,15,0,0,0,0,0,0,Self-employed,0.622584,0.418888,0.483405,0.1756,0.1857,0.1885,0.1981,0.1949,0.1895,0.1538,0.127,0.1474,0.1486,0.1529,0.1543,0.1725,0.1712,0.1628,0.1959,0.2011,0.1804,0.1967,0.1419,0.1494,0.1864,0.1825,0.1827,0.2016,0.1994,0.1885,0.1156,0.1114,0.1391,0.1117,0.0999,0.1036,0.1519,0.1428,0.15,0.1322,0.1659,0.1605,0.1447,0.1679,0.1879,,,,,No,0.0,0.0,0.0,0.0,-2483.0,0,1,0,0,0,0,0,0,0,0,0,0,0,0,0,0,0,0,0,0,0.0,0.0,0.0,,0.0,3.0
100983,0,Cash loans,F,Y,Y,0,112500.0,256500.0,247500.0,7500.0,Unaccompanied,Working,Secondary / secondary special,Civil marriage,House / apartment,0.016171,-19965,-1544,-9671.0,-1256,26.0,1,1,0,1,1,0,Drivers,2.0,3,3,MONDAY,14,0,0,0,0,0,0,Business Entity Type 3,,0.235807,0.42562,0.2979,0.3073,0.2801,0.3132,0.2933,0.286,0.2328,0.2557,0.2495,0.3347,0.3066,0.3341,0.4174,0.3719,0.432,0.4784,0.5163,0.4484,0.5724,0.5507,0.5663,0.5215,0.53,0.4947,0.2785,0.2547,0.2447,0.3609,0.3773,0.3369,0.4988,0.5486,0.5271,0.2547,0.2892,0.272,0.2384,0.2558,0.2673,0.2996,0.2983,0.293,,,0.2826,,,1.0,0.0,1.0,0.0,-615.0,0,0,0,0,0,0,0,0,0,0,0,0,0,0,0,0,0,0,0,0,0.0,0.0,0.0,0.0,0.0,2.0
100984,1,Cash loans,F,Y,N,0,198000.0,3145500.0,2713500.0,270500.0,Unaccompanied,State servant,Secondary / secondary special,Married,House / apartment,0.007529,-18156,-6750,-2932.0,-3990,21.0,1,1,0,1,0,0,Laborers,2.0,2,2,FRIDAY,15,0,0,0,0,0,0,Business Entity Type 3,,0.350249,0.217214,0.5344,0.5597,0.5364,0.3765,0.3699,0.3579,0.5488,0.5762,0.5665,0.6266,0.6204,0.6067,0.4254,0.4283,0.4269,0.5418,0.5141,0.5157,0.6084,0.5714,0.5471,0.4794,0.4788,0.4663,0.3681,0.3763,0.3565,0.3213,0.3618,0.3472,0.6267,0.6204,0.6735,0.2863,0.3374,0.3056,0.4154,0.4209,0.3988,0.5597,0.5548,0.5586,,,0.3652,"Stone, brick",No,3.0,0.0,3.0,0.0,-555.0,0,0,0,0,0,0,0,0,0,0,0,0,0,0,0,0,0,0,0,0,0.0,0.0,0.0,0.0,1.0,2.0
100985,0,Cash loans,F,Y,Y,0,130500.0,436500.0,409500.0,12500.0,Unaccompanied,Working,Secondary / secondary special,Married,House / apartment,0.013645,-21419,-650,-1725.0,-3258,,1,1,0,1,1,0,Security staff,2.0,2,2,SATURDAY,11,0,0,0,0,0,0,XNA,0.257975,0.479801,0.533577,0.4217,0.3937,0.4165,0.3192,0.2698,0.2591,0.4605,0.4464,0.4753,0.445,0.4111,0.4222,0.2674,0.2843,0.2656,0.3129,0.3033,0.2613,0.4866,0.4653,0.4987,0.3441,0.3241,0.3289,0.4586,0.4269,0.4471,0.3503,0.3391,0.3106,0.3754,0.3832,0.3431,0.3412,0.2788,0.3534,0.361,0.3791,0.3304,0.5391,0.5048,0.5253,,,,,,1.0,1.0,1.0,0.0,-2390.0,0,0,0,0,0,0,0,0,0,0,0,0,0,0,0,0,0,0,0,0,0.0,0.0,0.0,,1.0,4.0
100986,0,Revolving loans,M,Y,N,2,166500.0,724500.0,607500.0,61500.0,Unaccompanied,Commercial associate,Secondary / secondary special,Civil marriage,House / apartment,0.0164,-17583,-408,-3989.0,-2445,,1,1,0,1,0,0,Laborers,4.0,2,2,WEDNESDAY,11,0,0,0,0,0,0,Business Entity Type 3,0.530258,0.335616,0.605877,0.5968,0.6069,0.6231,0.4585,0.4578,0.4612,0.6197,0.5874,0.6062,0.4915,0.4789,0.486,0.3688,0.3692,0.3668,0.4906,0.4806,0.5128,0.4076,0.399,0.3959,0.641,0.6127,0.6269,0.4697,0.434,0.4692,0.4398,0.428,0.3999,0.3258,0.3376,0.3309,0.4832,0.4481,0.4575,0.331,0.3542,0.312,0.4741,0.4534,0.4657,,,0.3875,,No,0.0,0.0,0.0,0.0,-3944.0,0,1,0,0,1,0,0,0,0,0,0,0,0,0,0,0,0,0,0,0,0.0,0.0,0.0,1.0,0.0,2.0
100987,0,Cash loans,M,N,Y,0,76500.0,409500.0,369000.0,11000.0,Unaccompanied,Commercial associate,Secondary / secondary special,Married,House / apartment,0.018838,-18280,-2682,-3652.0,-1849,,1,1,1,1,1,0,Sales staff,2.0,3,3,FRIDAY,12,0,0,0,0,0,0,Business Entity Type 2,,0.554956,0.639453,0.1632,0.1888,0.1984,0.1186,0.0884,0.1494,0.2053,0.2323,0.1716,0.2624,0.2847,0.2497,0.1529,0.2175,0.176,0.1972,0.2336,0.1653,0.2026,0.2392,0.2181,0.2204,0.1947,0.1488,0.2083,0.1951,0.1615,0.2222,0.2274,0.252,0.1436,0.1403,0.0836,0.1715,0.1526,0.1717,0.1456,0.1484,0.1707,0.1918,0.131,0.1639,reg oper spec account,,0.1731,,,2.0,0.0,2.0,0.0,-183.0,0,0,0,0,0,0,0,0,0,0,0,0,0,0,0,0,0,0,0,0,0.0,0.0,0.0,0.0,0.0,0.0
100988,0,Cash loans,F,Y,Y,0,207000.0,643500.0,621000.0,57000.0,Unaccompanied,Pensioner,Secondary / secondary special,Civil marriage,With parents,0.018979,-21989,365243,-14205.0,-4479,2.0,1,0,0,1,0,0,Drivers,1.0,2,2,TUESDAY,15,0,0,0,0,0,0,Self-employed,,0.358162,0.188984,0.771,0.7536,0.8037,0.6929,0.7079,0.6956,0.449,0.4321,0.3933,0.6877,0.6431,0.6716,0.3398,0.3452,0.3474,0.4088,0.3665,0.421,0.4933,0.4645,0.4527,0.5949,0.6066,0.6103,0.7116,0.6697,0.722,0.7666,0.8035,0.7793,0.4574,0.5174,0.4944,0.7914,0.7878,0.7876,0.7756,0.7658,0.7594,0.691,0.6594,0.6879,reg oper account,block of flats,,,,1.0,0.0,1.0,0.0,-1229.0,0,0,0,0,0,0,0,0,0,0,0,0,0,0,0,0,0,0,0,0,0.0,0.0,0.0,0.0,0.0,0.0
100989,0,Cash loans,M,N,N,0,58500.0,229500.0,207000.0,16500.0,Unaccompanied,Pensioner,Secondary / secondary special,Married,House / apartment,0.043699,-22379,365243,-134.0,-1547,,1,0,0,1,0,0,,1.0,2,2,FRIDAY,17,0,1,0,1,0,1,Business Entity Type 3,,0.626814,0.79171,0.1883,0.1761,0.1907,0.1425,0.1387,0.1492,0.2065,0.1923,0.1832,0.1419,0.1604,0.1509,0.1182,0.1295,0.1147,0.1693,0.1599,0.1507,0.205,0.224,0.1874,0.1155,0.1166,0.1362,0.1361,0.1661,0.118,0.0872,0.0589,0.1061,0.1256,0.1448,0.0994,0.1476,0.1409,0.128,0.0854,0.1325,0.0852,0.1829,0.1517,0.117,,block of flats,0.0845,Block,,1.0,0.0,1.0,0.0,-649.0,0,1,0,0,0,0,0,0,0,0,0,0,0,0,0,0,0,0,0,0,,0.0,0.0,0.0,2.0,
100990,0,Cash loans,F,Y,Y,1,54000.0,211500.0,,13500.0,Unaccompanied,Working,Lower secondary,Married,House / apartment,0.008412,-14250,-7676,-7148.0,-4588,11.0,1,1,0,1,0,0,Drivers,3.0,1,1,WEDNESDAY,11,0,0,0,0,0,0,XNA,0.8542,0.756773,0.530878,0.4825,0.4298,0.4665,0.7386,0.7218,0.7033,0.4804,0.4802,0.4809,0.6258,0.6183,0.6321,0.6723,0.6439,0.6155,0.6059,0.6226,0.6407,0.5263,0.544,0.5395,0.544,0.5512,0.5362,0.5451,0.5165,0.5406,0.4873,0.4459,0.4891,0.5736,0.5849,0.5885,0.4559,0.4278,0.4377,0.5567,0.5664,0.5411,0.704,0.7206,0.692,reg oper account,block of flats,,"Stone, brick",,0.0,0.0,0.0,0.0,-2373.0,0,0,0,0,0,0,0,0,0,0,0,0,0,0,0,0,0,0,0,0,0.0,,0.0,0.0,0.0,3.0
100991,0,Cash loans,M,N,Y,0,139500.0,328500.0,315000.0,19500.0,Unaccompanied,Working,Secondary / secondary special,Married,House / apartment,0.017017,-18609,-5084,-1579.0,-1396,,1,1,0,1,0,0,Laborers,2.0,2,2,TUESDAY,11,0,0,0,0,0,1,Business Entity Type 3,,0.646526,0.568045,0.6492,0.6846,0.6069,0.3609,0.3575,0.348,0.603,0.6107,0.5957,0.7243,0.723,0.7596,0.3659,0.3326,0.3406,0.5118,0.5461,0.5459,0.4191,0.4302,0.4187,0.332,0.3271,0.3154,0.6935,0.652,0.681,0.4268,0.4739,0.4535,0.6464,0.6539,0.6605,0.702,0.6833,0.6362,0.4077,0.3897,0.3816,0.3618,0.3386,0.3473,,block of flats,0.6822,"Stone, brick",No,1.0,1.0,1.0,0.0,-343.0,0,1,0,0,1,0,0,0,0,0,0,0,0,0,0,0,0,0,0,0,0.0,0.0,0.0,0.0,1.0,2.0
100992,0,Cash loans,F,N,Y,1,130500.0,648000.0,625500.0,29500.0,Unaccompanied,State servant,Secondary / secondary special,Married,House / apartment,0.010844,-16933,-1780,-694.0,-5269,,1,1,1,1,0,0,Laborers,2.0,2,2,MONDAY,12,0,0,0,0,0,1,Transport: type 4,,0.373623,0.255709,0.3845,0.3575,0.3881,0.288,0.2808,0.2862,0.1616,0.2452,0.271,0.2187,0.1997,0.2039,0.3421,0.3392,0.3099,0.2697,0.2938,0.2791,0.2289,0.201,0.2072,0.3856,0.3557,0.385,0.4169,0.3893,0.3921,0.2218,0.2458,0.2334,0.2544,0.2899,0.2779,0.2893,0.2799,0.3177,0.2303,0.2472,0.247,0.2986,0.2761,0.2719,reg oper account,block of flats,0.3954,"Stone, brick",No,3.0,0.0,3.0,0.0,-1482.0,0,1,0,0,0,0,1,0,0,0,0,0,0,0,0,0,0,0,0,0,,0.0,0.0,2.0,,
100993,0,Cash loans,M,Y,Y,0,171000.0,270000.0,220500.0,9000.0,Unaccompanied,State servant,Secondary / secondary special,Married,House / apartment,0.040746,-18666,-9511,-7963.0,-4205,,1,1,0,1,0,0,Sales staff,2.0,2,2,SATURDAY,11,0,0,0,0,0,0,XNA,,0.549973,,0.261,0.259,0.2582,0.4327,0.4664,0.4477,0.3102,0.3058,0.3139,0.3061,0.2884,0.2979,0.4006,0.4109,0.4032,0.2635,0.2596,0.2668,0.3116,0.3159,0.3209,0.3394,0.3496,0.3604,0.3731,0.4093,0.408,0.2703,0.274,0.2917,0.2785,0.2878,0.3029,0.3858,0.3728,0.3661,0.3808,0.402,0.4028,0.2746,0.2419,0.2596,reg oper account,,,"Stone, brick",No,2.0,0.0,2.0,0.0,-4148.0,0,1,0,0,1,0,0,0,0,0,0,0,0,0,0,0,0,0,0,0,0.0,,0.0,1.0,0.0,
100994,0,Cash loans,M,N,Y,2,103500.0,1057500.0,868500.0,29000.0,Unaccompanied,State servant,Secondary / secondary special,Single / not married,House / apartment,0.013203,-16610,-6912,-4047.0,-3269,,1,1,0,1,0,0,,3.0,2,2,WEDNESDAY,10,0,0,0,1,0,0,XNA,0.421079,0.265026,0.539581,0.2589,0.2094,0.2424,0.2301,0.2012,0.2146,0.2776,0.2265,0.2222,0.2416,0.2673,0.2451,0.2411,0.2261,0.2302,0.1878,0.1829,0.1803,0.2139,0.1806,0.1853,0.1935,0.1894,0.1921,0.1126,0.1424,0.1582,0.3056,0.2665,0.3144,0.2439,0.2322,0.2646,0.2142,0.2221,0.1693,0.1384,0.1773,0.2062,0.2688,0.2625,0.2798,,block of flats,0.3072,Panel,,2.0,0.0,2.0,0.0,-2663.0,0,0,0,0,0,0,0,0,0,0,0,0,0,0,0,0,0,0,0,0,0.0,0.0,0.0,0.0,0.0,5.0
100995,0,Revolving loans,M,N,Y,2,414000.0,2497500.0,2223000.0,97000.0,Unaccompanied,Working,Secondary / secondary special,Married,House / apartment,0.01511,-18113,-1057,-9893.0,-595,,1,1,0,1,0,0,Laborers,4.0,2,2,WEDNESDAY,12,0,0,0,0,0,0,School,0.64614,0.464029,0.336642,0.2552,0.2904,0.2689,0.3971,0.4022,0.38,0.5062,0.5827,0.4872,0.5352,0.5274,0.512,0.5413,0.5511,0.5566,0.5859,0.5711,0.561,0.4017,0.4,0.387,0.3189,0.2778,0.3348,0.3848,0.3908,0.3753,0.5101,0.4888,0.5064,0.3264,0.3411,0.3108,0.4989,0.4976,0.4881,0.5975,0.5707,0.5759,0.5371,0.4715,0.4528,reg oper account,block of flats,0.4766,,,0.0,0.0,0.0,0.0,-3174.0,0,1,0,0,0,0,0,0,0,0,0,0,0,0,0,0,0,0,0,0,0.0,,0.0,2.0,,
100996,0,Cash loans,F,Y,N,0,162000.0,900000.0,882000.0,34500.0,Unaccompanied,Working,Secondary / secondary special,Married,House / apartment,0.03585,-9888,-3314,-1410.0,-1282,,1,1,1,1,0,0,Drivers,2.0,2,2,TUESDAY,9,0,0,0,0,0,0,Business Entity Type 3,,0.69879,0.41244,0.146,0.1308,0.1497,0.0502,0.0916,0.1649,0.1334,0.1209,0.1496,0.1295,0.156,0.1224,0.1023,0.1048,0.1228,0.1023,0.1131,0.1138,0.1291,0.1216,0.1067,0.206,0.2098,0.2246,0.127,0.1271,0.1367,0.2091,0.1969,0.2279,0.252,0.2023,0.2038,0.1726,0.1753,0.1499,0.1277,0.1312,0.1735,0.061,0.0913,0.0883,,block of flats,0.202,,,2.0,0.0,2.0,1.0,-1190.0,0,1,0,0,1,0,0,0,0,0,0,0,0,0,0,0,0,0,0,0,0.0,,0.0,0.0,0.0,2.0
100997,0,Cash loans,F,N,N,0,166500.0,252000.0,220500.0,13000.0,"Spouse, partner",Working,Higher education,Married,House / apartment,0.042516,-12281,-723,-2197.0,-3791,,1,1,0,1,0,0,,2.0,2,2,SUNDAY,14,0,0,0,1,0,0,Business Entity Type 3,,0.489179,0.311578,0.3893,0.4228,0.3959,0.3864,0.3902,0.4298,0.4314,0.3867,0.3799,0.3438,0.3636,0.3584,0.2359,0.213,0.2418,0.4467,0.4489,0.4489,0.2181,0.222,0.2532,0.3993,0.4095,0.4416,0.471,0.4797,0.4915,0.3309,0.2973,0.3592,0.4042,0.4081,0.3571,0.2491,0.2429,0.2715,0.2765,0.2412,0.2385,0.4598,0.4399,0.4259,reg oper account,block of flats,0.3438,Panel,No,2.0,0.0,2.0,0.0,-3040.0,0,1,0,0,0,0,0,0,0,0,0,0,0,0,0,0,0,0,0,0,0.0,0.0,0.0,0.0,,1.0
100998,0,Cash loans,F,N,Y,0,162000.0,409500.0,346500.0,12000.0,Unaccompanied,Commercial associate,Higher education,Married,House / apartment,0.046598,-15664,-1478,-997.0,-3435,,1,1,1,1,0,0,,2.0,2,2,MONDAY,17,0,0,0,0,0,0,Trade: type 7,0.263599,0.536601,0.626995,0.2422,0.231,0.2243,0.2689,0.232,0.2253,0.1675,0.1832,0.1462,0.2546,0.2523,0.2623,0.2753,0.2774,0.2841,0.2464,0.23,0.2203,0.226,0.2249,0.2362,0.3221,0.3205,0.2698,0.2205,0.2457,0.2733,0.2098,0.1926,0.209,0.2879,0.2298,0.25,0.1824,0.2219,0.2221,0.3832,0.3619,0.3944,0.3154,0.3342,0.3023,,block of flats,,,No,2.0,0.0,2.0,0.0,-588.0,0,1,0,0,0,0,0,0,0,0,0,0,0,0,0,0,0,0,0,0,0.0,0.0,0.0,,0.0,3.0
100999,1,Revolving loans,M,N,Y,0,256500.0,2146500.0,1903500.0,161000.0,Unaccompanied,Working,Higher education,Married,House / apartment,0.006752,-7906,-299,-1243.0,-616,,1,1,0,1,1,0,Accountants,2.0,2,2,SUNDAY,11,0,0,0,0,1,0,Self-employed,,0.430822,0.351417,0.4779,0.5055,0.4931,0.3648,0.4029,0.3949,0.4043,0.4093,0.3803,0.3099,0.298,0.3044,0.4364,0.4593,0.4445,0.4423,0.4357,0.4623,0.3182,0.3068,0.3054,0.4297,0.4275,0.4203,0.2765,0.2799,0.3261,0.4147,0.4551,0.4075,0.2834,0.2978,0.3039,0.4482,0.433,0.4146,0.2437,0.2196,0.2427,0.4823,0.4535,0.4606,,,,,No,1.0,0.0,1.0,0.0,-647.0,0,0,0,0,0,0,0,0,0,0,0,0,0,0,0,0,0,0,0,0,,0.0,,1.0,1.0,2.0
101000,1,Cash loans,M,N,N,0,202500.0,4050000.0,3213000.0,213000.0,Unaccompanied,Working,Secondary / secondary special,Single / not married,House / apartment,0.025227,-20666,-2083,-7954.0,-595,,1,1,1,1,0,0,,2.0,2,2,TUESDAY,17,0,0,0,0,0,0,XNA,0.570381,0.496057,0.355049,0.6596,0.6196,0.6383,0.7683,0.729,0.7625,0.7441,0.7429,0.7277,0.4159,0.4428,0.4649,0.7052,0.6982,0.7183,0.6921,0.6706,0.6929,0.3732,0.3983,0.3882,0.4407,0.4591,0.4337,0.7558,0.7748,0.7826,0.4493,0.4686,0.502,0.4903,0.5252,0.4963,0.3686,0.3993,0.4057,0.6834,0.6833,0.6833,0.3733,0.3889,0.3755,,,0.3468,,No,1.0,0.0,1.0,0.0,-268.0,0,1,0,0,0,0,0,0,0,0,0,0,0,0,0,0,0,0,0,0,0.0,0.0,,0.0,0.0,2.0
101001,1,Cash loans,M,N,Y,0,189000.0,1422000.0,1161000.0,110000.0,Unaccompanied,Commercial associate,Secondary / secondary special,Single / not married,With parents,0.022109,-11082,-1341,-2215.0,-3639,,1,1,0,1,1,0,,2.0,2,2,MONDAY,12,0,0,0,0,1,0,Business Entity Type 3,0.096919,0.357589,,0.5031,0.5243,0.5218,0.523,0.5563,0.5194,0.5268,0.5101,0.5112,0.5722,0.5606,0.6112,0.3404,0.3297,0.352,0.7077,0.6682,0.6921,0.3844,0.4409,0.4283,0.4837,0.4417,0.4377,0.6588,0.6383,0.6793,0.4752,0.4405,0.4276,0.4513,0.4219,0.457,0.3494,0.397,0.3695,0.5194,0.5307,0.4889,0.7037,0.7322,0.7076,,,0.3953,,,1.0,0.0,1.0,0.0,-2394.0,0,0,0,0,0,0,0,0,0,0,0,0,0,0,0,0,0,0,0,0,0.0,0.0,0.0,0.0,0.0,
101002,0,Cash loans,F,Y,Y,3,220500.0,1521000.0,1233000.0,92500.0,Family,Working,Secondary / secondary special,Married,House / apartment,0.018115,-8931,-1145,-1698.0,-2257,,1,1,1,1,0,0,,5.0,2,2,MONDAY,10,0,0,0,0,0,0,School,0.554839,0.727691,0.604163,0.2456,0.2671,0.2448,0.1325,0.1204,0.0955,0.1843,0.1791,0.1702,0.2098,0.2491,0.2356,0.0988,0.1051,0.1057,0.1919,0.1979,0.1778,0.1933,0.1268,0.1841,0.2017,0.2333,0.1965,0.211,0.2082,0.2695,0.2507,0.2328,0.2222,0.0988,0.0737,0.1547,0.1536,0.1522,0.1798,0.1987,0.196,0.1734,0.2207,0.1834,0.1869,,block of flats,,Others,No,1.0,0.0,1.0,0.0,-3154.0,0,1,0,0,0,0,0,0,0,0,0,0,0,0,0,0,0,0,0,0,0.0,0.0,,0.0,1.0,4.0
101003,0,Cash loans,F,Y,Y,0,54000.0,279000.0,220500.0,10000.0,"Spouse, partner",Commercial associate,Higher education,Married,House / apartment,0.019488,-17132,-1525,-428.0,-2842,,1,1,0,1,0,0,,2.0,2,2,WEDNESDAY,14,0,0,0,0,0,0,Business Entity Type 3,0.54395,0.400268,0.571665,0.2002,0.222,0.1931,0.1861,0.2106,0.1406,0.1692,0.166,0.1446,0.2428,0.2,0.1823,0.0964,0.0973,0.1153,0.0948,0.1158,0.1359,0.1785,0.1936,0.1735,0.1801,0.1746,0.1092,0.1417,0.1276,0.1061,0.2248,0.201,0.222,0.1558,0.1711,0.1722,0.119,0.1253,0.1225,0.122,0.1217,0.1472,0.173,0.1628,0.1648,reg oper account,,,Panel,No,0.0,0.0,0.0,0.0,-791.0,0,1,0,0,0,0,0,0,0,0,0,0,0,0,0,0,0,0,0,0,0.0,,0.0,0.0,2.0,2.0
101004,1,Cash loans,F,N,Y,0,54000.0,130500.0,121500.0,9500.0,Unaccompanied,Working,Secondary / secondary special,Married,House / apartment,0.0415,-10430,-1008,-3158.0,-3662,,1,1,0,1,0,0,Laborers,2.0,2,2,MONDAY,9,0,0,0,0,0,0,Self-employed,,0.449522,0.282988,0.1934,0.2182,0.2163,0.2789,0.3121,0.2622,0.1425,0.1643,0.1533,0.1414,0.1481,0.1721,0.3409,0.3625,0.3372,0.2059,0.1792,0.1905,0.231,0.2346,0.2257,0.2784,0.3344,0.3188,0.2809,0.3248,0.2932,0.1818,0.1856,0.1707,0.3258,0.2863,0.3187,0.3134,0.3094,0.3326,0.3186,0.3362,0.3073,0.1698,0.1608,0.1506,reg oper spec account,,0.2981,,No,0.0,1.0,0.0,1.0,-1097.0,0,1,0,0,1,0,1,0,0,0,0,0,0,0,0,0,0,0,0,0,0.0,0.0,0.0,0.0,0.0,1.0
101005,0,Cash loans,F,Y,Y,0,139500.0,940500.0,796500.0,72000.0,Family,Pensioner,Secondary / secondary special,Married,House / apartment,0.035604,-22089,365243,-5889.0,-5096,30.0,1,0,0,1,0,0,Sales staff,2.0,3,3,MONDAY,14,0,0,0,0,0,0,Business Entity Type 3,0.377838,0.423073,0.685881,0.8957,0.8853,0.8724,0.7853,0.7556,0.793,0.7079,0.6482,0.6958,0.5839,0.5865,0.6104,0.5171,0.5166,0.5269,0.5347,0.5803,0.5559,0.9195,0.8999,0.86,0.6519,0.6428,0.6169,0.929,0.9492,0.9069,0.665,0.6489,0.6659,0.9354,0.9298,0.9359,0.5242,0.5206,0.5288,0.5915,0.5803,0.5903,0.5757,0.6378,0.6506,,,,,No,0.0,0.0,0.0,1.0,-82.0,0,1,0,0,0,0,0,0,0,0,0,0,0,0,0,0,0,0,0,0,0.0,0.0,0.0,0.0,1.0,
101006,0,Cash loans,F,N,N,0,130500.0,279000.0,225000.0,8000.0,Unaccompanied,Working,Secondary / secondary special,Civil marriage,House / apartment,0.03261,-11217,-4642,-3413.0,-1511,,1,1,0,1,0,0,Managers,1.0,2,2,WEDNESDAY,13,0,0,0,0,1,0,XNA,,0.496643,0.35432,0.3301,0.3312,0.377,0.2542,0.2087,0.2224,0.4149,0.4271,0.4294,0.4059,0.4237,0.3619,0.2065,0.2205,0.2265,0.2808,0.2628,0.2414,0.2181,0.2181,0.2051,0.4544,0.4553,0.404,0.4421,0.4625,0.4807,0.2877,0.2883,0.2901,0.3075,0.3093,0.3262,0.2179,0.221,0.2064,0.2145,0.2296,0.2462,0.3563,0.34,0.3459,,block of flats,,"Stone, brick",No,1.0,0.0,1.0,0.0,-1916.0,0,1,0,0,0,0,0,0,0,0,0,0,0,0,0,0,0,0,0,0,0.0,0.0,0.0,0.0,0.0,
101007,0,Revolving loans,F,Y,N,0,202500.0,405000.0,355500.0,30000.0,Unaccompanied,Commercial associate,Secondary / secondary special,Married,House / apartment,0.02126,-10034,-622,-2156.0,-4162,,1,1,0,1,0,0,Cleaning staff,2.0,2,2,MONDAY,11,0,0,0,0,0,0,Business Entity Type 3,,0.251948,0.575391,0.0115,0.0443,0.0417,0.0465,0.019,0.0618,0.0376,0.0579,0.0551,0.0,0.0483,0.0205,0.0719,0.0158,0.0234,0.0496,0.0321,0.0359,0.0521,0.0511,0.0223,0.0655,0.0111,0.0166,0.0605,0.0506,0.0306,0.0418,0.05,0.0389,0.0346,0.0389,0.0,0.0773,0.0467,0.0533,0.0676,0.0562,0.0391,0.0712,0.0757,0.0705,reg oper account,,,,,1.0,1.0,1.0,1.0,-506.0,0,1,0,0,0,0,0,0,0,0,0,0,0,0,0,0,0,0,0,0,0.0,0.0,0.0,0.0,0.0,1.0
101008,0,Cash loans,M,N,Y,0,148500.0,288000.0,243000.0,10000.0,Unaccompanied,Commercial associate,Secondary / secondary special,Separated,House / apartment,0.0725,-18140,-4264,-3798.0,-5190,,1,1,0,1,0,0,Core staff,1.0,2,2,THURSDAY,10,0,0,0,0,0,0,Business Entity Type 3,,0.60747,,0.6583,0.6243,0.6654,0.4812,0.4714,0.4775,0.3362,0.3669,0.3163,0.5915,0.6206,0.605,0.6953,0.6557,0.6375,0.2886,0.3374,0.2899,0.5887,0.5863,0.5905,0.6321,0.6376,0.5947,0.4758,0.5045,0.4929,0.2943,0.3411,0.3013,0.3085,0.349,0.3258,0.5365,0.5199,0.5448,0.6365,0.5785,0.5882,0.2759,0.2864,0.3362,reg oper account,,0.3547,"Stone, brick",No,4.0,0.0,4.0,0.0,-1188.0,0,1,0,0,0,0,0,0,0,0,0,0,0,0,0,0,1,0,0,0,0.0,0.0,0.0,0.0,0.0,1.0
101009,0,Cash loans,F,N,Y,0,202500.0,1350000.0,1161000.0,65500.0,Unaccompanied,Working,Secondary / secondary special,Married,Municipal apartment,0.014587,-13203,-2232,-4598.0,-5482,,1,1,1,1,0,0,,2.0,2,2,MONDAY,9,0,0,0,0,1,0,Self-employed,0.311382,0.383821,0.286059,0.4493,0.4062,0.4074,0.4042,0.4439,0.4058,0.4983,0.5225,0.5313,0.631,0.5884,0.587,0.4607,0.377,0.4181,0.3662,0.4121,0.3576,0.5185,0.4904,0.533,0.6623,0.6238,0.6414,0.642,0.6048,0.6311,0.3882,0.3884,0.4285,0.5237,0.5005,0.519,0.545,0.5208,0.5586,0.4664,0.5034,0.499,0.534,0.4875,0.4979,,,0.2446,Panel,No,1.0,0.0,1.0,0.0,-3514.0,0,1,0,0,0,0,0,0,0,0,0,0,0,0,0,0,0,0,0,0,0.0,,0.0,0.0,0.0,1.0
101010,0,Cash loans,F,Y,Y,2,72000.0,270000.0,229500.0,7500.0,Unaccompanied,Working,Secondary / secondary special,Single / not married,House / apartment,0.006866,-15853,-2617,-5869.0,-5856,,1,1,0,1,1,0,Managers,4.0,2,2,MONDAY,15,0,0,0,0,0,1,Self-employed,,0.336164,,0.1693,0.2114,0.1943,0.374,0.3835,0.3852,0.2887,0.2626,0.3305,0.2037,0.188,0.1979,0.2451,0.2429,0.2471,0.1838,0.1837,0.2103,0.3063,0.3155,0.3057,0.229,0.1978,0.2544,0.3586,0.3979,0.3587,0.1462,0.2005,0.1774,0.3944,0.4324,0.4311,0.2009,0.2761,0.2187,0.3556,0.3432,0.3676,0.3692,0.3934,0.3734,reg oper account,,,,No,0.0,0.0,0.0,0.0,-344.0,0,0,0,0,0,0,0,0,0,0,0,0,0,0,0,0,0,0,0,0,0.0,0.0,0.0,1.0,0.0,
101011,0,Cash loans,F,Y,Y,0,144000.0,594000.0,463500.0,19000.0,Unaccompanied,Pensioner,Secondary / secondary special,Single / not married,House / apartment,0.015864,-23742,365243,-7.0,-27,,1,0,0,1,0,0,Medicine staff,2.0,2,2,SATURDAY,11,0,0,0,0,0,0,Business Entity Type 3,0.558691,0.545376,0.541226,0.2508,0.2709,0.2728,0.2396,0.2657,0.2502,0.249,0.2644,0.29,0.0989,0.1078,0.1224,0.2466,0.2679,0.2757,0.2785,0.2825,0.2423,0.1626,0.1459,0.1204,0.2083,0.2001,0.1924,0.1414,0.141,0.1345,0.21,0.2041,0.2046,0.1235,0.137,0.1319,0.095,0.1745,0.1312,0.2683,0.2479,0.2719,0.1172,0.1454,0.1117,,block of flats,0.229,,No,0.0,0.0,0.0,0.0,-455.0,0,0,0,0,1,0,0,0,0,0,0,0,0,0,0,0,0,0,0,0,,0.0,0.0,0.0,0.0,2.0
101012,0,Cash loans,M,N,N,2,72000.0,279000.0,256500.0,23500.0,Unaccompanied,Commercial associate,Secondary / secondary special,Single / not married,House / apartment,0.019382,-15539,-878,-5544.0,-455,,1,1,0,1,0,0,,3.0,2,2,THURSDAY,13,0,0,0,0,0,0,Business Entity Type 3,,0.536186,,0.0127,0.0,0.0131,0.0269,0.0117,0.0499,0.0318,0.0309,0.0095,0.0,0.0114,0.0116,0.0,0.0001,0.0465,0.0264,0.0137,0.0,0.0,0.0,0.02,0.0,0.0,0.0125,0.02,0.0445,0.0007,0.0248,0.0148,0.0,0.033,0.031,0.0508,0.0,0.0287,0.0303,0.0434,0.0,0.0275,0.0101,0.0255,0.0254,,block of flats,,"Stone, brick",,0.0,0.0,0.0,0.0,-2498.0,0,1,0,0,0,0,0,0,0,0,0,0,0,0,0,0,1,0,0,0,,0.0,0.0,0.0,0.0,2.0
101013,1,Cash loans,M,Y,Y,0,180000.0,378000.0,301500.0,10500.0,Other_B,Working,Secondary / secondary special,Single / not married,House / apartment,0.041951,-13671,-2808,-2757.0,-5212,,1,1,0,1,0,0,Managers,2.0,2,2,THURSDAY,12,0,1,0,0,0,0,School,,0.715689,0.246673,0.2823,0.2708,0.2561,0.3725,0.361,0.368,0.1865,0.2192,0.219,0.2373,0.2311,0.2898,0.1946,0.1765,0.1764,0.3629,0.386,0.3721,0.1892,0.1959,0.1863,0.2526,0.2544,0.2147,0.3564,0.3307,0.3207,0.3196,0.3074,0.2909,0.3295,0.3687,0.3547,0.2044,0.2022,0.2249,0.1968,0.1848,0.1999,0.2417,0.2273,0.2075,,block of flats,,"Stone, brick",No,3.0,0.0,3.0,0.0,-515.0,0,1,0,0,0,0,0,0,0,0,0,0,0,0,0,0,0,0,0,0,0.0,0.0,0.0,1.0,0.0,
101014,0,Revolving loans,F,N,N,0,54000.0,144000.0,117000.0,6500.0,Unaccompanied,Commercial associate,Higher education,Married,House / apartment,0.013622,-8400,-1826,-1432.0,-1235,,1,1,0,1,0,0,,1.0,3,3,WEDNESDAY,11,0,0,0,0,1,1,XNA,,0.690864,0.467102,0.166,0.1333,0.1732,0.2097,0.1923,0.2291,0.0671,0.0625,0.0727,0.1092,0.1378,0.1646,0.1377,0.1569,0.1811,0.225,0.1719,0.1546,0.2428,0.1851,0.2037,0.1247,0.1409,0.1337,0.1921,0.2033,0.1536,0.1391,0.1544,0.1023,0.1482,0.1497,0.1688,0.1302,0.1503,0.1464,0.17,0.1584,0.1635,0.1748,0.1656,0.2155,reg oper spec account,block of flats,,,,1.0,1.0,1.0,0.0,-3169.0,0,0,0,0,0,0,0,0,0,0,0,0,0,0,0,0,0,0,0,0,0.0,0.0,0.0,0.0,0.0,5.0
101015,0,Cash loans,F,N,Y,0,180000.0,499500.0,409500.0,26500.0,Unaccompanied,Working,Secondary / secondary special,Single / not married,House / apartment,0.025358,-18022,-808,-8521.0,-1740,,1,1,0,1,1,0,Cleaning staff,2.0,3,3,FRIDAY,13,0,0,0,0,0,0,Other,,0.221801,0.622615,0.1418,0.1339,0.1788,0.1217,0.1301,0.1059,0.0985,0.1439,0.1441,0.0852,0.1022,0.0679,0.091,0.0831,0.0574,0.1282,0.1193,0.1434,0.1791,0.1693,0.1319,0.1491,0.1882,0.1234,0.1459,0.1184,0.1412,0.0755,0.1108,0.1254,0.1077,0.1185,0.1079,0.1072,0.126,0.0809,0.1388,0.1719,0.1579,0.1027,0.0979,0.0924,,block of flats,0.0664,,No,0.0,0.0,0.0,0.0,-1728.0,0,1,0,0,0,0,0,0,0,0,0,0,0,0,0,0,0,0,0,0,0.0,0.0,0.0,1.0,0.0,4.0
101016,0,Cash loans,F,N,Y,0,67500.0,121500.0,103500.0,4000.0,"Spouse, partner",Working,Secondary / secondary special,Married,House / apartment,0.007483,-15539,-472,-755.0,-2838,,1,1,0,1,1,1,Sales staff,2.0,2,1,TUESDAY,14,0,0,1,0,0,1,XNA,0.46844,0.646756,0.707199,0.2916,0.3298,0.2704,0.395,0.412,0.4235,0.5398,0.5226,0.5463,0.5344,0.4752,0.5017,0.5823,0.5736,0.5748,0.3139,0.2751,0.314,0.3525,0.3655,0.3698,0.5587,0.5458,0.5336,0.6134,0.6259,0.6236,0.4554,0.4559,0.4803,0.5448,0.5411,0.5462,0.2708,0.2997,0.2691,0.4141,0.3853,0.3462,0.6493,0.6206,0.627,,,,Panel,No,3.0,0.0,3.0,0.0,-576.0,0,1,0,0,0,0,0,0,0,0,0,0,0,0,0,0,0,0,0,0,0.0,0.0,0.0,0.0,0.0,0.0
101017,0,Cash loans,F,N,Y,1,117000.0,346500.0,283500.0,11000.0,Unaccompanied,Working,Secondary / secondary special,Married,House / apartment,0.036562,-20880,-1960,-67.0,-3934,,1,1,1,1,0,0,Laborers,3.0,2,2,WEDNESDAY,13,0,0,0,0,0,0,Self-employed,0.336992,0.552184,0.329464,0.5736,0.5469,0.5738,0.3347,0.2786,0.3096,0.666,0.6531,0.6626,0.367,0.3842,0.4109,0.5829,0.5656,0.568,0.5647,0.5372,0.5695,0.3405,0.3378,0.3194,0.4516,0.4883,0.4405,0.4404,0.4862,0.4499,0.4646,0.4693,0.5132,0.6817,0.677,0.7111,0.5963,0.5831,0.6134,0.439,0.4145,0.3723,0.6858,0.6528,0.6495,,block of flats,0.3607,"Stone, brick",No,3.0,0.0,3.0,0.0,-1069.0,0,1,0,0,0,0,0,0,0,0,0,0,0,0,0,0,0,0,0,0,,0.0,0.0,0.0,,
101018,0,Cash loans,F,N,Y,0,238500.0,513000.0,436500.0,27000.0,Unaccompanied,Working,Secondary / secondary special,Married,House / apartment,0.019509,-19179,-3829,-1291.0,-227,,1,1,0,1,1,0,,2.0,2,2,MONDAY,11,0,0,0,0,1,1,XNA,,0.319294,0.870582,0.1975,0.1626,0.1872,0.0926,0.0914,0.1196,0.0369,0.1144,0.1285,0.0813,0.1325,0.134,0.1853,0.1859,0.1568,0.1717,0.1368,0.1976,0.168,0.1403,0.1573,0.1722,0.1473,0.1523,0.1987,0.2302,0.1966,0.183,0.1994,0.1692,0.1877,0.1816,0.1362,0.1762,0.1898,0.1537,0.0947,0.1119,0.1256,0.1825,0.2051,0.1775,reg oper account,block of flats,,,,1.0,0.0,1.0,0.0,-140.0,0,0,0,0,0,0,0,0,0,0,0,0,0,0,0,0,0,0,0,0,0.0,0.0,0.0,0.0,0.0,3.0
101019,0,Cash loans,F,N,N,0,166500.0,891000.0,738000.0,43500.0,Unaccompanied,Working,Secondary / secondary special,Married,House / apartment,0.015714,-15806,-4918,-6072.0,-3892,,1,1,0,1,0,0,Cooking staff,2.0,2,2,SATURDAY,9,0,0,0,0,0,1,XNA,,0.554673,0.690514,0.344,0.3614,0.3512,0.3431,0.3227,0.2775,0.5968,0.5831,0.6016,0.5538,0.559,0.5308,0.5396,0.5377,0.5239,0.4794,0.4307,0.4503,0.6143,0.602,0.553,0.3141,0.3463,0.3102,0.5619,0.5659,0.5518,0.3157,0.3172,0.3388,0.437,0.4762,0.4583,0.5518,0.5736,0.5335,0.3416,0.2828,0.3134,0.3435,0.3536,0.3604,,,0.2597,"Stone, brick",No,2.0,0.0,2.0,0.0,-1730.0,0,0,0,0,0,0,0,0,0,0,0,0,0,0,0,0,0,0,0,0,0.0,0.0,0.0,0.0,1.0,
101020,0,Cash loans,M,N,Y,1,58500.0,328500.0,261000.0,22500.0,Unaccompanied,Working,Secondary / secondary special,Separated,House / apartment,0.070116,-8284,-1710,-1413.0,-557,,1,1,0,1,0,0,,3.0,2,2,TUESDAY,10,0,0,0,0,0,0,Self-employed,0.327462,0.574482,,0.1599,0.1971,0.1864,0.111,0.1324,0.1262,0.0994,0.1258,0.081,0.1742,0.1488,0.1738,0.1104,0.147,0.1272,0.0974,0.1044,0.096,0.1204,0.1204,0.1183,0.1911,0.1911,0.1474,0.1918,0.1709,0.1433,0.1417,0.1487,0.1171,0.1676,0.2028,0.2129,0.1765,0.1316,0.1195,0.1433,0.1562,0.1637,0.1912,0.1842,0.2057,reg oper account,block of flats,0.1241,Panel,No,3.0,0.0,3.0,0.0,-567.0,0,1,0,0,0,0,0,0,0,0,0,0,0,0,0,0,0,0,0,0,0.0,,0.0,0.0,0.0,3.0
101021,0,Cash loans,F,N,Y,0,103500.0,198000.0,189000.0,7000.0,Unaccompanied,Working,Secondary / secondary special,Married,House / apartment,0.036302,-18381,-2610,-7177.0,-2220,,1,1,0,1,0,0,Laborers,1.0,2,2,MONDAY,11,0,0,0,1,0,0,Business Entity Type 3,,0.583543,0.625587,0.422,0.4207,0.4067,0.4019,0.3968,0.4465,0.6212,0.6096,0.5928,0.7309,0.7619,0.7563,0.6333,0.6109,0.6191,0.4393,0.4565,0.5028,0.7316,0.6833,0.6996,0.4257,0.4234,0.4013,0.4307,0.4576,0.4472,0.5654,0.608,0.5859,0.6925,0.6503,0.6911,0.5727,0.5764,0.5793,0.6758,0.6597,0.6947,0.3893,0.3654,0.3712,reg oper account,,0.5007,Panel,,3.0,0.0,3.0,0.0,-3499.0,0,0,0,0,0,0,0,0,0,0,0,0,0,0,0,0,0,0,0,0,0.0,0.0,0.0,0.0,0.0,0.0
101022,0,Cash loans,M,Y,Y,1,63000.0,207000.0,175500.0,5500.0,Unaccompanied,Working,Secondary / secondary special,Married,House / apartment,0.009814,-15491,-1383,-6764.0,-5403,,1,1,1,1,0,0,,2.0,2,2,TUESDAY,12,1,0,0,1,0,1,Business Entity Type 3,0.753568,0.767256,0.46121,0.3828,0.4165,0.4119,0.2468,0.2397,0.2687,0.3398,0.308,0.3213,0.21,0.2316,0.1947,0.2619,0.2317,0.241,0.215,0.2105,0.2107,0.2933,0.256,0.276,0.1865,0.2269,0.2215,0.3923,0.3931,0.38,0.35,0.369,0.3596,0.3535,0.4141,0.3899,0.2442,0.2597,0.2744,0.3445,0.3401,0.3251,0.3979,0.3633,0.3654,,,0.1665,"Stone, brick",,1.0,0.0,1.0,0.0,-3422.0,0,0,0,0,0,0,0,0,0,0,0,0,0,0,0,0,0,0,0,0,0.0,,0.0,0.0,0.0,0.0
101023,0,Revolving loans,F,N,Y,0,58500.0,634500.0,508500.0,28000.0,Unaccompanied,Commercial associate,Secondary / secondary special,Married,House / apartment,0.017474,-19565,-1796,-6168.0,-753,,1,1,0,1,0,0,Drivers,1.0,2,1,WEDNESDAY,6,0,0,0,0,0,0,XNA,,0.85369,,0.6552,0.6584,0.6636,0.5828,0.5725,0.5424,0.2772,0.3038,0.2788,0.3769,0.3691,0.3323,0.3663,0.4069,0.4178,0.5231,0.4446,0.5048,0.4094,0.3859,0.4139,0.3488,0.3938,0.3929,0.6696,0.6662,0.6218,0.7277,0.6775,0.6837,0.4648,0.4554,0.4779,0.6276,0.614,0.6641,0.4315,0.4269,0.4257,0.4967,0.4784,0.5066,,block of flats,0.6521,Panel,,4.0,0.0,4.0,0.0,-2161.0,0,1,0,0,0,0,1,0,0,0,0,0,0,0,0,0,0,0,0,0,,0.0,0.0,0.0,,1.0
101024,0,Cash loans,M,Y,N,2,157500.0,360000.0,,9000.0,Unaccompanied,Commercial associate,Higher education,Married,Rented apartment,0.0725,-15900,-519,-3600.0,-273,11.0,1,1,1,1,0,0,Sales staff,4.0,2,2,MONDAY,14,0,0,0,0,0,0,XNA,,0.433611,0.605543,0.379,0.3739,0.3734,0.4082,0.4336,0.4372,0.3473,0.3784,0.3602,0.3657,0.3684,0.4067,0.2186,0.1979,0.2087,0.307,0.2468,0.2864,0.4457,0.4386,0.4148,0.2562,0.2596,0.3016,0.4032,0.3837,0.3609,0.3074,0.2988,0.3185,0.4212,0.444,0.4584,0.2347,0.2069,0.1969,0.1954,0.2013,0.2249,0.2642,0.2461,0.2159,,block of flats,0.2523,Panel,,1.0,0.0,1.0,0.0,-467.0,0,0,0,0,0,0,0,0,0,0,0,0,0,0,0,0,0,0,0,0,0.0,0.0,0.0,,0.0,1.0
101025,0,Cash loans,M,N,Y,0,198000.0,976500.0,787500.0,64000.0,Family,Working,Secondary / secondary special,Single / not married,House / apartment,0.063777,-7699,-910,-1082.0,-2852,,1,1,0,1,0,0,,1.0,2,2,TUESDAY,13,0,0,0,0,0,0,Trade: type 7,,0.752233,0.9995,0.1379,0.1372,0.1304,0.1181,0.1156,0.0948,0.1564,0.1648,0.1273,0.1447,0.2112,0.1394,0.1896,0.2055,0.191,0.1271,0.1089,0.1114,0.1627,0.1981,0.1569,0.113,0.1115,0.0776,0.2321,0.2418,0.2458,0.1543,0.1807,0.1549,0.1891,0.2231,0.1838,0.1951,0.1886,0.2081,0.2112,0.1547,0.2055,0.1081,0.1681,0.1593,,block of flats,0.2027,"Stone, brick",No,1.0,0.0,1.0,1.0,-2664.0,0,1,0,0,0,0,0,0,0,0,0,0,0,0,0,0,0,0,0,0,0.0,0.0,0.0,1.0,0.0,3.0
101026,0,Cash loans,M,N,Y,0,189000.0,783000.0,733500.0,23000.0,Family,Working,Secondary / secondary special,Separated,With parents,0.033141,-19278,-1707,-374.0,-1484,,1,1,0,1,0,0,Accountants,2.0,3,3,SATURDAY,10,0,0,0,0,1,1,Business Entity Type 3,,0.422394,0.495793,0.3173,0.3169,0.3082,0.3635,0.3951,0.3638,0.456,0.4346,0.4105,0.4869,0.4659,0.4709,0.224,0.2317,0.223,0.3333,0.3267,0.3361,0.4705,0.4265,0.4366,0.2608,0.2993,0.2977,0.2991,0.2738,0.3134,0.3419,0.2708,0.3277,0.1988,0.1757,0.2322,0.2375,0.2743,0.2512,0.425,0.4324,0.4565,0.4169,0.4436,0.434,reg oper account,,,,No,1.0,1.0,1.0,0.0,-1692.0,0,1,0,0,0,0,0,0,0,0,0,0,0,0,0,0,0,0,0,0,0.0,0.0,0.0,1.0,1.0,
101027,0,Revolving loans,F,Y,Y,0,207000.0,1471500.0,1165500.0,39000.0,Unaccompanied,Commercial associate,Higher education,Married,House / apartment,0.00595,-19056,-1379,-3723.0,-1474,8.0,1,1,0,1,1,0,Laborers,2.0,2,2,TUESDAY,9,0,0,0,0,0,1,Business Entity Type 3,,0.80918,0.574596,0.2346,0.2734,0.2453,0.2243,0.2107,0.2022,0.2162,0.2092,0.238,0.3049,0.269,0.3046,0.2474,0.2937,0.2594,0.2846,0.2981,0.3057,0.1492,0.1375,0.159,0.2026,0.2296,0.2334,0.1806,0.2036,0.1918,0.2605,0.2226,0.2473,0.1891,0.1324,0.1493,0.1238,0.1357,0.1669,0.1374,0.1547,0.119,0.1974,0.2057,0.1863,,,0.3188,Panel,,1.0,0.0,1.0,0.0,-2021.0,0,1,0,0,0,0,0,0,0,0,0,0,0,0,0,0,0,0,0,0,0.0,0.0,0.0,0.0,0.0,6.0
101028,0,Cash loans,F,N,Y,0,144000.0,661500.0,576000.0,21500.0,"Spouse, partner",Commercial associate,Higher education,Married,House / apartment,0.042711,-9086,-1973,-419.0,-2541,,1,1,0,1,1,0,Private service staff,1.0,2,2,THURSDAY,10,0,0,0,0,0,0,Business Entity Type 3,,0.776925,0.550372,0.2123,0.2043,0.2526,0.3466,0.3129,0.3078,0.2082,0.1814,0.174,0.2511,0.2504,0.2488,0.3225,0.3431,0.3038,0.3948,0.3653,0.3515,0.2586,0.2653,0.2753,0.2157,0.171,0.2214,0.4242,0.3825,0.398,0.2184,0.1952,0.178,0.3801,0.3846,0.4145,0.1694,0.1668,0.2007,0.3391,0.3769,0.4081,0.2751,0.3279,0.3012,,block of flats,,,No,0.0,0.0,0.0,0.0,-284.0,0,1,0,0,0,0,0,0,0,0,0,0,0,0,0,0,0,0,0,0,0.0,,0.0,0.0,0.0,2.0
101029,0,Cash loans,M,N,Y,2,126000.0,387000.0,373500.0,29000.0,Family,Pensioner,Secondary / secondary special,Married,House / apartment,0.012613,-24330,365243,-935.0,-1022,,1,0,0,1,0,0,,4.0,2,2,TUESDAY,8,0,0,0,1,0,0,Trade: type 7,,0.566053,0.55001,0.3239,0.3822,0.3367,0.2598,0.2748,0.2657,0.4505,0.4567,0.4834,0.5053,0.5586,0.5347,0.5253,0.5085,0.496,0.5717,0.5751,0.554,0.341,0.2996,0.2878,0.4709,0.4739,0.4745,0.5742,0.5998,0.5601,0.331,0.3611,0.3363,0.429,0.4196,0.3841,0.5442,0.5051,0.4832,0.4007,0.3858,0.3999,0.4294,0.3769,0.3956,reg oper account,block of flats,,,,1.0,0.0,1.0,0.0,-200.0,0,1,0,0,0,0,0,0,0,0,0,0,0,0,0,0,0,0,0,0,0.0,0.0,0.0,1.0,0.0,3.0
101030,0,Cash loans,M,N,Y,0,81000.0,328500.0,265500.0,16500.0,Family,Working,Secondary / secondary special,Married,House / apartment,0.042483,-15164,-569,-4258.0,-122,,1,1,0,1,1,0,,2.0,2,2,TUESDAY,11,0,0,0,0,0,0,Construction,0.23622,0.592233,,0.0762,0.1111,0.0839,0.1154,0.1089,0.139,0.1514,0.1335,0.1274,0.0809,0.0963,0.0783,0.0805,0.0835,0.1178,0.1197,0.1127,0.1047,0.055,0.052,0.0458,0.0599,0.097,0.0667,0.0618,0.1103,0.1124,0.1093,0.0679,0.0824,0.1258,0.0707,0.0634,0.1279,0.1056,0.1155,0.0545,0.0737,0.0495,0.0576,0.0639,0.0552,,,0.0753,Panel,,2.0,0.0,2.0,0.0,-3749.0,0,0,0,0,0,0,0,0,0,0,0,0,0,0,0,0,0,0,0,0,0.0,0.0,0.0,,0.0,4.0
101031,0,Cash loans,F,N,Y,0,117000.0,477000.0,391500.0,38000.0,Unaccompanied,Working,Secondary / secondary special,Married,House / apartment,0.011947,-16073,-3909,-1467.0,-5552,,1,1,0,1,0,0,Cleaning staff,1.0,3,3,MONDAY,11,0,0,0,0,0,0,Transport: type 4,,0.350359,0.254594,0.287,0.3228,0.267,0.2175,0.2158,0.2173,0.3311,0.3052,0.3316,0.1684,0.1345,0.1602,0.2351,0.2136,0.2633,0.2004,0.2588,0.2013,0.2977,0.2866,0.3025,0.2629,0.2517,0.238,0.1889,0.1354,0.1515,0.2219,0.2147,0.2191,0.236,0.2371,0.2611,0.2915,0.312,0.3073,0.2644,0.2622,0.263,0.2795,0.2999,0.3406,not specified,block of flats,,,No,1.0,0.0,1.0,0.0,-3863.0,0,0,0,0,0,0,0,0,0,0,0,0,0,0,0,0,0,0,0,0,0.0,0.0,0.0,0.0,,2.0
101032,0,Cash loans,F,N,Y,0,72000.0,265500.0,238500.0,9500.0,Unaccompanied,Working,Higher education,Widow,House / apartment,0.02532,-20339,-782,-4685.0,-4863,,1,1,0,1,0,0,Laborers,1.0,2,2,MONDAY,15,0,0,0,0,0,0,Business Entity Type 1,0.36718,0.752899,0.568684,0.251,0.2965,0.2605,0.4324,0.4636,0.4619,0.4172,0.4048,0.4533,0.3151,0.3013,0.2981,0.31,0.292,0.3119,0.3922,0.4159,0.3808,0.2175,0.2163,0.2075,0.4356,0.5018,0.507,0.2248,0.1979,0.2132,0.2442,0.2711,0.2305,0.2488,0.2288,0.2588,0.4573,0.4455,0.4206,0.2968,0.2788,0.2747,0.2411,0.2661,0.2674,,,0.2093,,No,0.0,0.0,0.0,0.0,-809.0,0,1,0,0,0,0,0,0,0,0,0,0,0,0,0,0,0,0,0,0,0.0,0.0,0.0,0.0,0.0,0.0
101033,0,Cash loans,F,N,Y,2,94500.0,180000.0,175500.0,4500.0,Unaccompanied,Commercial associate,Secondary / secondary special,Married,House / apartment,0.012573,-11225,-915,-287.0,-2469,,1,1,0,1,1,0,Laborers,3.0,2,2,TUESDAY,14,0,0,0,0,0,0,Construction,,0.432674,0.470214,0.1465,0.1539,0.1631,0.1943,0.1658,0.1731,0.2945,0.2855,0.2843,0.2791,0.2719,0.2895,0.1541,0.1356,0.1531,0.2172,0.1716,0.2397,0.2142,0.232,0.2339,0.2587,0.2267,0.2559,0.1615,0.127,0.1486,0.271,0.2848,0.2486,0.2733,0.282,0.2304,0.2027,0.2411,0.2461,0.1363,0.1987,0.1824,0.2021,0.2214,0.2008,,block of flats,0.3109,Panel,No,2.0,0.0,2.0,0.0,-564.0,0,0,0,0,0,0,0,0,0,0,0,0,0,0,0,0,0,0,0,0,0.0,0.0,0.0,0.0,0.0,0.0
101034,0,Revolving loans,M,N,N,0,153000.0,1183500.0,1012500.0,55500.0,Family,Working,Higher education,Married,House / apartment,0.014929,-7858,-1284,-345.0,-4980,,1,1,0,1,0,0,,2.0,2,2,TUESDAY,16,0,1,0,0,0,0,Housing,,0.418436,0.703859,0.6846,0.6922,0.6547,0.7316,0.7471,0.7375,0.6039,0.6183,0.6079,0.5662,0.5476,0.5963,0.3173,0.3481,0.3465,0.6673,0.6514,0.592,0.6006,0.5981,0.6179,0.3338,0.293,0.3336,0.3982,0.3709,0.3669,0.5643,0.5892,0.5847,0.3794,0.4071,0.374,0.2947,0.3487,0.3317,0.6091,0.6422,0.5986,0.6758,0.708,0.7026,,,,,No,1.0,0.0,1.0,0.0,-620.0,0,1,0,0,0,0,0,0,0,0,0,0,0,0,0,0,0,0,0,0,0.0,0.0,0.0,0.0,0.0,0.0
101035,0,Cash loans,M,N,Y,2,139500.0,976500.0,886500.0,65500.0,Unaccompanied,Working,Secondary / secondary special,Single / not married,House / apartment,0.027503,-10641,-709,-428.0,-5975,,1,1,0,1,0,1,Managers,4.0,2,2,WEDNESDAY,12,0,0,0,0,0,0,XNA,,0.647722,0.321357,0.76,0.7922,0.7684,0.6283,0.6523,0.6418,0.4348,0.4158,0.4327,0.6416,0.628,0.6283,0.5042,0.5303,0.5887,0.4971,0.5285,0.4981,0.5491,0.5798,0.5669,0.6671,0.656,0.6985,0.6493,0.6693,0.6829,0.757,0.7393,0.7652,0.6366,0.6168,0.6001,0.3964,0.3258,0.3718,0.4091,0.3977,0.4074,0.6348,0.5976,0.6331,,,,,,1.0,0.0,1.0,1.0,-3461.0,0,1,0,0,0,0,0,0,0,0,0,0,0,0,0,0,0,0,0,0,0.0,0.0,0.0,,0.0,
101036,0,Cash loans,F,N,Y,0,792000.0,1741500.0,1413000.0,96500.0,Family,Working,Secondary / secondary special,Married,House / apartment,0.008255,-20706,-5442,-12139.0,-2368,,1,1,0,1,1,0,Core staff,2.0,2,2,FRIDAY,9,0,0,0,0,0,0,Medicine,0.422314,0.532563,,0.0399,0.0662,0.0585,0.0874,0.0968,0.0973,0.0504,0.0706,0.0983,0.08,0.0904,0.0539,0.0928,0.0794,0.073,0.1081,0.0756,0.1119,0.0713,0.0683,0.0243,0.0462,0.0561,0.0767,0.0082,0.0086,0.0113,0.0316,0.0568,0.0065,0.0825,0.0537,0.0612,0.1337,0.1163,0.1104,0.0757,0.077,0.0575,0.0771,0.1047,0.0623,org spec account,block of flats,0.0602,,,1.0,0.0,1.0,0.0,-3126.0,0,1,0,0,0,0,0,0,0,0,0,0,0,0,0,0,0,0,0,0,,,0.0,0.0,0.0,2.0
101037,0,Cash loans,F,N,Y,2,72000.0,238500.0,216000.0,9000.0,Unaccompanied,Commercial associate,Higher education,Single / not married,Rented apartment,0.0725,-10682,-512,-1657.0,-937,,1,1,0,1,0,0,,3.0,3,3,SATURDAY,18,0,1,0,0,1,0,Business Entity Type 3,,0.40706,0.50079,0.6342,0.6056,0.6002,0.5128,0.4939,0.4852,0.3604,0.3613,0.358,0.3485,0.3105,0.3427,0.3782,0.3316,0.3537,0.348,0.3245,0.3385,0.5383,0.5541,0.5779,0.4598,0.4433,0.4511,0.648,0.6316,0.6421,0.4181,0.3805,0.3953,0.6964,0.6568,0.6448,0.681,0.6808,0.7225,0.4703,0.4402,0.4504,0.6764,0.6133,0.6369,,block of flats,0.6566,Panel,No,3.0,0.0,3.0,0.0,-992.0,0,1,0,0,0,0,0,0,0,0,0,0,0,0,0,0,0,0,0,0,0.0,0.0,,0.0,0.0,2.0
101038,0,Cash loans,F,Y,Y,0,135000.0,463500.0,387000.0,17000.0,Unaccompanied,Working,Secondary / secondary special,Married,House / apartment,0.009891,-17278,-1803,-7829.0,-1210,15.0,1,1,0,1,0,0,HR staff,1.0,3,3,TUESDAY,11,0,0,0,0,0,0,Construction,,0.653142,,0.0786,0.0789,0.1066,0.116,0.1224,0.1228,0.1344,0.1443,0.112,0.1211,0.113,0.1222,0.1504,0.1234,0.1243,0.1505,0.1222,0.149,0.1533,0.1109,0.1287,0.1399,0.1367,0.1857,0.0746,0.0759,0.0648,0.1224,0.1414,0.1268,0.1138,0.096,0.0785,0.1104,0.1268,0.1368,0.1436,0.1499,0.1041,0.0924,0.0723,0.0399,,terraced house,0.1216,,,0.0,0.0,0.0,1.0,-2087.0,0,1,0,0,0,0,0,0,0,0,0,0,0,0,0,0,0,0,0,0,0.0,0.0,0.0,0.0,0.0,4.0
101039,0,Cash loans,F,N,N,0,67500.0,139500.0,126000.0,8500.0,Unaccompanied,Commercial associate,Secondary / secondary special,Married,House / apartment,0.009554,-18919,-851,-4493.0,-5765,,1,1,0,1,1,0,Laborers,1.0,2,2,WEDNESDAY,7,0,0,0,0,0,0,Business Entity Type 3,,0.384203,0.383954,0.5053,0.5383,0.5106,0.3836,0.4074,0.3766,0.3361,0.2995,0.2883,0.4624,0.4397,0.4466,0.3001,0.2648,0.2619,0.4158,0.405,0.405,0.3382,0.3563,0.3376,0.5501,0.5251,0.5225,0.333,0.3447,0.3569,0.3728,0.3507,0.3887,0.2534,0.2354,0.238,0.5071,0.5335,0.503,0.4072,0.3827,0.3743,0.2756,0.2827,0.2725,,block of flats,0.4312,,No,1.0,0.0,1.0,0.0,-1393.0,0,0,0,0,0,0,0,0,0,0,0,0,0,0,0,0,0,0,0,0,,0.0,0.0,0.0,0.0,2.0
101040,0,Cash loans,F,N,Y,0,117000.0,162000.0,130500.0,,"Spouse, partner",Working,Secondary / secondary special,Married,House / apartment,0.027553,-19254,-2104,-152.0,-5354,,1,1,1,1,0,0,,2.0,2,2,MONDAY,13,0,0,0,0,0,0,Medicine,0.460017,0.691937,0.63982,0.7645,0.7541,0.7742,0.4435,0.4229,0.3942,0.6976,0.6855,0.7068,0.6263,0.6669,0.6146,0.4925,0.5131,0.5158,0.8613,0.8468,0.8153,0.4813,0.4523,0.4912,0.7812,0.7545,0.7863,0.5077,0.5158,0.5014,0.8133,0.8432,0.8449,0.7065,0.6626,0.6794,0.7975,0.7815,0.7868,0.7848,0.7818,0.7664,0.6194,0.6339,0.664,,block of flats,,Panel,No,0.0,0.0,0.0,0.0,-3985.0,0,0,0,0,0,0,0,0,0,0,0,0,0,0,0,0,0,0,0,0,0.0,0.0,,0.0,,3.0
101041,0,Cash loans,M,N,Y,0,121500.0,328500.0,292500.0,26000.0,Unaccompanied,Working,Secondary / secondary special,Married,House / apartment,0.041659,-7819,-1095,-750.0,-4199,,1,1,1,1,0,0,,2.0,2,2,THURSDAY,7,0,0,0,0,1,0,XNA,,0.269364,0.50272,0.402,0.3684,0.3563,0.3669,0.4222,0.429,0.3341,0.3448,0.3328,0.5824,0.5407,0.5783,0.437,0.4653,0.4468,0.4468,0.4745,0.4646,0.7214,0.7134,0.6849,0.4334,0.4691,0.4668,0.4036,0.4409,0.4663,0.5405,0.5992,0.5709,0.3655,0.3581,0.3238,0.3421,0.3556,0.3245,0.718,0.7098,0.6819,0.309,0.3087,0.3626,,block of flats,,"Stone, brick",No,2.0,0.0,2.0,0.0,-135.0,0,1,0,0,0,0,0,0,0,0,0,0,0,0,0,0,0,0,0,0,0.0,0.0,0.0,,0.0,4.0
101042,0,Cash loans,F,N,N,2,234000.0,751500.0,621000.0,26000.0,Unaccompanied,Working,Secondary / secondary special,Single / not married,House / apartment,0.0153,-7804,-1230,-17.0,-4071,,1,1,0,1,1,0,Cleaning staff,4.0,1,1,WEDNESDAY,12,0,0,0,0,1,0,Self-employed,0.45149,0.115705,0.75334,0.1339,0.1239,0.1273,0.1104,0.0875,0.0968,0.0695,0.0715,0.0895,0.1398,0.0595,0.1148,0.0967,0.1317,0.1124,0.03,0.078,0.077,0.073,0.0719,0.086,0.075,0.0264,0.0669,0.1359,0.1004,0.1328,0.108,0.0497,0.0629,0.0354,0.1097,0.0926,0.0563,0.0624,0.0503,0.0855,0.0922,0.1339,0.0687,0.0774,0.0662,,,0.1231,,No,1.0,0.0,1.0,0.0,-1624.0,0,0,0,0,1,0,0,0,0,0,0,0,0,0,0,0,0,0,0,0,0.0,0.0,0.0,0.0,0.0,1.0
101043,0,Cash loans,F,N,N,3,117000.0,207000.0,189000.0,9000.0,Children,State servant,Secondary / secondary special,Married,House / apartment,0.009624,-21758,-6105,-4138.0,-1836,,1,1,0,1,1,0,Sales staff,5.0,3,3,WEDNESDAY,11,0,0,0,0,0,0,School,,0.600364,0.450142,0.0963,0.0885,0.1297,0.1762,0.1143,0.1605,0.1674,0.187,0.2216,0.1796,0.1815,0.1721,0.1233,0.1589,0.153,0.0685,0.1045,0.0683,0.177,0.1846,0.1838,0.1247,0.1285,0.127,0.1837,0.1251,0.1837,0.1655,0.1556,0.0996,0.212,0.1892,0.1643,0.2029,0.1878,0.1676,0.0881,0.0807,0.1069,0.1145,0.1579,0.1651,,,0.1358,Panel,,0.0,,0.0,0.0,-3735.0,0,1,0,0,0,0,0,0,0,0,0,0,0,0,0,0,0,0,0,0,0.0,0.0,0.0,0.0,,1.0
101044,1,Cash loans,F,N,N,0,130500.0,562500.0,522000.0,40500.0,Unaccompanied,Working,Secondary / secondary special,Married,With parents,0.010556,-15183,-905,-3701.0,-3143,,1,1,0,1,1,0,Sales staff,2.0,2,2,THURSDAY,14,0,1,0,0,0,0,Self-employed,,0.500249,0.687259,0.5316,0.5083,0.5234,0.3456,0.3461,0.3182,0.6866,0.6892,0.7066,0.4738,0.5008,0.5222,0.4225,0.4072,0.421,0.6061,0.6687,0.6521,0.7341,0.7601,0.753,0.6371,0.6291,0.6315,0.5352,0.5098,0.5246,0.4246,0.4145,0.4063,0.4154,0.4059,0.4093,0.3454,0.3683,0.3207,0.4086,0.4144,0.4407,0.6163,0.6598,0.6667,,block of flats,,,No,0.0,0.0,0.0,0.0,-1240.0,0,1,0,0,0,0,0,0,0,0,0,0,0,0,0,0,0,0,0,0,,0.0,0.0,,0.0,0.0
101045,1,Cash loans,F,N,Y,2,117000.0,864000.0,819000.0,30000.0,Unaccompanied,Working,Secondary / secondary special,Widow,House / apartment,0.009874,-8578,-898,-1418.0,-2209,,1,1,0,1,0,0,Laborers,3.0,2,2,FRIDAY,15,0,0,0,0,0,0,Industry: type 3,,0.332055,0.37525,0.0928,0.1128,0.0797,0.1126,0.1212,0.1028,0.0909,0.1366,0.1212,0.1894,0.1435,0.1873,0.0883,0.1112,0.1214,0.0692,0.0998,0.0866,0.1723,0.1873,0.2084,0.1194,0.1273,0.0976,0.088,0.1029,0.0941,0.111,0.1325,0.0837,0.1179,0.1222,0.1331,0.1026,0.1016,0.0862,0.149,0.1316,0.1352,0.1333,0.1444,0.0819,,block of flats,,Panel,,2.0,0.0,2.0,0.0,-2191.0,0,1,0,0,0,0,0,0,0,0,0,0,0,0,0,0,0,0,0,0,0.0,,0.0,0.0,0.0,1.0
101046,0,Cash loans,F,Y,Y,0,67500.0,418500.0,409500.0,14000.0,Unaccompanied,Pensioner,Higher education,Married,House / apartment,0.022637,-25020,365243,-15885.0,-2354,34.0,1,0,0,1,1,0,Low-skill Laborers,2.0,2,2,MONDAY,11,0,0,0,0,0,0,XNA,,0.408388,0.541493,0.3864,0.4044,0.4138,0.3211,0.3088,0.2954,0.1828,0.1521,0.1936,0.3445,0.3032,0.3207,0.1996,0.1873,0.1739,0.3501,0.3534,0.3395,0.3578,0.3967,0.4195,0.2443,0.2564,0.2268,0.2749,0.2776,0.2851,0.2238,0.2572,0.2692,0.4009,0.3907,0.3859,0.2157,0.2271,0.2628,0.3266,0.3473,0.3813,0.3781,0.3808,0.3672,,specific housing,,,,0.0,0.0,0.0,0.0,-720.0,0,1,0,0,0,0,0,0,0,0,0,0,0,0,0,0,0,0,0,0,0.0,0.0,0.0,,1.0,4.0
101047,0,Cash loans,F,Y,Y,0,103500.0,378000.0,328500.0,16500.0,Family,Working,Secondary / secondary special,Married,House / apartment,0.017906,-19219,-7860,-1374.0,-4362,12.0,1,1,1,1,0,0,Laborers,2.0,1,1,FRIDAY,11,0,0,0,0,0,0,Self-employed,,0.686402,,0.2307,0.2618,0.3178,0.3751,0.3618,0.3962,0.2697,0.2318,0.2483,0.3865,0.3967,0.3864,0.2163,0.225,0.2721,0.3134,0.3178,0.3362,0.4145,0.4001,0.3887,0.419,0.3641,0.3927,0.4067,0.321,0.3534,0.372,0.369,0.3447,0.2758,0.2367,0.2437,0.2334,0.2594,0.2289,0.208,0.2116,0.1741,0.2307,0.2094,0.2311,,,,,,2.0,0.0,2.0,0.0,-3103.0,0,0,0,0,0,0,0,0,0,0,0,0,0,0,0,0,0,0,0,0,0.0,0.0,0.0,0.0,1.0,2.0
101048,0,Cash loans,F,N,Y,0,117000.0,166500.0,153000.0,5000.0,Unaccompanied,Working,Secondary / secondary special,Separated,House / apartment,0.02435,-20561,-1645,-7879.0,-3235,,1,1,1,1,0,0,,2.0,2,2,TUESDAY,15,0,0,0,0,0,1,Construction,,0.433095,0.686929,0.4475,0.4308,0.4526,0.2565,0.2456,0.2685,0.3,0.2674,0.2759,0.2377,0.2384,0.2256,0.4482,0.4244,0.4157,0.2468,0.2921,0.322,0.2389,0.2592,0.2382,0.4969,0.4772,0.492,0.3862,0.3553,0.3718,0.3776,0.3861,0.4242,0.3701,0.3645,0.3643,0.3737,0.3832,0.3887,0.388,0.3915,0.38,0.4066,0.3945,0.3883,,block of flats,,,No,1.0,0.0,1.0,0.0,-2760.0,0,1,0,0,0,0,0,0,0,0,0,0,0,0,0,0,0,0,0,0,0.0,0.0,0.0,0.0,0.0,1.0
101049,0,Cash loans,M,N,Y,0,153000.0,886500.0,693000.0,35000.0,Unaccompanied,Working,Secondary / secondary special,Married,House / apartment,0.023447,-15142,-6184,-2981.0,-2570,,1,1,1,1,0,0,Laborers,2.0,3,3,WEDNESDAY,10,0,0,0,0,1,0,Self-employed,,0.639577,0.532237,0.3057,0.3202,0.3329,0.2406,0.2126,0.2507,0.3118,0.3706,0.337,0.334,0.3374,0.3297,0.3839,0.3858,0.3507,0.2126,0.2111,0.2207,0.275,0.2786,0.246,0.3119,0.3168,0.3166,0.1868,0.193,0.2127,0.3218,0.3652,0.301,0.2637,0.2536,0.2331,0.35,0.3549,0.3288,0.2152,0.2034,0.2382,0.2552,0.2659,0.2258,,,,,,3.0,0.0,3.0,0.0,-1315.0,0,1,0,0,0,0,0,0,0,0,0,0,0,0,0,0,0,0,0,0,0.0,0.0,,0.0,0.0,4.0
101050,0,Cash loans,F,N,N,0,198000.0,837000.0,805500.0,45000.0,Unaccompanied,Commercial associate,Secondary / secondary special,Single / not married,House / apartment,0.031174,-12965,-1508,-4415.0,-1497,,1,1,0,1,0,0,Managers,2.0,2,2,THURSDAY,12,0,0,1,0,0,0,Self-employed,0.403002,0.344406,,0.4473,0.4618,0.4614,0.5576,0.5716,0.556,0.4516,0.448,0.4489,0.315,0.2864,0.3277,0.5597,0.5786,0.5645,0.5322,0.5354,0.5356,0.6087,0.6136,0.6531,0.5503,0.5252,0.5356,0.6069,0.6588,0.6116,0.4188,0.406,0.4114,0.5649,0.5668,0.5785,0.4261,0.4017,0.4171,0.6471,0.6561,0.6435,0.4455,0.4335,0.4179,,,0.4149,"Stone, brick",No,2.0,0.0,2.0,0.0,-477.0,0,1,0,0,0,0,0,0,0,0,0,0,0,0,0,0,0,0,0,0,0.0,0.0,0.0,,0.0,2.0
101051,0,Cash loans,F,Y,Y,0,130500.0,643500.0,580500.0,16500.0,Unaccompanied,Working,Higher education,Married,House / apartment,0.014503,-17675,-5915,-10181.0,-3931,22.0,1,1,0,1,0,0,Sales staff,2.0,2,2,THURSDAY,14,0,0,1,0,0,0,XNA,0.209379,0.334475,0.344643,0.4998,0.5275,0.4888,0.4469,0.447,0.4542,0.4916,0.4458,0.4418,0.5871,0.5453,0.539,0.4025,0.3982,0.4483,0.5896,0.5496,0.5678,0.3039,0.3359,0.3315,0.3316,0.3583,0.3251,0.2807,0.2587,0.2888,0.528,0.4981,0.45,0.3623,0.3451,0.3491,0.3224,0.2866,0.2898,0.2503,0.293,0.3059,0.478,0.5371,0.5102,,,0.619,,No,0.0,1.0,0.0,0.0,-1830.0,0,1,0,0,0,0,0,0,0,0,0,0,0,0,0,0,0,0,0,0,0.0,0.0,,1.0,0.0,3.0
101052,0,Cash loans,F,Y,Y,0,126000.0,1426500.0,1233000.0,37000.0,Unaccompanied,Pensioner,Higher education,Civil marriage,House / apartment,0.011832,-22264,365243,-6503.0,-2697,,1,0,0,1,1,0,Managers,2.0,2,2,WEDNESDAY,9,0,0,0,1,0,1,School,,0.774481,0.638405,0.3316,0.3759,0.3351,0.7403,0.7624,0.7547,0.7438,0.7381,0.7799,0.7464,0.7419,0.7723,0.6453,0.6631,0.6309,0.7899,0.768,0.734,0.4976,0.456,0.4799,0.3706,0.3936,0.4156,0.3403,0.3661,0.3713,0.6893,0.7068,0.7393,0.7156,0.6675,0.7269,0.6755,0.7119,0.7232,0.5512,0.5545,0.5471,0.7488,0.732,0.7243,org spec account,,,Panel,No,0.0,0.0,0.0,0.0,-2561.0,0,1,0,0,0,0,0,0,0,0,0,0,0,0,0,0,0,0,0,0,0.0,0.0,,0.0,0.0,0.0
101053,0,Cash loans,M,N,Y,1,58500.0,144000.0,126000.0,11000.0,Unaccompanied,Commercial associate,Higher education,Married,House / apartment,0.020603,-20475,-3134,-2419.0,-300,,1,1,0,1,0,0,Laborers,3.0,2,1,WEDNESDAY,11,0,0,0,0,1,0,XNA,0.654694,0.2166,0.254338,0.2184,0.2655,0.2483,0.149,0.1835,0.1809,0.2194,0.1999,0.2214,0.1793,0.215,0.2072,0.1781,0.2098,0.1963,0.296,0.3075,0.2646,0.312,0.2944,0.2938,0.1317,0.1256,0.1371,0.1834,0.1442,0.1612,0.2165,0.1875,0.1926,0.3564,0.292,0.277,0.199,0.2057,0.1868,0.1565,0.1453,0.1794,0.1497,0.1465,0.1838,reg oper account,,,Panel,,0.0,0.0,0.0,0.0,-808.0,0,0,0,0,0,0,0,0,0,0,0,0,0,0,0,0,0,0,0,0,0.0,0.0,1.0,0.0,0.0,1.0
101054,0,Cash loans,F,N,Y,1,198000.0,157500.0,148500.0,4000.0,Family,Commercial associate,Higher education,Married,With parents,0.018073,-11318,-428,-3465.0,-4115,,1,1,0,1,0,0,Laborers,2.0,3,3,WEDNESDAY,12,0,0,0,0,0,0,XNA,0.593382,0.216736,0.512378,0.1644,0.1635,0.1494,0.3444,0.3253,0.3059,0.1806,0.1047,0.1299,0.3103,0.3002,0.3373,0.2845,0.3237,0.3362,0.1203,0.1745,0.1729,0.2147,0.1728,0.1992,0.1991,0.181,0.2077,0.3465,0.3803,0.3845,0.1652,0.1718,0.1924,0.3504,0.3308,0.3192,0.2389,0.2497,0.2646,0.3393,0.3603,0.3286,0.2695,0.3464,0.2792,,block of flats,0.2847,,,1.0,0.0,1.0,1.0,-3438.0,0,1,0,0,0,0,0,0,0,0,0,0,0,0,0,0,0,0,0,0,0.0,0.0,0.0,0.0,0.0,2.0
101055,0,Cash loans,M,N,Y,0,99000.0,216000.0,202500.0,6500.0,Unaccompanied,Working,Secondary / secondary special,Widow,House / apartment,0.021875,-10390,-369,-1557.0,-2010,,1,1,0,1,0,0,Laborers,1.0,2,2,SATURDAY,16,0,0,0,0,0,0,Business Entity Type 3,,0.296444,,0.2711,0.2768,0.2669,0.1771,0.2079,0.1919,0.2702,0.301,0.3101,0.1523,0.1831,0.1284,0.327,0.3212,0.2533,0.1806,0.1939,0.1667,0.1412,0.1493,0.1526,0.1213,0.0939,0.1266,0.2309,0.1747,0.1724,0.3024,0.272,0.302,0.2665,0.2589,0.239,0.1939,0.1702,0.1441,0.2437,0.2392,0.2679,0.1834,0.1819,0.1918,,,0.2233,Panel,,2.0,0.0,2.0,0.0,-3247.0,0,1,0,0,0,0,0,0,0,0,0,0,0,0,0,0,0,0,0,0,0.0,0.0,,,0.0,4.0
101056,0,Cash loans,M,Y,N,0,220500.0,1125000.0,1057500.0,85000.0,Family,Pensioner,Secondary / secondary special,Married,House / apartment,0.012028,-24792,365243,-15291.0,-2468,17.0,1,0,1,1,0,0,Medicine staff,2.0,1,1,WEDNESDAY,8,0,0,0,0,1,0,XNA,,0.597129,0.537686,0.4504,0.4644,0.4701,0.2853,0.2978,0.2724,0.3655,0.3444,0.3601,0.3803,0.3884,0.3961,0.2901,0.3087,0.2992,0.4594,0.4354,0.4564,0.2115,0.2366,0.2241,0.3138,0.3466,0.3099,0.4186,0.3527,0.3836,0.3543,0.3714,0.3758,0.2575,0.2752,0.3064,0.3006,0.2762,0.2945,0.3237,0.3187,0.334,0.2239,0.2507,0.2464,,block of flats,,,No,0.0,0.0,0.0,0.0,-2578.0,0,0,0,0,0,0,0,0,0,0,0,0,0,0,0,0,0,0,0,0,,0.0,0.0,0.0,,2.0
101057,0,Revolving loans,M,Y,Y,1,301500.0,1192500.0,1053000.0,46500.0,Family,Pensioner,Secondary / secondary special,Married,House / apartment,0.027846,-24891,365243,-8260.0,-5932,23.0,1,0,0,1,0,0,Drivers,3.0,2,2,SATURDAY,12,0,0,0,0,0,0,XNA,,0.798147,0.567682,0.1421,0.1031,0.1568,0.0782,0.0799,0.0924,0.0926,0.0408,0.0792,0.1505,0.1272,0.1301,0.0356,0.1211,0.0701,0.1104,0.1049,0.1101,0.096,0.1015,0.1112,0.0649,0.0548,0.0584,0.0498,0.0803,0.0686,0.0945,0.088,0.1031,0.1561,0.1535,0.1445,0.118,0.1316,0.127,0.0818,0.0719,0.0809,0.1225,0.1013,0.1439,,block of flats,,Panel,,0.0,0.0,0.0,0.0,-1594.0,0,1,0,0,0,0,0,0,0,0,0,0,0,0,0,0,0,0,0,0,,0.0,0.0,1.0,0.0,
101058,0,Cash loans,F,N,N,0,130500.0,261000.0,225000.0,23500.0,Unaccompanied,Pensioner,Incomplete higher,Married,House / apartment,0.009006,-22969,365243,-14974.0,-4109,,1,0,0,1,1,0,,2.0,2,2,SATURDAY,16,0,0,0,0,0,0,Military,0.387024,0.478445,0.670178,0.281,0.277,0.29,0.3181,0.2773,0.286,0.2581,0.2704,0.2598,0.1309,0.1316,0.0923,0.1865,0.2306,0.2648,0.211,0.1534,0.1808,0.2579,0.3152,0.2655,0.2174,0.267,0.2295,0.2098,0.1718,0.163,0.1922,0.2029,0.2056,0.2684,0.2505,0.2623,0.14,0.1843,0.1814,0.1413,0.1518,0.1609,0.2459,0.2257,0.2226,,block of flats,0.2514,,,0.0,1.0,0.0,0.0,-2155.0,0,1,0,0,0,0,0,0,0,0,0,0,0,0,0,0,0,0,0,0,0.0,0.0,,0.0,0.0,2.0
101059,0,Cash loans,M,N,Y,1,85500.0,153000.0,148500.0,5500.0,Unaccompanied,Working,Secondary / secondary special,Married,House / apartment,0.014232,-17852,-407,-39.0,-402,,1,1,0,1,0,0,Sales staff,3.0,2,2,THURSDAY,15,0,0,0,0,0,0,Other,0.579248,0.517722,0.698067,0.571,0.5806,0.5883,0.5446,0.5222,0.5082,0.5657,0.576,0.5958,0.738,0.7224,0.7278,0.5951,0.5447,0.561,0.7849,0.7865,0.8062,0.8895,0.9056,0.9184,0.5127,0.4894,0.5049,0.8925,0.865,0.8793,0.9103,0.9345,0.942,0.5204,0.5423,0.5015,0.9349,0.8914,0.9452,0.9308,0.9464,0.9575,0.8682,0.8604,0.8846,org spec account,block of flats,,,No,1.0,0.0,1.0,,-1722.0,0,1,0,0,0,0,0,0,0,0,0,0,0,0,0,0,0,0,0,0,0.0,0.0,0.0,1.0,0.0,2.0
101060,0,Cash loans,F,N,N,0,144000.0,463500.0,418500.0,12000.0,Unaccompanied,Commercial associate,Secondary / secondary special,Married,House / apartment,0.037657,-14767,-2926,-5367.0,-4432,,1,1,1,1,0,0,Core staff,2.0,2,3,SATURDAY,11,0,0,1,0,0,0,Bank,,0.553023,0.90135,0.0482,0.0551,0.0367,0.043,0.0478,0.0233,0.082,0.0583,0.0898,0.0534,0.0391,0.0636,0.0805,0.0474,0.0518,0.0194,0.0315,0.0528,0.0174,0.0096,0.0096,0.1144,0.1089,0.0827,0.0876,0.0475,0.0943,0.0074,0.0421,0.0603,0.0422,0.0962,0.0413,0.0276,0.0395,0.0616,0.0227,0.0227,0.0447,0.0366,0.0779,0.0738,,,,Mixed,No,1.0,0.0,1.0,0.0,-3806.0,0,1,0,0,0,0,0,0,0,0,0,0,0,0,0,0,0,0,0,0,0.0,0.0,0.0,,0.0,
101061,0,Revolving loans,F,Y,Y,0,180000.0,355500.0,315000.0,17000.0,Unaccompanied,Commercial associate,Higher education,Married,House / apartment,0.009273,-17185,-647,-2408.0,-1751,,1,1,1,1,0,1,Laborers,2.0,2,2,TUESDAY,12,0,0,0,0,0,0,Government,,0.620398,0.55307,0.526,0.5443,0.5316,0.5517,0.575,0.5806,0.3503,0.3911,0.3785,0.4284,0.4365,0.485,0.5224,0.5274,0.5467,0.512,0.4917,0.5306,0.4684,0.4237,0.444,0.4446,0.4714,0.4442,0.3582,0.4169,0.4157,0.299,0.2971,0.2659,0.5788,0.5972,0.5839,0.3012,0.3123,0.277,0.3064,0.3299,0.3165,0.5491,0.5436,0.5665,reg oper account,block of flats,0.4749,Panel,No,2.0,0.0,2.0,0.0,-3048.0,0,1,0,0,0,0,0,0,0,0,0,0,0,0,0,0,0,0,0,0,,0.0,,0.0,0.0,2.0
101062,1,Cash loans,F,Y,N,0,121500.0,630000.0,567000.0,25000.0,Unaccompanied,State servant,Secondary / secondary special,Married,House / apartment,0.035862,-10715,-858,-2359.0,-4522,,1,1,0,1,0,0,Medicine staff,1.0,3,3,TUESDAY,14,0,0,0,0,0,0,Kindergarten,,0.252619,0.378709,0.2138,0.2191,0.2307,0.406,0.4002,0.4052,0.3663,0.4667,0.3989,0.3756,0.3856,0.3807,0.3123,0.2789,0.3146,0.3192,0.3514,0.3255,0.1971,0.1932,0.2327,0.2981,0.2581,0.2523,0.3133,0.2716,0.2948,0.3947,0.4196,0.3843,0.3439,0.3347,0.3537,0.3926,0.404,0.3691,0.326,0.3667,0.4238,0.3862,0.3858,0.3899,,block of flats,,,,5.0,0.0,5.0,0.0,-1786.0,0,1,0,0,0,0,0,0,0,0,0,0,0,0,0,0,0,0,0,0,0.0,,0.0,0.0,0.0,2.0
101063,0,Cash loans,F,N,N,1,108000.0,337500.0,306000.0,20000.0,Unaccompanied,Working,Higher education,Separated,House / apartment,0.007806,-13338,-1089,-6228.0,-2097,,1,1,0,1,0,0,,3.0,2,2,MONDAY,14,0,0,1,0,0,0,Business Entity Type 3,,0.160967,0.784729,0.2025,0.1809,0.1445,0.2546,0.2381,0.2305,0.1725,0.1928,0.1871,0.1556,0.1977,0.1627,0.2357,0.1928,0.229,0.2394,0.2819,0.2767,0.1561,0.1707,0.1683,0.1304,0.1328,0.1218,0.1003,0.1117,0.1312,0.2396,0.2405,0.2586,0.1461,0.141,0.1476,0.2416,0.1866,0.2461,0.2448,0.3233,0.2226,0.1412,0.0886,0.1387,,,0.1475,,,1.0,1.0,1.0,0.0,-989.0,0,1,0,0,0,0,0,0,0,0,0,0,0,0,0,0,0,0,0,0,0.0,0.0,0.0,0.0,0.0,0.0
101064,0,Cash loans,F,N,Y,2,202500.0,558000.0,513000.0,21500.0,Unaccompanied,Pensioner,Higher education,Single / not married,House / apartment,0.006998,-22040,365243,-8535.0,-3415,,1,0,0,1,0,0,Drivers,4.0,2,2,FRIDAY,17,0,0,0,0,0,0,Medicine,,0.543377,0.490562,0.3215,0.3207,0.3242,0.2053,0.1781,0.1796,0.2134,0.2251,0.2004,0.2784,0.2175,0.2553,0.2151,0.2595,0.2255,0.1718,0.1766,0.1689,0.1685,0.1519,0.1966,0.2263,0.2395,0.247,0.2966,0.3384,0.303,0.342,0.3609,0.3593,0.361,0.3746,0.3668,0.2018,0.2479,0.232,0.2243,0.2207,0.2314,0.1661,0.1545,0.1689,,,,"Stone, brick",No,1.0,0.0,1.0,0.0,-648.0,0,1,0,0,0,0,0,0,0,0,0,0,0,0,0,0,0,0,0,0,0.0,,0.0,0.0,2.0,4.0
101065,0,Cash loans,F,N,Y,0,193500.0,499500.0,445500.0,14500.0,Unaccompanied,Commercial associate,Higher education,Separated,House / apartment,0.007406,-15826,-927,-6130.0,-4167,,1,1,0,1,0,0,Managers,2.0,3,3,SUNDAY,16,0,0,0,0,1,0,Business Entity Type 3,0.416598,0.52855,0.525121,0.1537,0.1377,0.136,0.2062,0.1971,0.194,0.1234,0.1535,0.167,0.1833,0.1532,0.1556,0.2137,0.2211,0.1922,0.1213,0.1736,0.1483,0.2286,0.2052,0.1717,0.1498,0.1591,0.1482,0.2028,0.2188,0.2261,0.2094,0.1622,0.1645,0.2448,0.2351,0.1969,0.2444,0.2558,0.2153,0.1929,0.2164,0.1693,0.1809,0.2218,0.1997,reg oper spec account,,0.2137,,No,2.0,0.0,2.0,0.0,-865.0,0,0,0,0,0,0,0,0,0,0,0,0,0,0,0,0,0,0,0,0,0.0,0.0,0.0,,1.0,5.0
101066,0,Revolving loans,F,N,N,2,121500.0,549000.0,526500.0,33500.0,Unaccompanied,Pensioner,Secondary / secondary special,Married,House / apartment,0.020104,-23689,365243,-1294.0,-1106,,1,0,1,1,0,0,Cooking staff,3.0,2,2,MONDAY,8,0,0,0,0,1,0,Business Entity Type 3,0.70976,0.763008,0.524219,0.5547,0.5185,0.5135,0.6665,0.6822,0.6604,0.515,0.5235,0.5627,0.4171,0.4466,0.4332,0.465,0.4986,0.4637,0.5713,0.5051,0.5673,0.4095,0.3927,0.3741,0.4635,0.482,0.466,0.3443,0.3313,0.3329,0.6211,0.5924,0.5787,0.3686,0.3617,0.3576,0.5387,0.5061,0.5251,0.6561,0.6734,0.6658,0.5804,0.6017,0.6006,,,0.4647,Wooden,No,1.0,1.0,1.0,0.0,-1954.0,0,1,0,0,0,0,0,0,0,0,0,0,0,0,0,0,0,0,0,0,0.0,0.0,,1.0,0.0,
101067,0,Cash loans,F,Y,Y,2,58500.0,234000.0,225000.0,9000.0,Unaccompanied,Commercial associate,Secondary / secondary special,Married,House / apartment,0.029396,-19175,-4136,-1059.0,-815,12.0,1,1,1,1,0,0,High skill tech staff,4.0,2,2,TUESDAY,7,1,0,0,0,0,0,Business Entity Type 3,0.313697,0.555403,0.57883,0.3017,0.2844,0.3396,0.3161,0.3705,0.3316,0.3246,0.3424,0.327,0.3184,0.34,0.3217,0.3298,0.308,0.3265,0.3023,0.2948,0.2552,0.2357,0.2636,0.252,0.351,0.3648,0.3463,0.3075,0.3139,0.3183,0.1506,0.1701,0.1473,0.1904,0.206,0.1888,0.3464,0.3426,0.3679,0.3188,0.2946,0.279,0.2091,0.1927,0.2102,,block of flats,0.2728,Panel,,0.0,0.0,0.0,0.0,-2505.0,0,1,0,0,0,0,0,0,0,0,0,0,0,0,0,0,0,0,0,0,0.0,0.0,0.0,0.0,0.0,2.0
101068,0,Cash loans,F,N,N,0,189000.0,823500.0,715500.0,40000.0,Unaccompanied,Pensioner,Higher education,Married,House / apartment,0.041676,-20156,365243,-6237.0,-4203,,1,0,0,1,0,0,,2.0,3,3,WEDNESDAY,10,0,0,0,0,0,0,Other,0.209295,0.632707,0.487965,0.4183,0.4081,0.3973,0.3088,0.3358,0.2945,0.4602,0.4486,0.4443,0.293,0.2886,0.3071,0.3284,0.289,0.3105,0.5718,0.5644,0.5668,0.5163,0.4889,0.49,0.2939,0.2922,0.2694,0.327,0.357,0.3584,0.5397,0.5354,0.524,0.6189,0.5686,0.6082,0.3257,0.3143,0.2763,0.4992,0.4325,0.4698,0.3395,0.3288,0.3423,reg oper spec account,block of flats,,,No,1.0,0.0,1.0,0.0,-3669.0,0,1,0,0,1,0,0,0,0,0,0,0,0,0,0,0,0,0,0,0,0.0,0.0,0.0,0.0,,1.0
101069,0,Cash loans,M,Y,N,1,94500.0,405000.0,328500.0,12500.0,Unaccompanied,Working,Secondary / secondary special,Married,House / apartment,0.039666,-9070,-2496,-769.0,-431,,1,1,0,1,0,0,Laborers,2.0,2,2,MONDAY,6,0,0,0,0,0,0,Other,0.301927,0.44905,,0.4882,0.4971,0.489,0.4273,0.4388,0.4207,0.4613,0.4626,0.4729,0.4922,0.5034,0.4831,0.4879,0.4579,0.471,0.2924,0.2994,0.2773,0.4832,0.4444,0.4434,0.2793,0.2891,0.3122,0.5614,0.5476,0.5286,0.3525,0.3474,0.3673,0.3942,0.3255,0.3775,0.4677,0.3897,0.3631,0.2942,0.2887,0.308,0.2984,0.2938,0.3168,,,0.3183,Panel,No,1.0,0.0,1.0,0.0,-3544.0,0,1,0,0,0,0,0,0,0,0,0,0,0,0,0,0,0,0,0,0,0.0,0.0,1.0,0.0,0.0,1.0
101070,0,Cash loans,F,N,N,0,166500.0,625500.0,558000.0,20000.0,Unaccompanied,Working,Secondary / secondary special,Married,With parents,0.031925,-11227,-2828,-215.0,-4915,,1,1,0,1,0,0,,2.0,2,2,FRIDAY,16,0,0,0,0,0,0,XNA,0.726262,0.527795,0.913196,0.0562,0.0523,0.0536,0.0289,0.0142,0.0319,0.0332,0.042,0.0332,0.0298,0.0613,0.0588,0.0372,0.061,0.0902,0.0108,0.0246,0.0197,0.0315,0.0546,0.0,0.017,0.0467,0.0615,0.0639,0.0077,0.0964,0.0372,0.0356,0.0485,0.0,0.0052,0.0386,0.0073,0.0444,0.0287,0.005,0.0157,0.0393,0.0543,0.0527,0.0324,,block of flats,0.0431,Mixed,No,0.0,0.0,0.0,1.0,-1831.0,0,0,0,0,0,0,0,0,0,0,0,0,0,0,0,0,0,0,0,0,0.0,0.0,0.0,0.0,0.0,0.0
101071,0,Cash loans,F,N,Y,0,157500.0,346500.0,315000.0,11000.0,Unaccompanied,Working,Incomplete higher,Civil marriage,House / apartment,0.011165,-16990,-1562,-6685.0,-2599,,1,1,0,1,0,1,Laborers,1.0,1,1,THURSDAY,7,0,0,0,0,0,0,Business Entity Type 1,,0.478841,0.550098,0.255,0.2373,0.2476,0.2216,0.259,0.2382,0.1822,0.1327,0.1495,0.2163,0.204,0.1815,0.1395,0.1214,0.1558,0.2454,0.2488,0.2423,0.1607,0.1459,0.1311,0.1462,0.1565,0.1495,0.2688,0.2663,0.2415,0.2471,0.2271,0.2703,0.1519,0.1106,0.1306,0.226,0.1796,0.2104,0.1458,0.1466,0.1492,0.1793,0.1698,0.1529,,,,,,0.0,0.0,0.0,0.0,-166.0,0,0,0,0,0,0,0,0,0,0,0,0,0,0,0,0,0,0,0,0,0.0,0.0,0.0,0.0,0.0,1.0
101072,0,Cash loans,F,N,Y,0,54000.0,139500.0,121500.0,6500.0,Unaccompanied,Pensioner,Higher education,Single / not married,House / apartment,0.011105,-20909,365243,-8685.0,-565,,1,0,0,1,0,0,,2.0,2,2,SATURDAY,11,0,0,0,0,0,1,Trade: type 3,,0.4784,0.363009,0.8008,0.7937,0.7533,0.4598,0.4813,0.4767,0.4849,0.4517,0.4375,0.8471,0.8383,0.8385,0.528,0.5337,0.5176,0.4273,0.4425,0.4599,0.6645,0.6924,0.6651,0.5994,0.6127,0.5705,0.6705,0.6692,0.7174,0.7315,0.7084,0.7179,0.5848,0.6357,0.5983,0.752,0.7882,0.7833,0.4635,0.4352,0.4429,0.6477,0.6753,0.6177,,block of flats,,,No,2.0,0.0,2.0,0.0,-2740.0,0,0,0,0,0,0,0,0,0,0,0,0,0,0,0,0,0,0,0,0,0.0,0.0,0.0,0.0,0.0,1.0
101073,0,Cash loans,F,N,N,2,153000.0,481500.0,463500.0,17000.0,Unaccompanied,Working,Incomplete higher,Married,With parents,0.030476,-7780,-1206,-43.0,-4582,,1,1,0,1,0,0,Waiters/barmen staff,4.0,2,2,WEDNESDAY,9,0,0,0,0,0,0,Trade: type 7,0.297714,0.915164,,0.0205,0.0243,0.0552,0.0376,0.0448,0.0,0.0176,0.0043,0.049,0.0214,0.0509,0.0321,0.0392,0.0833,0.0412,0.0709,0.0548,0.0459,0.0033,0.0247,0.0182,0.0404,0.086,0.0493,0.0413,0.0593,0.0565,0.0281,0.0947,0.0435,0.0876,0.0924,0.072,0.036,0.0439,0.0728,0.0579,0.0735,0.0705,0.0095,0.1071,0.0237,,block of flats,0.0647,Wooden,,1.0,0.0,1.0,0.0,-195.0,0,1,0,0,0,0,0,0,0,0,0,0,0,0,0,0,0,0,0,0,0.0,0.0,0.0,,0.0,3.0
101074,0,Revolving loans,F,N,Y,1,193500.0,2349000.0,1876500.0,79500.0,Unaccompanied,Commercial associate,Secondary / secondary special,Married,House / apartment,0.045138,-14396,-629,-114.0,-5375,,1,1,1,1,0,0,Laborers,3.0,2,2,THURSDAY,7,0,0,0,1,1,0,Other,0.695032,0.474411,,0.1255,0.1532,0.1501,0.1604,0.1442,0.1236,0.1412,0.1265,0.1567,0.1422,0.1445,0.1357,0.1074,0.127,0.1581,0.1963,0.1792,0.1201,0.1379,0.1201,0.1297,0.1719,0.1296,0.1792,0.213,0.2657,0.227,0.2141,0.236,0.2563,0.1509,0.1108,0.1066,0.2058,0.2419,0.1974,0.1402,0.1507,0.1799,0.2415,0.1986,0.1733,,,0.148,"Stone, brick",,1.0,0.0,1.0,0.0,-673.0,0,1,0,0,0,0,0,0,0,0,0,0,0,0,0,0,0,0,0,0,,0.0,0.0,1.0,0.0,3.0
101075,1,Cash loans,F,Y,Y,0,207000.0,382500.0,319500.0,12500.0,Unaccompanied,State servant,Secondary / secondary special,Married,Rented apartment,0.009867,-12608,-2028,-1551.0,-403,,1,1,0,1,1,0,Drivers,2.0,3,3,TUESDAY,16,0,0,0,0,0,0,Other,0.349073,0.582033,,0.5398,0.5225,0.5022,0.5423,0.5351,0.509,0.366,0.4125,0.391,0.2807,0.288,0.2814,0.404,0.3553,0.3934,0.3369,0.3215,0.3569,0.4154,0.4119,0.4168,0.5718,0.5871,0.5685,0.345,0.3736,0.3564,0.5794,0.5606,0.5852,0.4286,0.4514,0.4022,0.3429,0.3189,0.2906,0.3149,0.3178,0.2914,0.4384,0.4252,0.4602,,block of flats,0.5487,,,2.0,0.0,2.0,0.0,-1986.0,0,1,0,0,1,0,1,0,0,0,0,0,0,0,0,0,0,0,0,0,0.0,0.0,0.0,0.0,0.0,1.0
101076,0,Cash loans,F,N,Y,0,157500.0,486000.0,463500.0,18000.0,Group of people,Pensioner,Higher education,Married,House / apartment,0.041713,-21559,365243,-7901.0,-5647,,1,0,0,1,0,0,Laborers,2.0,2,2,THURSDAY,10,0,0,0,0,0,0,XNA,,0.739624,0.595332,0.3202,0.2854,0.3209,0.442,0.3978,0.3941,0.4251,0.4218,0.4097,0.3705,0.353,0.3711,0.2935,0.3303,0.3004,0.2788,0.2808,0.2656,0.321,0.3577,0.3594,0.3855,0.3479,0.3328,0.3643,0.351,0.3605,0.1897,0.2267,0.2381,0.4219,0.385,0.3958,0.2381,0.2671,0.2782,0.4629,0.4812,0.5053,0.2599,0.2802,0.3067,reg oper account,,,,No,2.0,0.0,2.0,0.0,-466.0,0,1,0,0,0,0,0,0,0,0,0,0,0,0,0,0,0,0,0,0,,0.0,0.0,1.0,,3.0
101077,0,Cash loans,F,N,N,0,49500.0,202500.0,198000.0,5500.0,Unaccompanied,Commercial associate,Secondary / secondary special,Married,House / apartment,0.005685,-17014,-1727,-8922.0,-2485,,1,1,0,1,1,0,Laborers,2.0,2,2,FRIDAY,18,0,0,0,0,1,0,Self-employed,,0.519016,,0.3323,0.3422,0.3771,0.2359,0.2717,0.2469,0.3693,0.3532,0.3475,0.2876,0.291,0.3009,0.2077,0.2226,0.2262,0.2113,0.2419,0.1897,0.4034,0.4282,0.3951,0.1949,0.1828,0.2001,0.3964,0.4224,0.4551,0.2622,0.2275,0.2264,0.3875,0.401,0.3749,0.3692,0.3848,0.3405,0.1895,0.216,0.2101,0.2552,0.2821,0.2899,,block of flats,,,,3.0,0.0,3.0,0.0,-1650.0,0,1,0,0,1,0,0,0,0,0,0,0,0,0,1,0,0,0,0,0,0.0,,0.0,0.0,0.0,1.0
101078,0,Cash loans,F,N,Y,1,297000.0,981000.0,850500.0,56000.0,Unaccompanied,Pensioner,Secondary / secondary special,Civil marriage,House / apartment,0.023814,-22174,365243,-4858.0,-4009,,1,0,1,1,0,0,Laborers,3.0,2,2,THURSDAY,17,0,0,0,0,0,0,Business Entity Type 3,,0.127851,,0.3194,0.3102,0.3059,0.3897,0.44,0.3988,0.2897,0.3237,0.3332,0.4965,0.5243,0.5306,0.3366,0.3079,0.3064,0.2925,0.2883,0.2499,0.4315,0.3889,0.4181,0.3915,0.3744,0.3959,0.4415,0.4641,0.4506,0.3649,0.349,0.3499,0.2505,0.2372,0.2306,0.4671,0.5181,0.4761,0.5376,0.542,0.5721,0.4698,0.4747,0.4696,,,0.4885,,No,2.0,0.0,2.0,0.0,-2076.0,0,0,0,0,0,0,0,0,0,0,0,0,0,0,0,0,0,0,0,0,0.0,0.0,0.0,0.0,0.0,1.0
101079,0,Cash loans,F,N,Y,2,184500.0,1300500.0,1066500.0,111500.0,Unaccompanied,Working,Secondary / secondary special,Married,Rented apartment,0.017534,-9407,-1206,-89.0,-1598,,1,1,1,1,1,0,Laborers,4.0,1,1,MONDAY,12,0,0,1,0,0,0,Industry: type 3,,0.748704,0.530766,0.0,0.0124,0.0486,0.0575,0.015,0.0515,0.0182,0.0188,0.0295,0.0288,0.0334,0.035,0.0609,0.0031,0.035,0.0734,0.0443,0.0676,0.0587,0.0286,0.0158,0.0489,0.0272,0.0091,0.0342,0.0,0.0189,0.0302,0.0459,0.0178,0.0184,0.0063,0.0344,0.0291,0.0,0.0,0.0029,0.0094,0.0396,0.035,0.0124,0.0202,,,0.0279,Panel,No,4.0,0.0,4.0,0.0,-3159.0,0,0,0,0,1,0,0,0,0,0,0,0,0,0,0,0,0,0,0,0,0.0,0.0,1.0,1.0,0.0,1.0
101080,0,Cash loans,F,Y,Y,0,76500.0,252000.0,216000.0,6500.0,Family,Working,Higher education,Married,House / apartment,0.016476,-10944,-916,-3429.0,-666,,1,1,1,1,1,0,Sales staff,2.0,2,2,WEDNESDAY,5,0,0,0,0,0,1,Self-employed,,0.448653,0.554375,0.0506,0.0529,0.0473,0.0548,0.0815,0.0674,0.0516,0.0806,0.0416,0.0899,0.1119,0.0403,0.0404,0.1029,0.0711,0.0803,0.0633,0.0711,0.0475,0.0477,0.0387,0.0293,0.0841,0.0662,0.0521,0.0903,0.0364,0.0964,0.0935,0.0619,0.0529,0.0739,0.0508,0.04,0.0693,0.0744,0.0719,0.0216,0.0409,0.0632,0.0466,0.0223,reg oper account,block of flats,,,No,2.0,0.0,2.0,0.0,-3324.0,0,0,0,0,0,0,0,0,0,0,0,0,0,0,0,0,0,0,0,0,0.0,,0.0,0.0,0.0,
101081,0,Cash loans,F,Y,N,0,94500.0,324000.0,283500.0,27500.0,"Spouse, partner",Commercial associate,Secondary / secondary special,Single / not married,House / apartment,0.019066,-12869,-812,-342.0,-5921,,1,1,0,1,0,0,,1.0,2,2,SATURDAY,11,0,0,0,0,1,0,XNA,,0.0005,,0.1621,0.1211,0.1427,0.1258,0.1245,0.1238,0.1917,0.1591,0.1404,0.0974,0.0879,0.1342,0.1896,0.1475,0.1491,0.1604,0.116,0.1211,0.1859,0.2115,0.2299,0.173,0.1795,0.1815,0.1781,0.1837,0.2097,0.0945,0.1487,0.1507,0.2524,0.2062,0.1942,0.1084,0.1175,0.1266,0.2271,0.2322,0.2139,0.1876,0.2487,0.2167,,,0.2626,"Stone, brick",No,1.0,0.0,1.0,0.0,-982.0,0,1,0,0,0,0,0,0,0,0,0,0,0,0,0,0,0,0,0,0,0.0,0.0,0.0,0.0,,1.0
101082,0,Revolving loans,F,N,Y,0,166500.0,1017000.0,900000.0,27500.0,Unaccompanied,Pensioner,Secondary / secondary special,Separated,House / apartment,0.011014,-24137,365243,-9351.0,-3922,,1,0,0,1,0,0,Managers,1.0,1,1,THURSDAY,20,0,0,0,0,0,0,Business Entity Type 3,,0.39876,0.442911,0.0663,0.0812,0.058,0.0513,0.0499,0.0807,0.0929,0.0312,0.0762,0.0639,0.0935,0.0765,0.0925,0.0738,0.11,0.0782,0.0783,0.0752,0.0382,0.0733,0.0337,0.0213,0.0228,0.0691,0.0848,0.06,0.036,0.0683,0.0792,0.0875,0.1016,0.0598,0.0835,0.0508,0.0427,0.0446,0.0907,0.0417,0.0605,0.0854,0.1204,0.0902,reg oper spec account,,,"Stone, brick",No,1.0,1.0,1.0,0.0,-413.0,0,1,0,0,0,0,0,0,0,0,0,0,0,0,0,0,0,0,0,0,0.0,0.0,0.0,0.0,0.0,2.0
101083,0,Revolving loans,F,Y,N,0,211500.0,2232000.0,1863000.0,78500.0,Unaccompanied,Working,Secondary / secondary special,Civil marriage,House / apartment,0.024658,-18619,-159,-3499.0,-1530,,1,1,0,1,0,0,Laborers,2.0,1,1,FRIDAY,13,0,0,0,0,0,1,XNA,0.563105,0.59697,0.730164,0.3375,0.314,0.3464,0.2307,0.2846,0.2298,0.4553,0.4797,0.5043,0.2972,0.2828,0.2993,0.4835,0.4582,0.5,0.494,0.4994,0.4891,0.4967,0.4944,0.4888,0.3168,0.2789,0.2898,0.3461,0.3405,0.347,0.3247,0.3278,0.3494,0.3633,0.369,0.3636,0.4832,0.5067,0.4915,0.5156,0.5454,0.5382,0.4285,0.4044,0.4089,,,,Panel,No,0.0,0.0,0.0,0.0,-3350.0,0,0,0,0,0,0,0,0,0,0,0,0,0,0,0,0,0,0,0,0,0.0,0.0,0.0,0.0,0.0,3.0
101084,0,Cash loans,F,Y,N,0,112500.0,949500.0,801000.0,25500.0,Unaccompanied,Working,Secondary / secondary special,Married,House / apartment,0.019417,-12473,-297,-5169.0,-2136,17.0,1,1,1,1,0,0,Laborers,2.0,1,1,TUESDAY,12,0,0,0,0,0,0,Business Entity Type 3,,0.683605,,0.2992,0.3167,0.3202,0.5288,0.5006,0.5261,0.4818,0.4834,0.4809,0.266,0.3029,0.3039,0.5891,0.6233,0.5669,0.3399,0.3472,0.3901,0.3564,0.3393,0.3009,0.43,0.3987,0.4229,0.3594,0.3333,0.3425,0.5116,0.5673,0.5476,0.4843,0.4943,0.4876,0.4153,0.3818,0.3948,0.375,0.3547,0.2917,0.4541,0.4393,0.4841,reg oper account,,0.4193,"Stone, brick",,1.0,0.0,1.0,0.0,-2026.0,0,0,0,0,1,0,0,0,0,0,0,0,0,0,0,0,0,0,0,0,0.0,0.0,0.0,0.0,1.0,4.0
101085,0,Revolving loans,F,Y,N,0,229500.0,828000.0,756000.0,30500.0,Unaccompanied,Commercial associate,Higher education,Married,House / apartment,0.033395,-21423,-4021,-9103.0,-4547,,1,1,0,1,1,0,Low-skill Laborers,1.0,2,2,WEDNESDAY,10,0,0,0,0,0,0,School,,0.632095,0.746528,0.5237,0.5244,0.5159,0.3756,0.4045,0.451,0.4357,0.413,0.4812,0.6595,0.6807,0.6338,0.6674,0.7105,0.7312,0.3275,0.3315,0.3533,0.6845,0.6748,0.6987,0.4256,0.4267,0.4315,0.4082,0.4179,0.4023,0.4464,0.498,0.4544,0.3539,0.3805,0.3948,0.3418,0.3283,0.321,0.7087,0.7327,0.6939,0.4595,0.4566,0.4366,,,0.7541,,,0.0,0.0,0.0,0.0,-91.0,0,1,0,0,0,0,0,0,0,0,0,0,0,0,0,0,0,0,0,0,0.0,,0.0,0.0,1.0,1.0
101086,0,Cash loans,F,N,N,0,54000.0,207000.0,189000.0,6000.0,Unaccompanied,Working,Secondary / secondary special,Single / not married,House / apartment,0.050127,-14151,-2086,-0.0,-1821,,1,1,0,1,0,0,Laborers,2.0,2,2,MONDAY,15,0,0,0,0,0,0,Government,0.546352,0.69695,,0.0808,0.079,0.0654,0.0973,0.0733,0.0807,0.0864,0.0748,0.1356,0.067,0.0594,0.0432,0.1084,0.1323,0.1185,0.0787,0.1269,0.0863,0.085,0.0815,0.124,0.0754,0.1016,0.1184,0.0635,0.0858,0.0753,0.0889,0.1087,0.0863,0.0383,0.0833,0.0624,0.0514,0.0746,0.0431,0.0842,0.0488,0.0358,0.0892,0.0883,0.049,,,,,,0.0,0.0,0.0,0.0,-2113.0,0,1,0,0,0,0,0,0,0,0,0,0,0,0,0,0,0,0,0,0,0.0,0.0,0.0,0.0,0.0,1.0
101087,0,Cash loans,F,N,Y,0,81000.0,324000.0,297000.0,10000.0,Family,Pensioner,Secondary / secondary special,Civil marriage,House / apartment,0.020231,-21732,365243,-3809.0,-4127,,1,0,0,1,1,0,Sales staff,1.0,2,2,THURSDAY,13,0,0,0,0,0,0,Business Entity Type 2,0.0005,0.512574,0.377009,0.7986,0.796,0.7826,0.4541,0.418,0.4352,0.7964,0.8441,0.8203,0.7686,0.7901,0.7917,0.7571,0.7135,0.7479,0.8131,0.83,0.8202,0.6724,0.6941,0.689,0.421,0.4479,0.4808,0.496,0.5436,0.5307,0.3736,0.416,0.4122,0.665,0.6721,0.692,0.455,0.4552,0.4616,0.7974,0.7726,0.7242,0.6465,0.6259,0.6636,,block of flats,,Panel,No,0.0,1.0,0.0,0.0,-1564.0,0,0,0,0,0,0,0,0,0,0,0,0,0,0,0,0,0,0,0,0,0.0,0.0,,0.0,0.0,1.0
101088,0,Cash loans,M,N,Y,2,45000.0,189000.0,162000.0,7500.0,Unaccompanied,Working,Secondary / secondary special,Widow,House / apartment,0.011256,-21121,-4767,-1322.0,-220,,1,1,0,1,1,0,Medicine staff,3.0,3,3,MONDAY,13,0,0,0,0,0,0,Medicine,,0.9995,0.510498,0.5405,0.5734,0.5313,0.678,0.709,0.661,0.6566,0.7151,0.7105,0.5016,0.5086,0.4913,0.7293,0.7433,0.7333,0.6028,0.5174,0.5608,0.8484,0.9083,0.869,0.399,0.4027,0.4344,0.8316,0.8262,0.825,0.8788,0.8856,0.8674,0.7355,0.7366,0.7343,0.6919,0.7151,0.6783,0.9309,0.9386,0.9106,0.8179,0.8536,0.8008,,,0.3999,,No,1.0,0.0,1.0,0.0,-2083.0,0,1,0,0,0,0,0,0,0,0,0,0,0,0,0,0,0,0,0,0,0.0,,0.0,0.0,0.0,0.0
101089,0,Cash loans,F,Y,Y,0,90000.0,220500.0,189000.0,10500.0,Unaccompanied,Pensioner,Secondary / secondary special,Married,House / apartment,0.009235,-20826,365243,-2441.0,-5922,,1,0,0,1,0,0,Managers,2.0,3,3,MONDAY,16,0,0,0,1,0,0,Business Entity Type 1,0.573167,0.810856,,0.5082,0.4987,0.4998,0.3691,0.3291,0.3228,0.3287,0.3317,0.3347,0.3462,0.3589,0.3721,0.323,0.3239,0.3452,0.519,0.547,0.5101,0.4384,0.4303,0.4264,0.6534,0.6737,0.6516,0.6997,0.6662,0.7254,0.3748,0.3578,0.3871,0.4078,0.3906,0.4176,0.7202,0.7017,0.7166,0.399,0.3791,0.3577,0.544,0.5632,0.5143,not specified,,,Wooden,,0.0,0.0,0.0,0.0,-2625.0,0,1,0,0,0,0,0,0,0,0,0,0,0,0,0,0,0,0,0,0,0.0,0.0,0.0,,,2.0
101090,1,Cash loans,F,Y,N,0,337500.0,2205000.0,1876500.0,218500.0,Unaccompanied,Working,Secondary / secondary special,Single / not married,House / apartment,0.053594,-15474,-1008,-2460.0,-4349,,1,1,0,1,0,0,Laborers,2.0,3,3,MONDAY,16,0,0,0,0,0,0,Business Entity Type 3,,0.366586,0.219027,0.2366,0.2455,0.266,0.2249,0.1884,0.2279,0.2068,0.2111,0.2161,0.2323,0.195,0.194,0.273,0.2808,0.3025,0.1578,0.1508,0.1791,0.2314,0.2325,0.2282,0.214,0.2405,0.2481,0.1912,0.2115,0.2037,0.1202,0.1483,0.1611,0.2757,0.274,0.2699,0.1193,0.1725,0.171,0.1796,0.2535,0.2125,0.2271,0.2781,0.239,,block of flats,0.1922,"Stone, brick",No,2.0,0.0,2.0,0.0,-1703.0,0,1,0,0,0,0,0,0,0,0,0,0,0,0,0,0,0,0,0,0,0.0,0.0,0.0,0.0,0.0,0.0
101091,0,Cash loans,F,N,Y,1,454500.0,1984500.0,1926000.0,113000.0,Unaccompanied,Pensioner,Higher education,Married,House / apartment,0.049509,-25165,365243,-7876.0,-2019,,1,0,0,1,1,0,Drivers,2.0,2,2,MONDAY,13,0,0,0,0,0,0,Self-employed,0.839466,0.462896,0.846051,0.1342,0.1748,0.1914,0.2032,0.1907,0.2201,0.2463,0.2497,0.2591,0.1032,0.118,0.1333,0.1265,0.1262,0.1038,0.102,0.1693,0.1374,0.1102,0.1279,0.1249,0.1679,0.1083,0.1877,0.2318,0.2612,0.1981,0.1871,0.1464,0.1951,0.2692,0.2804,0.2311,0.1024,0.1448,0.1535,0.2348,0.2197,0.2189,0.1595,0.1711,0.1896,,block of flats,0.1951,,No,5.0,0.0,5.0,0.0,-1026.0,0,1,0,0,0,0,0,0,0,0,0,0,0,0,0,0,0,0,0,0,0.0,0.0,1.0,2.0,0.0,2.0
101092,0,Cash loans,M,N,Y,2,166500.0,634500.0,544500.0,16500.0,Unaccompanied,Commercial associate,Secondary / secondary special,Married,House / apartment,0.032417,-21528,-12115,-10914.0,-3400,,1,1,0,1,0,0,,4.0,2,2,TUESDAY,7,0,0,0,0,0,0,Other,,0.104405,0.605596,0.1889,0.1891,0.169,0.4136,0.3753,0.391,0.2982,0.3162,0.3169,0.3499,0.3605,0.3885,0.3427,0.3475,0.3229,0.3514,0.3782,0.347,0.2537,0.2443,0.2581,0.2654,0.2155,0.2855,0.339,0.3115,0.3293,0.406,0.4374,0.3999,0.4021,0.3914,0.4183,0.3095,0.3166,0.2747,0.1963,0.1958,0.1534,0.3585,0.3685,0.3654,,,0.3957,,No,1.0,0.0,1.0,0.0,-2307.0,0,1,0,0,0,0,0,0,0,0,0,0,0,0,0,0,0,0,0,0,0.0,0.0,1.0,0.0,0.0,1.0
101093,0,Cash loans,F,Y,N,0,103500.0,202500.0,184500.0,11000.0,Unaccompanied,Working,Secondary / secondary special,Married,Municipal apartment,0.019407,-9848,-2277,-106.0,-1043,18.0,1,1,0,1,1,0,Managers,2.0,2,2,FRIDAY,9,0,0,0,0,0,0,Military,,0.725119,0.614438,0.5162,0.5136,0.5386,0.4547,0.4666,0.503,0.3462,0.3596,0.3443,0.7005,0.6713,0.6528,0.363,0.3697,0.3629,0.377,0.3298,0.387,0.5686,0.5979,0.5822,0.6281,0.6407,0.6224,0.518,0.5148,0.537,0.4846,0.4965,0.5173,0.6876,0.6595,0.6304,0.6257,0.686,0.653,0.5645,0.561,0.5652,0.491,0.5283,0.5556,,,0.4057,,,1.0,0.0,1.0,0.0,-3202.0,0,0,0,0,0,0,0,0,0,0,0,0,0,0,0,0,0,0,0,0,0.0,0.0,0.0,0.0,0.0,1.0
101094,1,Cash loans,F,Y,Y,0,130500.0,526500.0,463500.0,16000.0,Unaccompanied,Working,Secondary / secondary special,Married,House / apartment,0.030998,-12615,-2189,-1922.0,-2704,31.0,1,1,0,1,0,0,Laborers,2.0,2,2,FRIDAY,10,0,0,0,0,0,0,XNA,0.464979,0.471385,,0.0448,0.0725,0.0816,0.0209,0.0673,0.0283,0.0814,0.0731,0.0694,0.0863,0.0619,0.0642,0.047,0.0779,0.0217,0.0513,0.0113,0.0683,0.0562,0.0508,0.0375,0.049,0.0608,0.0238,0.1003,0.1002,0.1137,0.0258,0.0735,0.0638,0.0719,0.0847,0.0864,0.0802,0.0611,0.0892,0.0512,0.08,0.089,0.0521,0.1028,0.0346,,,,,No,1.0,0.0,1.0,0.0,-1984.0,0,0,0,0,0,0,0,0,0,0,0,0,0,0,0,0,0,0,0,0,0.0,0.0,0.0,0.0,0.0,3.0
101095,0,Cash loans,M,N,N,0,189000.0,261000.0,247500.0,10500.0,Unaccompanied,Pensioner,Lower secondary,Married,House / apartment,0.041984,-20686,365243,-11257.0,-2120,,1,0,0,1,0,0,Security staff,2.0,1,1,WEDNESDAY,12,0,0,0,0,0,0,XNA,0.946839,0.812475,,0.3017,0.3266,0.3174,0.2947,0.2485,0.2965,0.2167,0.2325,0.2046,0.2153,0.1729,0.1761,0.2823,0.2613,0.2808,0.3593,0.3207,0.3236,0.142,0.1672,0.1658,0.2112,0.1904,0.1722,0.2357,0.249,0.2462,0.2464,0.2293,0.2084,0.2042,0.1969,0.1931,0.2409,0.1727,0.2464,0.2066,0.2205,0.1542,0.2134,0.2279,0.2116,,block of flats,,,No,0.0,0.0,0.0,0.0,-103.0,0,1,0,0,0,0,0,0,0,0,0,0,0,0,0,0,0,0,0,0,0.0,0.0,0.0,0.0,2.0,1.0
101096,0,Cash loans,F,Y,Y,0,63000.0,180000.0,153000.0,9500.0,Unaccompanied,Working,Higher education,Married,House / apartment,0.012748,-21697,-282,-4674.0,-2332,5.0,1,1,0,1,0,0,Managers,2.0,2,2,SUNDAY,17,0,0,0,0,0,0,Business Entity Type 3,,0.660055,0.582745,0.6286,0.615,0.6226,0.5062,0.5086,0.5139,0.5484,0.538,0.5264,0.7773,0.7696,0.7192,0.5789,0.6059,0.6102,0.6761,0.6718,0.6457,0.4974,0.4965,0.5069,0.4146,0.4001,0.3887,0.844,0.7991,0.7951,0.5,0.5089,0.4906,0.5558,0.5426,0.5547,0.7986,0.7979,0.7838,0.5082,0.4828,0.4651,0.7806,0.7366,0.7537,,,,Panel,No,1.0,0.0,1.0,0.0,-251.0,0,0,0,0,0,0,0,0,0,0,0,0,0,0,0,0,0,0,0,0,0.0,0.0,0.0,0.0,0.0,2.0
101097,0,Cash loans,M,N,Y,0,108000.0,310500.0,270000.0,8000.0,Family,Commercial associate,Secondary / secondary special,Single / not married,House / apartment,0.019049,-8870,-994,-919.0,-4879,,1,1,0,1,0,0,Laborers,2.0,2,2,SUNDAY,19,0,0,0,0,1,0,Housing,,0.324512,0.543607,0.2168,0.2472,0.2506,0.3005,0.2595,0.2908,0.4804,0.4462,0.451,0.2615,0.2871,0.2932,0.3929,0.3643,0.3802,0.3332,0.3386,0.3664,0.3539,0.3778,0.3731,0.296,0.2679,0.253,0.2447,0.2815,0.2516,0.3074,0.2925,0.2467,0.4333,0.4674,0.4454,0.3673,0.3878,0.3689,0.4497,0.4459,0.4275,0.3825,0.3264,0.3629,,block of flats,,Monolithic,,1.0,1.0,1.0,1.0,-768.0,0,1,0,0,0,0,0,0,0,0,0,0,0,0,0,0,0,0,0,0,0.0,0.0,0.0,1.0,,2.0
101098,0,Cash loans,F,N,Y,0,324000.0,1480500.0,1404000.0,130000.0,Unaccompanied,Working,Secondary / secondary special,Married,House / apartment,0.009418,-9261,-2686,-1896.0,-2471,,1,1,0,1,0,0,Managers,2.0,2,2,THURSDAY,13,0,0,0,0,0,0,XNA,0.592198,0.552413,0.709608,0.3795,0.3822,0.4054,0.3834,0.397,0.3656,0.2596,0.2461,0.2356,0.3404,0.3205,0.314,0.4159,0.397,0.4164,0.3373,0.3627,0.3337,0.2162,0.2021,0.1904,0.4727,0.4416,0.455,0.4663,0.4576,0.4724,0.3824,0.3864,0.3672,0.3105,0.3289,0.3804,0.3308,0.3695,0.3712,0.3828,0.3979,0.3978,0.4222,0.41,0.3922,reg oper account,block of flats,0.4678,Panel,No,2.0,0.0,2.0,0.0,-2596.0,0,1,0,0,0,0,0,0,0,0,0,0,0,0,0,0,0,0,0,0,0.0,0.0,0.0,0.0,,
101099,0,Cash loans,F,N,Y,0,81000.0,886500.0,720000.0,32500.0,Unaccompanied,Pensioner,Secondary / secondary special,Married,House / apartment,0.017262,-22228,365243,-9749.0,-37,,1,0,0,1,0,0,Sales staff,2.0,2,2,FRIDAY,14,0,0,0,0,1,0,Business Entity Type 3,,0.598591,,0.1696,0.1416,0.1239,0.1588,0.1822,0.1972,0.2258,0.2335,0.2349,0.204,0.2467,0.2474,0.1933,0.2131,0.1776,0.2143,0.218,0.2225,0.3303,0.2854,0.2903,0.3618,0.3838,0.377,0.1907,0.2287,0.1782,0.2545,0.2436,0.2658,0.1685,0.2283,0.1823,0.2587,0.2667,0.3165,0.2933,0.2772,0.2833,0.2074,0.2369,0.2578,,,0.2728,Panel,No,3.0,0.0,3.0,0.0,-3568.0,0,1,0,0,0,0,0,0,0,0,0,0,0,0,0,0,0,0,0,0,0.0,0.0,0.0,0.0,0.0,3.0
101100,0,Cash loans,F,Y,Y,0,99000.0,531000.0,477000.0,22500.0,Unaccompanied,Working,Higher education,Single / not married,House / apartment,0.048714,-10081,-3506,-1368.0,-2718,6.0,1,1,0,1,0,0,Security staff,2.0,2,2,THURSDAY,7,0,0,0,0,0,0,Business Entity Type 1,,0.358427,0.757462,0.4044,0.41,0.3978,0.2869,0.2834,0.3098,0.4825,0.4821,0.4514,0.437,0.4274,0.4541,0.4198,0.4548,0.4127,0.3354,0.2994,0.3281,0.4156,0.4645,0.45,0.1883,0.1909,0.2173,0.4213,0.4539,0.4509,0.4268,0.4574,0.469,0.4823,0.4247,0.4828,0.4531,0.4216,0.4058,0.4156,0.3874,0.4258,0.2873,0.2473,0.2376,reg oper account,,,Panel,,0.0,0.0,0.0,0.0,-3674.0,0,1,0,0,0,0,0,0,0,0,0,0,0,0,0,0,0,0,0,0,0.0,,,,0.0,2.0
101101,0,Cash loans,F,Y,N,1,148500.0,1282500.0,1102500.0,104500.0,Family,Commercial associate,Lower secondary,Married,House / apartment,0.036497,-17425,-1054,-10358.0,-311,,1,1,0,1,1,0,Laborers,3.0,2,2,WEDNESDAY,11,0,0,0,0,1,0,Industry: type 9,0.781927,0.749066,0.513001,0.6971,0.657,0.7199,0.487,0.515,0.5113,0.7477,0.7376,0.7461,0.3956,0.3503,0.3664,0.3914,0.381,0.3812,0.6759,0.6561,0.7052,0.4741,0.4773,0.4849,0.4808,0.4802,0.4901,0.629,0.6539,0.652,0.5508,0.5257,0.528,0.5222,0.4671,0.4456,0.7569,0.7433,0.7732,0.5244,0.5944,0.5446,0.563,0.5657,0.5917,reg oper spec account,block of flats,0.4593,,,0.0,0.0,0.0,0.0,-3765.0,0,1,0,0,0,0,0,0,0,0,0,0,0,0,0,0,0,0,0,0,0.0,0.0,0.0,0.0,0.0,
101102,0,Cash loans,M,N,Y,0,171000.0,949500.0,927000.0,58000.0,Unaccompanied,Commercial associate,Higher education,Married,House / apartment,0.020333,-12808,-4623,-60.0,-2864,,1,1,0,1,1,0,,2.0,2,2,TUESDAY,10,0,0,0,0,0,0,Self-employed,,0.334049,0.538968,0.2065,0.1946,0.1765,0.1518,0.1557,0.1648,0.1545,0.081,0.1402,0.1507,0.1481,0.1227,0.3231,0.3093,0.2813,0.2518,0.2003,0.2365,0.2576,0.2559,0.2659,0.2108,0.2005,0.1896,0.2996,0.3234,0.2796,0.1164,0.1667,0.1508,0.2792,0.2494,0.2406,0.2861,0.2948,0.2474,0.3338,0.3386,0.2676,0.2496,0.2295,0.2577,,block of flats,0.3188,Panel,No,0.0,1.0,0.0,0.0,-1761.0,0,1,0,0,0,0,0,0,0,0,0,0,0,0,0,0,0,0,0,0,0.0,0.0,0.0,0.0,0.0,
101103,1,Cash loans,F,N,Y,0,103500.0,751500.0,693000.0,24500.0,Family,Working,Higher education,Widow,House / apartment,0.003521,-19724,-4030,-224.0,-4076,,1,1,0,1,1,1,,2.0,2,2,MONDAY,10,0,0,0,0,1,0,XNA,0.298843,0.367621,0.329398,0.2706,0.2759,0.2593,0.3532,0.3634,0.3328,0.4107,0.3856,0.3821,0.2831,0.2656,0.2824,0.3521,0.3563,0.4054,0.3949,0.3703,0.3944,0.3474,0.2907,0.3481,0.3806,0.3891,0.4212,0.3779,0.37,0.358,0.2735,0.2647,0.2915,0.2038,0.2131,0.214,0.3443,0.3056,0.2966,0.4188,0.4541,0.4358,0.2499,0.229,0.2195,,,0.2506,Panel,No,0.0,0.0,0.0,1.0,-3523.0,0,1,0,0,0,0,0,0,0,0,0,0,0,0,0,0,0,0,0,0,0.0,0.0,0.0,0.0,1.0,2.0
101104,0,Cash loans,M,N,N,0,153000.0,1656000.0,1296000.0,125000.0,Unaccompanied,Working,Secondary / secondary special,Married,House / apartment,0.012453,-18334,-2076,-3578.0,-586,,1,1,1,1,1,0,Laborers,2.0,2,2,WEDNESDAY,14,0,0,0,0,0,0,Self-employed,,0.22571,0.592911,0.112,0.1379,0.0789,0.218,0.2006,0.2008,0.1039,0.1335,0.0994,0.1596,0.1673,0.2087,0.1896,0.1645,0.1529,0.2084,0.2144,0.2077,0.1696,0.1814,0.1512,0.1182,0.1188,0.1275,0.1102,0.1564,0.1341,0.1249,0.1565,0.1231,0.133,0.1224,0.1386,0.0981,0.1162,0.0854,0.1353,0.1531,0.1763,0.2353,0.2174,0.2299,reg oper account,block of flats,0.1814,"Stone, brick",,4.0,0.0,4.0,0.0,-790.0,0,1,0,0,0,0,0,0,0,0,0,0,0,0,0,0,0,0,0,0,0.0,0.0,0.0,0.0,0.0,1.0
101105,0,Cash loans,F,N,N,1,207000.0,540000.0,513000.0,16000.0,Unaccompanied,Pensioner,Secondary / secondary special,Married,House / apartment,0.019926,-20321,365243,-1037.0,-380,,1,0,0,1,1,0,Sales staff,3.0,2,2,SATURDAY,11,0,0,0,0,1,0,Business Entity Type 3,0.547007,0.97166,0.752869,0.1855,0.2414,0.2173,0.2449,0.2111,0.2414,0.2871,0.2832,0.2971,0.1192,0.1895,0.1822,0.2866,0.2701,0.272,0.207,0.2639,0.2103,0.2779,0.2595,0.2939,0.3703,0.3648,0.3708,0.2085,0.1683,0.2247,0.218,0.2419,0.2539,0.3219,0.3278,0.2809,0.162,0.2315,0.2342,0.2061,0.1931,0.2227,0.4155,0.3499,0.3493,,,,,,2.0,1.0,2.0,0.0,-177.0,0,1,0,0,0,0,0,0,0,0,0,0,0,0,0,0,0,0,0,0,0.0,0.0,0.0,1.0,1.0,1.0
101106,0,Cash loans,F,N,Y,0,432000.0,1089000.0,1003500.0,38000.0,Unaccompanied,Commercial associate,Secondary / secondary special,Married,Co-op apartment,0.016357,-19707,-1347,-1542.0,-2281,,1,1,0,1,0,0,,2.0,2,2,SUNDAY,6,0,1,0,0,0,0,Business Entity Type 3,0.342277,0.53227,0.456115,0.4083,0.4191,0.3812,0.4699,0.442,0.4226,0.618,0.5496,0.5675,0.5138,0.5025,0.478,0.3461,0.3002,0.292,0.5598,0.5445,0.5865,0.4988,0.5178,0.4945,0.3703,0.389,0.3773,0.6516,0.6941,0.6835,0.6084,0.5403,0.5676,0.6794,0.6696,0.6266,0.3887,0.4203,0.4498,0.3911,0.3497,0.3499,0.4939,0.4746,0.4688,,,0.2784,,,3.0,0.0,3.0,1.0,-2470.0,0,1,0,0,0,0,0,0,0,0,0,0,0,0,0,0,0,0,0,0,0.0,0.0,0.0,0.0,0.0,2.0
101107,0,Cash loans,M,N,N,0,135000.0,760500.0,679500.0,58500.0,Unaccompanied,State servant,Higher education,Married,House / apartment,0.019084,-9106,-250,-178.0,-2894,,1,1,0,1,0,0,,2.0,2,2,THURSDAY,15,0,1,0,0,0,0,Self-employed,,0.550563,0.262588,0.1769,0.1568,0.159,0.1895,0.1698,0.1928,0.1732,0.1898,0.1808,0.2911,0.284,0.3298,0.2087,0.1968,0.1949,0.2323,0.2168,0.2122,0.2267,0.2209,0.2422,0.203,0.2376,0.1904,0.2412,0.2707,0.2503,0.1655,0.1499,0.1803,0.1355,0.13,0.1379,0.256,0.2577,0.2348,0.1961,0.1426,0.1413,0.1251,0.1391,0.1351,not specified,,,,,3.0,0.0,3.0,0.0,-1604.0,0,0,0,0,0,0,0,0,0,0,0,0,0,0,0,0,0,0,0,0,0.0,0.0,,1.0,1.0,3.0
101108,0,Cash loans,F,N,Y,0,144000.0,562500.0,463500.0,30000.0,Unaccompanied,Pensioner,Secondary / secondary special,Married,House / apartment,0.021735,-23439,365243,-10082.0,-384,,1,0,1,1,0,0,,2.0,1,1,THURSDAY,16,0,0,0,1,0,0,Kindergarten,,0.363022,0.68264,0.095,0.1016,0.1141,0.1175,0.1206,0.1362,0.1556,0.1763,0.1787,0.128,0.1128,0.1012,0.0819,0.0695,0.0433,0.0934,0.0759,0.1041,0.1274,0.1364,0.1363,0.1218,0.1464,0.1655,0.141,0.1704,0.1481,0.1162,0.0721,0.1022,0.0856,0.1257,0.0834,0.128,0.1349,0.1635,0.1385,0.152,0.1585,0.0966,0.0963,0.102,,,,,,2.0,0.0,2.0,0.0,-558.0,0,1,0,0,0,0,0,0,0,0,0,0,0,0,0,0,0,0,0,0,,0.0,0.0,0.0,0.0,3.0
101109,0,Revolving loans,M,N,Y,0,342000.0,1507500.0,1219500.0,107000.0,Unaccompanied,Commercial associate,Secondary / secondary special,Single / not married,House / apartment,0.013432,-16290,-2763,-2898.0,-1952,,1,1,0,1,0,0,,2.0,2,2,SATURDAY,13,0,0,0,0,0,0,Business Entity Type 3,,0.32845,0.312306,0.6309,0.6323,0.6461,0.5362,0.561,0.5504,0.4825,0.4595,0.4376,0.4432,0.4317,0.4018,0.486,0.5311,0.5188,0.3979,0.4331,0.4211,0.5046,0.476,0.4859,0.5357,0.4917,0.5302,0.5135,0.5034,0.5068,0.4901,0.5262,0.4683,0.582,0.5504,0.5647,0.6612,0.648,0.6518,0.2608,0.3118,0.2971,0.3787,0.3965,0.3927,reg oper account,,,,No,1.0,0.0,1.0,0.0,-746.0,0,1,0,0,0,0,0,0,0,0,0,0,0,0,1,0,0,0,0,0,0.0,0.0,0.0,0.0,,2.0
101110,0,Cash loans,F,N,Y,2,108000.0,369000.0,333000.0,11000.0,"Spouse, partner",Commercial associate,Secondary / secondary special,Married,House / apartment,0.018613,-11175,-3233,-3573.0,-4655,,1,1,0,1,1,0,Managers,4.0,3,3,FRIDAY,12,0,0,0,0,0,0,Other,,0.468638,0.30671,0.1608,0.1501,0.151,0.1541,0.1095,0.1468,0.1359,0.1206,0.1191,0.2356,0.2256,0.2635,0.2397,0.2563,0.2261,0.2375,0.2576,0.3163,0.1419,0.1466,0.1582,0.2659,0.2601,0.3108,0.1483,0.1516,0.1471,0.2518,0.2435,0.254,0.104,0.1276,0.1208,0.1487,0.1091,0.1386,0.1535,0.1637,0.1641,0.2762,0.2667,0.2784,reg oper account,,0.1029,,No,2.0,1.0,2.0,0.0,-1959.0,0,1,0,0,0,0,0,0,0,0,0,0,0,0,0,0,0,0,0,0,0.0,0.0,0.0,,0.0,1.0
101111,0,Cash loans,M,Y,N,2,72000.0,202500.0,175500.0,8000.0,Unaccompanied,State servant,Secondary / secondary special,Married,House / apartment,0.017045,-8377,-1802,-260.0,-3425,12.0,1,1,0,1,0,0,,3.0,2,2,TUESDAY,9,0,0,0,0,1,1,XNA,,0.599444,0.480804,0.2069,0.2395,0.2058,0.1396,0.1473,0.1292,0.1338,0.1565,0.1678,0.2719,0.2528,0.2727,0.2819,0.3255,0.3689,0.2724,0.2825,0.291,0.3118,0.2909,0.3084,0.1815,0.1379,0.1855,0.2902,0.2882,0.3028,0.2301,0.2435,0.2639,0.2594,0.2315,0.2575,0.2332,0.2318,0.2298,0.2521,0.2737,0.2631,0.2869,0.2479,0.2919,,,,Panel,,3.0,0.0,3.0,0.0,-1420.0,0,1,0,0,0,0,0,0,0,0,0,0,0,0,0,0,0,0,0,0,0.0,0.0,0.0,0.0,0.0,3.0
101112,0,Cash loans,F,N,Y,0,166500.0,1584000.0,1507500.0,157000.0,Unaccompanied,Commercial associate,Higher education,Separated,House / apartment,0.012092,-15294,-4750,-4502.0,-3133,,1,1,0,1,1,0,,1.0,2,2,SUNDAY,9,0,0,0,0,0,0,Business Entity Type 3,0.495165,0.606775,0.361551,0.0543,0.0172,0.038,0.0734,0.0508,0.0692,0.0711,0.0772,0.0316,0.0507,0.0382,0.044,0.079,0.0614,0.0574,0.0505,0.068,0.0593,0.0002,0.0,0.0302,0.0521,0.0642,0.0672,0.0485,0.0624,0.0637,0.0486,0.0734,0.0164,0.0257,0.0096,0.0106,0.0166,0.0575,0.0228,0.0336,0.0423,0.0533,0.0942,0.0526,0.057,reg oper account,,,,No,2.0,0.0,2.0,0.0,-1908.0,0,0,0,0,0,0,0,0,0,0,0,0,0,0,0,0,0,0,0,0,0.0,0.0,0.0,1.0,,3.0
101113,0,Cash loans,F,N,Y,0,265500.0,567000.0,472500.0,21500.0,Unaccompanied,Working,Secondary / secondary special,Married,House / apartment,0.058748,-14987,-757,-969.0,-627,,1,1,0,1,0,0,,2.0,2,2,THURSDAY,16,0,0,0,0,0,0,XNA,0.571535,0.757044,,0.2718,0.2948,0.2939,0.1905,0.1769,0.1848,0.2437,0.2444,0.2457,0.1925,0.2435,0.2396,0.3241,0.3143,0.303,0.2864,0.2553,0.2804,0.1425,0.155,0.1625,0.255,0.2642,0.2585,0.3116,0.2965,0.2658,0.3116,0.3133,0.2759,0.097,0.1422,0.135,0.3386,0.3439,0.307,0.2992,0.304,0.3138,0.2728,0.2674,0.2591,,block of flats,,"Stone, brick",,0.0,0.0,0.0,0.0,-2614.0,0,1,0,0,0,0,0,0,0,0,0,0,0,0,0,0,0,0,0,0,0.0,,0.0,1.0,0.0,4.0
101114,0,Revolving loans,M,Y,N,0,180000.0,1026000.0,931500.0,42000.0,Unaccompanied,Pensioner,Higher education,Married,With parents,0.013917,-23106,365243,-44.0,-4797,,1,0,0,1,1,0,Accountants,2.0,2,2,TUESDAY,10,0,0,0,0,1,0,Business Entity Type 3,,0.601838,,0.1482,0.1841,0.1658,0.1713,0.1152,0.1651,0.1587,0.1586,0.132,0.1164,0.0827,0.1294,0.0959,0.0983,0.1256,0.1559,0.1945,0.1907,0.1494,0.1648,0.1702,0.1594,0.1878,0.1742,0.1151,0.1161,0.0942,0.0918,0.1168,0.1157,0.148,0.1536,0.1407,0.117,0.1292,0.0896,0.0694,0.1148,0.0688,0.1515,0.1411,0.1544,,block of flats,0.1126,,,3.0,0.0,3.0,0.0,-930.0,0,1,0,0,0,0,0,0,0,0,0,0,0,0,0,0,0,0,0,0,0.0,,0.0,0.0,0.0,7.0
101115,0,Revolving loans,F,N,Y,0,139500.0,724500.0,603000.0,24500.0,Unaccompanied,State servant,Secondary / secondary special,Married,House / apartment,0.004622,-10703,-670,-2453.0,-3552,,1,1,0,1,0,0,,2.0,2,1,WEDNESDAY,19,0,0,0,0,1,0,Business Entity Type 3,,0.660616,0.583493,0.4209,0.4121,0.3976,0.5239,0.4563,0.5166,0.4535,0.481,0.4658,0.3558,0.4055,0.3987,0.4959,0.5072,0.5039,0.3283,0.2978,0.3282,0.2974,0.3124,0.3239,0.4069,0.4442,0.4499,0.4281,0.4298,0.385,0.3149,0.3239,0.2894,0.3819,0.422,0.4012,0.587,0.5634,0.5762,0.4755,0.508,0.491,0.4921,0.5345,0.5237,,block of flats,0.451,,,2.0,0.0,2.0,0.0,-2525.0,0,1,0,0,0,0,0,0,0,0,0,0,0,0,0,0,0,0,0,0,0.0,0.0,,0.0,,7.0
101116,0,Cash loans,F,N,Y,0,67500.0,112500.0,103500.0,10000.0,Family,Working,Secondary / secondary special,Married,House / apartment,0.056495,-10229,-1616,-246.0,-2575,,1,1,0,1,0,0,Core staff,1.0,2,2,FRIDAY,15,1,0,0,0,1,0,XNA,,0.248197,,0.9354,0.9515,0.9677,0.9734,1.0,1.0,0.648,0.6537,0.6246,0.7121,0.7028,0.7326,0.5999,0.5551,0.5446,0.5471,0.5537,0.5542,0.5739,0.569,0.5771,0.7502,0.754,0.7062,0.9003,0.9201,0.9241,0.5945,0.6277,0.6219,0.7945,0.8021,0.7979,0.9757,0.9804,0.9644,0.9657,0.9325,0.9839,0.4665,0.4527,0.5042,,,0.6042,,No,3.0,0.0,3.0,0.0,-1455.0,0,0,0,0,0,0,0,0,0,0,0,0,0,0,0,0,0,0,0,0,,0.0,1.0,0.0,0.0,1.0
101117,0,Cash loans,F,N,N,2,144000.0,355500.0,279000.0,32000.0,Unaccompanied,Working,Higher education,Widow,House / apartment,0.011066,-21600,-3556,-9009.0,-3685,,1,1,0,1,1,0,Drivers,3.0,2,3,TUESDAY,13,0,0,0,0,0,0,Business Entity Type 3,,0.378261,0.419462,0.3268,0.2705,0.3513,0.31,0.3026,0.3424,0.2338,0.25,0.1993,0.3089,0.2598,0.3107,0.1927,0.1645,0.2177,0.2856,0.3153,0.3387,0.3446,0.3321,0.3354,0.3745,0.3135,0.3759,0.3345,0.3077,0.3083,0.3241,0.3112,0.3115,0.2981,0.2706,0.2723,0.259,0.2527,0.2363,0.1866,0.2112,0.1892,0.2859,0.2363,0.2766,reg oper account,block of flats,0.2842,,No,0.0,1.0,0.0,0.0,-2318.0,0,0,0,0,0,0,0,0,0,0,0,0,0,0,0,0,0,0,0,0,0.0,,0.0,0.0,0.0,1.0
101118,0,Cash loans,M,N,Y,1,288000.0,778500.0,666000.0,38000.0,Family,Commercial associate,Higher education,Single / not married,House / apartment,0.03267,-9290,-1076,-1620.0,-918,,1,1,1,1,0,1,Sales staff,3.0,1,1,SATURDAY,21,0,0,0,0,1,0,XNA,,0.345879,0.791091,0.0996,0.0992,0.0634,0.0645,0.1031,0.1244,0.089,0.13,0.1378,0.1186,0.1137,0.0858,0.1118,0.0935,0.0873,0.1508,0.1606,0.1511,0.0672,0.1461,0.1312,0.1468,0.123,0.1521,0.1397,0.0863,0.1503,0.0513,0.0857,0.0598,0.0715,0.0909,0.0826,0.1582,0.1277,0.1489,0.1635,0.1143,0.1317,0.0798,0.1008,0.0712,,block of flats,0.1198,Panel,,0.0,0.0,0.0,0.0,-3155.0,0,1,0,0,0,0,0,0,0,0,0,0,0,0,0,0,0,0,0,0,0.0,0.0,0.0,0.0,0.0,3.0
101119,0,Cash loans,F,N,Y,0,76500.0,405000.0,328500.0,13000.0,Unaccompanied,Commercial associate,Higher education,Married,House / apartment,0.01226,-21907,-3807,-8721.0,-4064,,1,1,0,1,1,0,,1.0,2,3,FRIDAY,16,0,0,0,0,0,0,Business Entity Type 3,,0.435989,0.509702,0.4296,0.4206,0.4353,0.4718,0.5168,0.5069,0.6614,0.6284,0.6544,0.8389,0.838,0.8677,0.6493,0.6484,0.6483,0.8682,0.8396,0.8585,0.7333,0.7273,0.751,0.8632,0.8408,0.8704,0.6052,0.6232,0.5801,0.4367,0.4461,0.4265,0.8636,0.8182,0.8622,0.5833,0.5995,0.6206,0.8437,0.8379,0.8615,0.7562,0.77,0.7259,,block of flats,0.7953,Panel,,1.0,1.0,1.0,0.0,-1907.0,0,1,0,0,0,0,0,0,0,0,0,0,0,0,0,0,0,0,0,0,0.0,0.0,0.0,1.0,0.0,2.0
101120,0,Cash loans,M,N,Y,0,130500.0,414000.0,373500.0,14000.0,Unaccompanied,Working,Secondary / secondary special,Married,House / apartment,0.026615,-17926,-1278,-5450.0,-1797,,1,1,0,1,0,0,Laborers,2.0,1,1,TUESDAY,11,0,0,0,0,1,1,Business Entity Type 3,,0.659594,0.355223,0.5415,0.5549,0.5587,0.3873,0.4592,0.436,0.3148,0.2841,0.2758,0.5475,0.5548,0.5314,0.5349,0.5131,0.5376,0.5103,0.5207,0.5275,0.3775,0.3927,0.3268,0.4921,0.5066,0.539,0.4752,0.5,0.4713,0.4189,0.3999,0.4279,0.3153,0.286,0.3139,0.3505,0.3382,0.348,0.2942,0.2749,0.3015,0.4302,0.4367,0.4268,,,,,,1.0,0.0,1.0,0.0,-1112.0,0,1,0,0,0,0,0,0,0,0,0,0,0,0,0,0,0,0,0,0,0.0,0.0,0.0,2.0,,1.0
101121,0,Cash loans,XNA,N,N,0,117000.0,436500.0,369000.0,24000.0,Family,Commercial associate,Secondary / secondary special,Married,House / apartment,0.01815,-16635,-2026,-8482.0,-246,,1,1,0,1,1,0,,1.0,2,2,WEDNESDAY,9,0,0,0,0,0,0,Business Entity Type 2,0.599297,0.701483,0.503131,0.9678,0.9868,0.9881,0.7738,0.7715,0.7834,0.4609,0.4851,0.5123,0.7852,0.7836,0.7451,0.8776,0.8372,0.8631,0.573,0.5639,0.5808,0.8825,0.881,0.894,0.9401,0.9729,0.9596,0.7645,0.7827,0.7878,0.9178,0.8846,0.8847,1.0,0.9865,0.9963,0.5443,0.4987,0.4985,0.4933,0.5425,0.5172,0.7873,0.7793,0.8025,,,,,,1.0,1.0,1.0,0.0,-3905.0,0,0,0,0,0,0,0,0,0,0,0,0,0,0,0,0,0,0,0,0,0.0,0.0,0.0,0.0,0.0,
101122,0,Cash loans,F,N,Y,0,99000.0,171000.0,162000.0,10500.0,Unaccompanied,Commercial associate,Higher education,Single / not married,House / apartment,0.034769,-12510,-1502,-160.0,-1403,,1,1,0,1,0,0,,2.0,2,2,THURSDAY,11,0,0,0,0,0,0,School,,0.748004,0.533599,0.1877,0.2422,0.2054,0.1185,0.1133,0.1129,0.2356,0.2233,0.1996,0.1323,0.1409,0.1478,0.1734,0.1481,0.1801,0.1442,0.1379,0.1268,0.2226,0.2379,0.2048,0.1317,0.1191,0.1243,0.0983,0.1264,0.1193,0.2122,0.1948,0.2112,0.1231,0.1461,0.1129,0.111,0.1442,0.1407,0.154,0.1118,0.132,0.2244,0.2601,0.2496,,block of flats,,"Stone, brick",No,3.0,0.0,3.0,0.0,-1662.0,0,1,0,0,0,0,0,0,0,0,0,0,0,0,0,0,0,0,0,0,0.0,0.0,0.0,0.0,,0.0
101123,0,Cash loans,F,N,Y,0,166500.0,2335500.0,1876500.0,76500.0,Unaccompanied,Working,Higher education,Married,House / apartment,0.016379,-20032,-1011,-12195.0,-2191,,1,1,1,1,1,0,Medicine staff,2.0,2,2,TUESDAY,12,0,0,0,0,0,1,XNA,,0.915296,0.70829,0.4432,0.4574,0.4033,0.4177,0.4129,0.4528,0.58,0.5774,0.6282,0.3306,0.2769,0.3433,0.4784,0.4962,0.4719,0.367,0.3492,0.3498,0.4442,0.4727,0.4821,0.3481,0.3081,0.2943,0.4133,0.3996,0.3952,0.351,0.343,0.3887,0.5911,0.6057,0.598,0.5812,0.5652,0.6029,0.3351,0.3458,0.3673,0.3301,0.3127,0.3221,,block of flats,,Panel,No,4.0,0.0,4.0,0.0,-403.0,0,1,0,0,0,0,0,0,0,0,0,0,0,0,0,0,0,0,0,0,0.0,,0.0,0.0,0.0,6.0
101124,0,Cash loans,M,N,Y,2,189000.0,765000.0,684000.0,70500.0,Unaccompanied,Commercial associate,Higher education,Separated,House / apartment,0.012456,-20634,-14060,-313.0,-2639,,1,1,0,1,0,0,Laborers,4.0,2,2,THURSDAY,10,0,0,0,0,0,0,Military,,0.495785,0.958723,0.0811,0.0859,0.0877,0.1778,0.1715,0.1725,0.1388,0.129,0.1484,0.1101,0.1353,0.1477,0.0971,0.0804,0.0827,0.1279,0.1402,0.1135,0.08,0.0711,0.0987,0.1388,0.1698,0.1675,0.146,0.122,0.1484,0.1964,0.1421,0.1649,0.161,0.1603,0.157,0.0936,0.0625,0.091,0.1443,0.1689,0.1343,0.1632,0.12,0.151,,block of flats,,,No,2.0,0.0,2.0,0.0,-604.0,0,0,0,0,0,0,0,0,0,0,0,0,0,0,0,0,0,0,0,0,0.0,0.0,,,0.0,
101125,0,Cash loans,F,N,Y,1,184500.0,945000.0,850500.0,35500.0,Unaccompanied,Working,Higher education,Married,House / apartment,0.02193,-17953,-777,-4257.0,-1373,,1,1,0,1,0,0,,3.0,1,1,SUNDAY,8,0,1,0,0,0,1,XNA,0.656827,0.178773,0.500676,0.1578,0.1662,0.1438,0.1603,0.1546,0.2093,0.1432,0.1552,0.1569,0.0995,0.151,0.1251,0.2282,0.2504,0.2293,0.1092,0.144,0.1585,0.122,0.1549,0.0804,0.2496,0.2472,0.2336,0.2157,0.2203,0.2285,0.2444,0.2216,0.2395,0.2011,0.2091,0.1959,0.2075,0.241,0.2422,0.0813,0.1362,0.1302,0.2743,0.2841,0.2497,reg oper account,block of flats,0.1525,"Stone, brick",,0.0,0.0,,0.0,-153.0,0,1,0,0,0,0,0,0,0,0,0,0,0,0,0,0,0,0,0,0,0.0,0.0,,0.0,2.0,3.0
101126,0,Cash loans,F,N,N,0,85500.0,247500.0,193500.0,11000.0,Unaccompanied,Pensioner,Secondary / secondary special,Married,House / apartment,0.014752,-21673,365243,-13505.0,-4733,,1,0,1,1,0,0,Laborers,2.0,2,2,THURSDAY,13,0,0,0,1,0,1,Business Entity Type 2,,0.713624,0.734777,0.0527,0.1028,0.0977,0.1213,0.1275,0.0861,0.068,0.0909,0.0839,0.0608,0.0168,0.0487,0.0626,0.0811,0.0739,0.0738,0.0411,0.0463,0.0229,0.0677,0.0911,0.1073,0.0726,0.1212,0.0549,0.0737,0.0525,0.0822,0.0411,0.0731,0.0737,0.1104,0.0878,0.047,0.0463,0.0843,0.0553,0.0426,0.0694,0.0938,0.0347,0.0458,,,0.0933,"Stone, brick",,2.0,1.0,2.0,0.0,-565.0,0,1,0,0,0,0,0,0,0,0,0,0,0,0,0,0,0,0,0,0,0.0,0.0,0.0,0.0,0.0,3.0
101127,0,Cash loans,M,Y,Y,0,58500.0,157500.0,126000.0,9000.0,Unaccompanied,Working,Secondary / secondary special,Separated,House / apartment,0.005654,-14695,-806,-1292.0,-1584,,1,1,1,1,0,0,High skill tech staff,2.0,2,1,MONDAY,15,0,0,0,0,0,0,XNA,,0.9995,0.789618,0.4197,0.4004,0.3757,0.2473,0.2785,0.2554,0.2113,0.2274,0.2066,0.4276,0.4662,0.4406,0.2337,0.278,0.2917,0.427,0.4375,0.4166,0.3859,0.3761,0.4282,0.3363,0.3543,0.2916,0.4728,0.4886,0.4494,0.2731,0.2676,0.2469,0.3293,0.3854,0.395,0.3913,0.4221,0.3707,0.3377,0.3128,0.2949,0.466,0.4363,0.431,,block of flats,0.3339,Panel,,0.0,1.0,0.0,0.0,-1274.0,0,1,0,0,0,0,0,0,0,0,0,0,0,0,0,0,0,0,0,0,0.0,0.0,0.0,0.0,0.0,3.0
101128,0,Cash loans,F,N,Y,0,171000.0,1908000.0,1606500.0,74500.0,Unaccompanied,Pensioner,Higher education,Separated,House / apartment,0.012879,-24375,365243,-13900.0,-699,,1,0,0,1,0,0,Managers,2.0,2,2,SATURDAY,18,0,0,0,0,0,1,XNA,,0.607195,0.450342,0.3234,0.3281,0.3162,0.4779,0.4767,0.4518,0.6242,0.5947,0.5905,0.295,0.2537,0.3151,0.4309,0.4149,0.4306,0.5254,0.5426,0.5025,0.3134,0.2785,0.3113,0.534,0.5272,0.5238,0.4412,0.4627,0.4786,0.5417,0.5415,0.5424,0.3707,0.4051,0.3772,0.588,0.5797,0.6063,0.4197,0.4375,0.3952,0.4246,0.4229,0.4528,reg oper account,,0.581,,,1.0,0.0,1.0,0.0,-611.0,0,1,0,0,0,0,0,0,0,0,0,0,0,0,0,0,0,0,0,0,0.0,0.0,0.0,0.0,0.0,
101129,0,Cash loans,F,N,Y,1,112500.0,153000.0,139500.0,9500.0,Family,Working,Secondary / secondary special,Married,House / apartment,0.0725,-21901,-1235,-7380.0,-1334,,1,1,0,1,0,0,Sales staff,2.0,2,2,SUNDAY,12,0,0,0,0,0,0,XNA,,0.483831,0.510414,0.2421,0.295,0.2703,0.1433,0.1224,0.1295,0.1848,0.2162,0.1818,0.1399,0.1716,0.2072,0.2185,0.2504,0.2277,0.2913,0.258,0.2982,0.2409,0.2452,0.257,0.246,0.2405,0.2765,0.29,0.2941,0.254,0.235,0.2422,0.2527,0.3009,0.2864,0.2874,0.1953,0.1862,0.2339,0.1897,0.1943,0.2208,0.1577,0.1987,0.1705,,block of flats,0.3016,,,2.0,0.0,2.0,0.0,-1396.0,0,0,0,0,0,0,0,0,0,0,0,0,0,0,0,0,0,0,0,0,0.0,0.0,0.0,0.0,0.0,2.0
101130,0,Revolving loans,M,N,Y,0,405000.0,1840500.0,1791000.0,68500.0,Unaccompanied,State servant,Higher education,Married,House / apartment,0.006045,-7892,-1318,-1072.0,-2400,,1,1,0,1,1,0,Cooking staff,2.0,2,2,SATURDAY,14,0,0,0,0,0,0,Business Entity Type 3,,0.506345,0.678452,0.5462,0.576,0.5439,0.5727,0.5808,0.559,0.5382,0.5217,0.5297,0.6709,0.61,0.6108,0.4941,0.5142,0.5063,0.2913,0.28,0.2774,0.5445,0.5558,0.5373,0.4228,0.4251,0.3983,0.5839,0.6124,0.6419,0.3562,0.4109,0.3894,0.285,0.281,0.3568,0.4705,0.4298,0.4278,0.3775,0.3837,0.3765,0.2972,0.2742,0.2727,,block of flats,,"Stone, brick",,2.0,0.0,2.0,0.0,-3347.0,0,0,0,0,0,0,0,0,0,0,0,0,0,0,0,0,0,0,0,0,0.0,0.0,,,1.0,4.0
101131,0,Revolving loans,F,N,Y,0,414000.0,828000.0,661500.0,57000.0,Unaccompanied,Pensioner,Secondary / secondary special,Civil marriage,House / apartment,0.021714,-25142,365243,-269.0,-268,,1,0,1,1,0,0,Core staff,1.0,2,2,TUESDAY,6,0,0,1,0,0,0,Medicine,0.432228,0.5801,0.425464,0.4205,0.4245,0.4192,0.2452,0.2428,0.2235,0.2942,0.2965,0.2462,0.343,0.3448,0.329,0.3396,0.3512,0.3249,0.1952,0.212,0.2039,0.4064,0.3908,0.4251,0.3313,0.2992,0.3284,0.2637,0.2322,0.2246,0.1864,0.2927,0.2826,0.2524,0.2672,0.2511,0.3241,0.2801,0.2589,0.3256,0.318,0.3306,0.2832,0.2372,0.2623,reg oper spec account,,,Panel,,1.0,0.0,1.0,1.0,-2556.0,0,1,0,0,0,0,0,0,0,0,0,0,0,0,0,0,0,0,0,0,0.0,,0.0,1.0,0.0,5.0
101132,0,Cash loans,F,Y,N,0,441000.0,1377000.0,1269000.0,62000.0,"Spouse, partner",Working,Higher education,Single / not married,House / apartment,0.016086,-12900,-1309,-2783.0,-550,15.0,1,1,0,1,0,0,Laborers,2.0,2,2,TUESDAY,15,0,0,0,0,0,0,Business Entity Type 3,,0.515545,0.677796,0.0647,0.0846,0.037,0.0991,0.1045,0.0501,0.0492,0.0235,0.0158,0.0822,0.0851,0.059,0.0635,0.0518,0.0569,0.0516,0.055,0.0551,0.0843,0.0543,0.0409,0.0639,0.0407,0.0679,0.0924,0.0141,0.0381,0.1126,0.0493,0.0704,0.0957,0.051,0.0424,0.0649,0.0517,0.0597,0.0764,0.0721,0.0582,0.0687,0.0604,0.0381,,block of flats,,,,2.0,0.0,2.0,0.0,-3458.0,0,1,0,0,0,0,0,0,0,0,0,0,0,0,0,0,0,0,0,0,,0.0,,0.0,1.0,2.0
101133,0,Cash loans,F,N,N,0,85500.0,234000.0,216000.0,9000.0,Unaccompanied,State servant,Higher education,Married,House / apartment,0.058388,-18726,-335,-1177.0,-943,,1,1,1,1,0,0,,2.0,2,2,THURSDAY,9,0,0,0,0,0,0,Transport: type 4,,0.289934,0.348868,0.2201,0.2513,0.2247,0.1107,0.0975,0.0876,0.2048,0.1976,0.2317,0.1321,0.15,0.1855,0.1709,0.189,0.1654,0.1277,0.1654,0.1472,0.2204,0.2077,0.2484,0.1491,0.2005,0.16,0.2327,0.1821,0.2312,0.1572,0.1795,0.1569,0.1459,0.1475,0.1159,0.2171,0.1609,0.1931,0.161,0.1535,0.1368,0.0814,0.1366,0.1194,reg oper account,,0.2188,Wooden,,1.0,0.0,1.0,0.0,-3204.0,0,1,0,0,0,0,0,0,0,0,0,0,0,0,0,0,0,0,0,0,0.0,0.0,0.0,1.0,1.0,2.0
101134,0,Cash loans,M,N,Y,0,202500.0,459000.0,418500.0,42000.0,Unaccompanied,Working,Secondary / secondary special,Single / not married,House / apartment,0.00939,-18151,-499,-42.0,-2348,,1,1,0,1,0,0,,2.0,2,2,WEDNESDAY,13,0,0,0,0,0,0,XNA,0.87131,0.445693,0.434591,0.1157,0.1638,0.1227,0.1899,0.21,0.2005,0.178,0.1831,0.1573,0.2308,0.2546,0.242,0.1279,0.1916,0.1553,0.1468,0.1532,0.1656,0.272,0.2381,0.2546,0.1603,0.1524,0.165,0.1917,0.187,0.1946,0.1425,0.1543,0.1564,0.2215,0.2064,0.2318,0.1407,0.1439,0.1382,0.2414,0.2956,0.284,0.1602,0.1496,0.1622,reg oper account,block of flats,0.1238,,,2.0,1.0,2.0,0.0,-3877.0,0,1,0,0,0,0,0,0,0,0,0,0,0,0,0,0,0,0,0,0,0.0,0.0,,1.0,,1.0
101135,0,Revolving loans,M,Y,Y,0,238500.0,949500.0,837000.0,33500.0,Unaccompanied,Commercial associate,Higher education,Separated,Rented apartment,0.019912,-16617,-1743,-5964.0,-5711,,1,1,1,1,1,0,High skill tech staff,1.0,2,2,THURSDAY,12,0,0,0,0,0,0,Self-employed,,0.506379,0.67615,0.6523,0.6256,0.6106,0.535,0.5142,0.541,0.494,0.5376,0.4639,0.4263,0.4264,0.4695,0.5951,0.5606,0.5758,0.3358,0.3466,0.3865,0.4425,0.4329,0.4322,0.3877,0.3962,0.4081,0.3011,0.3331,0.287,0.3923,0.3968,0.4193,0.3107,0.347,0.3223,0.5122,0.4706,0.4859,0.536,0.5122,0.5328,0.3263,0.3678,0.3314,,,0.3044,,,1.0,0.0,1.0,0.0,-1600.0,0,0,0,0,0,0,1,0,0,0,0,0,0,0,0,0,0,0,0,0,0.0,,0.0,,0.0,4.0
101136,0,Cash loans,F,Y,Y,0,225000.0,211500.0,207000.0,6500.0,Unaccompanied,Pensioner,Secondary / secondary special,Married,House / apartment,0.028616,-21453,365243,-9943.0,-3495,27.0,1,0,0,1,1,1,Sales staff,1.0,2,2,SATURDAY,11,0,0,0,0,0,0,XNA,,0.757793,0.724598,0.1481,0.1923,0.1938,0.1258,0.1508,0.1659,0.1923,0.2011,0.1707,0.0944,0.1069,0.0941,0.1261,0.1527,0.1032,0.1202,0.1262,0.1487,0.1599,0.1041,0.1774,0.1021,0.1195,0.1371,0.0633,0.0848,0.0774,0.113,0.155,0.1102,0.0364,0.1104,0.0933,0.0754,0.1236,0.0865,0.0891,0.08,0.0909,0.1049,0.0635,0.0635,reg oper account,,,,No,1.0,0.0,1.0,0.0,-395.0,0,1,0,0,0,0,0,0,0,0,0,0,0,0,0,0,0,0,0,0,0.0,0.0,0.0,0.0,0.0,
101137,0,Cash loans,F,Y,Y,1,121500.0,400500.0,351000.0,10500.0,Unaccompanied,Pensioner,Secondary / secondary special,Married,House / apartment,0.016733,-23164,365243,-10810.0,-491,,1,0,1,1,0,0,,3.0,2,2,SUNDAY,7,0,0,0,0,1,0,Industry: type 3,,0.852698,0.629919,0.2354,0.2492,0.2946,0.3486,0.3004,0.3498,0.255,0.2052,0.2224,0.3347,0.3099,0.3438,0.2063,0.1809,0.1836,0.2932,0.3024,0.2693,0.2109,0.2264,0.2171,0.3505,0.321,0.3408,0.2692,0.2664,0.2788,0.2591,0.2966,0.2445,0.291,0.2829,0.2747,0.3141,0.3017,0.3299,0.1981,0.2362,0.2165,0.2904,0.2936,0.2764,reg oper spec account,block of flats,0.2167,"Stone, brick",,1.0,0.0,1.0,0.0,-3733.0,0,1,0,0,0,0,0,0,0,0,0,0,0,0,0,0,0,0,0,0,0.0,0.0,0.0,1.0,0.0,0.0
101138,0,Cash loans,F,N,Y,0,297000.0,1102500.0,1044000.0,68500.0,Unaccompanied,Commercial associate,Higher education,Married,House / apartment,0.011619,-9012,-2438,-1563.0,-413,,1,1,1,1,1,0,,2.0,2,2,WEDNESDAY,10,0,0,0,0,0,0,Business Entity Type 3,0.70174,0.068985,,0.341,0.3881,0.3972,0.3626,0.3747,0.3474,0.5768,0.5642,0.5514,0.6013,0.5865,0.5595,0.3114,0.3325,0.3094,0.4137,0.404,0.377,0.3349,0.2684,0.2999,0.5452,0.5444,0.5602,0.5156,0.4882,0.5188,0.3827,0.4278,0.429,0.2535,0.3057,0.2877,0.4433,0.4216,0.4342,0.4268,0.4477,0.4543,0.6055,0.6259,0.5861,reg oper account,block of flats,0.5068,,,3.0,0.0,3.0,1.0,-1665.0,0,1,0,0,1,0,0,0,0,0,0,0,0,0,0,0,0,0,0,0,0.0,0.0,0.0,0.0,0.0,5.0
101139,0,Cash loans,F,N,Y,0,148500.0,274500.0,229500.0,17000.0,Unaccompanied,State servant,Secondary / secondary special,Single / not married,House / apartment,0.018444,-21616,-2536,-11008.0,-620,,1,1,0,1,0,0,Managers,2.0,2,2,SATURDAY,9,1,0,0,0,0,0,XNA,,0.89073,0.705062,0.231,0.2552,0.2663,0.1997,0.2317,0.2046,0.2644,0.2609,0.3105,0.2833,0.2814,0.2521,0.446,0.4179,0.4316,0.3469,0.3488,0.4063,0.294,0.3033,0.2495,0.3989,0.3711,0.4023,0.205,0.1722,0.1815,0.4078,0.4206,0.4137,0.4348,0.4297,0.4547,0.2215,0.2407,0.1657,0.3165,0.2914,0.3231,0.2556,0.2709,0.2122,reg oper account,block of flats,,,No,4.0,0.0,4.0,0.0,-2762.0,0,0,0,0,0,0,0,0,0,0,0,0,0,0,0,0,0,0,0,0,0.0,,0.0,0.0,0.0,2.0
101140,0,Cash loans,F,N,N,1,157500.0,1413000.0,1332000.0,74000.0,Unaccompanied,Working,Secondary / secondary special,Married,House / apartment,0.015435,-9490,-1884,-1013.0,-399,,1,1,1,1,0,0,,3.0,3,3,THURSDAY,10,0,0,0,0,0,0,Medicine,,0.709322,0.790304,0.3001,0.341,0.3133,0.5557,0.5377,0.5602,0.4796,0.452,0.4401,0.5922,0.5858,0.6143,0.7038,0.6559,0.6874,0.2777,0.3119,0.2942,0.5509,0.5591,0.534,0.3684,0.3803,0.3499,0.7143,0.6621,0.6334,0.6525,0.6314,0.6315,0.4069,0.3977,0.4225,0.4423,0.4464,0.405,0.644,0.6365,0.6792,0.3314,0.3629,0.3575,,,,,No,2.0,0.0,2.0,0.0,-1115.0,0,1,0,0,0,0,0,0,0,0,0,0,0,0,0,0,0,0,0,0,0.0,0.0,0.0,0.0,1.0,
101141,0,Cash loans,M,N,N,0,63000.0,175500.0,171000.0,5000.0,Unaccompanied,Working,Secondary / secondary special,Married,House / apartment,0.015408,-21448,-636,-3389.0,-3031,,1,1,0,1,0,0,Medicine staff,1.0,2,2,THURSDAY,16,0,0,0,0,0,0,XNA,,0.43424,,0.5753,0.539,0.5271,0.6149,0.624,0.6231,0.8052,0.826,0.8098,0.4911,0.5137,0.4295,0.7842,0.7787,0.7526,0.6586,0.6974,0.7125,0.5539,0.5774,0.5549,0.4466,0.4358,0.4497,0.7116,0.7073,0.6927,0.6885,0.6976,0.754,0.715,0.6889,0.704,0.6107,0.6033,0.587,0.4008,0.4065,0.3942,0.6864,0.677,0.7092,,block of flats,,"Stone, brick",,1.0,0.0,1.0,0.0,-332.0,0,1,0,0,0,0,0,0,0,0,0,0,0,0,0,0,0,0,0,0,0.0,0.0,0.0,1.0,1.0,0.0
101142,0,Cash loans,F,N,Y,0,211500.0,724500.0,,32500.0,Unaccompanied,Working,Academic degree,Single / not married,House / apartment,0.0333,-9276,-2159,-1880.0,-4383,,1,1,0,1,0,0,Sales staff,2.0,2,2,TUESDAY,11,0,0,0,0,1,0,Self-employed,0.063409,0.3542,0.780376,0.1182,0.1464,0.1283,0.1633,0.1991,0.1816,0.2042,0.1587,0.1831,0.1803,0.1976,0.1869,0.1797,0.1817,0.1733,0.1295,0.172,0.1562,0.1712,0.1314,0.1401,0.1593,0.1685,0.1218,0.1736,0.1322,0.1777,0.2004,0.1601,0.1588,0.0734,0.0884,0.0773,0.1267,0.1258,0.0984,0.1007,0.1184,0.1304,0.1685,0.1928,0.1587,,,,,Yes,0.0,0.0,0.0,0.0,-307.0,0,1,0,0,0,0,0,0,0,0,0,0,0,0,0,0,0,0,0,0,0.0,0.0,0.0,,1.0,2.0
101143,0,Cash loans,M,Y,N,0,126000.0,355500.0,297000.0,18500.0,Unaccompanied,Working,Secondary / secondary special,Married,House / apartment,0.024007,-19953,-1390,-7583.0,-2606,,1,1,0,1,1,0,Managers,1.0,2,2,TUESDAY,10,0,0,0,0,0,0,Business Entity Type 3,,0.551228,0.68618,0.5719,0.603,0.5896,0.493,0.5161,0.4966,0.5078,0.5071,0.5265,0.5826,0.5758,0.5623,0.3229,0.2459,0.3116,0.4842,0.453,0.4563,0.477,0.4567,0.4508,0.3523,0.3867,0.3892,0.6181,0.6189,0.6159,0.3731,0.3889,0.3902,0.5202,0.5067,0.5537,0.6162,0.5987,0.628,0.6218,0.6343,0.6149,0.4284,0.4262,0.4236,reg oper account,,0.5501,Panel,,1.0,0.0,1.0,0.0,-1349.0,0,1,0,0,0,0,0,0,0,0,0,0,0,0,0,0,0,0,0,0,,0.0,0.0,1.0,0.0,1.0
101144,0,Cash loans,F,N,Y,0,189000.0,706500.0,670500.0,22000.0,Unaccompanied,Commercial associate,Secondary / secondary special,Widow,House / apartment,0.026328,-15856,-2285,-976.0,-2444,,1,1,1,1,0,0,Low-skill Laborers,2.0,2,2,FRIDAY,14,0,0,0,0,1,0,Transport: type 4,0.625188,0.42127,,0.3269,0.2953,0.2657,0.3939,0.4262,0.4221,0.2213,0.2475,0.2578,0.3937,0.3722,0.3765,0.2208,0.2217,0.1982,0.3748,0.4373,0.4044,0.3114,0.2701,0.3111,0.3462,0.2792,0.2893,0.4847,0.4936,0.4614,0.4762,0.4928,0.4488,0.2903,0.2463,0.2498,0.2837,0.2489,0.2635,0.4176,0.3809,0.3772,0.3428,0.3396,0.3435,,block of flats,,"Stone, brick",Yes,2.0,0.0,2.0,0.0,-1750.0,0,1,0,0,0,0,0,0,0,0,0,0,0,0,0,0,0,0,0,0,0.0,0.0,0.0,0.0,1.0,1.0
101145,0,Cash loans,F,N,Y,1,166500.0,1332000.0,1066500.0,119500.0,Family,Working,Secondary / secondary special,Married,House / apartment,0.02295,-19518,-3724,-4041.0,-3568,,1,1,0,1,0,0,,3.0,3,3,THURSDAY,13,0,0,0,0,0,1,Kindergarten,,0.488321,0.698432,0.5521,0.5341,0.5093,0.6511,0.6383,0.6397,0.4404,0.405,0.4243,0.7735,0.7517,0.7548,0.6395,0.645,0.6452,0.6718,0.6326,0.6193,0.4636,0.4353,0.4152,0.6666,0.6854,0.6506,0.8695,0.9336,0.8871,0.6537,0.644,0.6596,0.6352,0.5847,0.5952,0.6188,0.5986,0.6438,0.435,0.4352,0.4041,0.7791,0.8071,0.7812,reg oper account,block of flats,0.6913,,,2.0,2.0,2.0,0.0,-288.0,0,0,0,0,0,0,0,0,0,0,0,0,0,0,0,0,0,0,0,0,0.0,0.0,0.0,0.0,1.0,1.0
101146,0,Cash loans,F,N,N,0,162000.0,2461500.0,2254500.0,93000.0,Family,Commercial associate,Secondary / secondary special,Single / not married,House / apartment,0.033908,-16702,-4419,-934.0,-2108,,1,1,0,1,0,0,Core staff,2.0,2,2,FRIDAY,19,0,0,0,0,0,0,Business Entity Type 3,0.411899,0.459698,0.383724,0.0693,0.1209,0.0513,0.063,0.0941,0.0938,0.1562,0.1821,0.1731,0.1651,0.1945,0.1389,0.1561,0.1401,0.1265,0.1871,0.1867,0.166,0.0966,0.0792,0.1421,0.0883,0.1057,0.0552,0.1913,0.2003,0.1325,0.14,0.1524,0.1191,0.1452,0.1086,0.1358,0.1412,0.1725,0.1664,0.1177,0.1258,0.1926,0.1738,0.2201,0.182,,,,,No,1.0,0.0,1.0,0.0,-2326.0,0,0,0,0,0,0,0,0,0,0,0,0,0,0,0,0,0,0,0,0,0.0,0.0,0.0,0.0,0.0,1.0
101147,0,Cash loans,F,N,Y,0,144000.0,846000.0,720000.0,36000.0,Unaccompanied,Working,Higher education,Married,House / apartment,0.041979,-18622,-2048,-8494.0,-4852,,1,1,0,1,0,0,HR staff,2.0,2,2,TUESDAY,15,0,0,0,0,0,0,Government,,0.498325,0.556397,0.4067,0.378,0.4157,0.2026,0.1725,0.2009,0.2618,0.2936,0.2639,0.3183,0.293,0.3342,0.4324,0.4062,0.4119,0.2897,0.2971,0.3287,0.3008,0.2854,0.3202,0.2551,0.2395,0.2335,0.1964,0.2371,0.2225,0.1914,0.2114,0.1932,0.3236,0.3037,0.2911,0.2464,0.2578,0.2737,0.3891,0.4353,0.3851,0.3104,0.3168,0.345,,block of flats,,Panel,,0.0,0.0,0.0,0.0,-3644.0,0,1,0,0,0,0,0,0,0,0,0,0,0,0,0,0,0,0,0,0,,0.0,0.0,0.0,0.0,2.0
101148,0,Cash loans,M,N,Y,0,225000.0,1597500.0,1458000.0,55500.0,Unaccompanied,Working,Secondary / secondary special,Married,House / apartment,0.015655,-18080,-3003,-1626.0,-4117,,1,1,1,1,0,0,Laborers,1.0,2,2,WEDNESDAY,6,0,0,0,0,0,0,Business Entity Type 3,0.514824,0.346793,0.483581,0.1561,0.1613,0.175,0.1318,0.1302,0.1429,0.1058,0.0967,0.1698,0.1521,0.1583,0.1958,0.241,0.1734,0.1359,0.2565,0.2977,0.235,0.183,0.1575,0.1503,0.2323,0.2342,0.2223,0.3099,0.2792,0.2965,0.1489,0.1684,0.1702,0.1598,0.1311,0.1752,0.2798,0.3006,0.3102,0.2479,0.2498,0.2238,0.1368,0.1468,0.1507,reg oper account,,,"Stone, brick",,2.0,0.0,2.0,0.0,-2498.0,0,1,0,0,0,0,1,0,0,0,0,0,0,0,0,0,0,0,0,0,0.0,0.0,0.0,0.0,0.0,3.0
101149,0,Cash loans,M,Y,N,0,130500.0,1309500.0,1129500.0,41000.0,Unaccompanied,Commercial associate,Higher education,Married,House / apartment,0.031081,-11377,-1079,-2477.0,-5900,,1,1,0,1,0,0,Managers,1.0,2,3,TUESDAY,15,0,0,0,0,1,0,Trade: type 3,,0.42932,,0.1298,0.1168,0.171,0.1902,0.195,0.2437,0.0615,0.0756,0.0812,0.1295,0.1444,0.1548,0.133,0.132,0.1371,0.1554,0.1329,0.163,0.1843,0.1576,0.153,0.1182,0.1292,0.0991,0.1359,0.1408,0.1449,0.2131,0.1717,0.2028,0.1085,0.079,0.0945,0.1942,0.1869,0.2105,0.1026,0.115,0.1102,0.1296,0.1578,0.1375,,block of flats,0.1855,"Stone, brick",No,2.0,0.0,2.0,0.0,-2578.0,0,1,0,0,0,0,0,0,0,0,0,0,0,0,0,0,0,0,0,0,0.0,0.0,0.0,2.0,1.0,1.0
101150,0,Cash loans,M,N,Y,0,67500.0,301500.0,234000.0,15500.0,Unaccompanied,Working,Higher education,Married,House / apartment,0.008372,-20990,-5587,-9377.0,-508,,1,1,0,1,1,0,,1.0,2,2,THURSDAY,14,0,0,0,0,1,0,Business Entity Type 3,0.507662,0.504367,0.569517,0.3194,0.2908,0.3225,0.4583,0.5102,0.4966,0.2132,0.2098,0.1958,0.4089,0.4425,0.4434,0.301,0.35,0.2891,0.4581,0.4924,0.5056,0.3918,0.3497,0.3904,0.3292,0.3221,0.3472,0.3239,0.3271,0.3601,0.4405,0.4322,0.455,0.4629,0.4139,0.4755,0.3548,0.3273,0.3544,0.2951,0.295,0.3402,0.4598,0.4553,0.4787,,block of flats,0.4989,,No,1.0,1.0,1.0,0.0,-3057.0,0,1,0,0,0,0,0,0,0,0,0,0,0,0,0,0,0,0,0,0,0.0,0.0,0.0,,0.0,3.0
101151,0,Cash loans,F,N,N,2,202500.0,1872000.0,1548000.0,64500.0,Unaccompanied,Commercial associate,Incomplete higher,Civil marriage,House / apartment,0.004626,-16839,-741,-10148.0,-2600,,1,1,0,1,0,0,Laborers,4.0,3,3,THURSDAY,17,0,0,0,0,0,1,XNA,0.859049,0.880278,,0.173,0.2094,0.2179,0.1744,0.1727,0.1548,0.2111,0.1808,0.1537,0.1582,0.1554,0.1557,0.1953,0.1634,0.1875,0.1692,0.1294,0.1136,0.1561,0.173,0.1419,0.118,0.1103,0.1009,0.1499,0.1076,0.144,0.2512,0.2469,0.2346,0.1529,0.1649,0.133,0.219,0.1695,0.1589,0.1705,0.2254,0.1988,0.2437,0.2429,0.2467,reg oper account,block of flats,0.157,Panel,,0.0,0.0,0.0,0.0,-172.0,0,1,0,0,0,0,0,0,0,0,0,0,0,0,0,0,0,0,0,0,0.0,0.0,0.0,0.0,,4.0
101152,0,Cash loans,M,N,Y,1,94500.0,571500.0,450000.0,22000.0,Unaccompanied,Pensioner,Higher education,Single / not married,House / apartment,0.058026,-21393,365243,-4594.0,-5158,,1,0,1,1,0,0,High skill tech staff,2.0,3,3,MONDAY,11,0,0,0,0,1,0,Construction,,0.369076,,0.079,0.1135,0.1071,0.2013,0.2115,0.2171,0.2353,0.2362,0.2241,0.2919,0.2182,0.2778,0.1651,0.1892,0.2063,0.1362,0.1104,0.1436,0.2094,0.2188,0.2511,0.1726,0.1489,0.1553,0.2254,0.1942,0.2209,0.179,0.2351,0.1856,0.2262,0.2666,0.2535,0.1789,0.148,0.1522,0.1218,0.1263,0.1116,0.1245,0.1483,0.1603,,,,,No,1.0,0.0,1.0,0.0,-4086.0,0,1,0,0,0,0,0,0,0,0,0,0,0,0,0,0,0,0,0,0,0.0,0.0,1.0,0.0,0.0,
101153,0,Cash loans,F,N,N,1,72000.0,306000.0,265500.0,22000.0,Unaccompanied,Commercial associate,Secondary / secondary special,Married,House / apartment,0.015208,-12030,-5456,-4511.0,-4035,,1,1,0,1,0,0,Laborers,3.0,2,2,TUESDAY,16,0,0,0,1,0,0,Business Entity Type 3,0.349576,0.836959,,0.5005,0.4489,0.45,0.2285,0.2438,0.2826,0.4443,0.4551,0.4372,0.3931,0.342,0.3583,0.463,0.4562,0.4329,0.5009,0.5421,0.5448,0.2989,0.2749,0.2778,0.4169,0.394,0.4169,0.2391,0.2125,0.2304,0.35,0.3356,0.3892,0.4684,0.4579,0.4618,0.4218,0.3898,0.4304,0.2481,0.2403,0.268,0.4035,0.443,0.4192,,block of flats,,Panel,No,1.0,0.0,1.0,0.0,-3597.0,0,1,0,0,1,0,1,0,0,0,0,0,0,0,0,0,0,0,0,0,0.0,0.0,0.0,0.0,1.0,1.0
101154,0,Cash loans,M,N,Y,0,85500.0,405000.0,382500.0,11000.0,Unaccompanied,Pensioner,Higher education,Married,House / apartment,0.021869,-21056,365243,-8172.0,-4652,,1,0,0,1,1,1,Security staff,2.0,2,2,TUESDAY,11,0,0,0,0,0,0,Trade: type 3,,0.2952,0.710561,0.5465,0.4985,0.5136,0.696,0.6852,0.6834,0.4963,0.4238,0.4704,0.5043,0.4942,0.4732,0.5322,0.5218,0.5364,0.7389,0.7332,0.7751,0.3721,0.3917,0.4126,0.7824,0.788,0.7609,0.7697,0.7856,0.772,0.7727,0.8107,0.7733,0.3579,0.3552,0.3622,0.4788,0.4952,0.505,0.551,0.5167,0.5311,0.4912,0.4946,0.4824,reg oper account,,,Panel,No,3.0,0.0,3.0,0.0,-2852.0,0,1,0,0,0,0,0,0,0,0,0,0,0,0,0,0,0,0,0,0,0.0,0.0,0.0,0.0,1.0,
101155,0,Cash loans,F,Y,Y,0,171000.0,243000.0,225000.0,7500.0,Unaccompanied,State servant,Secondary / secondary special,Widow,House / apartment,0.008749,-20232,-471,-17.0,-2809,,1,1,0,1,1,0,Core staff,2.0,2,2,WEDNESDAY,13,0,0,0,0,0,0,Medicine,,0.462688,0.375351,0.4726,0.4301,0.4298,0.517,0.5046,0.557,0.6469,0.6103,0.6002,0.7071,0.7159,0.7203,0.7397,0.7591,0.7122,0.6766,0.6578,0.6131,0.6878,0.6348,0.6726,0.3701,0.3854,0.3226,0.4523,0.4684,0.4546,0.4973,0.5379,0.5549,0.6835,0.7207,0.6659,0.5983,0.6382,0.5969,0.6692,0.6474,0.6147,0.3773,0.3881,0.4107,reg oper account,,0.584,,No,2.0,0.0,2.0,0.0,-3234.0,0,1,0,0,0,0,0,0,0,0,0,0,0,0,0,0,0,0,0,0,,0.0,0.0,0.0,1.0,1.0
101156,0,Cash loans,F,N,Y,1,139500.0,639000.0,598500.0,17000.0,Family,Working,Secondary / secondary special,Married,House / apartment,0.008502,-19020,-1194,-3347.0,-2337,,1,1,0,1,1,0,,3.0,2,3,TUESDAY,9,1,0,0,0,1,0,Self-employed,0.956496,0.743525,0.420838,0.1791,0.1459,0.1379,0.2132,0.2321,0.2655,0.2717,0.2732,0.3235,0.2473,0.2107,0.2467,0.1802,0.1729,0.1984,0.2712,0.2174,0.2571,0.2583,0.2545,0.2916,0.1724,0.231,0.2173,0.2246,0.2394,0.2396,0.2413,0.2966,0.2925,0.1535,0.1735,0.1252,0.1796,0.1548,0.1601,0.1725,0.1545,0.2023,0.3039,0.2637,0.2903,reg oper account,,0.2876,,No,3.0,0.0,3.0,1.0,-1724.0,0,0,0,0,0,0,0,0,0,0,0,0,0,0,0,0,0,0,0,0,0.0,0.0,0.0,1.0,0.0,3.0
101157,0,Cash loans,F,N,N,0,45000.0,76500.0,72000.0,2500.0,Unaccompanied,Commercial associate,Secondary / secondary special,Separated,House / apartment,0.012019,-11973,-5398,-1467.0,-4517,,1,1,0,1,0,0,Laborers,2.0,3,3,SUNDAY,8,0,0,0,0,0,0,Business Entity Type 3,0.827006,0.683711,0.510494,0.3031,0.2455,0.2834,0.1188,0.1333,0.1163,0.2497,0.248,0.2341,0.1221,0.1423,0.1521,0.2105,0.1993,0.2107,0.1837,0.1948,0.1822,0.1781,0.156,0.1548,0.2662,0.232,0.2504,0.2563,0.1973,0.2649,0.2184,0.2053,0.1805,0.1838,0.2102,0.2252,0.184,0.1648,0.1644,0.2135,0.1659,0.151,0.254,0.2066,0.2313,reg oper spec account,block of flats,,Panel,,1.0,0.0,1.0,0.0,-2380.0,0,1,0,0,0,0,0,0,0,0,0,0,0,0,0,0,0,0,0,0,0.0,0.0,0.0,1.0,0.0,
101158,0,Cash loans,F,Y,Y,0,117000.0,184500.0,157500.0,10500.0,Unaccompanied,Working,Higher education,Married,House / apartment,0.027858,-17478,-186,-558.0,-2812,,1,1,0,1,0,0,Accountants,2.0,2,3,WEDNESDAY,15,0,0,0,0,1,0,Medicine,,0.424991,0.402078,0.3024,0.3026,0.3222,0.3399,0.3347,0.3186,0.332,0.3426,0.3177,0.2781,0.2683,0.3218,0.3036,0.3338,0.384,0.2503,0.2341,0.2871,0.3225,0.3236,0.3707,0.4613,0.4708,0.5066,0.3191,0.3478,0.3067,0.5202,0.4924,0.5051,0.3506,0.2998,0.2846,0.2333,0.2852,0.2495,0.3712,0.3349,0.3442,0.3706,0.3787,0.4194,,block of flats,0.2564,Panel,,0.0,0.0,0.0,0.0,-1263.0,0,1,0,0,0,0,0,0,0,0,0,0,0,0,0,0,0,0,0,0,0.0,0.0,0.0,0.0,,5.0
101159,0,Cash loans,F,N,N,2,279000.0,1210500.0,1066500.0,53000.0,Unaccompanied,Working,Secondary / secondary special,Married,House / apartment,0.013576,-7694,-1120,-353.0,-2443,,1,1,0,1,1,0,Sales staff,4.0,2,2,WEDNESDAY,12,0,0,0,0,0,0,Self-employed,,0.597309,0.581703,0.3954,0.3906,0.3833,0.3092,0.2667,0.2862,0.4453,0.4472,0.4501,0.3313,0.2726,0.2575,0.2578,0.2497,0.2749,0.4445,0.4146,0.4498,0.2684,0.2928,0.2777,0.303,0.2912,0.3201,0.235,0.2374,0.2784,0.3287,0.3744,0.3739,0.4195,0.4287,0.4117,0.416,0.388,0.3916,0.3205,0.3724,0.4155,0.5031,0.5173,0.5198,,,0.4834,"Stone, brick",No,4.0,0.0,4.0,0.0,-1609.0,0,1,0,0,0,0,0,0,0,0,0,0,0,0,0,0,0,0,0,0,0.0,1.0,0.0,0.0,0.0,3.0
101160,1,Cash loans,M,Y,Y,0,112500.0,238500.0,211500.0,11000.0,Family,Commercial associate,Secondary / secondary special,Married,House / apartment,0.015185,-12409,-955,-288.0,-2386,,1,1,0,1,0,0,Laborers,2.0,2,2,FRIDAY,8,0,0,0,0,0,0,XNA,0.077139,0.468768,0.553841,0.2898,0.2297,0.2709,0.1228,0.1157,0.0924,0.1525,0.1174,0.1506,0.2686,0.2466,0.2334,0.2512,0.2962,0.2887,0.2502,0.2961,0.2751,0.2087,0.1978,0.1756,0.2054,0.2413,0.2174,0.2226,0.1834,0.1553,0.1464,0.1299,0.1084,0.1308,0.0967,0.1226,0.181,0.1966,0.184,0.2389,0.2818,0.2641,0.1956,0.1805,0.2186,reg oper spec account,,0.2236,Monolithic,No,0.0,0.0,0.0,0.0,-2273.0,0,1,0,0,0,0,0,0,0,0,0,0,0,0,0,0,0,0,0,0,0.0,,0.0,0.0,,3.0
101161,0,Cash loans,M,N,Y,0,135000.0,526500.0,423000.0,47500.0,Unaccompanied,Commercial associate,Secondary / secondary special,Married,House / apartment,0.011786,-19630,-1522,-10153.0,-741,,1,1,0,1,0,0,Laborers,2.0,2,3,SUNDAY,15,0,0,0,0,0,1,XNA,,0.608932,,0.4168,0.3925,0.3992,0.3186,0.3198,0.3179,0.4112,0.4077,0.4056,0.247,0.2656,0.253,0.3775,0.3745,0.3609,0.304,0.2901,0.3323,0.23,0.2455,0.2201,0.2345,0.2191,0.2367,0.2703,0.3219,0.2792,0.3013,0.2888,0.3027,0.3156,0.3361,0.3109,0.2851,0.2798,0.3067,0.4079,0.3608,0.3598,0.257,0.2489,0.2174,not specified,,,Panel,No,0.0,1.0,0.0,0.0,-2774.0,0,1,0,0,0,0,0,0,0,0,0,0,0,0,0,0,0,0,0,0,0.0,0.0,,0.0,1.0,3.0
101162,0,Cash loans,M,N,Y,2,261000.0,1098000.0,990000.0,49000.0,Unaccompanied,Pensioner,Secondary / secondary special,Civil marriage,With parents,0.038525,-21266,365243,-3542.0,-4711,,1,0,1,1,1,0,,3.0,3,3,THURSDAY,3,0,0,0,0,0,0,Self-employed,,0.458653,0.940755,0.7181,0.7812,0.7383,0.363,0.4137,0.3807,0.3813,0.4059,0.4322,0.5292,0.5195,0.5666,0.4924,0.5171,0.568,0.6867,0.6922,0.7049,0.7386,0.808,0.7598,0.3843,0.425,0.4274,0.666,0.6345,0.6597,0.65,0.6376,0.6389,0.7042,0.703,0.7153,0.4321,0.4119,0.4382,0.7196,0.7224,0.7034,0.5445,0.5895,0.5515,,block of flats,0.2767,Mixed,No,1.0,0.0,1.0,0.0,-1625.0,0,1,0,0,0,0,0,0,0,0,0,0,0,0,0,0,0,0,0,0,0.0,0.0,0.0,0.0,1.0,2.0
101163,0,Cash loans,F,Y,Y,0,229500.0,990000.0,913500.0,48500.0,Unaccompanied,Commercial associate,Higher education,Single / not married,House / apartment,0.032041,-12704,-4703,-570.0,-5108,,1,1,0,1,0,0,Laborers,2.0,2,2,WEDNESDAY,9,0,0,0,0,0,1,XNA,0.444912,0.702173,0.455979,0.2409,0.2539,0.2135,0.2687,0.2637,0.2172,0.3066,0.2913,0.312,0.323,0.298,0.3213,0.2717,0.2357,0.2472,0.4273,0.4136,0.4767,0.3344,0.3456,0.3202,0.4195,0.41,0.4418,0.3861,0.3841,0.3456,0.2766,0.3033,0.298,0.39,0.3906,0.4107,0.4489,0.4179,0.4166,0.4497,0.4636,0.4778,0.4394,0.4648,0.4235,reg oper account,,,Panel,,1.0,0.0,1.0,0.0,-2079.0,0,0,0,0,0,0,0,0,0,0,0,0,0,0,0,0,0,0,0,0,0.0,0.0,0.0,1.0,1.0,0.0
101164,0,Cash loans,F,N,N,0,256500.0,607500.0,549000.0,60000.0,Unaccompanied,Pensioner,Secondary / secondary special,Single / not married,House / apartment,0.013851,-23355,365243,-8245.0,-173,,1,0,0,1,0,0,Cleaning staff,2.0,2,2,MONDAY,7,0,0,0,0,0,0,Medicine,0.696533,0.951047,0.733802,0.2974,0.301,0.2822,0.2299,0.2151,0.244,0.306,0.2649,0.3054,0.2669,0.2622,0.2373,0.3786,0.3663,0.3918,0.2819,0.2743,0.279,0.218,0.1585,0.183,0.3848,0.3557,0.3439,0.3466,0.3246,0.3044,0.3103,0.2744,0.2807,0.3606,0.3383,0.3903,0.306,0.3386,0.3161,0.3795,0.3713,0.3783,0.2583,0.2866,0.2848,,,0.2576,,,2.0,0.0,2.0,0.0,-339.0,0,1,0,0,0,0,0,0,0,0,0,0,0,0,0,0,0,0,0,0,0.0,0.0,0.0,0.0,0.0,1.0
101165,0,Cash loans,F,N,Y,0,31500.0,202500.0,189000.0,5500.0,Unaccompanied,Commercial associate,Higher education,Single / not married,House / apartment,0.028579,-8000,-1426,-1153.0,-2414,,1,1,0,1,0,0,Laborers,2.0,1,1,TUESDAY,16,0,0,0,0,0,0,XNA,,0.307341,0.248322,0.7367,0.7394,0.7259,0.6506,0.6234,0.6445,0.714,0.7295,0.7025,0.6907,0.6613,0.687,0.6141,0.6265,0.5735,0.6703,0.6703,0.6328,0.8966,0.878,0.8676,0.943,0.9599,0.9772,0.4211,0.4378,0.459,0.4994,0.529,0.5464,0.8759,0.8931,0.8563,0.5066,0.4806,0.5039,0.8636,0.8477,0.8775,0.5959,0.6155,0.6226,,block of flats,,"Stone, brick",No,1.0,0.0,1.0,0.0,-3043.0,0,1,0,0,0,0,1,0,0,0,0,0,0,0,0,0,0,0,0,0,0.0,0.0,0.0,1.0,0.0,3.0
101166,0,Cash loans,F,N,Y,3,382500.0,1422000.0,1143000.0,99500.0,Unaccompanied,Working,Higher education,Single / not married,Municipal apartment,0.016062,-9750,-3176,-2894.0,-4028,,1,1,0,1,0,0,Laborers,5.0,2,2,TUESDAY,11,0,0,0,0,0,0,Housing,,0.722832,0.869111,0.5448,0.5675,0.4824,0.3677,0.3532,0.3393,0.4657,0.4507,0.4381,0.4147,0.3706,0.3677,0.3432,0.3463,0.366,0.3283,0.3541,0.3558,0.5855,0.642,0.6029,0.3004,0.3486,0.3134,0.5485,0.6167,0.6058,0.3219,0.3452,0.331,0.4091,0.4182,0.405,0.5581,0.5459,0.539,0.4668,0.457,0.4297,0.5795,0.5792,0.6031,,,,"Stone, brick",,2.0,0.0,2.0,0.0,-2585.0,0,1,0,0,0,0,0,0,0,0,0,0,0,0,0,0,0,0,0,0,0.0,0.0,0.0,1.0,0.0,2.0
101167,0,Cash loans,F,N,Y,0,207000.0,1030500.0,958500.0,41000.0,Unaccompanied,Working,Secondary / secondary special,Single / not married,House / apartment,0.015169,-9121,-1855,-2182.0,-900,,1,1,0,1,1,0,Core staff,2.0,2,2,FRIDAY,12,0,0,0,0,1,1,Self-employed,0.863502,0.743579,0.700294,0.3695,0.3986,0.406,0.5335,0.5804,0.4909,0.4817,0.4969,0.4427,0.2801,0.3014,0.2906,0.2433,0.2271,0.2344,0.2559,0.2157,0.2841,0.4442,0.4491,0.4436,0.4147,0.4001,0.3983,0.2957,0.2625,0.2698,0.4688,0.4672,0.5062,0.3753,0.3801,0.4313,0.2635,0.2399,0.2695,0.3046,0.2792,0.2725,0.3402,0.3637,0.3369,,block of flats,,,No,0.0,0.0,0.0,1.0,-1108.0,0,1,0,0,0,0,0,0,0,0,0,0,0,0,0,0,0,0,0,0,0.0,,0.0,0.0,0.0,4.0
101168,0,Cash loans,F,N,Y,1,567000.0,1143000.0,940500.0,34000.0,Unaccompanied,Commercial associate,Secondary / secondary special,Single / not married,House / apartment,0.018132,-14646,-1256,-6775.0,-1815,,1,1,0,1,0,0,Laborers,3.0,2,2,SATURDAY,13,0,0,0,0,0,0,Business Entity Type 3,0.819851,0.587146,0.464821,0.1258,0.1302,0.1554,0.1565,0.1679,0.1719,0.0882,0.0866,0.0965,0.1495,0.1356,0.2042,0.1434,0.1839,0.1876,0.1547,0.1757,0.1351,0.0749,0.116,0.0845,0.1104,0.0923,0.1233,0.1511,0.1144,0.1516,0.1601,0.1638,0.1954,0.1775,0.1751,0.1712,0.1844,0.1821,0.1859,0.1042,0.0954,0.1153,0.1154,0.1507,0.1471,,block of flats,0.176,,,1.0,0.0,1.0,0.0,-2009.0,0,1,0,0,0,0,1,0,0,0,0,0,0,0,0,0,0,0,0,0,0.0,,,0.0,1.0,2.0
101169,0,Cash loans,F,N,Y,0,94500.0,333000.0,319500.0,12000.0,Unaccompanied,Commercial associate,Secondary / secondary special,Civil marriage,House / apartment,0.027864,-20491,-2625,-3177.0,-5770,,1,1,1,1,0,0,High skill tech staff,2.0,2,2,WEDNESDAY,15,0,0,0,0,0,0,Security,0.352526,0.670258,0.655048,0.2245,0.2366,0.2255,0.1799,0.2124,0.233,0.3662,0.3632,0.363,0.3039,0.2185,0.2441,0.278,0.2487,0.2846,0.343,0.3622,0.3614,0.3523,0.3841,0.3623,0.2448,0.2487,0.2355,0.1825,0.1795,0.1801,0.2284,0.173,0.2102,0.3545,0.3461,0.3679,0.3008,0.3192,0.3214,0.2906,0.3067,0.2982,0.3784,0.3682,0.3664,,block of flats,,Panel,,1.0,0.0,1.0,0.0,-2864.0,0,0,0,0,0,0,0,0,0,0,0,0,0,0,0,0,0,0,0,0,0.0,0.0,,1.0,0.0,
101170,0,Cash loans,F,Y,N,0,54000.0,387000.0,319500.0,25500.0,Unaccompanied,Working,Secondary / secondary special,Married,Rented apartment,0.010755,-8876,-2302,-887.0,-4677,,1,1,1,1,0,0,Cooking staff,2.0,2,2,FRIDAY,14,0,0,0,0,0,0,Military,,0.873784,,0.6779,0.6542,0.6328,0.5227,0.5281,0.5141,0.3171,0.3707,0.3372,0.6886,0.6718,0.6711,0.6192,0.6111,0.6562,0.3695,0.3553,0.3142,0.5072,0.5268,0.5271,0.6715,0.7205,0.687,0.4362,0.3942,0.4371,0.5486,0.5849,0.6116,0.4188,0.3817,0.3445,0.4355,0.4828,0.4271,0.5271,0.5264,0.5355,0.642,0.6131,0.6451,,block of flats,0.5127,,,2.0,0.0,2.0,0.0,-2122.0,0,1,0,0,0,0,0,0,0,0,0,0,0,0,0,0,0,0,0,0,0.0,,0.0,0.0,0.0,3.0
101171,0,Cash loans,F,N,N,0,148500.0,985500.0,864000.0,34500.0,Unaccompanied,Working,Secondary / secondary special,Married,Office apartment,0.025534,-20061,-568,-3370.0,-5262,,1,1,0,1,0,0,Managers,2.0,2,2,THURSDAY,15,0,0,0,0,0,1,Bank,,0.537694,0.466442,0.0287,0.0,0.0302,0.0,0.0633,0.0,0.0,0.0,0.0173,0.0216,0.0,0.0,0.0434,0.0174,0.0,0.0095,0.012,0.0,0.02,0.0207,0.0139,0.0104,0.0198,0.0,0.0441,0.0536,0.0227,0.0,0.0388,0.0149,0.0175,0.0264,0.0247,0.0443,0.0,0.047,0.0029,0.0454,0.0109,0.0066,0.0072,0.0108,,,,,,3.0,0.0,3.0,0.0,-1393.0,0,1,0,0,0,0,0,0,0,0,0,0,0,0,0,0,0,0,0,0,0.0,0.0,0.0,0.0,0.0,1.0
101172,0,Cash loans,F,N,Y,0,126000.0,315000.0,274500.0,9500.0,Unaccompanied,Working,Secondary / secondary special,Married,House / apartment,0.0725,-17188,-2279,-9481.0,-5903,,1,1,0,1,1,0,,2.0,2,2,THURSDAY,11,0,0,0,0,0,0,XNA,,0.084968,0.317087,0.4891,0.5258,0.502,0.3113,0.2757,0.2707,0.4826,0.5084,0.5375,0.538,0.4689,0.5239,0.532,0.4698,0.5251,0.4777,0.4608,0.457,0.3123,0.3217,0.3559,0.5143,0.4603,0.5137,0.2209,0.252,0.2517,0.2191,0.2295,0.2162,0.3626,0.4005,0.4087,0.4733,0.4761,0.4691,0.2865,0.2468,0.2668,0.3067,0.2824,0.3427,,,,,No,0.0,0.0,0.0,0.0,-830.0,0,0,0,0,0,0,0,0,0,0,0,0,0,0,0,0,0,0,0,0,,0.0,0.0,0.0,0.0,3.0
101173,0,Cash loans,F,N,Y,0,211500.0,612000.0,508500.0,17000.0,"Spouse, partner",Commercial associate,Higher education,Married,House / apartment,0.020948,-10076,-1397,-126.0,-4088,,1,1,0,1,0,0,Accountants,2.0,2,2,WEDNESDAY,15,0,0,1,0,1,1,XNA,,0.557119,0.799852,0.4632,0.4885,0.4736,0.5116,0.481,0.4727,0.5557,0.4925,0.5239,0.61,0.5597,0.5959,0.3272,0.3383,0.3153,0.4537,0.4477,0.4121,0.2583,0.262,0.3013,0.5536,0.5372,0.5365,0.4906,0.4781,0.4988,0.3262,0.2841,0.306,0.4203,0.4059,0.4126,0.344,0.3374,0.3179,0.5033,0.5149,0.4695,0.3563,0.3488,0.4136,,,,,No,2.0,0.0,2.0,0.0,-732.0,0,1,0,0,0,0,0,0,0,0,0,0,0,0,0,0,0,0,0,0,0.0,0.0,,0.0,,3.0
101174,0,Cash loans,M,N,Y,0,265500.0,603000.0,513000.0,31000.0,Unaccompanied,Working,Secondary / secondary special,Married,House / apartment,0.019119,-11797,-1182,-2288.0,-1673,,1,1,1,1,0,0,,2.0,3,3,SUNDAY,10,0,0,0,0,0,0,Business Entity Type 3,,0.581487,0.540254,0.5019,0.531,0.4852,0.2946,0.3472,0.3859,0.2753,0.2813,0.2838,0.5314,0.5236,0.4877,0.5079,0.477,0.5166,0.2135,0.235,0.2652,0.3102,0.3493,0.3507,0.4342,0.3727,0.3978,0.3966,0.3953,0.3626,0.3353,0.3213,0.3306,0.2441,0.2247,0.2421,0.2666,0.2496,0.2203,0.4888,0.4652,0.497,0.3613,0.3351,0.3297,,block of flats,,"Stone, brick",No,3.0,,3.0,1.0,-2736.0,0,0,0,0,0,0,0,0,0,0,0,0,0,0,0,0,0,0,0,0,0.0,0.0,0.0,0.0,0.0,2.0
101175,0,Cash loans,F,N,Y,0,139500.0,378000.0,310500.0,34500.0,Unaccompanied,Working,Secondary / secondary special,Married,House / apartment,0.017749,-10436,-902,-546.0,-5718,,1,1,0,1,0,0,Laborers,1.0,2,2,WEDNESDAY,11,0,0,0,1,1,0,Business Entity Type 1,,0.069151,0.553403,0.3142,0.3398,0.3529,0.1877,0.1573,0.1638,0.2101,0.2592,0.2401,0.226,0.2383,0.267,0.3069,0.3118,0.2741,0.2254,0.2501,0.2249,0.3757,0.3117,0.3413,0.3062,0.2698,0.2834,0.2315,0.2265,0.2745,0.3024,0.261,0.2961,0.3209,0.3429,0.3121,0.227,0.244,0.2134,0.27,0.245,0.3088,0.2456,0.281,0.2626,reg oper spec account,block of flats,,,,1.0,1.0,1.0,0.0,-2506.0,0,0,0,0,1,0,0,0,0,0,0,0,0,0,0,0,0,0,0,0,0.0,0.0,,0.0,0.0,0.0
101176,0,Cash loans,M,N,Y,0,130500.0,234000.0,207000.0,8500.0,Family,Working,Secondary / secondary special,Married,House / apartment,0.025154,-18914,-963,-9838.0,-2675,,1,1,0,1,0,1,Managers,1.0,2,2,WEDNESDAY,7,0,0,0,1,0,0,Government,,0.833242,0.766182,0.2775,0.2535,0.2538,0.2989,0.3373,0.3099,0.2417,0.2159,0.2202,0.2844,0.2914,0.2673,0.4593,0.5253,0.5198,0.4586,0.4794,0.4613,0.2625,0.2435,0.2656,0.4927,0.5103,0.508,0.367,0.3609,0.37,0.4604,0.448,0.4409,0.371,0.3284,0.3133,0.4445,0.4264,0.4172,0.4516,0.449,0.4363,0.3145,0.3455,0.3446,reg oper account,,,"Stone, brick",,2.0,0.0,2.0,0.0,-3672.0,0,1,0,0,0,0,0,0,0,0,0,0,0,0,0,0,0,0,0,0,0.0,0.0,0.0,0.0,0.0,2.0
101177,0,Cash loans,F,N,Y,1,198000.0,715500.0,688500.0,42500.0,Unaccompanied,Working,Higher education,Married,House / apartment,0.00689,-17999,-6318,-2516.0,-3234,,1,1,0,1,0,0,Secretaries,3.0,2,2,TUESDAY,18,0,0,0,0,1,0,XNA,0.364346,0.261731,0.553384,0.3164,0.2987,0.3161,0.4103,0.3725,0.3612,0.5022,0.5085,0.5204,0.5302,0.5452,0.5292,0.4865,0.5189,0.4779,0.4254,0.4573,0.4366,0.5252,0.5466,0.5357,0.3353,0.3591,0.3613,0.682,0.6768,0.6467,0.5141,0.516,0.5052,0.6626,0.6648,0.6828,0.6604,0.6487,0.6504,0.5424,0.4874,0.5509,0.4537,0.423,0.4446,,,,Panel,,1.0,1.0,1.0,0.0,-96.0,0,0,0,0,0,0,0,0,0,0,0,0,0,0,0,0,0,0,0,0,0.0,0.0,0.0,1.0,0.0,
101178,0,Cash loans,M,N,N,1,126000.0,697500.0,589500.0,21000.0,Unaccompanied,Commercial associate,Secondary / secondary special,Civil marriage,House / apartment,0.053688,-12006,-1251,-4428.0,-3285,,1,1,0,1,1,0,Accountants,3.0,3,3,THURSDAY,9,0,0,1,0,0,0,Business Entity Type 3,,0.27988,,0.3158,0.2292,0.2533,0.2521,0.2502,0.23,0.26,0.2571,0.2325,0.1795,0.2018,0.1486,0.1283,0.1144,0.1492,0.2092,0.2172,0.2193,0.2335,0.216,0.2035,0.1909,0.1897,0.1764,0.1432,0.1626,0.1023,0.1006,0.1062,0.1176,0.1762,0.1944,0.1861,0.163,0.2185,0.1886,0.1669,0.195,0.2119,0.2296,0.2316,0.1911,,block of flats,,Monolithic,No,0.0,0.0,0.0,0.0,-2572.0,0,1,0,0,0,0,0,0,0,0,0,0,0,0,0,0,0,0,0,0,0.0,,0.0,,0.0,
101179,0,Cash loans,M,N,N,0,121500.0,306000.0,270000.0,10000.0,Unaccompanied,State servant,Higher education,Single / not married,House / apartment,0.034359,-8444,-1870,-1688.0,-3291,,1,1,0,1,1,0,Managers,2.0,2,2,SATURDAY,17,0,0,0,0,1,0,Business Entity Type 1,0.550323,0.534816,0.592764,0.4592,0.4741,0.4161,0.4508,0.4442,0.4627,0.4479,0.4744,0.4917,0.2347,0.2834,0.24,0.4484,0.4104,0.407,0.3825,0.4168,0.434,0.3355,0.3393,0.3622,0.3776,0.3836,0.3126,0.3358,0.323,0.2822,0.4237,0.4859,0.497,0.495,0.5046,0.5062,0.5245,0.5648,0.5893,0.3025,0.2884,0.2991,0.3193,0.3184,0.3219,reg oper account,block of flats,,,,1.0,0.0,1.0,0.0,-3553.0,0,1,0,0,0,0,0,0,0,0,0,0,0,0,0,0,0,0,0,0,0.0,0.0,0.0,0.0,1.0,0.0
101180,0,Cash loans,M,N,N,0,261000.0,967500.0,922500.0,29000.0,Unaccompanied,Working,Secondary / secondary special,Married,House / apartment,0.01254,-10074,-2052,-298.0,-3306,,1,1,1,1,0,0,Laborers,2.0,3,3,TUESDAY,14,0,0,0,1,1,0,XNA,0.524794,0.395496,0.107166,0.4818,0.4752,0.4513,0.4473,0.3956,0.4189,0.5705,0.5738,0.6197,0.5175,0.5329,0.5622,0.6691,0.6586,0.6381,0.3814,0.3691,0.4061,0.5103,0.5544,0.5146,0.6041,0.578,0.628,0.699,0.6995,0.7088,0.7849,0.7374,0.7481,0.5636,0.5683,0.582,0.7189,0.7164,0.7324,0.3666,0.3679,0.4074,0.6321,0.6508,0.6298,,,0.4281,"Stone, brick",No,0.0,0.0,0.0,0.0,-67.0,0,1,0,0,0,0,0,0,0,0,0,0,0,0,0,0,0,0,0,0,0.0,0.0,0.0,,,
101181,0,Cash loans,F,N,N,0,292500.0,1012500.0,882000.0,26000.0,Unaccompanied,Working,Higher education,Separated,House / apartment,0.019069,-16643,-580,-6787.0,-4662,,1,1,0,1,1,0,,2.0,3,3,TUESDAY,13,0,1,0,0,0,0,Self-employed,,0.713944,,0.3754,0.34,0.3755,0.3918,0.4312,0.4281,0.511,0.4854,0.4949,0.4694,0.4829,0.4783,0.3719,0.3843,0.3438,0.3824,0.3894,0.3855,0.4991,0.5096,0.5044,0.3295,0.3171,0.2924,0.4923,0.5135,0.4865,0.396,0.4055,0.3807,0.2848,0.2892,0.2889,0.3614,0.392,0.372,0.3499,0.3573,0.2876,0.4494,0.4543,0.3629,,,,,No,1.0,0.0,1.0,0.0,-219.0,0,1,0,0,1,0,1,0,0,0,0,0,0,0,0,0,0,0,0,0,0.0,0.0,,0.0,,3.0
101182,0,Cash loans,F,Y,Y,0,265500.0,1849500.0,1750500.0,67000.0,Unaccompanied,Commercial associate,Secondary / secondary special,Widow,House / apartment,0.013236,-8958,-2178,-549.0,-939,,1,1,0,1,1,0,Drivers,2.0,2,2,SATURDAY,13,0,0,0,0,1,0,Business Entity Type 3,0.237369,0.40843,0.410237,0.3895,0.3578,0.3751,0.3602,0.4224,0.3316,0.4136,0.4107,0.4615,0.4636,0.405,0.4546,0.4739,0.5165,0.4969,0.2276,0.2236,0.2812,0.3731,0.3515,0.3302,0.3533,0.366,0.3373,0.5197,0.4443,0.4625,0.4607,0.4966,0.4451,0.2603,0.2763,0.2727,0.4752,0.4867,0.5068,0.4267,0.4136,0.3659,0.4803,0.451,0.4734,,,0.2337,Panel,No,2.0,0.0,2.0,0.0,-1736.0,0,0,0,0,0,0,0,0,0,0,0,0,0,0,0,0,0,0,0,0,0.0,,0.0,0.0,1.0,0.0
101183,0,Cash loans,F,Y,N,0,135000.0,378000.0,328500.0,10000.0,"Spouse, partner",Commercial associate,Secondary / secondary special,Civil marriage,House / apartment,0.022512,-15312,-549,-2452.0,-2646,,1,1,0,1,1,0,Cleaning staff,2.0,2,2,THURSDAY,9,0,0,0,0,0,1,Business Entity Type 3,,0.941952,,0.1134,0.1031,0.1047,0.1841,0.1436,0.1862,0.2237,0.1939,0.194,0.1956,0.2399,0.2187,0.215,0.2253,0.2246,0.1308,0.1169,0.1239,0.1626,0.2004,0.1614,0.2128,0.195,0.214,0.1252,0.1306,0.1297,0.1372,0.1462,0.1428,0.1295,0.1687,0.1314,0.1806,0.1883,0.1654,0.1625,0.1202,0.1233,0.1709,0.1486,0.1803,not specified,,0.2068,Panel,,0.0,0.0,0.0,0.0,-3774.0,0,1,0,0,0,0,1,0,0,0,0,0,0,0,0,0,1,0,0,0,0.0,0.0,0.0,1.0,1.0,1.0
101184,0,Cash loans,F,N,Y,0,45000.0,126000.0,108000.0,4500.0,Unaccompanied,Working,Secondary / secondary special,Married,House / apartment,0.019425,-16401,-3303,-1608.0,-3499,,1,1,0,1,1,0,Drivers,2.0,2,2,SUNDAY,17,0,0,0,0,0,0,XNA,,0.650149,0.641002,0.9194,0.9623,0.983,0.5496,0.5446,0.5492,0.5584,0.6377,0.62,0.9553,1.0,0.9548,0.9118,0.8494,0.9078,0.8234,0.8226,0.7609,0.9434,0.9497,0.9719,0.9471,0.9476,0.9772,0.4382,0.5032,0.4658,0.8143,0.7818,0.8255,0.9142,0.9701,0.9369,0.5112,0.462,0.4798,0.864,0.8762,0.8674,0.7707,0.7235,0.8001,reg oper account,block of flats,0.9026,"Stone, brick",No,0.0,0.0,0.0,0.0,-426.0,0,1,0,0,0,0,0,0,0,0,0,0,0,0,0,0,0,0,0,0,0.0,0.0,0.0,0.0,0.0,3.0
101185,0,Cash loans,F,Y,Y,0,135000.0,328500.0,265500.0,21500.0,Unaccompanied,Working,Secondary / secondary special,Married,House / apartment,0.021548,-17467,-1462,-5538.0,-3343,,1,1,0,1,1,0,Laborers,2.0,2,2,FRIDAY,11,0,0,0,0,1,0,XNA,,0.611953,,0.2645,0.2226,0.256,0.3133,0.3051,0.3003,0.2951,0.2867,0.2786,0.3345,0.3032,0.3292,0.2591,0.2618,0.2647,0.3461,0.3442,0.3636,0.2705,0.2823,0.3003,0.2742,0.2822,0.2434,0.2843,0.2985,0.275,0.3,0.337,0.3284,0.3022,0.336,0.3024,0.1828,0.2074,0.2302,0.3229,0.2946,0.3199,0.3212,0.3407,0.3019,,block of flats,0.1744,"Stone, brick",No,0.0,0.0,0.0,0.0,-146.0,0,1,0,0,0,0,0,0,0,0,0,0,0,0,0,0,0,0,0,0,0.0,0.0,,1.0,0.0,2.0
101186,0,Cash loans,F,Y,Y,0,99000.0,207000.0,166500.0,6000.0,Unaccompanied,Pensioner,Higher education,Married,House / apartment,0.009884,-23492,365243,-3786.0,-4343,7.0,1,0,0,1,0,0,Managers,2.0,3,3,FRIDAY,15,0,0,0,0,0,0,Business Entity Type 3,,0.351723,0.173383,0.0644,0.0534,0.0775,0.0857,0.1006,0.0962,0.0778,0.0662,0.0966,0.0778,0.0744,0.0932,0.0594,0.0353,0.063,0.0619,0.041,0.0409,0.0501,0.0686,0.0577,0.1217,0.1187,0.1236,0.0171,0.026,0.0151,0.0454,0.0714,0.1009,0.0612,0.0807,0.1264,0.1075,0.1177,0.1229,0.0574,0.0708,0.065,0.1146,0.1045,0.0836,,block of flats,0.0417,,,3.0,0.0,3.0,1.0,-3236.0,0,1,0,0,0,0,0,0,0,0,0,0,0,0,0,0,0,0,0,0,0.0,0.0,0.0,0.0,0.0,2.0
101187,0,Cash loans,F,N,Y,2,135000.0,706500.0,639000.0,23000.0,Unaccompanied,State servant,Secondary / secondary special,Single / not married,House / apartment,0.013873,-14219,-7548,-5024.0,-2006,,1,1,0,1,0,0,Sales staff,3.0,2,1,MONDAY,10,0,0,0,0,0,1,XNA,,0.487593,0.465476,0.7432,0.7077,0.7212,0.5622,0.5257,0.5485,0.5725,0.5632,0.5299,0.6365,0.6174,0.6233,0.5366,0.5462,0.5478,0.5639,0.5018,0.4751,0.5148,0.4963,0.4793,0.5753,0.4991,0.5078,0.6525,0.6372,0.6188,0.6377,0.6593,0.6535,0.4028,0.3949,0.3776,0.56,0.5886,0.6262,0.4188,0.4701,0.4274,0.3771,0.3585,0.3606,,,0.3219,,No,2.0,0.0,2.0,0.0,-1042.0,0,1,0,0,0,0,0,0,0,0,0,0,0,0,0,0,0,0,0,0,0.0,0.0,0.0,0.0,1.0,1.0
101188,0,Revolving loans,F,Y,N,0,103500.0,373500.0,351000.0,9500.0,Unaccompanied,Working,Secondary / secondary special,Married,House / apartment,0.038057,-14271,-317,-5424.0,-5664,,1,1,0,1,1,0,,2.0,2,2,WEDNESDAY,7,0,0,0,0,0,0,Business Entity Type 3,0.505444,0.713748,0.606369,0.118,0.0696,0.0399,0.0159,0.0169,0.0366,0.0453,0.0486,0.0439,0.0853,0.0546,0.0482,0.0701,0.0508,0.046,0.0568,0.0296,0.0629,0.0933,0.0787,0.0719,0.0396,0.059,0.0432,0.0399,0.064,0.0469,0.0786,0.0853,0.0583,0.0509,0.0481,0.0724,0.0386,0.0551,0.0221,0.0301,0.0695,0.0528,0.0383,0.0689,0.0348,,block of flats,0.065,"Stone, brick",,0.0,0.0,0.0,0.0,-321.0,0,1,0,0,0,0,0,0,0,0,0,0,0,0,0,0,0,0,0,0,0.0,0.0,0.0,0.0,,0.0
101189,0,Cash loans,F,N,N,0,144000.0,580500.0,468000.0,33500.0,Unaccompanied,Commercial associate,Secondary / secondary special,Single / not married,House / apartment,0.013431,-19569,-1135,-3543.0,-88,,1,1,0,1,0,0,,2.0,2,2,THURSDAY,19,0,0,0,0,1,0,Industry: type 3,,0.647513,0.467487,0.1397,0.1711,0.1305,0.2043,0.1505,0.1552,0.169,0.1855,0.1581,0.1408,0.1592,0.1811,0.1657,0.1349,0.1675,0.1824,0.2098,0.2156,0.2822,0.2913,0.2721,0.2213,0.2309,0.2378,0.1319,0.1767,0.1538,0.1927,0.1704,0.2273,0.2204,0.204,0.182,0.1875,0.1911,0.1979,0.1117,0.1324,0.1426,0.1567,0.1281,0.1629,,block of flats,,Panel,,2.0,0.0,2.0,0.0,-4082.0,0,0,0,0,0,0,1,0,0,0,0,0,0,0,0,0,0,0,0,0,0.0,0.0,0.0,2.0,0.0,1.0
101190,1,Cash loans,F,Y,Y,0,81000.0,639000.0,616500.0,32000.0,Unaccompanied,Working,Secondary / secondary special,Single / not married,House / apartment,0.003631,-14347,-537,-4.0,-4352,,1,1,0,1,0,0,Security staff,2.0,2,2,MONDAY,10,0,0,0,0,1,0,Self-employed,,0.504223,0.254229,0.4711,0.4828,0.4788,0.6142,0.567,0.5368,0.5232,0.5198,0.5457,0.4688,0.4541,0.4715,0.5557,0.6028,0.5485,0.5154,0.4643,0.5201,0.5775,0.5399,0.5439,0.6941,0.6892,0.6648,0.6744,0.6393,0.6251,0.8888,0.883,0.8959,0.6263,0.5975,0.5656,0.6604,0.6484,0.6601,0.4215,0.4268,0.4161,0.6399,0.5888,0.6372,,,0.5084,,No,0.0,0.0,0.0,0.0,-2356.0,0,1,0,0,0,0,0,0,0,0,0,0,0,0,0,0,0,0,0,0,0.0,0.0,0.0,0.0,0.0,4.0
101191,0,Cash loans,M,N,Y,0,72000.0,585000.0,499500.0,17000.0,"Spouse, partner",Working,Higher education,Widow,House / apartment,0.017033,-13465,-6890,-154.0,-1017,,1,1,1,1,0,0,High skill tech staff,2.0,2,2,MONDAY,14,0,0,0,0,0,0,Business Entity Type 3,0.251439,0.60391,0.069487,0.1604,0.2013,0.1509,0.2804,0.3073,0.3091,0.3254,0.3174,0.3244,0.2561,0.2537,0.2671,0.2806,0.2424,0.251,0.309,0.2952,0.2887,0.2064,0.188,0.2013,0.2129,0.2344,0.2001,0.2516,0.2995,0.2398,0.1625,0.151,0.1453,0.2226,0.2388,0.2267,0.3123,0.3435,0.3426,0.1731,0.1613,0.1554,0.2323,0.2376,0.2304,,,,,No,0.0,0.0,0.0,0.0,-1909.0,0,1,0,0,0,0,0,0,0,0,0,0,0,0,0,0,0,0,0,0,0.0,0.0,0.0,,,0.0
101192,0,Cash loans,M,N,Y,0,288000.0,454500.0,391500.0,38000.0,Unaccompanied,Working,Secondary / secondary special,Married,House / apartment,0.0725,-9429,-1159,-466.0,-3619,,1,1,1,1,0,0,Laborers,1.0,2,2,THURSDAY,2,0,0,0,0,0,0,Business Entity Type 3,0.678346,0.562447,0.435189,0.2245,0.2218,0.2828,0.3981,0.3843,0.389,0.2612,0.2572,0.2623,0.4906,0.5233,0.4541,0.3588,0.3719,0.3253,0.324,0.3044,0.3366,0.2807,0.2762,0.2617,0.278,0.2539,0.3191,0.3333,0.3614,0.3589,0.4088,0.445,0.3924,0.2876,0.2782,0.2829,0.4504,0.4378,0.4293,0.1682,0.2139,0.2276,0.3489,0.3186,0.3876,,block of flats,,,,2.0,0.0,2.0,0.0,-2143.0,0,0,0,0,0,0,0,0,0,0,0,0,0,0,0,0,0,0,0,0,0.0,0.0,0.0,,0.0,
101193,0,Cash loans,F,N,Y,0,85500.0,477000.0,459000.0,16500.0,Unaccompanied,Commercial associate,Higher education,Separated,House / apartment,0.031653,-17563,-483,-10290.0,-141,,1,1,0,1,1,0,Laborers,1.0,2,2,TUESDAY,12,0,0,0,0,0,0,XNA,,0.593628,0.171471,0.321,0.3233,0.3016,0.4576,0.5167,0.4812,0.4062,0.3881,0.3978,0.3187,0.3029,0.2913,0.496,0.5304,0.541,0.4105,0.4427,0.3979,0.3113,0.296,0.2837,0.2559,0.251,0.1802,0.4876,0.5037,0.4781,0.4641,0.4409,0.4452,0.5023,0.5065,0.4976,0.4372,0.4559,0.4448,0.414,0.4367,0.4714,0.3233,0.2807,0.3432,,,,,,1.0,0.0,1.0,0.0,-2277.0,0,0,0,0,0,0,0,0,0,0,0,0,0,0,0,0,0,0,0,0,0.0,,0.0,0.0,,3.0
101194,0,Revolving loans,F,Y,N,1,148500.0,657000.0,630000.0,25000.0,Unaccompanied,Working,Higher education,Civil marriage,Municipal apartment,0.013018,-16499,-9924,-2693.0,-1399,,1,1,0,1,0,1,Sales staff,3.0,2,2,THURSDAY,14,0,0,0,0,1,0,XNA,0.772775,0.65146,0.488091,0.6218,0.6379,0.5717,0.4439,0.4152,0.4482,0.5865,0.5752,0.5805,0.6115,0.5783,0.6342,0.563,0.5622,0.5563,0.3135,0.3141,0.2938,0.3423,0.359,0.3409,0.5779,0.5235,0.5761,0.6916,0.6853,0.6913,0.3323,0.3427,0.3838,0.4641,0.4797,0.4663,0.5464,0.5437,0.5387,0.3538,0.3273,0.3604,0.6368,0.6559,0.6421,,,,Panel,,1.0,0.0,1.0,0.0,-2777.0,0,1,0,0,0,0,0,0,0,0,0,0,0,0,0,0,0,0,0,0,0.0,,0.0,1.0,0.0,1.0
101195,0,Cash loans,F,N,N,0,247500.0,747000.0,661500.0,49500.0,Unaccompanied,Working,Secondary / secondary special,Married,House / apartment,0.018122,-17883,-871,-7481.0,-2349,,1,1,0,1,0,0,Drivers,2.0,3,3,MONDAY,13,0,0,0,0,0,0,Medicine,0.354957,0.510876,0.539214,0.1986,0.2149,0.2576,0.3725,0.3983,0.3701,0.2101,0.2346,0.2666,0.3256,0.2863,0.2713,0.2799,0.2738,0.2458,0.3263,0.3639,0.348,0.2367,0.2343,0.2609,0.2213,0.2398,0.1935,0.3665,0.4111,0.3461,0.2522,0.2905,0.2829,0.3769,0.3733,0.3478,0.3285,0.2823,0.2977,0.3068,0.3116,0.2814,0.1655,0.1537,0.2028,,block of flats,0.308,Panel,,2.0,0.0,2.0,0.0,-90.0,0,0,0,0,0,0,0,0,0,0,0,0,0,0,0,0,0,0,0,0,0.0,0.0,0.0,1.0,0.0,2.0
101196,0,Cash loans,F,N,Y,0,243000.0,1134000.0,949500.0,76000.0,Unaccompanied,Working,Secondary / secondary special,Civil marriage,House / apartment,0.028504,-17019,-356,-9526.0,-587,,1,1,0,1,0,0,Managers,1.0,2,2,FRIDAY,12,0,0,0,0,0,0,School,,0.780214,0.855274,0.261,0.2461,0.2885,0.4104,0.4033,0.3741,0.2497,0.2434,0.2096,0.3265,0.344,0.3446,0.2523,0.2035,0.2615,0.19,0.2281,0.2124,0.4485,0.439,0.4268,0.3747,0.4222,0.3892,0.208,0.1984,0.2153,0.2768,0.3029,0.2815,0.2406,0.2303,0.2062,0.4076,0.4355,0.4849,0.2743,0.2699,0.2995,0.4403,0.4582,0.433,,block of flats,,Panel,,0.0,0.0,0.0,0.0,-770.0,0,1,0,0,0,0,0,0,0,0,0,0,0,0,0,0,0,0,0,0,0.0,0.0,,0.0,0.0,3.0
101197,0,Cash loans,F,N,Y,0,229500.0,346500.0,283500.0,10000.0,Unaccompanied,Working,Secondary / secondary special,Married,House / apartment,0.006294,-20138,-565,-3017.0,-1968,,1,1,0,1,1,0,Core staff,2.0,2,2,TUESDAY,11,0,0,0,0,0,0,Self-employed,,0.383537,0.0005,0.0822,0.0735,0.1014,0.1057,0.1817,0.1221,0.0962,0.0472,0.0591,0.0856,0.1271,0.084,0.1505,0.1211,0.1128,0.087,0.1256,0.0914,0.1383,0.1396,0.1269,0.1199,0.1317,0.0711,0.1033,0.1386,0.1413,0.1467,0.1527,0.1497,0.0914,0.0881,0.101,0.0523,0.0822,0.081,0.0563,0.0539,0.0222,0.1118,0.159,0.161,,block of flats,0.0703,Panel,,2.0,1.0,2.0,0.0,-3278.0,0,0,0,0,0,0,0,0,0,0,0,0,0,0,0,0,0,0,0,0,0.0,0.0,0.0,0.0,0.0,2.0
101198,0,Cash loans,F,N,Y,1,175500.0,1530000.0,1278000.0,146000.0,Unaccompanied,Working,Secondary / secondary special,Married,House / apartment,0.010999,-20168,-2077,-6058.0,-3806,,1,1,0,1,0,0,Core staff,2.0,2,2,THURSDAY,15,0,0,0,0,0,0,XNA,0.795587,0.455487,0.393177,0.4276,0.4029,0.3932,0.5622,0.5457,0.5726,0.7384,0.6852,0.7248,0.5694,0.6202,0.5869,0.6167,0.5847,0.6263,0.7723,0.7853,0.7742,0.7885,0.838,0.8416,0.5064,0.5555,0.5221,0.8501,0.8405,0.8286,0.7795,0.7791,0.7397,0.6781,0.6561,0.6725,0.4908,0.4841,0.4876,0.8788,0.8837,0.8886,0.5786,0.5997,0.5943,,,0.723,,,1.0,0.0,1.0,0.0,-4188.0,0,1,0,0,0,0,0,0,0,0,0,0,0,0,0,0,0,0,0,0,0.0,0.0,0.0,0.0,0.0,1.0
101199,0,Cash loans,M,Y,Y,3,220500.0,1143000.0,1071000.0,35500.0,Unaccompanied,Commercial associate,Higher education,Widow,House / apartment,0.023939,-12053,-1884,-4384.0,-970,,1,1,0,1,1,0,,5.0,2,2,MONDAY,8,0,0,0,0,0,0,Business Entity Type 3,0.233463,0.507272,0.612818,0.4916,0.5132,0.5215,0.8296,0.8417,0.8039,0.4969,0.4685,0.4562,0.8069,0.8177,0.8213,0.8398,0.8289,0.8321,0.3963,0.4219,0.4125,0.5912,0.624,0.6199,0.4715,0.4584,0.4501,0.7216,0.6947,0.7026,0.3738,0.3727,0.4048,0.7422,0.7333,0.7349,0.7367,0.6947,0.7157,0.8592,0.8463,0.8254,0.6793,0.6661,0.6661,,block of flats,,,No,6.0,0.0,6.0,0.0,-1246.0,0,1,0,0,0,0,1,0,0,0,0,0,0,0,0,0,0,0,0,0,0.0,0.0,0.0,2.0,0.0,2.0
101200,0,Cash loans,F,Y,Y,1,315000.0,765000.0,648000.0,24000.0,Unaccompanied,Commercial associate,Secondary / secondary special,Married,Municipal apartment,0.050255,-10269,-780,-1872.0,-3751,,1,1,0,1,0,0,Laborers,3.0,2,2,TUESDAY,11,0,0,0,0,0,1,Business Entity Type 3,0.75985,0.715996,,0.196,0.1736,0.2182,0.2145,0.2598,0.2553,0.1663,0.1667,0.163,0.125,0.1466,0.1417,0.1272,0.1442,0.1147,0.1515,0.1659,0.1207,0.2853,0.2767,0.2349,0.2333,0.2474,0.2151,0.1812,0.1974,0.1785,0.2539,0.2312,0.2561,0.1445,0.1509,0.1671,0.1226,0.1064,0.1316,0.2397,0.2057,0.2627,0.1987,0.2344,0.2351,,,,"Stone, brick",,0.0,0.0,0.0,2.0,-1224.0,0,1,0,0,0,0,0,0,0,0,0,0,0,0,0,0,0,0,0,0,0.0,0.0,0.0,0.0,,2.0
101201,0,Cash loans,M,N,Y,0,184500.0,522000.0,481500.0,17500.0,Unaccompanied,Working,Secondary / secondary special,Married,House / apartment,0.014241,-20868,-1108,-669.0,-2806,,1,1,1,1,1,0,Managers,2.0,2,2,MONDAY,17,0,0,0,0,0,0,Business Entity Type 3,,0.513942,0.461039,0.1226,0.1536,0.1008,0.161,0.1142,0.1966,0.1033,0.1254,0.1165,0.0906,0.095,0.1244,0.1522,0.1165,0.1277,0.1634,0.1353,0.0985,0.1156,0.1001,0.1006,0.1579,0.1511,0.1377,0.1862,0.1826,0.1907,0.1234,0.1552,0.1468,0.1297,0.1154,0.1563,0.1516,0.1221,0.1046,0.1719,0.1264,0.1616,0.104,0.0915,0.1229,,block of flats,,Panel,No,1.0,0.0,1.0,0.0,-2316.0,0,1,0,0,0,0,0,0,0,0,0,0,0,0,0,0,0,0,0,0,0.0,0.0,0.0,1.0,0.0,0.0
101202,0,Cash loans,F,N,Y,0,54000.0,81000.0,67500.0,3500.0,Unaccompanied,Working,Higher education,Widow,House / apartment,0.049406,-17827,-1898,-7801.0,-5036,,1,1,0,1,0,0,,1.0,2,2,MONDAY,7,0,0,0,0,0,0,XNA,,0.298804,,0.491,0.4987,0.4455,0.2977,0.3615,0.346,0.3076,0.3005,0.3243,0.3557,0.3721,0.3893,0.5229,0.535,0.4699,0.49,0.4672,0.4639,0.3252,0.342,0.3493,0.5323,0.5392,0.5159,0.2781,0.342,0.3121,0.2817,0.287,0.3323,0.3659,0.4059,0.4239,0.3294,0.303,0.3261,0.5537,0.5632,0.5723,0.6083,0.6248,0.6363,,block of flats,,,,0.0,0.0,0.0,0.0,-176.0,0,0,0,0,0,0,0,0,0,0,0,0,0,0,0,0,0,0,0,0,0.0,0.0,0.0,0.0,,0.0
101203,0,Cash loans,F,N,Y,0,108000.0,355500.0,310500.0,33000.0,Unaccompanied,Pensioner,Secondary / secondary special,Married,House / apartment,0.011715,-24349,365243,-15439.0,-3826,,1,0,0,1,1,0,Sales staff,2.0,3,3,FRIDAY,12,0,0,0,0,1,0,Business Entity Type 3,,0.612604,,0.4807,0.5059,0.4817,0.4291,0.4045,0.406,0.3086,0.3376,0.3308,0.5978,0.6133,0.6188,0.417,0.4104,0.4095,0.4137,0.4534,0.3952,0.705,0.6797,0.7041,0.4045,0.4067,0.3872,0.7394,0.7063,0.7275,0.6221,0.5894,0.6195,0.6895,0.7162,0.6832,0.4461,0.4111,0.4411,0.34,0.3805,0.3569,0.3948,0.4137,0.3868,,,0.5655,,No,1.0,0.0,1.0,0.0,-519.0,0,1,0,0,0,0,0,0,0,0,0,0,0,0,0,0,0,0,0,0,0.0,0.0,0.0,,0.0,
101204,0,Cash loans,M,N,Y,1,216000.0,648000.0,549000.0,19000.0,Unaccompanied,Working,Higher education,Married,House / apartment,0.002292,-14749,-2512,-5660.0,-2676,,1,1,0,1,0,0,,3.0,3,3,TUESDAY,8,0,0,0,0,0,0,XNA,,0.404633,0.630873,0.4909,0.4695,0.4956,0.6428,0.6201,0.6395,0.2654,0.2785,0.2888,0.4829,0.4793,0.4785,0.3299,0.322,0.3417,0.4157,0.3828,0.3792,0.3071,0.2825,0.3082,0.5138,0.4654,0.525,0.6451,0.6069,0.6299,0.3901,0.3769,0.3485,0.576,0.5718,0.5933,0.34,0.3716,0.3387,0.4878,0.4853,0.4499,0.2982,0.3121,0.2971,,,,,No,3.0,0.0,3.0,0.0,-1263.0,0,1,0,0,0,0,0,0,0,0,0,0,0,0,0,0,0,0,0,0,0.0,,0.0,0.0,0.0,3.0
101205,0,Cash loans,F,Y,N,2,103500.0,193500.0,171000.0,14000.0,Family,Working,Secondary / secondary special,Married,House / apartment,0.029657,-21377,-1025,-9945.0,-4950,,1,1,0,1,0,0,,3.0,2,2,SATURDAY,13,0,0,1,0,1,0,Business Entity Type 3,,0.807367,0.943204,0.5342,0.5595,0.5812,0.4957,0.5331,0.5129,0.5627,0.5755,0.5622,0.3443,0.329,0.3776,0.3665,0.4198,0.3804,0.5852,0.5532,0.5966,0.4882,0.5273,0.5361,0.5493,0.5761,0.5644,0.471,0.4572,0.4426,0.4818,0.4973,0.494,0.4462,0.4606,0.4534,0.4515,0.4779,0.4574,0.4102,0.4023,0.3812,0.4879,0.5299,0.4878,,,0.4445,,,1.0,0.0,1.0,0.0,-2316.0,0,1,0,0,0,0,0,0,0,0,0,0,0,0,0,0,0,0,0,0,0.0,0.0,0.0,0.0,,2.0
101206,0,Cash loans,M,Y,Y,1,360000.0,2151000.0,1921500.0,117000.0,Unaccompanied,Pensioner,Secondary / secondary special,Married,House / apartment,0.026143,-21439,365243,-10045.0,-1032,29.0,1,0,0,1,0,0,Laborers,2.0,2,2,TUESDAY,12,0,0,0,0,0,1,Construction,0.401823,0.38573,,0.2426,0.2246,0.1868,0.263,0.2536,0.2356,0.2333,0.2558,0.2052,0.3049,0.2639,0.2635,0.2627,0.241,0.2489,0.2018,0.2011,0.2354,0.105,0.1222,0.1191,0.1716,0.1437,0.173,0.1936,0.229,0.1901,0.2137,0.1811,0.2803,0.1695,0.1406,0.1219,0.2027,0.2211,0.1779,0.2787,0.2398,0.2437,0.2442,0.245,0.2232,,block of flats,0.2452,,No,1.0,0.0,1.0,0.0,-2805.0,0,0,0,0,0,0,0,0,0,0,0,0,0,0,0,0,0,0,0,0,0.0,0.0,0.0,0.0,,1.0
101207,0,Cash loans,F,N,N,0,144000.0,1134000.0,1111500.0,29500.0,Unaccompanied,Commercial associate,Secondary / secondary special,Married,House / apartment,0.029517,-16080,-3886,-4788.0,-3402,,1,1,0,1,1,0,,1.0,2,2,THURSDAY,9,0,0,0,0,0,0,Business Entity Type 3,,0.634565,0.697312,0.2261,0.2369,0.2693,0.1656,0.1906,0.1737,0.2432,0.2025,0.2084,0.2549,0.2483,0.2152,0.2123,0.1802,0.2093,0.192,0.1934,0.1512,0.2471,0.2325,0.2178,0.2638,0.309,0.2807,0.1968,0.173,0.2175,0.2523,0.2682,0.2343,0.3204,0.3015,0.2962,0.1772,0.1685,0.1567,0.1605,0.1791,0.1459,0.1724,0.1393,0.1939,,,,,No,0.0,1.0,0.0,0.0,-3319.0,0,1,0,0,0,0,0,0,0,0,0,0,0,0,0,0,0,0,0,0,0.0,0.0,0.0,0.0,,2.0
101208,0,Cash loans,F,N,Y,1,153000.0,589500.0,567000.0,,Unaccompanied,Working,Secondary / secondary special,Married,House / apartment,0.02881,-14746,-8172,-1160.0,-1348,,1,1,0,1,0,0,Cooking staff,2.0,2,2,THURSDAY,12,0,0,0,0,0,0,Medicine,0.645174,0.67611,0.849701,0.3215,0.2962,0.313,0.2815,0.2978,0.246,0.1713,0.1846,0.1357,0.4054,0.3943,0.3591,0.2439,0.2749,0.2187,0.2068,0.2168,0.2139,0.3352,0.3501,0.329,0.1685,0.1896,0.1744,0.199,0.2022,0.1965,0.3842,0.3598,0.3992,0.3289,0.3296,0.2997,0.2048,0.18,0.1992,0.2489,0.2733,0.2356,0.2012,0.1955,0.2209,,block of flats,,,No,4.0,1.0,4.0,0.0,-2192.0,0,0,0,0,0,0,0,0,0,0,0,0,0,0,0,0,0,0,0,0,,,0.0,0.0,0.0,3.0
101209,0,Cash loans,F,N,Y,1,274500.0,904500.0,832500.0,51000.0,Unaccompanied,Working,Incomplete higher,Civil marriage,House / apartment,0.021061,-7708,-596,-999.0,-2703,,1,1,0,1,0,0,,3.0,2,2,TUESDAY,12,0,0,0,1,0,0,Business Entity Type 1,,0.805247,0.844305,0.2877,0.3026,0.3094,0.3647,0.3562,0.3652,0.379,0.3709,0.3355,0.3819,0.3597,0.402,0.2851,0.3315,0.3238,0.3586,0.3761,0.3499,0.273,0.3089,0.3178,0.2552,0.2378,0.201,0.2884,0.2778,0.2725,0.3932,0.3895,0.3906,0.3067,0.3173,0.321,0.3735,0.3526,0.4139,0.4677,0.4477,0.4478,0.2727,0.2607,0.267,reg oper account,,,Wooden,No,1.0,0.0,1.0,0.0,-720.0,0,1,0,0,0,0,0,0,0,0,0,0,0,0,0,0,0,0,0,0,,0.0,0.0,0.0,0.0,1.0
101210,0,Cash loans,M,N,Y,0,135000.0,670500.0,544500.0,17000.0,Unaccompanied,Working,Secondary / secondary special,Married,House / apartment,0.015928,-10418,-3844,-219.0,-2858,,1,1,0,1,0,0,Cooking staff,2.0,2,2,TUESDAY,10,0,0,0,0,0,0,Business Entity Type 1,0.583786,0.679084,0.471581,0.2127,0.2589,0.2136,0.1262,0.1629,0.1049,0.2141,0.1861,0.2003,0.0937,0.0979,0.0923,0.2595,0.242,0.2312,0.21,0.1616,0.1743,0.0884,0.1131,0.0946,0.0967,0.1447,0.1164,0.1993,0.2139,0.2323,0.0903,0.0976,0.1124,0.1498,0.0932,0.1176,0.1739,0.1129,0.1483,0.1811,0.2051,0.2278,0.1816,0.1608,0.1773,,block of flats,0.081,,,1.0,0.0,1.0,0.0,-2291.0,0,1,0,0,0,0,0,0,0,0,0,0,0,0,0,0,0,0,0,0,0.0,0.0,0.0,1.0,0.0,0.0
101211,0,Cash loans,F,N,N,0,162000.0,625500.0,603000.0,49500.0,Unaccompanied,Working,Higher education,Married,House / apartment,0.016309,-9856,-1317,-2520.0,-3590,,1,1,1,1,1,0,Laborers,2.0,2,2,WEDNESDAY,11,0,0,0,0,0,0,Trade: type 7,0.537546,0.9995,0.552545,0.1869,0.1712,0.2219,0.1216,0.1503,0.105,0.257,0.2533,0.2357,0.2108,0.1411,0.233,0.0982,0.1439,0.1022,0.1581,0.1745,0.1891,0.1562,0.1961,0.172,0.2228,0.2113,0.196,0.1357,0.1288,0.1224,0.1193,0.1218,0.1249,0.2188,0.2186,0.1702,0.1612,0.1756,0.1591,0.1554,0.1216,0.116,0.1669,0.1776,0.2288,,,,,,2.0,1.0,2.0,0.0,-289.0,0,1,0,0,0,0,0,0,0,0,0,0,1,0,0,0,0,0,0,0,0.0,0.0,,0.0,0.0,0.0
101212,0,Cash loans,M,Y,Y,0,243000.0,522000.0,499500.0,35000.0,Unaccompanied,Pensioner,Incomplete higher,Married,House / apartment,0.014056,-21553,365243,-3576.0,-1872,,1,0,0,1,0,0,Core staff,2.0,2,2,MONDAY,10,0,0,0,0,1,0,Other,,0.566146,0.291329,0.4929,0.544,0.5326,0.3575,0.3549,0.3305,0.4599,0.4888,0.5214,0.4195,0.4356,0.4152,0.2472,0.3111,0.2678,0.3407,0.3552,0.3274,0.4911,0.4564,0.4207,0.5371,0.5,0.4978,0.5465,0.5158,0.545,0.2996,0.3129,0.3186,0.4924,0.5143,0.5275,0.4061,0.4026,0.3875,0.3508,0.3246,0.3255,0.4677,0.4512,0.4742,,block of flats,0.3233,,,2.0,0.0,2.0,0.0,-1164.0,0,1,0,0,0,0,0,0,0,0,0,0,0,0,0,0,0,0,0,0,0.0,0.0,0.0,0.0,0.0,
101213,0,Cash loans,M,N,Y,0,67500.0,184500.0,175500.0,8000.0,Unaccompanied,Commercial associate,Secondary / secondary special,Married,House / apartment,0.014589,-21176,-291,-8404.0,-3971,,1,1,0,1,0,0,Laborers,2.0,2,1,MONDAY,5,0,0,0,0,0,0,Business Entity Type 3,0.60885,0.395956,0.55254,0.328,0.3259,0.3293,0.2247,0.2375,0.2374,0.1962,0.2083,0.2365,0.2894,0.3059,0.269,0.2706,0.2638,0.2596,0.2584,0.2601,0.2455,0.3023,0.2814,0.3121,0.2056,0.1797,0.1498,0.1725,0.1279,0.1564,0.3327,0.3608,0.3036,0.3321,0.2958,0.307,0.3728,0.3317,0.3346,0.2001,0.2271,0.2611,0.228,0.1987,0.1871,,,,"Stone, brick",No,0.0,0.0,0.0,0.0,-2551.0,0,1,0,0,0,0,0,0,0,0,0,0,0,0,0,0,0,0,0,0,0.0,0.0,0.0,1.0,0.0,0.0
101214,0,Cash loans,M,Y,Y,0,126000.0,418500.0,364500.0,12500.0,Unaccompanied,Working,Higher education,Married,House / apartment,0.006084,-21422,-6834,-10964.0,-1081,,1,1,0,1,0,0,Drivers,1.0,2,1,SUNDAY,15,0,0,0,0,0,1,XNA,,0.351878,0.256689,0.2546,0.2306,0.265,0.4112,0.4147,0.4129,0.3673,0.345,0.3658,0.479,0.4651,0.4351,0.4577,0.477,0.5104,0.4518,0.4382,0.4039,0.298,0.3456,0.3261,0.4502,0.4722,0.4203,0.5441,0.57,0.5559,0.4554,0.4624,0.4923,0.4118,0.3909,0.4431,0.4076,0.4324,0.442,0.4363,0.4724,0.5044,0.468,0.4901,0.4787,not specified,block of flats,0.222,Panel,,2.0,0.0,2.0,0.0,-2978.0,0,1,0,0,0,0,0,0,0,0,0,0,0,0,0,0,0,0,0,0,,0.0,,0.0,1.0,4.0
101215,0,Cash loans,F,N,N,0,234000.0,1044000.0,850500.0,28500.0,Unaccompanied,Working,Secondary / secondary special,Married,House / apartment,0.008808,-20373,-7699,-10075.0,-1002,,1,1,0,1,0,0,IT staff,2.0,1,1,TUESDAY,16,0,0,0,0,0,0,XNA,,0.487867,0.419051,0.3513,0.3288,0.327,0.3186,0.2968,0.2753,0.6713,0.6854,0.6689,0.63,0.6336,0.6741,0.3916,0.3472,0.318,0.4026,0.344,0.4101,0.4224,0.4527,0.4448,0.42,0.4221,0.424,0.6317,0.6025,0.587,0.4078,0.4362,0.4272,0.5466,0.5365,0.5445,0.3238,0.3357,0.3521,0.5173,0.4716,0.5061,0.4298,0.3999,0.4322,,,0.315,,,2.0,1.0,2.0,1.0,-3361.0,0,0,0,0,1,0,1,0,0,0,0,0,0,0,0,0,0,0,0,0,0.0,0.0,0.0,0.0,0.0,1.0
101216,0,Cash loans,M,N,Y,1,153000.0,598500.0,558000.0,18500.0,Unaccompanied,Working,Secondary / secondary special,Married,House / apartment,0.016898,-21757,-1019,-1179.0,-647,,1,1,0,1,0,0,,3.0,2,2,SATURDAY,6,0,0,0,0,0,0,Other,,0.584399,,0.369,0.3779,0.3463,0.3117,0.2991,0.3475,0.4069,0.4427,0.3856,0.1768,0.2116,0.2379,0.2205,0.1972,0.2476,0.389,0.3808,0.3792,0.3368,0.2616,0.2807,0.2697,0.2149,0.2127,0.3458,0.3616,0.3415,0.2257,0.2107,0.2522,0.4474,0.4214,0.3671,0.4732,0.4643,0.4815,0.2313,0.2451,0.214,0.3549,0.328,0.2777,,,,,No,2.0,0.0,2.0,0.0,-3033.0,0,1,0,0,0,0,1,0,0,0,0,0,0,0,0,0,0,0,0,0,0.0,,0.0,0.0,0.0,2.0
101217,0,Cash loans,M,N,Y,2,328500.0,1440000.0,1233000.0,36500.0,Family,Working,Higher education,Married,Co-op apartment,0.004661,-19503,-1456,-6487.0,-2885,,1,1,0,1,0,1,,3.0,1,1,SUNDAY,16,0,0,0,0,0,1,XNA,0.452232,0.360437,0.532003,0.2179,0.2136,0.1809,0.1846,0.1939,0.1733,0.2312,0.2087,0.204,0.2197,0.2173,0.1856,0.2269,0.1938,0.2044,0.1526,0.1603,0.1619,0.1207,0.1411,0.1278,0.2328,0.2259,0.231,0.1963,0.1911,0.2149,0.1736,0.1921,0.2153,0.1315,0.1356,0.1212,0.1365,0.1467,0.1751,0.1512,0.1533,0.1669,0.1895,0.1364,0.1088,,,0.1099,,,1.0,0.0,1.0,1.0,-1888.0,0,0,0,0,0,0,0,0,0,0,0,0,0,0,0,0,0,0,0,0,0.0,0.0,0.0,0.0,,2.0
101218,0,Cash loans,F,N,N,1,63000.0,108000.0,90000.0,10500.0,Unaccompanied,Commercial associate,Secondary / secondary special,Married,Municipal apartment,0.005385,-20949,-303,-1667.0,-2474,,1,1,0,1,1,0,,2.0,2,2,WEDNESDAY,13,0,0,0,0,0,0,Business Entity Type 3,0.37145,0.35251,,0.5175,0.5085,0.5256,0.3926,0.3736,0.3655,0.2915,0.3368,0.3464,0.2445,0.2349,0.2463,0.5081,0.541,0.4765,0.3143,0.3243,0.3111,0.4127,0.4058,0.3861,0.4225,0.4147,0.3774,0.4671,0.5092,0.473,0.4967,0.5012,0.4997,0.3367,0.3185,0.3207,0.2532,0.2436,0.2163,0.3301,0.3423,0.287,0.3884,0.4003,0.3922,,block of flats,0.5109,,No,1.0,0.0,1.0,0.0,-1635.0,0,1,0,0,1,0,1,0,0,0,0,0,0,0,0,0,0,0,0,0,0.0,0.0,0.0,0.0,0.0,0.0
101219,1,Cash loans,F,N,Y,0,58500.0,328500.0,283500.0,11500.0,Unaccompanied,Working,Higher education,Married,House / apartment,0.0152,-10485,-3857,-183.0,-4953,,1,1,0,1,0,0,,2.0,2,2,FRIDAY,8,0,0,0,0,0,0,Business Entity Type 3,0.479596,0.443693,0.500358,0.309,0.2662,0.3212,0.3451,0.3147,0.3295,0.1771,0.2125,0.2552,0.2007,0.1982,0.2034,0.2067,0.2272,0.2364,0.3237,0.293,0.2942,0.2159,0.2501,0.2228,0.2599,0.2875,0.2842,0.2,0.1824,0.1832,0.2636,0.2566,0.3001,0.232,0.2476,0.2265,0.3832,0.3623,0.3671,0.2533,0.2751,0.2623,0.2391,0.2446,0.2467,,block of flats,0.334,Panel,,2.0,0.0,2.0,0.0,-3814.0,0,1,0,0,0,0,0,0,0,0,0,0,0,0,0,0,0,0,0,0,0.0,0.0,0.0,1.0,0.0,3.0
101220,0,Cash loans,F,N,Y,0,225000.0,877500.0,783000.0,65000.0,Unaccompanied,Pensioner,Secondary / secondary special,Married,House / apartment,0.01727,-25006,365243,-7253.0,-2025,,1,0,0,1,0,0,,2.0,1,1,SUNDAY,11,0,0,0,0,1,0,XNA,0.39441,0.271045,,0.1266,0.1489,0.147,0.1357,0.0904,0.0805,0.1429,0.139,0.1868,0.2117,0.1655,0.1281,0.1791,0.1684,0.1542,0.1427,0.0974,0.0824,0.2236,0.2546,0.2204,0.1697,0.1366,0.225,0.1468,0.1378,0.1453,0.2217,0.2158,0.2479,0.1371,0.1289,0.1571,0.1284,0.1396,0.1616,0.1483,0.1113,0.1486,0.1771,0.1831,0.1929,,block of flats,,,No,1.0,0.0,1.0,1.0,-2981.0,0,1,0,0,0,0,0,0,0,0,0,0,0,0,0,0,0,0,0,0,0.0,0.0,0.0,0.0,0.0,1.0
101221,1,Cash loans,F,Y,N,0,238500.0,3789000.0,3208500.0,101500.0,Unaccompanied,Commercial associate,Secondary / secondary special,Married,House / apartment,0.015398,-19950,-381,-13147.0,-3485,23.0,1,1,0,1,0,0,Drivers,2.0,2,2,WEDNESDAY,10,0,0,0,0,0,0,Construction,,0.470933,0.40888,0.5692,0.5721,0.5549,0.7069,0.7041,0.7138,0.3969,0.4394,0.4242,0.6778,0.6997,0.6725,0.3415,0.3661,0.3523,0.6605,0.6759,0.6557,0.5972,0.628,0.633,0.6163,0.6155,0.6381,0.7384,0.7576,0.7508,0.729,0.7604,0.7031,0.6643,0.6631,0.6806,0.6905,0.6971,0.7043,0.6398,0.6469,0.6925,0.4062,0.4188,0.4557,,block of flats,0.5871,,,1.0,0.0,1.0,0.0,-2926.0,0,0,0,0,0,0,0,0,0,0,0,0,0,0,0,0,0,0,0,0,0.0,,0.0,0.0,0.0,2.0
101222,0,Cash loans,M,N,Y,1,130500.0,409500.0,378000.0,11000.0,"Spouse, partner",Pensioner,Secondary / secondary special,Married,House / apartment,0.004276,-25020,365243,-17978.0,-5791,,1,0,0,1,0,0,Cleaning staff,3.0,2,2,MONDAY,15,0,0,0,0,0,0,Government,0.534193,0.586553,,0.3899,0.3975,0.3855,0.3556,0.3848,0.3428,0.4065,0.3923,0.375,0.3654,0.3339,0.3369,0.6059,0.6057,0.6105,0.5684,0.5687,0.5858,0.475,0.4814,0.4693,0.3582,0.3381,0.3169,0.415,0.4058,0.3539,0.609,0.6384,0.6028,0.2727,0.3289,0.3134,0.6222,0.6321,0.6213,0.2929,0.2357,0.2535,0.3148,0.3207,0.3143,,,,"Stone, brick",No,6.0,1.0,6.0,0.0,-3519.0,0,0,0,0,0,0,0,0,0,0,0,0,0,0,0,0,0,0,0,0,0.0,0.0,0.0,2.0,,1.0
101223,0,Cash loans,F,Y,Y,0,184500.0,859500.0,783000.0,45000.0,Unaccompanied,Pensioner,Secondary / secondary special,Married,House / apartment,0.04896,-22708,365243,-7408.0,-3694,,1,0,1,1,0,1,Drivers,2.0,2,2,FRIDAY,9,0,0,0,0,0,0,XNA,,0.45783,0.369351,0.4291,0.4101,0.481,0.3431,0.3613,0.3503,0.4524,0.4671,0.4354,0.2206,0.2497,0.2371,0.2297,0.2343,0.2491,0.5008,0.4945,0.4621,0.417,0.4098,0.4363,0.3498,0.4253,0.3595,0.524,0.4896,0.5105,0.3185,0.2986,0.2989,0.4215,0.3813,0.423,0.4376,0.428,0.4493,0.2574,0.2615,0.2514,0.4983,0.4962,0.4431,,block of flats,,,,2.0,0.0,2.0,0.0,-323.0,0,0,0,0,0,0,0,0,0,0,0,0,0,0,0,0,1,0,0,0,,0.0,0.0,,,1.0
101224,0,Cash loans,F,Y,Y,2,220500.0,4050000.0,3573000.0,116500.0,Unaccompanied,Pensioner,Secondary / secondary special,Civil marriage,House / apartment,0.007676,-21291,365243,-10250.0,-5138,17.0,1,0,1,1,0,0,Medicine staff,4.0,1,1,FRIDAY,19,0,0,0,0,0,0,Industry: type 9,0.436774,0.359851,0.330329,0.3191,0.3546,0.3434,0.4352,0.4006,0.3921,0.2312,0.2095,0.2305,0.2949,0.3022,0.3032,0.285,0.291,0.2825,0.2656,0.2516,0.269,0.2159,0.248,0.2396,0.3013,0.2598,0.2833,0.2786,0.2949,0.2646,0.2593,0.3001,0.2255,0.2303,0.2127,0.2039,0.4068,0.3965,0.395,0.2554,0.2516,0.2661,0.3215,0.3161,0.2975,,block of flats,,,,3.0,0.0,3.0,0.0,-1477.0,0,1,0,0,0,0,0,0,0,0,0,0,0,0,0,0,0,0,0,0,0.0,,0.0,1.0,0.0,
101225,0,Cash loans,F,N,Y,0,94500.0,409500.0,324000.0,14000.0,Unaccompanied,State servant,Higher education,Married,With parents,0.01126,-12024,-610,-782.0,-3057,,1,1,0,1,1,0,,2.0,2,3,SATURDAY,16,0,0,0,0,0,0,Medicine,0.695753,0.755073,0.801026,0.2359,0.2643,0.1958,0.3627,0.3461,0.3194,0.2474,0.2589,0.2802,0.2023,0.2137,0.2039,0.2194,0.1884,0.2159,0.2417,0.2664,0.233,0.2729,0.1903,0.2683,0.2709,0.2562,0.2561,0.3689,0.3527,0.4172,0.3455,0.3063,0.3474,0.2762,0.2578,0.2544,0.3743,0.3676,0.3722,0.2912,0.2771,0.2565,0.2538,0.2487,0.2195,,block of flats,0.1566,,No,0.0,0.0,0.0,0.0,-3752.0,0,1,0,0,0,0,0,0,0,0,0,0,0,0,0,0,0,0,0,0,0.0,0.0,0.0,0.0,0.0,0.0
101226,0,Cash loans,F,N,N,0,99000.0,373500.0,360000.0,28500.0,Unaccompanied,Working,Secondary / secondary special,Married,House / apartment,0.008553,-11728,-2522,-637.0,-1100,,1,1,0,1,0,0,Laborers,2.0,2,2,MONDAY,8,0,1,0,0,1,0,Kindergarten,0.712748,0.553893,0.435589,0.4643,0.4544,0.4688,0.5807,0.5981,0.6129,0.4067,0.4018,0.3993,0.5047,0.5051,0.4985,0.4549,0.4527,0.4526,0.3206,0.3602,0.3491,0.4315,0.3866,0.4193,0.3151,0.2957,0.2984,0.6933,0.6822,0.6473,0.5786,0.5535,0.5751,0.5635,0.5651,0.5617,0.5952,0.6335,0.6497,0.4205,0.4271,0.4217,0.6791,0.698,0.6249,not specified,,0.7475,,No,1.0,0.0,1.0,0.0,-3674.0,0,1,0,0,0,0,1,0,0,0,0,0,0,0,0,0,0,0,0,0,0.0,0.0,0.0,1.0,0.0,2.0
101227,0,Cash loans,F,N,Y,1,162000.0,369000.0,319500.0,13000.0,Unaccompanied,Working,Incomplete higher,Married,House / apartment,0.041843,-18328,-937,-7230.0,-2696,,1,1,0,1,1,0,Managers,3.0,1,1,TUESDAY,17,0,0,0,0,0,0,Trade: type 7,,0.531769,,0.0974,0.1033,0.0837,0.081,0.0936,0.0967,0.1091,0.0904,0.0829,0.0415,0.0223,0.0515,0.0969,0.095,0.0859,0.0556,0.0873,0.0404,0.0527,0.1017,0.066,0.0542,0.0607,0.0917,0.0734,0.0596,0.0328,0.0738,0.049,0.0907,0.0554,0.0743,0.0833,0.0806,0.1117,0.0893,0.0837,0.076,0.0927,0.0967,0.0909,0.0736,reg oper spec account,,0.0668,"Stone, brick",,1.0,0.0,1.0,,-307.0,0,1,0,0,0,0,0,0,0,0,0,0,0,0,0,0,0,0,0,0,0.0,0.0,0.0,0.0,,0.0
101228,0,Cash loans,M,N,Y,0,243000.0,2196000.0,1912500.0,56000.0,Unaccompanied,Working,Secondary / secondary special,Married,House / apartment,0.024284,-15250,-169,-6196.0,-4520,,1,1,1,1,1,0,Laborers,1.0,2,2,FRIDAY,14,0,0,0,0,0,0,Other,,0.9995,0.663448,0.4587,0.482,0.5279,0.4741,0.4604,0.5108,0.2349,0.2239,0.239,0.4393,0.4651,0.4879,0.3977,0.4143,0.4023,0.3432,0.334,0.3361,0.4729,0.4914,0.4945,0.1984,0.2505,0.2366,0.3589,0.2989,0.3034,0.4216,0.4463,0.4318,0.2922,0.3153,0.3357,0.2338,0.2545,0.2678,0.2833,0.2835,0.287,0.4004,0.3566,0.3613,reg oper account,,,Wooden,No,4.0,0.0,4.0,0.0,-1765.0,0,1,0,1,0,0,0,0,0,0,0,0,0,0,0,0,0,0,0,0,0.0,0.0,0.0,0.0,0.0,0.0
101229,0,Revolving loans,F,Y,Y,2,76500.0,157500.0,135000.0,8000.0,Unaccompanied,Commercial associate,Secondary / secondary special,Married,House / apartment,0.013945,-12790,-4874,-4095.0,-693,,1,1,0,1,1,0,Core staff,3.0,1,1,MONDAY,12,1,0,0,0,0,1,Industry: type 9,,0.541964,0.30881,0.3614,0.3435,0.3468,0.2316,0.2322,0.2315,0.3646,0.3879,0.36,0.3132,0.2908,0.2871,0.2546,0.3256,0.327,0.5043,0.5303,0.5299,0.4162,0.3909,0.4083,0.2269,0.2503,0.2188,0.2441,0.2411,0.2493,0.391,0.3481,0.3727,0.3747,0.3734,0.3838,0.3921,0.3916,0.3719,0.2683,0.2539,0.2314,0.3488,0.3191,0.3207,,block of flats,,Panel,No,1.0,0.0,1.0,1.0,-2908.0,0,1,0,0,0,0,0,0,0,0,0,0,0,0,0,0,0,0,0,0,0.0,0.0,1.0,0.0,0.0,4.0
101230,0,Cash loans,F,Y,N,0,130500.0,643500.0,549000.0,64000.0,Unaccompanied,Commercial associate,Secondary / secondary special,Married,House / apartment,0.013349,-16460,-5149,-419.0,-2881,12.0,1,1,0,1,0,0,Medicine staff,2.0,3,3,THURSDAY,14,0,0,0,0,0,0,Self-employed,0.533491,0.287443,0.50992,0.603,0.6107,0.5794,0.7313,0.7245,0.7181,0.6819,0.6664,0.6935,0.4812,0.4967,0.464,0.6983,0.666,0.6804,0.5635,0.5617,0.558,0.5799,0.622,0.5878,0.3287,0.3104,0.3131,0.4373,0.4344,0.4393,0.5312,0.5649,0.5547,0.4394,0.4337,0.4205,0.442,0.4421,0.4394,0.4073,0.3159,0.3724,0.555,0.5813,0.5667,org spec account,block of flats,0.4774,"Stone, brick",No,1.0,0.0,1.0,0.0,-2491.0,0,1,0,0,0,0,0,0,0,0,0,0,0,0,0,0,0,0,0,0,0.0,0.0,0.0,0.0,,
101231,1,Cash loans,M,N,Y,0,130500.0,391500.0,360000.0,10000.0,Family,Working,Secondary / secondary special,Married,House / apartment,0.020903,-13652,-1068,-1670.0,-3107,,1,1,1,1,0,0,,2.0,2,2,MONDAY,15,0,0,0,0,0,0,School,0.63243,0.237518,0.542891,0.0949,0.1056,0.1467,0.1498,0.1598,0.18,0.1732,0.1229,0.1039,0.1144,0.0673,0.0794,0.1495,0.1452,0.1365,0.1481,0.148,0.1588,0.0962,0.0715,0.1223,0.1518,0.1222,0.1164,0.174,0.1669,0.1874,0.0781,0.128,0.0679,0.0868,0.1172,0.1116,0.0961,0.0879,0.0993,0.1053,0.1494,0.0982,0.065,0.0652,0.1058,,block of flats,0.0727,,,2.0,0.0,2.0,0.0,-2477.0,0,0,0,0,0,0,0,0,0,0,0,0,0,0,0,0,0,0,0,0,0.0,0.0,0.0,0.0,0.0,1.0
101232,0,Cash loans,F,N,Y,0,184500.0,648000.0,508500.0,29000.0,Unaccompanied,Pensioner,Secondary / secondary special,Married,With parents,0.008634,-20137,365243,-172.0,-5556,,1,0,0,1,1,0,Cleaning staff,1.0,1,1,MONDAY,10,0,0,0,0,1,0,Business Entity Type 3,0.320543,0.136807,0.813646,0.028,0.0281,0.0433,0.0313,0.0,0.0339,0.0192,0.0492,0.0259,0.0527,0.0366,0.0839,0.0498,0.0723,0.0568,0.0,0.0264,0.0172,0.0631,0.0472,0.057,0.0674,0.0618,0.044,0.0823,0.0547,0.0689,0.0395,0.061,0.0569,0.02,0.0686,0.0442,0.0318,0.0057,0.0571,0.0645,0.0,0.0203,0.0464,0.083,0.0757,,block of flats,0.0579,,,0.0,0.0,0.0,0.0,-403.0,0,0,0,0,0,0,0,0,0,0,0,0,0,0,0,0,0,0,0,0,0.0,0.0,0.0,0.0,0.0,
101233,0,Cash loans,F,Y,N,1,148500.0,265500.0,252000.0,11500.0,Unaccompanied,Pensioner,Secondary / secondary special,Married,House / apartment,0.023679,-22770,365243,-11567.0,-5863,2.0,1,0,0,1,1,0,Sales staff,3.0,2,2,SATURDAY,15,0,0,0,0,0,0,Industry: type 9,,0.876794,0.914668,0.1063,0.123,0.1113,0.0989,0.0937,0.1108,0.1353,0.1184,0.1197,0.1299,0.0417,0.1159,0.0685,0.0835,0.0777,0.1172,0.0999,0.0227,0.0668,0.0899,0.0419,0.1043,0.1307,0.091,0.1539,0.0974,0.1048,0.0933,0.0824,0.089,0.0835,0.139,0.125,0.1329,0.1318,0.1341,0.0654,0.0662,0.0671,0.1033,0.1347,0.1118,reg oper account,block of flats,0.0655,,,3.0,0.0,3.0,0.0,-1404.0,0,1,0,0,0,0,0,0,0,0,0,0,0,0,0,0,0,0,0,0,,0.0,0.0,0.0,0.0,3.0
101234,1,Cash loans,F,Y,Y,0,108000.0,882000.0,706500.0,28000.0,Unaccompanied,Commercial associate,Secondary / secondary special,Separated,House / apartment,0.013308,-14194,-2881,-1491.0,-3649,34.0,1,1,0,1,0,0,,2.0,3,3,THURSDAY,11,0,0,0,0,0,0,Government,,0.315383,0.161769,0.3017,0.3144,0.3403,0.2049,0.2429,0.2598,0.2803,0.2627,0.2548,0.186,0.1907,0.1821,0.155,0.1305,0.1406,0.29,0.2632,0.3049,0.197,0.2122,0.2488,0.2422,0.2198,0.2193,0.2128,0.2094,0.2205,0.1726,0.1147,0.1605,0.1506,0.1816,0.1681,0.2207,0.2738,0.2572,0.1714,0.153,0.1775,0.2589,0.2418,0.2497,,,,,,2.0,0.0,2.0,0.0,-2528.0,0,1,0,0,0,0,0,0,0,0,0,0,0,0,0,0,0,0,0,0,0.0,0.0,,0.0,1.0,0.0
101235,0,Cash loans,M,N,N,1,292500.0,981000.0,963000.0,35000.0,Unaccompanied,Working,Secondary / secondary special,Single / not married,House / apartment,0.025808,-21202,-10109,-4485.0,-1270,,1,1,0,1,1,0,,2.0,2,2,THURSDAY,15,0,0,0,0,0,1,XNA,,0.486984,0.787638,0.3901,0.4005,0.3982,0.5726,0.5934,0.6076,0.3337,0.3558,0.3126,0.4083,0.4049,0.3911,0.5824,0.5714,0.548,0.4826,0.4936,0.4494,0.3166,0.2631,0.3367,0.6251,0.6348,0.6178,0.5305,0.5329,0.4952,0.3784,0.385,0.3692,0.3378,0.2943,0.3157,0.3097,0.2823,0.3227,0.3036,0.3136,0.2679,0.6286,0.6143,0.6366,,block of flats,,,,2.0,0.0,2.0,0.0,-3783.0,0,0,0,0,0,0,0,0,0,0,0,0,0,0,0,0,0,0,0,0,0.0,,0.0,0.0,1.0,5.0
101236,0,Cash loans,M,Y,Y,1,108000.0,216000.0,193500.0,11500.0,Unaccompanied,Working,Secondary / secondary special,Married,House / apartment,0.025271,-14582,-2731,-3727.0,-1223,15.0,1,1,1,1,1,0,Waiters/barmen staff,3.0,2,2,SUNDAY,12,0,0,0,0,0,0,Self-employed,0.421274,0.539827,,0.3092,0.3102,0.2997,0.3269,0.3186,0.3384,0.1987,0.2369,0.2147,0.4794,0.461,0.4485,0.4057,0.4495,0.4097,0.3097,0.2863,0.2742,0.3706,0.3806,0.3702,0.3307,0.3068,0.3524,0.3993,0.4518,0.446,0.3144,0.3059,0.2949,0.2593,0.2585,0.2651,0.3206,0.3205,0.2652,0.2892,0.2981,0.2603,0.2194,0.2392,0.2314,org spec account,,,,No,2.0,0.0,2.0,0.0,-452.0,0,0,0,0,0,0,0,0,0,0,0,0,0,0,0,0,0,0,0,0,0.0,0.0,0.0,,1.0,0.0
101237,0,Cash loans,F,N,Y,0,126000.0,976500.0,774000.0,75000.0,Unaccompanied,Working,Secondary / secondary special,Separated,House / apartment,0.012942,-21371,-1259,-0.0,-3592,,1,1,0,1,1,0,,2.0,3,3,WEDNESDAY,9,0,0,0,0,0,0,Business Entity Type 3,0.377174,0.731029,0.353468,0.0991,0.1124,0.1275,0.1525,0.1749,0.169,0.1082,0.1211,0.0887,0.1907,0.2533,0.1917,0.1396,0.1531,0.1404,0.1206,0.1471,0.1616,0.142,0.1012,0.1017,0.2375,0.203,0.2466,0.2196,0.1903,0.2105,0.1237,0.127,0.1313,0.2208,0.1993,0.1934,0.1314,0.1157,0.1252,0.2089,0.256,0.2716,0.1237,0.0953,0.1301,org spec account,block of flats,,,No,1.0,1.0,1.0,0.0,-2502.0,0,1,0,0,0,0,0,0,0,0,0,0,0,0,0,0,0,0,0,0,0.0,0.0,0.0,1.0,0.0,2.0
101238,0,Cash loans,F,N,N,1,63000.0,184500.0,166500.0,5500.0,Unaccompanied,Working,Secondary / secondary special,Married,House / apartment,0.005237,-19745,-2761,-3080.0,-1175,,1,1,0,1,0,0,Cooking staff,2.0,3,3,FRIDAY,14,0,0,0,0,0,0,Self-employed,0.717245,0.568219,0.75855,0.478,0.5122,0.4997,0.3111,0.3057,0.3048,0.4178,0.4132,0.4475,0.3323,0.3643,0.3528,0.2922,0.2597,0.2379,0.3099,0.3048,0.2536,0.366,0.3987,0.3671,0.5793,0.6017,0.5727,0.6009,0.5896,0.6242,0.4015,0.3773,0.3979,0.3171,0.3629,0.3359,0.3593,0.343,0.3296,0.4766,0.4732,0.4932,0.3449,0.3292,0.3631,,block of flats,0.3195,"Stone, brick",No,5.0,0.0,5.0,0.0,-3912.0,0,1,0,0,0,0,0,0,0,0,0,0,0,0,0,0,0,0,0,0,0.0,0.0,,1.0,0.0,3.0
101239,0,Cash loans,F,N,N,2,99000.0,463500.0,391500.0,19000.0,Unaccompanied,Commercial associate,Secondary / secondary special,Married,House / apartment,0.016047,-20361,-1171,-8830.0,-4041,,1,1,0,1,0,0,,4.0,2,2,MONDAY,11,0,0,0,0,0,0,Business Entity Type 2,,0.80395,0.578802,0.2021,0.2051,0.2432,0.2875,0.3043,0.2835,0.3111,0.3108,0.2956,0.2615,0.2637,0.2519,0.2452,0.263,0.2676,0.1559,0.1602,0.186,0.3333,0.3608,0.3228,0.199,0.1818,0.1783,0.1836,0.1495,0.1811,0.1934,0.1707,0.1727,0.2511,0.2566,0.2623,0.1829,0.1537,0.1667,0.1677,0.1807,0.1499,0.1382,0.1863,0.1684,,,0.1998,,,1.0,0.0,1.0,0.0,-4164.0,0,0,0,0,0,0,1,0,0,0,0,0,0,0,0,0,0,0,0,0,0.0,0.0,0.0,0.0,,
101240,0,Cash loans,F,N,Y,0,193500.0,1197000.0,1161000.0,39500.0,Family,Working,Higher education,Married,House / apartment,0.007613,-18543,-620,-2076.0,-5803,,1,1,0,1,0,0,Sales staff,2.0,2,2,THURSDAY,13,0,0,0,0,1,0,XNA,,0.416297,,0.0136,0.0672,0.0807,0.0916,0.1195,0.0841,0.0845,0.0668,0.079,0.0916,0.1232,0.0827,0.1283,0.119,0.0859,0.0569,0.0905,0.0714,0.1008,0.0985,0.0861,0.0999,0.1042,0.0859,0.0666,0.0535,0.0606,0.0466,0.0377,0.0868,0.0403,0.081,0.0875,0.0886,0.0782,0.0753,0.0733,0.0649,0.1328,0.048,0.0386,0.0723,,,0.0805,,No,1.0,0.0,1.0,0.0,-1376.0,0,1,0,0,1,0,1,0,0,0,0,0,0,0,0,0,0,0,0,0,0.0,,0.0,1.0,0.0,
101241,0,Cash loans,F,Y,Y,1,175500.0,886500.0,823500.0,25000.0,Unaccompanied,Working,Secondary / secondary special,Separated,House / apartment,0.019634,-16282,-6095,-4426.0,-1122,25.0,1,1,0,1,0,0,,3.0,2,2,FRIDAY,13,0,0,0,0,0,0,Business Entity Type 2,,0.230647,0.141549,0.9405,0.9041,0.8493,0.5634,0.5655,0.5571,0.4941,0.4685,0.5069,0.9501,0.9972,0.9461,0.6919,0.7232,0.7136,0.7529,0.7069,0.7185,0.9064,0.8562,0.8844,0.6345,0.655,0.6402,0.9947,0.9987,0.9819,0.902,0.879,0.8593,0.5192,0.5007,0.5445,0.6887,0.6649,0.6896,1.0,1.0,1.0,0.9295,0.9101,0.9379,,block of flats,,"Stone, brick",,1.0,0.0,1.0,0.0,-2252.0,0,1,0,0,0,0,0,0,0,0,0,0,0,0,0,0,0,0,0,0,0.0,0.0,0.0,1.0,0.0,3.0
101242,0,Cash loans,M,N,N,0,202500.0,234000.0,207000.0,22000.0,Unaccompanied,Working,Secondary / secondary special,Married,House / apartment,0.01595,-15258,-3071,-8412.0,-5509,,1,1,0,1,1,0,Managers,2.0,3,3,SATURDAY,17,0,0,1,0,0,0,Government,0.568045,0.645005,,0.0357,0.0317,0.0517,0.0579,0.0268,0.0286,0.0632,0.0464,0.0465,0.0416,0.0504,0.0581,0.0301,0.0486,0.0217,0.0333,0.0243,0.0364,0.0256,0.0358,0.0459,0.0366,0.0377,0.0434,0.0398,0.041,0.047,0.0376,0.0177,0.0249,0.0,0.0331,0.0478,0.0442,0.0477,0.0,0.0565,0.0393,0.0056,0.0193,0.0284,0.0063,,,,,No,2.0,0.0,2.0,0.0,-2353.0,0,1,0,0,0,0,0,0,0,0,0,0,0,0,0,0,0,0,0,0,0.0,0.0,0.0,0.0,1.0,0.0
101243,1,Cash loans,M,N,Y,0,198000.0,1134000.0,981000.0,31500.0,Unaccompanied,Commercial associate,Secondary / secondary special,Single / not married,House / apartment,0.012987,-15528,-280,-450.0,-232,,1,1,0,1,0,0,Core staff,2.0,2,2,MONDAY,11,0,0,0,1,0,0,Industry: type 9,0.19088,0.171709,,0.1218,0.0874,0.0645,0.0604,0.0968,0.0787,0.0832,0.0737,0.0703,0.1569,0.1101,0.1262,0.0643,0.0932,0.0738,0.1103,0.1404,0.0927,0.122,0.0986,0.1154,0.1285,0.1046,0.1113,0.0357,0.0736,0.0745,0.0593,0.0612,0.0952,0.0948,0.1214,0.1068,0.0385,0.0948,0.055,0.085,0.0948,0.0938,0.1235,0.0982,0.1133,reg oper account,,0.0618,Panel,No,0.0,1.0,0.0,0.0,-689.0,0,1,0,0,0,0,0,0,0,0,0,0,0,0,0,0,0,0,0,0,0.0,0.0,0.0,,0.0,4.0
101244,0,Cash loans,F,N,Y,0,463500.0,1710000.0,1674000.0,52500.0,Unaccompanied,Working,Secondary / secondary special,Single / not married,House / apartment,0.008375,-10540,-909,-629.0,-2897,,1,1,0,1,0,0,Core staff,2.0,2,2,SATURDAY,9,0,0,0,1,0,1,Security,,0.577509,0.757923,0.3108,0.3311,0.315,0.2924,0.2924,0.3215,0.3298,0.3564,0.3428,0.3242,0.343,0.3364,0.3833,0.3758,0.3724,0.3886,0.3887,0.3758,0.3744,0.4034,0.3765,0.2633,0.2758,0.2879,0.2396,0.2139,0.2479,0.3835,0.3821,0.3821,0.1894,0.1938,0.2157,0.1785,0.1523,0.207,0.1635,0.1689,0.1864,0.3449,0.3516,0.3604,reg oper spec account,block of flats,,,No,2.0,0.0,2.0,0.0,-462.0,0,1,0,0,0,0,0,0,0,0,0,0,0,0,0,0,0,0,0,0,0.0,,0.0,1.0,0.0,3.0
101245,0,Cash loans,M,N,Y,1,99000.0,324000.0,297000.0,8500.0,Family,State servant,Higher education,Married,House / apartment,0.03903,-10724,-3840,-2441.0,-2314,,1,1,0,1,1,0,Core staff,3.0,1,1,WEDNESDAY,17,0,0,1,0,0,0,Business Entity Type 3,,0.657,0.602766,0.952,0.9694,0.9425,0.9868,0.9423,0.9468,1.0,1.0,1.0,0.44,0.4778,0.4926,0.7874,0.7911,0.7755,0.5978,0.6153,0.612,0.498,0.4731,0.4979,0.6972,0.7173,0.7115,0.624,0.6059,0.5959,0.7973,0.7933,0.7667,0.6424,0.6446,0.6614,0.7698,0.7457,0.7892,0.7419,0.7702,0.7411,0.7717,0.7721,0.7628,reg oper account,,0.9135,"Stone, brick",No,3.0,0.0,3.0,0.0,-2112.0,0,1,0,0,0,0,0,0,0,0,0,0,0,0,0,0,0,0,0,0,0.0,0.0,0.0,0.0,0.0,
101246,1,Cash loans,M,N,Y,0,58500.0,216000.0,189000.0,12500.0,Unaccompanied,Working,Higher education,Married,House / apartment,0.014115,-8157,-377,-773.0,-3383,,1,1,0,1,0,0,,1.0,2,2,THURSDAY,12,0,0,0,0,0,0,XNA,,0.426297,0.686155,0.4867,0.4672,0.4842,0.5225,0.526,0.5448,0.4553,0.477,0.4999,0.4418,0.4452,0.4507,0.5284,0.5068,0.4932,0.4105,0.4391,0.4122,0.2963,0.2803,0.298,0.5144,0.5335,0.5184,0.3345,0.3605,0.344,0.5868,0.4971,0.5265,0.5227,0.4837,0.4836,0.3399,0.3784,0.359,0.5554,0.5592,0.5113,0.3463,0.3129,0.3231,,,,,No,3.0,0.0,3.0,0.0,-2292.0,0,0,0,0,0,0,0,0,0,0,0,0,0,0,0,0,0,0,0,0,0.0,0.0,0.0,0.0,0.0,3.0
101247,0,Cash loans,F,N,Y,0,81000.0,130500.0,112500.0,6500.0,"Spouse, partner",Pensioner,Higher education,Married,House / apartment,0.0725,-23937,365243,-16835.0,-2901,,1,0,0,1,0,0,Laborers,1.0,2,3,SATURDAY,10,0,0,0,0,0,0,Business Entity Type 3,0.784219,0.575346,,0.3265,0.3047,0.3105,0.2141,0.2129,0.2045,0.2469,0.2419,0.2711,0.2593,0.3004,0.2588,0.2353,0.2571,0.24,0.1531,0.243,0.1962,0.293,0.3262,0.3019,0.2807,0.2712,0.304,0.211,0.2404,0.1934,0.2723,0.3111,0.3179,0.2626,0.2844,0.2273,0.2714,0.2691,0.222,0.2987,0.2974,0.2797,0.234,0.2351,0.2213,,,,"Stone, brick",No,2.0,0.0,2.0,0.0,-2813.0,0,1,0,0,0,0,0,0,0,0,0,0,0,0,0,0,0,0,0,0,0.0,,0.0,,0.0,2.0
101248,0,Cash loans,F,N,Y,0,99000.0,427500.0,360000.0,14500.0,Family,Working,Secondary / secondary special,Single / not married,House / apartment,0.019109,-9449,-2874,-26.0,-3282,,1,1,1,1,1,0,Laborers,2.0,2,2,FRIDAY,13,0,0,1,0,0,0,XNA,,0.391538,0.702312,0.3473,0.3321,0.3482,0.5067,0.4811,0.4483,0.3286,0.322,0.3418,0.4548,0.4802,0.4973,0.4467,0.4143,0.3966,0.3031,0.3154,0.3285,0.2456,0.3088,0.2617,0.3179,0.3304,0.338,0.2421,0.2383,0.2434,0.4578,0.3999,0.4269,0.2104,0.2189,0.19,0.4209,0.4111,0.3592,0.2816,0.292,0.3176,0.3158,0.3525,0.301,,block of flats,,,,3.0,0.0,3.0,0.0,-2117.0,0,0,0,0,0,0,0,0,0,0,0,0,0,0,0,0,0,0,0,0,0.0,0.0,0.0,0.0,0.0,2.0
101249,0,Cash loans,M,N,N,0,85500.0,157500.0,144000.0,4000.0,Unaccompanied,Working,Secondary / secondary special,Married,House / apartment,0.023255,-15963,-1293,-7829.0,-723,,1,1,0,1,1,0,,2.0,2,2,FRIDAY,11,0,0,0,0,0,0,Business Entity Type 3,,0.327935,0.383729,0.2704,0.3119,0.2535,0.2647,0.2735,0.2479,0.3685,0.3735,0.3343,0.3747,0.3983,0.3846,0.2784,0.2776,0.3024,0.3564,0.351,0.3703,0.382,0.362,0.3979,0.2804,0.2419,0.2691,0.4404,0.4711,0.4991,0.239,0.2161,0.2404,0.4671,0.4847,0.4332,0.3366,0.3164,0.3178,0.3435,0.3346,0.36,0.4262,0.4102,0.404,,,0.245,,No,2.0,0.0,2.0,0.0,-3371.0,0,1,0,0,0,0,0,0,0,0,0,0,0,0,0,0,0,0,0,0,0.0,0.0,0.0,1.0,0.0,0.0
101250,0,Revolving loans,F,Y,Y,1,153000.0,508500.0,454500.0,13000.0,Unaccompanied,State servant,Secondary / secondary special,Married,House / apartment,0.01916,-9635,-3060,-1124.0,-4580,,1,1,0,1,1,0,Core staff,3.0,2,2,SATURDAY,11,0,0,0,0,1,0,Self-employed,0.645159,0.667833,,0.2685,0.3078,0.3041,0.5162,0.5108,0.5446,0.4165,0.4243,0.4353,0.5393,0.5485,0.4899,0.5311,0.508,0.5293,0.5626,0.5534,0.5136,0.5337,0.5148,0.5378,0.4855,0.5154,0.5062,0.571,0.5125,0.5076,0.2596,0.2803,0.2839,0.4279,0.4768,0.4794,0.5845,0.5112,0.4985,0.3192,0.2645,0.2741,0.5426,0.5176,0.5115,,,,,,2.0,1.0,2.0,0.0,-1701.0,0,1,0,0,0,0,0,0,0,0,0,0,0,0,0,0,0,0,0,0,0.0,0.0,0.0,,0.0,3.0
101251,0,Cash loans,M,N,Y,2,292500.0,1242000.0,1179000.0,55000.0,Unaccompanied,Commercial associate,Higher education,Married,House / apartment,0.023111,-8618,-2044,-257.0,-5663,,1,1,0,1,0,0,,3.0,2,2,WEDNESDAY,20,0,0,0,0,0,0,Business Entity Type 1,0.792887,0.669647,0.576299,0.5412,0.5606,0.5852,0.7005,0.6845,0.7014,0.8583,0.8268,0.8525,0.5459,0.5196,0.5505,0.8108,0.826,0.8639,0.5162,0.4981,0.5128,0.5065,0.4751,0.4709,0.7008,0.6973,0.6773,0.4768,0.4433,0.4406,0.7054,0.6701,0.7096,0.9666,0.9729,0.9775,0.7223,0.7511,0.752,0.7739,0.7944,0.821,0.457,0.5047,0.5048,reg oper account,,,,,1.0,1.0,1.0,0.0,-1815.0,0,0,0,0,0,0,0,0,0,0,0,0,0,0,0,0,0,0,0,0,0.0,0.0,0.0,0.0,0.0,
101252,0,Cash loans,F,Y,N,0,342000.0,2407500.0,2146500.0,92000.0,Unaccompanied,Commercial associate,Secondary / secondary special,Single / not married,House / apartment,0.036818,-15271,-726,-3328.0,-2846,,1,1,0,1,0,0,Drivers,2.0,2,2,FRIDAY,9,0,0,0,0,0,0,Government,0.469275,0.497628,0.571973,0.6103,0.6033,0.6177,0.3691,0.3412,0.3415,0.4978,0.4925,0.4955,0.4933,0.5027,0.4907,0.516,0.58,0.5876,0.4566,0.453,0.4645,0.3613,0.354,0.3675,0.7761,0.7666,0.7501,0.6572,0.6897,0.6569,0.3623,0.3777,0.3524,0.4224,0.4206,0.4201,0.3457,0.3294,0.3537,0.6612,0.6995,0.6768,0.5869,0.5793,0.5994,,,0.4959,,,1.0,0.0,1.0,0.0,-227.0,0,0,0,0,0,0,0,0,0,0,0,0,0,0,0,0,0,0,0,0,0.0,0.0,0.0,0.0,0.0,3.0
101253,0,Cash loans,F,Y,Y,0,193500.0,481500.0,432000.0,32000.0,Unaccompanied,Commercial associate,Secondary / secondary special,Single / not married,House / apartment,0.037082,-20107,-2349,-3914.0,-5141,,1,1,0,1,0,0,Realty agents,2.0,2,2,THURSDAY,7,0,0,0,0,0,0,Self-employed,0.446729,0.546158,,0.3552,0.3967,0.3641,0.3401,0.3414,0.3349,0.3388,0.3286,0.3188,0.3288,0.3493,0.3119,0.5864,0.5967,0.5488,0.2968,0.3185,0.3236,0.3532,0.365,0.3664,0.4539,0.4749,0.4622,0.4566,0.4621,0.4669,0.3399,0.3278,0.312,0.5499,0.5838,0.5797,0.4265,0.4525,0.4138,0.2698,0.286,0.3217,0.346,0.4131,0.3736,org spec account,,,"Stone, brick",No,1.0,0.0,1.0,1.0,-4095.0,0,1,0,0,0,0,0,0,0,0,0,0,0,0,0,0,0,0,0,0,0.0,0.0,0.0,0.0,2.0,3.0
101254,0,Cash loans,M,N,Y,2,477000.0,4050000.0,3546000.0,131500.0,Unaccompanied,Working,Secondary / secondary special,Married,House / apartment,0.006254,-12742,-6168,-557.0,-735,,1,1,0,1,0,0,Managers,4.0,3,3,THURSDAY,16,0,0,0,0,1,0,XNA,,0.604297,0.702234,0.4059,0.408,0.4233,0.2314,0.2853,0.2483,0.2747,0.2643,0.2736,0.4244,0.456,0.4524,0.4342,0.3751,0.4,0.5234,0.4957,0.5463,0.2692,0.2582,0.2837,0.2989,0.2829,0.2631,0.3292,0.3618,0.3339,0.5062,0.4984,0.5315,0.4304,0.4174,0.403,0.3233,0.3534,0.386,0.531,0.523,0.5064,0.2842,0.2713,0.2922,,block of flats,,Block,,0.0,0.0,0.0,0.0,-198.0,0,0,0,0,0,0,0,0,0,0,0,0,0,0,0,0,0,0,0,0,0.0,0.0,1.0,0.0,0.0,3.0
101255,0,Cash loans,F,N,Y,0,121500.0,796500.0,742500.0,22500.0,Unaccompanied,Pensioner,Higher education,Married,House / apartment,0.031783,-22144,365243,-1863.0,-4392,,1,0,0,1,0,0,Core staff,1.0,1,1,SUNDAY,11,0,0,0,0,0,0,Business Entity Type 3,0.4363,0.636769,0.537831,0.7666,0.7904,0.7859,0.4768,0.5032,0.4845,0.7438,0.7909,0.7527,0.776,0.7687,0.7252,0.8702,0.8741,0.8593,0.7742,0.7458,0.7546,0.4047,0.4032,0.4064,0.7727,0.7497,0.7621,0.5144,0.5423,0.5692,0.8789,0.8986,0.8559,0.4565,0.4533,0.4547,0.5235,0.5128,0.5551,0.4753,0.4947,0.4776,0.8605,0.8338,0.8561,,block of flats,0.7298,"Stone, brick",No,0.0,0.0,0.0,1.0,-1312.0,0,0,0,0,0,0,0,0,0,0,0,0,0,0,0,0,0,0,0,0,0.0,0.0,,0.0,1.0,
101256,0,Cash loans,F,Y,Y,0,58500.0,180000.0,157500.0,5500.0,Unaccompanied,Working,Secondary / secondary special,Married,House / apartment,0.025451,-7817,-1242,-218.0,-1945,,1,1,0,1,0,0,Managers,1.0,2,2,MONDAY,13,0,0,0,0,1,0,Business Entity Type 3,0.652936,0.495789,0.554283,0.2838,0.3036,0.352,0.5634,0.6251,0.5974,0.3979,0.4083,0.4044,0.3632,0.3665,0.3583,0.3251,0.3378,0.317,0.4899,0.5107,0.4449,0.3327,0.3464,0.3559,0.4674,0.4238,0.4433,0.5484,0.5307,0.5435,0.5464,0.5415,0.5333,0.6144,0.6613,0.6125,0.2747,0.3465,0.3563,0.4364,0.4077,0.4379,0.6046,0.6165,0.557,,block of flats,0.4866,,,1.0,0.0,1.0,0.0,-3549.0,0,1,0,0,0,0,0,0,0,0,0,0,0,0,0,0,0,0,0,0,0.0,0.0,0.0,0.0,0.0,2.0
101257,0,Cash loans,F,N,Y,2,261000.0,553500.0,526500.0,27000.0,Unaccompanied,Pensioner,Secondary / secondary special,Married,House / apartment,0.019121,-20819,365243,-6205.0,-4017,,1,0,0,1,0,0,Security staff,4.0,2,2,WEDNESDAY,14,0,0,0,0,0,0,Business Entity Type 3,,0.58232,0.503621,0.3596,0.3637,0.3371,0.4178,0.4094,0.4039,0.5656,0.5647,0.5531,0.547,0.523,0.5451,0.3455,0.3128,0.3289,0.2975,0.3006,0.3191,0.4563,0.4846,0.4709,0.5473,0.5437,0.585,0.2998,0.2848,0.3428,0.3489,0.3319,0.3217,0.5477,0.5243,0.5324,0.6396,0.6638,0.6394,0.5654,0.5538,0.5977,0.4752,0.5263,0.4745,reg oper account,block of flats,0.4605,,No,3.0,0.0,3.0,0.0,-877.0,0,1,0,0,0,0,0,0,0,0,0,0,0,0,0,0,0,0,0,0,,0.0,0.0,1.0,0.0,2.0
101258,0,Cash loans,F,N,N,2,54000.0,94500.0,81000.0,2500.0,Unaccompanied,State servant,Higher education,Married,House / apartment,0.054071,-9761,-3186,-98.0,-3409,,1,1,0,1,0,0,Laborers,4.0,2,2,SATURDAY,6,0,0,0,0,0,1,Business Entity Type 2,,0.467919,0.505423,0.5183,0.5228,0.534,0.4754,0.4902,0.4888,0.4068,0.3668,0.3879,0.5108,0.5438,0.4925,0.3394,0.3101,0.3005,0.5903,0.5869,0.5781,0.5908,0.5971,0.616,0.5212,0.5707,0.5961,0.2684,0.3057,0.2898,0.2825,0.3085,0.2746,0.531,0.5333,0.5543,0.3658,0.3517,0.3978,0.3147,0.336,0.3846,0.3885,0.3519,0.403,,block of flats,,Monolithic,,2.0,1.0,2.0,0.0,-3931.0,0,1,0,0,0,0,0,0,0,0,0,0,0,0,0,0,0,0,0,0,0.0,,0.0,0.0,0.0,0.0
101259,0,Cash loans,F,N,N,0,99000.0,450000.0,414000.0,33000.0,Unaccompanied,Pensioner,Secondary / secondary special,Single / not married,House / apartment,0.055437,-23014,365243,-555.0,-264,,1,0,1,1,1,1,Core staff,2.0,2,2,WEDNESDAY,16,0,0,0,0,0,0,Industry: type 9,,0.29553,0.52407,0.3388,0.3312,0.3097,0.4178,0.4225,0.3745,0.5669,0.5944,0.589,0.6953,0.7122,0.7214,0.6634,0.635,0.6632,0.567,0.5526,0.6017,0.3625,0.3815,0.388,0.4497,0.5078,0.4695,0.5813,0.6198,0.6414,0.6222,0.6069,0.6052,0.7221,0.6943,0.7009,0.6296,0.6657,0.6555,0.7437,0.7025,0.7669,0.347,0.392,0.3802,,,,,No,2.0,0.0,2.0,0.0,-2897.0,0,0,0,0,0,0,0,0,0,0,0,0,0,0,0,0,0,0,0,0,0.0,0.0,0.0,1.0,0.0,3.0
101260,0,Revolving loans,F,N,Y,0,193500.0,504000.0,481500.0,20500.0,Unaccompanied,Commercial associate,Incomplete higher,Married,House / apartment,0.032765,-8008,-1297,-307.0,-2106,,1,1,0,1,1,0,,2.0,2,2,FRIDAY,10,0,0,0,0,0,1,Kindergarten,,0.9995,0.450533,0.2512,0.2369,0.2297,0.2189,0.2829,0.2483,0.3138,0.2975,0.2749,0.1862,0.1763,0.1957,0.3181,0.3358,0.3018,0.4135,0.4059,0.4258,0.403,0.387,0.402,0.4197,0.4201,0.3946,0.3734,0.3244,0.3752,0.4007,0.4053,0.3949,0.2926,0.2919,0.2772,0.2822,0.2745,0.2537,0.3866,0.4158,0.4411,0.3104,0.2969,0.3433,,block of flats,0.1768,"Stone, brick",,0.0,0.0,0.0,1.0,-1595.0,0,0,0,0,0,0,0,0,0,0,0,0,0,0,0,0,0,0,0,0,0.0,0.0,0.0,0.0,0.0,3.0
101261,1,Cash loans,F,N,Y,2,139500.0,1053000.0,985500.0,39500.0,"Spouse, partner",Commercial associate,Secondary / secondary special,Married,House / apartment,0.01335,-8174,-1600,-988.0,-2608,,1,1,0,1,0,0,Cleaning staff,4.0,2,2,SATURDAY,18,0,0,0,0,0,0,Industry: type 9,,0.05265,0.248716,0.3149,0.348,0.3784,0.3343,0.3417,0.3532,0.4741,0.5233,0.5042,0.4456,0.4391,0.4273,0.5293,0.5181,0.5475,0.4133,0.4567,0.4521,0.3912,0.3992,0.3822,0.3455,0.3241,0.3202,0.2783,0.2814,0.3069,0.4485,0.4551,0.4309,0.504,0.5141,0.5248,0.3975,0.4137,0.3955,0.439,0.5026,0.4794,0.3127,0.3577,0.3385,reg oper account,,0.333,,,0.0,0.0,0.0,0.0,-4128.0,0,1,0,0,0,0,0,0,0,0,0,0,0,0,0,0,1,0,0,0,0.0,0.0,0.0,0.0,0.0,1.0
101262,0,Cash loans,F,Y,N,0,130500.0,351000.0,297000.0,13500.0,Unaccompanied,Commercial associate,Higher education,Married,House / apartment,0.008928,-17824,-1610,-10914.0,-4881,6.0,1,1,0,1,1,0,Laborers,2.0,2,2,FRIDAY,9,0,0,0,0,0,0,Business Entity Type 3,0.451061,0.524626,0.644308,0.2373,0.2175,0.233,0.2363,0.2274,0.2281,0.1723,0.1739,0.1425,0.2142,0.1911,0.2143,0.1579,0.1165,0.1415,0.2255,0.236,0.2237,0.257,0.2052,0.2137,0.2701,0.1996,0.2141,0.1612,0.1398,0.1458,0.2239,0.2055,0.1805,0.1723,0.1996,0.1977,0.2347,0.1933,0.2177,0.2251,0.2473,0.1985,0.2291,0.2015,0.234,,,,"Stone, brick",No,2.0,0.0,2.0,0.0,-3806.0,0,1,0,0,0,0,0,0,0,0,0,0,0,0,0,0,0,0,0,0,0.0,0.0,0.0,1.0,0.0,4.0
101263,0,Cash loans,F,N,Y,0,76500.0,180000.0,166500.0,5500.0,Unaccompanied,Working,Higher education,Married,House / apartment,0.029852,-16994,-1654,-21.0,-659,,1,1,0,1,0,0,Laborers,1.0,2,2,THURSDAY,17,0,0,0,0,0,0,XNA,0.596419,0.737071,0.870407,0.3211,0.2993,0.2879,0.266,0.2502,0.242,0.3211,0.3359,0.3473,0.2645,0.2699,0.256,0.2974,0.3535,0.2754,0.2107,0.2056,0.2245,0.3094,0.2896,0.3491,0.3005,0.2978,0.2701,0.3678,0.3885,0.3762,0.2276,0.2137,0.2133,0.3862,0.4431,0.4139,0.3675,0.376,0.3139,0.2682,0.2489,0.2227,0.3067,0.311,0.3319,,block of flats,,"Stone, brick",,2.0,0.0,2.0,0.0,-3603.0,0,1,0,0,0,0,0,0,0,0,0,0,0,0,0,0,0,0,0,0,0.0,0.0,0.0,1.0,0.0,2.0
101264,0,Revolving loans,M,Y,N,1,144000.0,639000.0,,22500.0,Unaccompanied,Pensioner,Secondary / secondary special,Married,House / apartment,0.043442,-23736,365243,-16505.0,-5687,,1,0,1,1,0,0,Managers,3.0,1,1,SATURDAY,18,0,1,0,0,0,1,Business Entity Type 3,0.505072,0.636668,,0.2126,0.2688,0.2445,0.3708,0.3497,0.3701,0.3504,0.3029,0.3434,0.2765,0.2684,0.2544,0.2273,0.243,0.2436,0.4315,0.4563,0.4762,0.3802,0.3499,0.3746,0.2501,0.263,0.2826,0.2216,0.1984,0.2039,0.372,0.3758,0.4039,0.3294,0.3218,0.3414,0.3289,0.3136,0.2933,0.4775,0.4352,0.4399,0.3211,0.3327,0.2949,reg oper account,,0.378,,,2.0,0.0,2.0,0.0,-3917.0,0,1,0,0,0,0,0,0,0,0,0,0,0,0,0,0,0,0,0,0,0.0,0.0,0.0,0.0,0.0,0.0
101265,0,Cash loans,F,Y,Y,0,256500.0,684000.0,540000.0,55500.0,Unaccompanied,Commercial associate,Higher education,Single / not married,House / apartment,0.005316,-20507,-295,-8224.0,-288,34.0,1,1,0,1,0,0,Managers,2.0,2,3,MONDAY,10,0,0,0,0,0,0,Business Entity Type 3,0.293254,0.419477,,0.2338,0.2511,0.2577,0.2051,0.2392,0.1943,0.3183,0.3187,0.2957,0.1667,0.1665,0.1153,0.2928,0.3334,0.3235,0.2133,0.2286,0.2331,0.2076,0.2256,0.1621,0.3066,0.338,0.3123,0.2245,0.2235,0.2254,0.3184,0.301,0.3328,0.2882,0.2801,0.2767,0.2265,0.2452,0.2428,0.1945,0.1939,0.1614,0.1984,0.2595,0.2546,reg oper account,,0.3581,"Stone, brick",,2.0,0.0,2.0,0.0,-2607.0,0,1,0,0,0,0,0,0,0,0,0,0,0,0,0,0,0,0,0,0,0.0,0.0,0.0,,,3.0
101266,0,Cash loans,F,N,N,0,148500.0,580500.0,544500.0,37500.0,Unaccompanied,Working,Secondary / secondary special,Married,House / apartment,0.036672,-17470,-810,-9420.0,-1451,,1,1,0,1,1,0,Sales staff,1.0,3,3,TUESDAY,11,0,0,0,0,0,0,Business Entity Type 3,0.871075,0.388345,0.635834,0.132,0.1766,0.1369,0.1238,0.1515,0.0851,0.2202,0.2295,0.2115,0.2444,0.1744,0.2032,0.223,0.2159,0.2283,0.1238,0.1672,0.1893,0.1827,0.1903,0.1506,0.2132,0.1388,0.1739,0.1701,0.1731,0.1152,0.1213,0.1476,0.1459,0.2205,0.2435,0.187,0.2088,0.2489,0.2167,0.1421,0.1437,0.1627,0.1943,0.2418,0.2426,reg oper spec account,,,Monolithic,,0.0,0.0,0.0,1.0,-1097.0,0,1,0,0,0,0,0,0,0,0,0,0,0,0,0,0,0,0,0,0,0.0,,0.0,0.0,1.0,3.0
101267,0,Cash loans,F,N,N,0,94500.0,634500.0,598500.0,24500.0,Unaccompanied,Pensioner,Secondary / secondary special,Married,House / apartment,0.015967,-23243,365243,-6970.0,-854,,1,0,0,1,0,0,,2.0,2,2,FRIDAY,11,0,0,0,0,0,1,Other,,0.491216,0.604583,0.503,0.5262,0.5263,0.895,0.8838,0.8508,0.7907,0.75,0.7866,0.5778,0.5587,0.5879,1.0,1.0,1.0,0.8152,0.7304,0.7896,0.6581,0.6626,0.6645,0.9707,0.9436,0.9567,0.9368,0.9588,0.9379,0.9854,0.963,0.9593,0.9887,0.9985,0.9862,0.8014,0.8203,0.805,0.6531,0.6262,0.6106,0.8478,0.8599,0.8408,,block of flats,1.0,,,2.0,0.0,2.0,0.0,-4166.0,0,1,0,0,0,0,0,0,0,0,0,0,0,0,0,0,0,0,0,0,0.0,0.0,0.0,,0.0,3.0
101268,0,Revolving loans,F,N,Y,0,72000.0,301500.0,238500.0,10000.0,Unaccompanied,Working,Secondary / secondary special,Married,House / apartment,0.006092,-13477,-4852,-2350.0,-5334,,1,1,0,1,0,0,Managers,2.0,2,2,FRIDAY,17,0,0,0,0,1,0,Self-employed,0.704693,0.432172,0.87613,0.5886,0.54,0.5819,0.5343,0.4999,0.5108,0.3861,0.4004,0.4178,0.4812,0.4454,0.4317,0.4227,0.4531,0.4549,0.6927,0.6972,0.6764,0.4974,0.4682,0.5009,0.5254,0.5441,0.5599,0.6028,0.668,0.6393,0.3914,0.3751,0.3399,0.4332,0.4899,0.4768,0.565,0.5565,0.5778,0.5989,0.5855,0.6069,0.5324,0.5331,0.5321,,,0.5011,"Stone, brick",No,1.0,0.0,1.0,0.0,-1163.0,0,1,0,0,0,0,0,0,0,0,0,0,0,0,0,0,0,0,0,0,0.0,0.0,0.0,0.0,1.0,3.0
101269,0,Cash loans,M,N,Y,0,94500.0,396000.0,382500.0,15500.0,Unaccompanied,Pensioner,Secondary / secondary special,Married,House / apartment,0.025017,-21792,365243,-10850.0,-3404,,1,0,0,1,0,0,Sales staff,2.0,2,2,SATURDAY,13,0,0,0,0,1,0,Transport: type 4,,0.234378,0.49197,0.5865,0.5727,0.5346,0.6959,0.6889,0.7267,0.4762,0.4726,0.4819,0.6149,0.6126,0.6368,0.4982,0.523,0.5113,0.5111,0.5169,0.5296,0.538,0.5315,0.525,0.4905,0.4387,0.476,0.3384,0.3684,0.3673,0.5539,0.5697,0.5568,0.4693,0.4828,0.4719,0.3302,0.3798,0.3374,0.7306,0.7283,0.7367,0.686,0.6236,0.6905,reg oper account,,0.7036,Block,No,1.0,0.0,1.0,0.0,-1677.0,0,0,0,0,0,0,0,0,0,0,0,0,0,0,0,0,0,0,0,0,0.0,0.0,0.0,,0.0,1.0
101270,0,Cash loans,F,N,N,0,184500.0,805500.0,702000.0,39000.0,Unaccompanied,Pensioner,Secondary / secondary special,Civil marriage,House / apartment,0.032863,-23527,365243,-7363.0,-4294,,1,0,0,1,0,0,,2.0,2,2,MONDAY,14,0,0,0,0,0,0,Business Entity Type 3,,0.740688,0.55139,0.3984,0.3914,0.4247,0.4106,0.4386,0.4162,0.3997,0.4242,0.4199,0.3844,0.3809,0.3429,0.4203,0.4192,0.3781,0.217,0.2344,0.2087,0.2889,0.2723,0.3041,0.2779,0.3317,0.2846,0.3487,0.3265,0.3238,0.3661,0.4154,0.3991,0.3505,0.3415,0.3666,0.4339,0.3944,0.3977,0.3686,0.3914,0.3564,0.4176,0.4661,0.4223,,block of flats,0.4025,"Stone, brick",No,0.0,1.0,0.0,1.0,-683.0,0,1,0,0,0,0,0,0,0,0,0,0,0,0,0,0,0,0,0,0,,0.0,,0.0,0.0,3.0
101271,0,Revolving loans,F,N,Y,0,175500.0,270000.0,261000.0,23500.0,Unaccompanied,Working,Secondary / secondary special,Civil marriage,House / apartment,0.01504,-14707,-2692,-6992.0,-4128,,1,1,1,1,0,0,Laborers,2.0,2,2,TUESDAY,12,0,0,0,0,0,1,Medicine,,0.592565,0.580098,0.1879,0.2401,0.2071,0.197,0.2136,0.1902,0.2134,0.2066,0.2303,0.1056,0.155,0.1394,0.2017,0.2141,0.2008,0.1453,0.1701,0.1646,0.2041,0.1717,0.2268,0.2166,0.2452,0.2244,0.2769,0.2297,0.2604,0.1653,0.109,0.183,0.2293,0.2416,0.2454,0.1145,0.0947,0.1385,0.2067,0.212,0.241,0.151,0.1982,0.1749,reg oper account,,,"Stone, brick",No,0.0,0.0,0.0,0.0,-2538.0,0,1,0,0,1,0,0,0,0,0,0,0,0,0,0,0,0,0,0,0,0.0,0.0,0.0,0.0,0.0,2.0
101272,0,Cash loans,M,N,Y,1,94500.0,459000.0,432000.0,13500.0,Unaccompanied,Working,Incomplete higher,Civil marriage,House / apartment,0.009708,-9598,-3024,-2585.0,-3521,,1,1,0,1,0,0,High skill tech staff,3.0,2,2,TUESDAY,14,0,0,0,0,0,0,Self-employed,,0.427041,0.006039,0.2838,0.2649,0.2964,0.2354,0.2079,0.2162,0.237,0.2267,0.2354,0.3241,0.3121,0.3128,0.1535,0.1492,0.1952,0.2383,0.3024,0.2624,0.2341,0.2433,0.2487,0.1404,0.17,0.1699,0.243,0.2862,0.2748,0.3391,0.3403,0.3251,0.2994,0.2933,0.3018,0.2486,0.2462,0.2708,0.2225,0.2348,0.2471,0.2789,0.2835,0.291,,block of flats,,Monolithic,No,0.0,0.0,0.0,0.0,-1515.0,0,1,0,0,0,0,0,0,0,0,0,0,0,0,0,0,0,0,0,0,1.0,0.0,0.0,0.0,0.0,
101273,0,Cash loans,M,Y,Y,0,45000.0,193500.0,184500.0,8000.0,Unaccompanied,Commercial associate,Higher education,Civil marriage,House / apartment,0.054056,-10544,-432,-1636.0,-1797,,1,1,1,1,1,0,Sales staff,2.0,2,2,MONDAY,14,0,0,0,0,1,0,Business Entity Type 2,0.273952,0.742687,0.467495,0.1319,0.1127,0.0856,0.0773,0.0916,0.0779,0.0905,0.0456,0.0915,0.0957,0.0759,0.1245,0.0925,0.1316,0.1046,0.0805,0.0712,0.0448,0.0873,0.0911,0.0966,0.0816,0.0601,0.0543,0.0777,0.0755,0.0998,0.0493,0.0964,0.1021,0.1056,0.0888,0.0643,0.0821,0.0598,0.0804,0.0848,0.0598,0.0486,0.1022,0.1084,0.1335,,,0.1121,,No,1.0,0.0,1.0,0.0,-2154.0,0,1,0,0,0,0,0,0,0,0,0,0,0,0,0,0,0,0,0,0,0.0,0.0,0.0,0.0,1.0,0.0
101274,0,Cash loans,M,N,Y,0,184500.0,1174500.0,1111500.0,45000.0,Unaccompanied,Working,Secondary / secondary special,Civil marriage,House / apartment,0.012354,-11895,-1081,-2447.0,-782,,1,1,0,1,0,0,Drivers,1.0,2,2,FRIDAY,10,0,0,0,0,0,0,Self-employed,,0.602032,0.451641,0.3678,0.377,0.3848,0.5871,0.6602,0.6177,0.2541,0.3002,0.2884,0.3059,0.2981,0.2447,0.4263,0.416,0.4187,0.3711,0.3415,0.3831,0.3678,0.3943,0.3695,0.4888,0.4567,0.468,0.3375,0.3585,0.3279,0.3168,0.3305,0.3141,0.4873,0.5029,0.4763,0.2848,0.3071,0.3082,0.277,0.2647,0.292,0.326,0.3367,0.3406,,block of flats,0.4576,,,2.0,0.0,2.0,0.0,-1224.0,0,0,0,0,0,0,1,0,0,0,0,0,0,0,0,0,0,0,0,0,0.0,0.0,,,1.0,1.0
101275,0,Cash loans,M,N,Y,0,90000.0,490500.0,477000.0,20500.0,Unaccompanied,State servant,Secondary / secondary special,Married,House / apartment,0.038375,-13413,-1671,-2281.0,-2615,,1,1,0,1,0,0,,1.0,3,2,THURSDAY,18,0,0,0,0,0,0,Business Entity Type 3,,0.321899,0.330253,0.1903,0.2137,0.2621,0.2114,0.2267,0.2758,0.1585,0.1724,0.2015,0.3009,0.2871,0.2595,0.1507,0.1118,0.1807,0.1302,0.1365,0.1578,0.2522,0.248,0.2833,0.2999,0.269,0.2799,0.2848,0.256,0.2451,0.1836,0.168,0.1598,0.1828,0.1536,0.1611,0.1655,0.1648,0.1877,0.2511,0.2426,0.2727,0.2817,0.2791,0.2787,reg oper account,block of flats,0.1268,Wooden,No,2.0,0.0,2.0,0.0,-1676.0,0,0,0,0,1,0,0,0,0,0,0,0,0,0,0,0,0,0,0,0,,0.0,,1.0,0.0,1.0
101276,0,Cash loans,M,N,Y,0,216000.0,756000.0,684000.0,42000.0,Unaccompanied,Working,Secondary / secondary special,Married,House / apartment,0.007319,-16112,-2189,-5669.0,-2465,,1,1,0,1,1,0,Laborers,2.0,2,2,WEDNESDAY,11,0,0,0,0,0,0,XNA,,0.311528,,0.9959,1.0,0.9796,0.4856,0.4929,0.5199,0.8595,0.8679,0.852,0.8462,0.8698,0.8974,0.7636,0.791,0.7566,0.4882,0.5073,0.5164,0.5679,0.5454,0.5717,0.9729,0.994,0.971,0.6944,0.7028,0.6611,0.6655,0.67,0.6493,1.0,0.9837,0.9971,0.7538,0.7727,0.7826,0.6255,0.6284,0.5841,0.9632,0.9759,0.9864,reg oper account,,1.0,Panel,,2.0,0.0,2.0,0.0,-1367.0,0,1,0,0,0,0,0,0,0,0,0,0,0,0,0,0,0,0,0,0,,,0.0,0.0,0.0,2.0
101277,0,Cash loans,F,N,Y,1,99000.0,679500.0,562500.0,37000.0,Family,Working,Secondary / secondary special,Single / not married,House / apartment,0.024202,-21405,-218,-8688.0,-2620,,1,1,1,1,0,0,,3.0,2,3,WEDNESDAY,15,0,0,0,0,0,0,Business Entity Type 3,0.058523,0.600545,0.407269,0.1611,0.1846,0.1736,0.1396,0.0996,0.0812,0.236,0.2198,0.2232,0.2367,0.2286,0.2094,0.107,0.1232,0.1583,0.1439,0.1857,0.2155,0.2033,0.2472,0.2044,0.1605,0.1719,0.1596,0.1418,0.1295,0.1602,0.2221,0.1812,0.1951,0.1967,0.1779,0.2045,0.2096,0.1919,0.2031,0.1122,0.1101,0.1096,0.162,0.1801,0.1808,,,,"Stone, brick",No,3.0,0.0,3.0,0.0,-547.0,0,1,0,0,0,0,0,0,0,0,0,0,0,0,0,0,0,0,0,0,0.0,0.0,0.0,0.0,0.0,1.0
101278,0,Cash loans,F,Y,N,0,85500.0,283500.0,243000.0,24000.0,Family,Working,Higher education,Married,House / apartment,0.023778,-11401,-512,-2646.0,-5972,8.0,1,1,0,1,0,0,Core staff,2.0,2,2,MONDAY,8,0,0,0,0,0,0,XNA,0.447987,0.431095,0.449644,0.2664,0.2337,0.2267,0.2001,0.2848,0.2387,0.4082,0.3631,0.3953,0.4721,0.4448,0.4692,0.2203,0.2205,0.2139,0.3513,0.3109,0.3544,0.3002,0.2942,0.3201,0.3306,0.3346,0.3563,0.2012,0.182,0.1865,0.2159,0.2613,0.2589,0.3139,0.3254,0.3285,0.3356,0.3331,0.3312,0.4113,0.4359,0.4271,0.4232,0.3811,0.3999,,block of flats,,Panel,,1.0,1.0,1.0,0.0,-2084.0,0,0,0,0,0,0,0,0,0,0,0,0,0,0,0,0,0,0,0,0,0.0,0.0,,0.0,,0.0
101279,0,Cash loans,F,N,Y,0,162000.0,724500.0,675000.0,23000.0,Unaccompanied,Pensioner,Lower secondary,Married,House / apartment,0.032138,-23092,365243,-339.0,-770,,1,0,0,1,0,0,Laborers,1.0,2,2,MONDAY,14,0,0,0,0,0,0,Business Entity Type 3,,0.59163,,0.3323,0.3294,0.2885,0.2874,0.2712,0.252,0.1264,0.1404,0.1607,0.2107,0.1922,0.1877,0.2189,0.1837,0.214,0.2294,0.2204,0.2345,0.2077,0.2122,0.1984,0.2511,0.2909,0.295,0.3301,0.3347,0.3516,0.1911,0.1977,0.1858,0.3132,0.2993,0.3158,0.1881,0.193,0.2029,0.2997,0.2708,0.2981,0.1471,0.1426,0.1811,,block of flats,,"Stone, brick",No,2.0,0.0,2.0,0.0,-3287.0,0,1,0,0,0,0,0,0,0,0,0,0,0,0,0,0,0,0,0,0,0.0,0.0,0.0,0.0,0.0,2.0
101280,0,Cash loans,F,N,Y,1,535500.0,1759500.0,1426500.0,97000.0,Unaccompanied,Commercial associate,Secondary / secondary special,Separated,House / apartment,0.04719,-8011,-1436,-1368.0,-3890,,1,1,1,1,0,0,Cleaning staff,2.0,2,2,SATURDAY,16,0,1,0,1,0,0,Other,,0.64769,0.752491,0.386,0.3878,0.3607,0.3242,0.3197,0.362,0.3742,0.3689,0.3827,0.5309,0.5582,0.5331,0.5719,0.5798,0.5592,0.3662,0.409,0.3712,0.5626,0.5546,0.5316,0.2528,0.2477,0.2745,0.5932,0.5786,0.5338,0.6658,0.6216,0.5948,0.6088,0.6422,0.6444,0.3708,0.3982,0.4006,0.4637,0.4379,0.4222,0.5135,0.5126,0.5196,,,,,,1.0,1.0,1.0,0.0,-489.0,0,0,0,0,0,0,0,0,0,0,0,0,0,0,0,0,0,0,0,0,,0.0,0.0,0.0,0.0,3.0
101281,0,Cash loans,F,N,Y,0,220500.0,1107000.0,1071000.0,58500.0,Unaccompanied,Pensioner,Secondary / secondary special,Married,House / apartment,0.011292,-22458,365243,-3445.0,-937,,1,0,0,1,1,0,Security staff,2.0,2,2,SUNDAY,13,0,0,0,1,1,1,Trade: type 3,,0.604785,0.186849,0.5096,0.503,0.5297,0.5273,0.5661,0.5288,0.8167,0.7735,0.7911,0.8656,0.9005,0.9015,0.3908,0.3946,0.4311,0.4715,0.4557,0.4331,0.4954,0.5165,0.5025,0.4357,0.3775,0.4053,0.8204,0.8633,0.8782,0.5138,0.5028,0.5233,0.5154,0.5345,0.5144,0.7977,0.7616,0.8235,0.7303,0.805,0.7676,0.7085,0.722,0.7155,reg oper account,block of flats,,Wooden,,1.0,0.0,1.0,0.0,-1015.0,0,0,0,0,0,0,0,0,0,0,0,0,0,0,0,0,0,0,0,0,,0.0,0.0,0.0,0.0,1.0
101282,0,Cash loans,F,N,N,0,157500.0,499500.0,409500.0,12500.0,Family,State servant,Secondary / secondary special,Married,Municipal apartment,0.025827,-17287,-924,-1506.0,-3550,,1,1,0,1,1,0,,2.0,3,3,THURSDAY,16,0,0,0,0,1,1,Business Entity Type 3,0.016542,0.20216,0.267616,0.4581,0.4388,0.46,0.4583,0.4159,0.4293,0.5298,0.5154,0.535,0.36,0.3755,0.3398,0.4019,0.4373,0.4201,0.5038,0.4818,0.5152,0.4983,0.5389,0.4955,0.4042,0.4204,0.3926,0.4606,0.421,0.4274,0.5116,0.5332,0.5475,0.3538,0.3486,0.3524,0.6092,0.602,0.5938,0.5082,0.4516,0.4885,0.2598,0.2782,0.2732,,block of flats,,,No,2.0,0.0,2.0,0.0,-190.0,0,1,0,0,0,0,0,0,0,0,0,0,0,0,0,0,0,0,0,0,0.0,0.0,0.0,0.0,1.0,2.0
101283,0,Cash loans,M,N,Y,1,180000.0,1737000.0,1660500.0,80500.0,Family,Commercial associate,Secondary / secondary special,Married,House / apartment,0.008014,-21389,-3054,-1679.0,-4057,,1,1,0,1,0,0,Managers,3.0,3,3,MONDAY,10,0,0,0,0,1,0,XNA,0.381758,0.320006,0.483223,0.2866,0.3062,0.3343,0.3444,0.3461,0.3844,0.2421,0.2379,0.2244,0.3836,0.3941,0.4482,0.3676,0.314,0.3682,0.3348,0.3708,0.3663,0.323,0.3109,0.29,0.2849,0.2512,0.2983,0.2409,0.3084,0.2451,0.2436,0.2437,0.2822,0.4138,0.4143,0.4034,0.2497,0.2573,0.2145,0.3778,0.3926,0.3996,0.369,0.3722,0.3882,,,,"Stone, brick",,3.0,0.0,3.0,0.0,-3486.0,0,0,0,0,0,0,0,0,0,0,0,0,0,0,0,0,0,0,0,0,0.0,0.0,,0.0,0.0,1.0
101284,1,Cash loans,M,N,N,0,54000.0,639000.0,558000.0,25000.0,Unaccompanied,Working,Secondary / secondary special,Married,House / apartment,0.007958,-18214,-1297,-277.0,-213,,1,1,0,1,0,0,Managers,2.0,2,2,WEDNESDAY,14,0,0,0,0,0,1,XNA,0.091811,0.338089,0.0005,0.1269,0.0867,0.0617,0.1214,0.0874,0.1071,0.0602,0.0765,0.0459,0.11,0.0928,0.0892,0.0488,0.1301,0.1286,0.0555,0.0399,0.0469,0.0871,0.0866,0.1132,0.108,0.0613,0.0463,0.0518,0.0927,0.08,0.0795,0.1039,0.0698,0.0862,0.0964,0.0896,0.0899,0.1296,0.1469,0.103,0.0564,0.0729,0.0959,0.0492,0.0536,,block of flats,0.1246,,No,1.0,0.0,1.0,0.0,-3488.0,0,1,0,0,0,0,0,0,0,0,0,0,0,0,0,0,0,0,0,0,0.0,0.0,0.0,0.0,,3.0
101285,1,Revolving loans,M,Y,Y,1,81000.0,513000.0,486000.0,24000.0,Unaccompanied,Working,Secondary / secondary special,Married,House / apartment,0.013065,-9351,-2776,-929.0,-2763,,1,1,0,1,0,0,Sales staff,3.0,2,2,THURSDAY,7,0,0,0,0,0,0,Business Entity Type 3,0.524302,0.376866,0.411444,0.1119,0.1178,0.1318,0.0961,0.1195,0.114,0.0992,0.097,0.0899,0.1576,0.1219,0.1564,0.1197,0.1612,0.1125,0.1825,0.1892,0.1324,0.1468,0.1477,0.1669,0.1337,0.1124,0.1283,0.1059,0.1286,0.143,0.1238,0.1739,0.1662,0.0806,0.107,0.1036,0.1558,0.112,0.1173,0.1092,0.1659,0.1447,0.1095,0.0952,0.1103,,block of flats,0.1102,,,0.0,0.0,0.0,0.0,-3954.0,0,1,0,0,0,0,0,0,0,0,0,0,0,0,0,0,0,0,0,0,0.0,0.0,0.0,0.0,0.0,4.0
101286,0,Revolving loans,F,Y,Y,1,36000.0,328500.0,319500.0,17500.0,Unaccompanied,Pensioner,Secondary / secondary special,Married,House / apartment,0.024102,-23521,365243,-197.0,-1925,,1,0,0,1,0,0,Sales staff,2.0,2,2,THURSDAY,13,0,0,0,0,0,0,XNA,,0.471066,0.477342,0.2217,0.2363,0.193,0.4298,0.4535,0.4326,0.4862,0.4909,0.4727,0.3825,0.4118,0.4183,0.3697,0.3751,0.3668,0.1769,0.2407,0.2338,0.5145,0.4528,0.4873,0.5068,0.4863,0.4665,0.405,0.4272,0.3752,0.3526,0.3321,0.2903,0.3247,0.299,0.3477,0.4817,0.4918,0.4801,0.4157,0.41,0.3542,0.3873,0.354,0.3325,,,,,No,0.0,0.0,0.0,0.0,-582.0,0,0,0,0,0,0,0,0,0,0,0,0,0,0,0,0,0,0,0,0,0.0,0.0,0.0,0.0,1.0,2.0
101287,0,Cash loans,F,N,N,2,382500.0,639000.0,553500.0,63000.0,Unaccompanied,Working,Secondary / secondary special,Married,House / apartment,0.052888,-19617,-590,-1011.0,-2925,,1,1,0,1,1,0,Managers,3.0,2,2,WEDNESDAY,9,0,0,0,0,0,0,School,,0.503936,0.633131,0.0859,0.0748,0.0803,0.0932,0.0889,0.1077,0.1285,0.1645,0.1036,0.1248,0.1026,0.135,0.1323,0.1251,0.142,0.1908,0.1831,0.1833,0.1285,0.148,0.1524,0.0944,0.1345,0.1194,0.2009,0.1773,0.1908,0.1264,0.1014,0.115,0.0942,0.1206,0.1244,0.1566,0.1396,0.1459,0.0887,0.0957,0.0918,0.083,0.0962,0.1331,,,0.0658,,No,2.0,0.0,2.0,0.0,-3787.0,0,1,0,0,0,0,0,0,0,0,0,0,0,0,0,0,0,0,0,0,0.0,0.0,0.0,1.0,0.0,4.0
101288,0,Cash loans,F,Y,N,0,342000.0,612000.0,562500.0,17000.0,Unaccompanied,Pensioner,Higher education,Married,Rented apartment,0.059209,-23833,365243,-11.0,-2928,,1,0,0,1,0,0,,1.0,2,2,WEDNESDAY,12,0,0,0,0,0,0,XNA,,0.411059,0.279016,0.2812,0.2951,0.2801,0.3837,0.4008,0.3646,0.2563,0.258,0.2289,0.3649,0.3883,0.3829,0.4033,0.383,0.3738,0.4589,0.4712,0.4411,0.2918,0.2813,0.3139,0.4299,0.4159,0.4208,0.2907,0.2789,0.2978,0.3468,0.3835,0.3815,0.3531,0.361,0.3414,0.4378,0.434,0.4486,0.4881,0.4658,0.4832,0.3601,0.4483,0.3909,,,0.3162,Panel,,0.0,0.0,0.0,0.0,-678.0,0,0,0,0,0,0,0,0,0,0,0,0,0,0,0,0,0,0,0,0,0.0,0.0,0.0,1.0,0.0,
101289,0,Cash loans,F,N,Y,1,184500.0,603000.0,499500.0,25000.0,Unaccompanied,Pensioner,Higher education,Married,House / apartment,0.015007,-23077,365243,-1435.0,-2833,,1,0,0,1,0,0,Core staff,3.0,3,3,SATURDAY,17,0,0,0,0,0,0,XNA,,0.495963,,0.2368,0.2305,0.234,0.2275,0.2137,0.2332,0.2611,0.2523,0.2158,0.1881,0.1734,0.1963,0.2948,0.2145,0.2234,0.2736,0.2589,0.2609,0.2169,0.188,0.2502,0.1855,0.1464,0.1453,0.2871,0.2746,0.2754,0.3166,0.2971,0.2976,0.1242,0.1474,0.1457,0.1667,0.1237,0.1853,0.2644,0.2559,0.234,0.2109,0.2001,0.1863,reg oper spec account,,,Monolithic,No,1.0,0.0,1.0,0.0,-2311.0,0,1,0,0,0,0,0,0,0,0,0,0,0,0,0,0,0,0,0,0,0.0,0.0,0.0,0.0,0.0,3.0
101290,0,Cash loans,M,Y,Y,1,157500.0,630000.0,594000.0,,Unaccompanied,Commercial associate,Secondary / secondary special,Married,House / apartment,0.0226,-17842,-692,-11197.0,-3849,6.0,1,1,0,1,0,1,,2.0,2,2,THURSDAY,18,0,0,0,0,0,0,Trade: type 3,,0.082774,0.619713,0.59,0.6818,0.6463,0.7303,0.6965,0.7088,0.5988,0.6221,0.6414,0.6986,0.6996,0.6961,0.7224,0.7079,0.7433,0.6045,0.6456,0.5855,0.3738,0.3594,0.3823,0.6474,0.621,0.6352,0.4925,0.5231,0.499,0.6681,0.6924,0.6745,0.5356,0.5222,0.5089,0.6859,0.7067,0.6869,0.4449,0.4568,0.4766,0.2936,0.2897,0.3312,reg oper spec account,block of flats,,Panel,No,2.0,0.0,2.0,0.0,-209.0,0,1,0,0,1,0,0,0,0,0,0,0,0,0,0,0,0,0,0,0,0.0,0.0,0.0,0.0,,0.0
101291,0,Cash loans,M,N,Y,0,63000.0,220500.0,207000.0,5500.0,Unaccompanied,Commercial associate,Secondary / secondary special,Married,Municipal apartment,0.033555,-18821,-2674,-5190.0,-1205,,1,1,0,1,0,0,Sales staff,2.0,2,2,MONDAY,8,0,0,0,0,0,1,Other,0.638331,0.711919,0.192451,0.1803,0.1867,0.1836,0.2953,0.3044,0.2983,0.2385,0.2116,0.2628,0.2235,0.2504,0.2129,0.2593,0.2521,0.2285,0.2726,0.2776,0.2818,0.2967,0.2999,0.2746,0.1731,0.165,0.1678,0.3312,0.3005,0.3062,0.2444,0.2314,0.2294,0.3031,0.2903,0.3073,0.1949,0.2198,0.2149,0.2326,0.2649,0.2343,0.1512,0.166,0.1971,reg oper account,,,,No,3.0,0.0,3.0,0.0,-2512.0,0,1,0,0,0,0,0,0,0,0,0,0,0,0,0,0,0,0,0,0,0.0,0.0,0.0,1.0,0.0,0.0
101292,0,Cash loans,M,N,Y,2,130500.0,207000.0,175500.0,20500.0,Unaccompanied,State servant,Higher education,Married,House / apartment,0.030056,-14211,-1298,-174.0,-5142,,1,1,0,1,1,0,,3.0,1,1,THURSDAY,16,0,0,0,0,0,0,XNA,,0.472456,,0.7115,0.7582,0.7337,0.7877,0.7937,0.7738,0.8783,0.8603,0.8919,0.6676,0.6611,0.6779,0.4799,0.501,0.4808,0.8875,0.9225,0.9436,0.593,0.6188,0.6032,0.7669,0.7684,0.8095,0.4848,0.4812,0.4672,0.5399,0.5679,0.5275,0.4155,0.3817,0.4148,0.8779,0.8495,0.8252,0.5489,0.5843,0.561,0.6257,0.6298,0.6639,reg oper account,,0.5861,,No,2.0,0.0,2.0,0.0,-2954.0,0,1,0,0,0,0,0,0,0,0,0,0,0,0,0,0,0,0,0,0,0.0,0.0,0.0,0.0,,1.0
101293,0,Cash loans,M,N,N,0,396000.0,2911500.0,2286000.0,96000.0,Unaccompanied,Pensioner,Secondary / secondary special,Single / not married,House / apartment,0.016835,-22503,365243,-7149.0,-5047,,1,0,0,1,0,0,Core staff,2.0,2,2,THURSDAY,17,0,0,1,0,0,0,Business Entity Type 3,,0.345079,0.012481,0.1615,0.1454,0.1978,0.1462,0.1557,0.1759,0.119,0.1873,0.1348,0.1114,0.1091,0.1488,0.1172,0.1196,0.1028,0.0587,0.0332,0.0591,0.0961,0.1138,0.1141,0.0911,0.0514,0.0902,0.1151,0.1214,0.0828,0.0966,0.1003,0.1352,0.1399,0.145,0.1352,0.1122,0.1746,0.1439,0.1025,0.1349,0.1332,0.0484,0.07,0.0483,,,,,No,4.0,0.0,4.0,0.0,-3895.0,0,1,0,0,0,0,0,0,0,0,0,0,0,0,0,0,0,0,0,0,0.0,,0.0,0.0,0.0,5.0
101294,0,Cash loans,M,N,N,1,157500.0,2007000.0,1737000.0,148000.0,Unaccompanied,Commercial associate,Higher education,Married,House / apartment,0.019604,-19053,-750,-6117.0,-2748,,1,1,0,1,0,0,Drivers,3.0,2,2,WEDNESDAY,13,0,0,0,0,0,1,Bank,,0.226357,0.490353,0.1618,0.1523,0.1928,0.1549,0.1385,0.1182,0.2125,0.2035,0.2196,0.1738,0.1627,0.1428,0.1982,0.1803,0.1645,0.2301,0.1984,0.1856,0.2147,0.2215,0.2228,0.2343,0.2031,0.2272,0.1822,0.1684,0.1667,0.1202,0.1266,0.0799,0.1098,0.1671,0.1277,0.2003,0.1506,0.1536,0.1593,0.1717,0.0969,0.2493,0.2497,0.2777,,,,,No,1.0,0.0,1.0,0.0,-2145.0,0,1,0,0,0,0,1,0,0,0,0,0,0,0,0,0,0,0,0,0,0.0,0.0,0.0,1.0,0.0,1.0
101295,0,Cash loans,F,Y,Y,0,108000.0,850500.0,693000.0,36000.0,Unaccompanied,Working,Secondary / secondary special,Separated,House / apartment,0.017465,-14471,-4304,-3402.0,-5449,9.0,1,1,0,1,0,0,Laborers,2.0,2,2,SATURDAY,17,0,0,0,0,1,1,Housing,0.351929,0.147187,0.140567,0.2999,0.326,0.3291,0.3101,0.3129,0.2921,0.2114,0.2219,0.1993,0.1697,0.1489,0.1997,0.2459,0.2214,0.1854,0.1949,0.201,0.1985,0.3178,0.3452,0.2969,0.2569,0.2609,0.2465,0.2237,0.1856,0.2477,0.3482,0.3332,0.3486,0.1591,0.0942,0.1951,0.2089,0.2425,0.2407,0.2712,0.2499,0.2936,0.2488,0.236,0.2748,reg oper spec account,,0.18,,No,1.0,0.0,1.0,0.0,-801.0,0,1,0,0,0,0,0,0,0,0,0,0,0,0,0,0,0,0,0,0,0.0,0.0,0.0,0.0,0.0,0.0
101296,0,Cash loans,F,N,Y,0,54000.0,382500.0,360000.0,11000.0,,Working,Higher education,Married,House / apartment,0.016434,-21451,-5946,-3232.0,-1646,,1,1,0,1,0,0,Sales staff,2.0,2,2,TUESDAY,11,0,0,0,0,0,0,Medicine,0.333503,0.554973,0.571652,0.1909,0.1915,0.1776,0.2195,0.2268,0.2248,0.1032,0.1147,0.1142,0.1496,0.1292,0.1012,0.2477,0.2324,0.2086,0.2323,0.218,0.2663,0.1009,0.1099,0.1252,0.1458,0.1547,0.1376,0.2722,0.2381,0.2327,0.1378,0.1119,0.147,0.2171,0.2322,0.2021,0.2095,0.1687,0.1624,0.0868,0.1149,0.1378,0.2358,0.2187,0.2109,,block of flats,0.2125,,,2.0,0.0,2.0,0.0,-4075.0,0,1,0,0,0,0,1,0,0,0,0,0,0,0,0,0,0,0,0,0,0.0,0.0,0.0,1.0,0.0,0.0
101297,0,Cash loans,F,N,Y,0,315000.0,1390500.0,1156500.0,114500.0,Family,Working,Secondary / secondary special,Married,House / apartment,0.015133,-9854,-698,-1825.0,-1233,,1,1,0,1,0,0,,2.0,2,2,WEDNESDAY,10,0,0,0,0,0,0,Business Entity Type 3,,0.856759,0.522904,0.4475,0.4518,0.434,0.4657,0.468,0.4636,0.1769,0.2661,0.2238,0.329,0.3096,0.3139,0.4388,0.3942,0.4537,0.3036,0.2707,0.319,0.3879,0.373,0.3713,0.2943,0.2486,0.264,0.3569,0.3278,0.3377,0.2205,0.2438,0.243,0.3196,0.301,0.3429,0.2747,0.241,0.258,0.3271,0.3458,0.3578,0.254,0.2671,0.2445,,,0.1728,Panel,,0.0,0.0,0.0,0.0,-662.0,0,1,0,0,0,0,0,0,0,0,0,0,0,0,0,0,0,0,0,0,0.0,0.0,0.0,1.0,0.0,0.0
101298,1,Cash loans,F,N,Y,2,139500.0,342000.0,333000.0,8500.0,Unaccompanied,State servant,Higher education,Married,Municipal apartment,0.017363,-12733,-1926,-403.0,-1687,,1,1,1,1,0,0,,4.0,2,2,THURSDAY,10,0,0,0,1,1,0,Government,,0.616749,,0.5816,0.5793,0.5338,0.5987,0.6256,0.6161,0.8035,0.8237,0.8229,0.7885,0.7705,0.7534,0.7121,0.6881,0.7235,0.4188,0.4826,0.4572,0.6407,0.6519,0.6402,0.4239,0.3929,0.3746,0.7094,0.6863,0.7,0.8549,0.7939,0.7673,0.5112,0.5273,0.54,0.6342,0.6489,0.6165,0.6445,0.6554,0.6407,0.6584,0.6273,0.6318,,block of flats,,Panel,No,2.0,0.0,2.0,0.0,-4022.0,0,0,0,0,0,0,0,0,0,0,0,0,0,0,0,0,0,0,0,0,,0.0,0.0,0.0,0.0,1.0
101299,0,Cash loans,F,Y,N,0,54000.0,220500.0,216000.0,8000.0,Unaccompanied,Commercial associate,Secondary / secondary special,Married,House / apartment,0.01454,-18148,-6072,-1386.0,-4685,,1,1,0,1,0,0,,2.0,2,2,MONDAY,14,0,0,0,0,0,0,Self-employed,,0.536427,0.682816,0.1432,0.1798,0.1623,0.1453,0.12,0.1226,0.1884,0.1673,0.1291,0.1213,0.1394,0.0544,0.1751,0.1896,0.2235,0.134,0.1591,0.1459,0.0971,0.124,0.1201,0.1309,0.1413,0.1347,0.0886,0.1025,0.085,0.1647,0.1727,0.1753,0.0556,0.105,0.087,0.1082,0.1204,0.1104,0.109,0.0879,0.0982,0.1103,0.0849,0.1173,,,0.0778,,No,2.0,0.0,2.0,0.0,-716.0,0,0,0,0,0,0,0,0,0,0,0,0,0,0,0,0,0,0,0,0,,0.0,0.0,0.0,0.0,2.0
101300,0,Cash loans,F,Y,Y,0,90000.0,1116000.0,1075500.0,51000.0,Unaccompanied,Pensioner,Higher education,Married,House / apartment,0.009249,-24130,365243,-17430.0,-826,,1,0,0,1,1,0,,1.0,2,2,THURSDAY,12,0,0,0,0,0,1,Business Entity Type 3,,0.46144,0.568341,0.1989,0.2001,0.1891,0.2124,0.1993,0.2088,0.1992,0.1976,0.2186,0.3738,0.381,0.3801,0.1841,0.1925,0.231,0.3717,0.3957,0.3826,0.3016,0.32,0.3181,0.167,0.2167,0.1904,0.2713,0.3251,0.2595,0.23,0.2277,0.2302,0.2652,0.2577,0.288,0.2224,0.2377,0.2312,0.2913,0.2798,0.3238,0.31,0.3392,0.2881,,,0.177,,,4.0,1.0,4.0,0.0,-1119.0,0,0,0,0,0,0,0,0,0,0,0,0,0,0,0,0,0,0,0,0,0.0,,0.0,0.0,0.0,1.0
101301,0,Cash loans,M,N,Y,0,72000.0,229500.0,207000.0,21500.0,Unaccompanied,Working,Secondary / secondary special,Separated,House / apartment,0.031923,-13842,-922,-2127.0,-1827,,1,1,1,1,0,0,Security staff,2.0,2,2,SATURDAY,10,0,0,0,0,0,0,Business Entity Type 3,,0.411526,0.561184,0.4702,0.446,0.4974,0.3834,0.4046,0.393,0.2611,0.261,0.2277,0.3989,0.3833,0.4049,0.3273,0.3457,0.3181,0.3592,0.4009,0.3302,0.481,0.483,0.4759,0.4639,0.4508,0.4624,0.4515,0.3885,0.3655,0.472,0.4458,0.4801,0.3993,0.4208,0.4119,0.416,0.3782,0.3964,0.4567,0.4641,0.4497,0.2277,0.2137,0.2054,org spec account,,0.3811,Panel,No,1.0,0.0,1.0,0.0,-3382.0,0,0,0,0,0,0,0,0,0,0,0,0,0,0,0,0,0,0,0,0,,0.0,0.0,0.0,0.0,5.0
101302,0,Cash loans,F,N,Y,1,135000.0,409500.0,342000.0,15000.0,Children,Pensioner,Secondary / secondary special,Single / not married,House / apartment,0.025754,-25104,365243,-1275.0,-873,,1,0,0,1,1,0,Core staff,3.0,1,1,WEDNESDAY,10,0,0,0,0,0,1,Business Entity Type 3,,0.626117,0.493329,0.2917,0.3303,0.3658,0.3736,0.3834,0.372,0.4493,0.4576,0.4381,0.5102,0.4732,0.5047,0.2405,0.3026,0.267,0.2965,0.2954,0.2533,0.5693,0.5309,0.5626,0.4129,0.3871,0.418,0.3325,0.3191,0.329,0.5451,0.5105,0.5134,0.2236,0.2487,0.2573,0.2325,0.2423,0.2664,0.333,0.3015,0.3456,0.2449,0.2519,0.2612,,block of flats,0.2709,"Stone, brick",,1.0,0.0,1.0,0.0,-1438.0,0,1,0,0,0,0,0,0,0,0,0,0,0,0,0,0,0,0,0,0,0.0,0.0,0.0,,0.0,0.0
101303,0,Cash loans,M,N,N,0,166500.0,1192500.0,1120500.0,48000.0,Unaccompanied,Working,Higher education,Single / not married,House / apartment,0.05986,-18117,-1533,-1360.0,-2665,,1,1,0,1,0,0,High skill tech staff,2.0,2,2,TUESDAY,12,0,0,0,0,1,0,Business Entity Type 3,,0.648757,0.542564,0.2856,0.3006,0.3032,0.3353,0.304,0.3079,0.4419,0.4103,0.4111,0.513,0.4895,0.5416,0.4799,0.4766,0.4323,0.3237,0.3537,0.3336,0.4056,0.4027,0.3903,0.3825,0.3912,0.41,0.5585,0.5751,0.5615,0.3665,0.3879,0.3668,0.3397,0.3572,0.3687,0.4097,0.3446,0.3958,0.3009,0.3365,0.3189,0.3776,0.3637,0.3768,,,,,No,2.0,0.0,2.0,0.0,-2913.0,0,1,0,0,0,0,0,0,0,0,0,0,0,0,0,0,0,0,0,0,0.0,,0.0,0.0,2.0,0.0
101304,0,Cash loans,M,Y,Y,0,112500.0,837000.0,769500.0,51000.0,Unaccompanied,Commercial associate,Secondary / secondary special,Married,House / apartment,0.023515,-15894,-373,-5934.0,-1831,,1,1,0,1,0,0,,1.0,2,2,TUESDAY,9,0,1,0,0,0,0,Self-employed,0.265067,0.610566,0.562374,0.5225,0.5723,0.5366,0.7047,0.7406,0.7693,0.5277,0.4601,0.5072,0.4782,0.5037,0.4643,0.6394,0.6407,0.6351,0.7678,0.7738,0.8083,0.6847,0.6641,0.6913,0.6026,0.6052,0.584,0.6761,0.6998,0.6705,0.5058,0.5007,0.5047,0.5534,0.5032,0.5484,0.6222,0.6464,0.6501,0.6423,0.6462,0.6274,0.4159,0.447,0.4114,,block of flats,,Panel,No,2.0,0.0,2.0,0.0,-2185.0,0,1,0,0,0,0,0,0,0,0,0,0,0,0,0,0,0,0,0,0,0.0,0.0,0.0,,0.0,2.0
101305,0,Cash loans,F,Y,Y,0,225000.0,549000.0,535500.0,22000.0,Unaccompanied,Working,Secondary / secondary special,Separated,House / apartment,0.01444,-12216,-1307,-278.0,-4902,,1,1,0,1,0,0,,2.0,2,2,TUESDAY,14,0,0,0,0,0,0,Business Entity Type 2,0.9995,0.601033,0.547591,0.0812,0.0097,0.0608,0.0585,0.0775,0.0853,0.0602,0.0733,0.0599,0.0729,0.0389,0.0696,0.0578,0.0359,0.0264,0.0333,0.0507,0.1141,0.0274,0.0476,0.0409,0.0879,0.0867,0.0747,0.1235,0.0667,0.1072,0.0337,0.0548,0.0247,0.0904,0.0632,0.0691,0.1046,0.1037,0.0513,0.0848,0.1026,0.1263,0.0791,0.0442,0.012,reg oper account,,,,,0.0,0.0,0.0,0.0,-480.0,0,1,0,0,0,0,1,0,0,0,0,0,0,0,0,0,0,0,0,0,0.0,0.0,0.0,0.0,1.0,3.0
101306,0,Revolving loans,M,N,Y,0,153000.0,517500.0,441000.0,50000.0,Other_A,Pensioner,Secondary / secondary special,Separated,House / apartment,0.012681,-20629,365243,-3285.0,-4599,,1,0,1,1,1,0,Sales staff,2.0,2,2,FRIDAY,16,0,0,0,0,0,0,Housing,0.45534,0.536898,0.532205,0.0344,0.0699,0.0233,0.0616,0.0829,0.1006,0.079,0.052,0.0578,0.0715,0.0595,0.0679,0.0,0.0355,0.002,0.0,0.0436,0.0384,0.0704,0.0712,0.0645,0.0767,0.035,0.0844,0.0667,0.0671,0.0246,0.0905,0.0742,0.0768,0.091,0.0902,0.0797,0.08,0.0703,0.1168,0.092,0.1133,0.0784,0.0358,0.065,0.0306,reg oper spec account,block of flats,,Block,No,1.0,0.0,1.0,0.0,-7.0,0,0,0,0,0,0,0,0,0,0,0,0,0,0,0,0,0,0,0,0,0.0,,0.0,0.0,0.0,0.0
101307,1,Cash loans,F,Y,Y,0,265500.0,787500.0,625500.0,19500.0,Family,Commercial associate,Higher education,Married,House / apartment,0.019257,-15437,-8862,-1865.0,-5309,31.0,1,1,0,1,0,0,,2.0,2,2,MONDAY,15,0,0,0,0,1,0,Military,,0.330817,0.372837,0.7326,0.7063,0.7242,0.5945,0.589,0.617,0.5978,0.6012,0.5987,0.4659,0.5132,0.485,0.9841,1.0,0.9785,0.9948,1.0,0.9841,0.8096,0.7303,0.7759,0.8536,0.8555,0.8296,0.7895,0.7964,0.7977,0.7037,0.71,0.7223,0.631,0.6592,0.6124,0.6361,0.6396,0.6446,0.8138,0.8114,0.8359,1.0,0.9995,1.0,,,,Panel,,0.0,0.0,0.0,0.0,-2198.0,0,1,0,0,0,0,0,0,0,0,0,0,0,0,0,0,0,0,0,0,0.0,0.0,0.0,1.0,0.0,2.0
101308,0,Cash loans,F,N,Y,0,121500.0,490500.0,481500.0,24500.0,Unaccompanied,Working,Higher education,Married,House / apartment,0.026346,-19033,-952,-1573.0,-2479,,1,1,0,1,0,0,,1.0,2,2,WEDNESDAY,22,0,0,0,0,0,1,Trade: type 7,0.633544,0.593551,,0.2646,0.2959,0.3197,0.2328,0.2547,0.2732,0.3099,0.3,0.3097,0.5568,0.5519,0.5463,0.555,0.5432,0.5482,0.3851,0.3718,0.3827,0.4648,0.4864,0.5058,0.5251,0.5183,0.5109,0.441,0.4141,0.463,0.2496,0.2282,0.2434,0.4034,0.4346,0.4532,0.5165,0.4884,0.4969,0.2754,0.2756,0.2906,0.5114,0.5266,0.5461,not specified,,,Panel,,2.0,1.0,2.0,0.0,-3708.0,0,0,0,0,0,0,0,0,0,0,0,0,0,0,0,0,0,0,0,0,0.0,0.0,0.0,0.0,1.0,1.0
101309,0,Cash loans,F,Y,Y,2,783000.0,4050000.0,3838500.0,166000.0,Unaccompanied,Working,Secondary / secondary special,Married,House / apartment,0.016068,-16979,-722,-3691.0,-3187,,1,1,0,1,0,0,,3.0,2,2,FRIDAY,13,0,0,0,0,1,0,Business Entity Type 3,0.49934,0.86584,0.685965,0.1091,0.1193,0.073,0.2064,0.21,0.2715,0.1502,0.2014,0.1525,0.2662,0.2507,0.2519,0.1532,0.1107,0.1564,0.1858,0.1969,0.2357,0.2005,0.2052,0.2058,0.2086,0.2246,0.2281,0.1774,0.1571,0.1964,0.1704,0.1366,0.1394,0.2566,0.2404,0.2145,0.1753,0.1342,0.1545,0.1751,0.1836,0.2703,0.2608,0.2324,0.2302,reg oper account,,0.1579,"Stone, brick",No,1.0,1.0,1.0,0.0,-3491.0,0,1,0,0,0,0,0,0,0,0,0,0,0,0,0,0,0,0,0,0,0.0,0.0,,0.0,1.0,2.0
101310,1,Revolving loans,M,N,Y,1,108000.0,270000.0,220500.0,8000.0,Unaccompanied,Working,Higher education,Married,House / apartment,0.007515,-14747,-1139,-373.0,-5157,,1,1,0,1,0,0,Sales staff,2.0,2,2,FRIDAY,18,0,0,0,0,0,1,Self-employed,,0.556905,0.415539,0.0497,0.0478,0.0554,0.0454,0.0705,0.053,0.0787,0.0732,0.0733,0.0392,0.0607,0.0562,0.0972,0.0664,0.0235,0.07,0.0716,0.0388,0.1026,0.0262,0.0678,0.0318,0.0295,0.0744,0.0386,0.0692,0.0158,0.0781,0.0532,0.0563,0.0962,0.0265,0.0531,0.0508,0.056,0.0487,0.075,0.0977,0.0722,0.0666,0.1086,0.0936,,,,,No,2.0,0.0,2.0,0.0,-221.0,0,1,0,0,0,0,0,0,0,0,0,0,0,0,0,0,0,0,0,0,,0.0,0.0,1.0,0.0,1.0
101311,0,Cash loans,F,N,Y,0,90000.0,639000.0,589500.0,20500.0,Unaccompanied,Working,Higher education,Married,House / apartment,0.011826,-7937,-1362,-456.0,-4277,,1,1,0,1,0,0,Core staff,2.0,2,2,SUNDAY,13,0,0,0,0,1,0,Business Entity Type 3,0.785957,0.601587,,0.4256,0.4468,0.4068,0.5753,0.6044,0.6231,0.7393,0.7686,0.7579,0.5383,0.5688,0.5194,0.3536,0.3728,0.3443,0.523,0.5355,0.5498,0.6443,0.6402,0.6831,0.4112,0.4233,0.3857,0.4799,0.4615,0.4632,0.5381,0.5637,0.5719,0.6935,0.7321,0.6891,0.6107,0.6258,0.6461,0.5359,0.5631,0.5247,0.3719,0.3572,0.3222,,block of flats,,,,1.0,0.0,1.0,0.0,-1915.0,0,1,0,0,0,0,0,0,0,0,0,0,0,0,0,0,0,0,0,0,0.0,0.0,0.0,0.0,1.0,2.0
101312,0,Revolving loans,F,N,N,0,85500.0,351000.0,274500.0,9500.0,Unaccompanied,Working,Secondary / secondary special,Married,House / apartment,0.01891,-10048,-3474,-29.0,-5694,,1,1,0,1,0,0,,2.0,2,2,MONDAY,11,0,0,0,0,0,0,Other,0.471451,0.490873,0.395226,0.4782,0.4771,0.4766,0.4463,0.4145,0.4434,0.2992,0.2826,0.2599,0.4116,0.3813,0.4209,0.3552,0.3869,0.3762,0.5936,0.5396,0.5872,0.2656,0.2542,0.2745,0.3008,0.2917,0.2826,0.4746,0.4338,0.4625,0.3354,0.3348,0.2888,0.3791,0.4159,0.4333,0.3083,0.3375,0.3296,0.2809,0.2635,0.2803,0.5259,0.5211,0.5121,,block of flats,,,No,3.0,1.0,3.0,0.0,-2568.0,0,1,0,0,0,0,0,0,0,0,0,0,0,0,0,0,0,0,0,0,0.0,0.0,0.0,0.0,0.0,3.0
101313,0,Cash loans,M,N,Y,0,130500.0,1831500.0,1633500.0,48000.0,Unaccompanied,Working,Secondary / secondary special,Civil marriage,Rented apartment,0.029592,-12465,-5890,-5652.0,-5885,,1,1,1,1,0,0,,1.0,2,1,FRIDAY,12,0,0,0,0,0,0,Business Entity Type 3,0.710426,0.435552,,0.172,0.1709,0.1615,0.3425,0.3317,0.3464,0.3498,0.3918,0.3583,0.3149,0.3401,0.3253,0.2652,0.2708,0.2313,0.4213,0.421,0.41,0.3797,0.3693,0.3716,0.3918,0.3419,0.3705,0.2328,0.241,0.2689,0.2166,0.2066,0.226,0.2236,0.2383,0.2411,0.2275,0.2676,0.2443,0.4082,0.3998,0.3876,0.3853,0.3666,0.3549,,,,,,0.0,2.0,0.0,1.0,-2719.0,0,1,0,0,0,0,0,0,0,0,0,0,0,0,0,0,0,0,0,0,0.0,0.0,0.0,0.0,,1.0
101314,0,Cash loans,F,Y,Y,2,58500.0,270000.0,229500.0,17000.0,Unaccompanied,Working,Secondary / secondary special,Married,House / apartment,0.007443,-16237,-4886,-4782.0,-452,,1,1,0,1,1,0,Laborers,4.0,2,2,WEDNESDAY,13,1,0,0,0,0,0,Medicine,0.281434,0.706997,0.471665,0.5132,0.57,0.6008,0.4732,0.4918,0.5068,0.3413,0.3333,0.3357,0.3973,0.3833,0.3841,0.4855,0.4477,0.4879,0.4605,0.4664,0.4942,0.5124,0.5485,0.5373,0.3887,0.4142,0.3783,0.3742,0.3977,0.4316,0.6213,0.6627,0.6116,0.5751,0.551,0.5603,0.5664,0.5831,0.5914,0.664,0.6746,0.6697,0.6245,0.6429,0.634,,block of flats,,,No,2.0,0.0,2.0,0.0,-964.0,0,1,0,0,0,0,0,0,0,0,0,0,0,0,0,0,0,0,0,0,0.0,0.0,0.0,0.0,,1.0
101315,0,Cash loans,F,N,Y,0,171000.0,634500.0,544500.0,29000.0,Family,Working,Secondary / secondary special,Civil marriage,Municipal apartment,0.02204,-18957,-481,-330.0,-1410,,1,1,0,1,1,0,Sales staff,2.0,2,2,SATURDAY,12,0,0,0,0,0,0,XNA,,0.749907,0.538844,0.4846,0.4627,0.4483,0.279,0.2828,0.2855,0.435,0.4434,0.4177,0.4815,0.5004,0.4975,0.3084,0.276,0.2629,0.4339,0.4512,0.3996,0.3268,0.3427,0.3134,0.3328,0.3314,0.3275,0.4905,0.5248,0.4876,0.4147,0.3905,0.3981,0.3268,0.3809,0.3742,0.4354,0.4413,0.4204,0.5921,0.5854,0.5833,0.4439,0.4133,0.4106,,block of flats,0.3686,,No,1.0,0.0,1.0,0.0,-331.0,0,1,0,0,0,0,1,0,0,0,0,0,0,0,0,0,0,0,0,0,0.0,,0.0,2.0,0.0,4.0
101316,0,Cash loans,F,Y,N,0,49500.0,265500.0,220500.0,8500.0,Unaccompanied,Commercial associate,Secondary / secondary special,Married,House / apartment,0.021448,-21345,-697,-1452.0,-4264,,1,1,0,1,0,1,,2.0,1,1,SATURDAY,9,0,0,0,0,0,0,Medicine,0.276287,0.459001,0.398416,0.6602,0.6718,0.6346,0.5131,0.5375,0.5297,0.503,0.5115,0.4859,0.5709,0.5381,0.5199,0.9601,0.9347,0.8908,0.5967,0.6123,0.5942,0.516,0.5146,0.5498,0.424,0.413,0.4225,0.4411,0.4635,0.4484,0.905,0.9143,0.9436,0.5851,0.5714,0.5667,0.7033,0.698,0.7325,0.6639,0.5773,0.5986,0.7825,0.7696,0.7624,,,0.6346,,,0.0,0.0,0.0,0.0,-733.0,0,1,0,0,1,0,0,0,0,0,0,0,0,0,0,0,0,0,0,0,0.0,0.0,0.0,0.0,0.0,
101317,0,Cash loans,F,Y,N,2,162000.0,526500.0,441000.0,46500.0,Unaccompanied,Working,Secondary / secondary special,Married,House / apartment,0.014133,-16214,-897,-6284.0,-590,,1,1,0,1,0,0,,4.0,1,1,THURSDAY,9,0,0,0,0,0,0,Business Entity Type 2,0.128262,0.455722,0.363461,0.1054,0.122,0.1257,0.1465,0.1425,0.1652,0.0558,0.0895,0.0552,0.0535,0.0404,0.1028,0.1154,0.1162,0.0682,0.1082,0.0772,0.1106,0.1213,0.0793,0.077,0.093,0.1165,0.1135,0.1303,0.0814,0.0781,0.1267,0.1057,0.1082,0.0934,0.1135,0.0937,0.0921,0.172,0.1493,0.0373,0.0622,0.0761,0.1536,0.172,0.163,,,,,,1.0,0.0,,0.0,-993.0,0,0,0,0,1,0,0,0,0,0,0,0,0,0,0,0,0,0,0,0,0.0,0.0,0.0,0.0,0.0,2.0
101318,1,Cash loans,M,Y,N,0,72000.0,103500.0,90000.0,3500.0,"Spouse, partner",Working,Higher education,Civil marriage,House / apartment,0.012996,-18052,-1068,-7414.0,-511,24.0,1,1,0,1,1,0,IT staff,2.0,2,2,THURSDAY,16,0,0,0,1,0,0,XNA,,,0.63764,0.3742,0.4102,0.4134,0.3593,0.3159,0.3293,0.2687,0.2862,0.2602,0.2241,0.2332,0.2073,0.476,0.4524,0.4482,0.3566,0.3964,0.3931,0.537,0.4896,0.5174,0.3732,0.3999,0.4068,0.3109,0.3568,0.3843,0.3446,0.3144,0.3327,0.4653,0.4652,0.464,0.2259,0.193,0.2116,0.519,0.5088,0.5155,0.4376,0.4177,0.4682,,block of flats,,"Stone, brick",No,1.0,0.0,1.0,0.0,-3430.0,0,1,0,0,0,0,0,0,0,0,0,0,0,0,0,0,0,0,0,0,0.0,0.0,0.0,0.0,,2.0
101319,1,Cash loans,F,Y,Y,0,117000.0,400500.0,333000.0,39500.0,Unaccompanied,Pensioner,Secondary / secondary special,Married,House / apartment,0.011846,-20914,365243,-3498.0,-825,32.0,1,0,0,1,0,0,,2.0,2,1,THURSDAY,15,0,0,1,0,1,0,Bank,,0.541513,,0.4967,0.4696,0.4722,0.4035,0.3915,0.3863,0.3748,0.3515,0.3727,0.2511,0.3008,0.308,0.3914,0.3992,0.4055,0.286,0.3496,0.355,0.608,0.6277,0.6279,0.3265,0.3758,0.3449,0.4782,0.481,0.5035,0.3927,0.4093,0.3924,0.5975,0.6065,0.5681,0.2643,0.3204,0.2938,0.5886,0.6118,0.6414,0.4611,0.4577,0.4526,,,,,,4.0,0.0,4.0,0.0,-814.0,0,1,0,0,0,0,0,0,0,0,0,0,0,0,0,0,0,0,0,0,0.0,0.0,,0.0,0.0,1.0
101320,0,Cash loans,F,N,Y,0,207000.0,702000.0,612000.0,19000.0,Unaccompanied,Working,Secondary / secondary special,Single / not married,House / apartment,0.020406,-13799,-1026,-500.0,-430,,1,1,0,1,0,0,High skill tech staff,2.0,2,2,THURSDAY,18,0,0,0,0,1,1,Business Entity Type 3,0.596467,0.721441,0.464346,0.2691,0.2826,0.32,0.1547,0.2104,0.1744,0.2612,0.2546,0.2477,0.3434,0.3995,0.3556,0.3292,0.3698,0.3552,0.417,0.3925,0.376,0.4329,0.3962,0.3888,0.2757,0.3257,0.3132,0.2544,0.2348,0.2323,0.3982,0.4165,0.3977,0.2745,0.2948,0.2479,0.3626,0.3839,0.4126,0.2214,0.2342,0.2178,0.1994,0.2113,0.2138,,,,"Stone, brick",No,1.0,0.0,1.0,0.0,-2711.0,0,0,0,0,0,0,0,0,0,0,0,0,0,0,0,0,0,0,0,0,0.0,0.0,0.0,0.0,,1.0
101321,0,Cash loans,F,N,Y,0,522000.0,846000.0,756000.0,27000.0,Unaccompanied,Commercial associate,Secondary / secondary special,Civil marriage,House / apartment,0.037606,-16355,-3415,-4086.0,-3993,,1,1,0,1,0,0,Laborers,1.0,2,2,MONDAY,11,0,0,0,0,1,0,Business Entity Type 3,,0.550311,0.561662,0.2961,0.3267,0.2692,0.3288,0.3301,0.3318,0.3014,0.2507,0.2547,0.3633,0.4266,0.3717,0.2168,0.2158,0.228,0.4193,0.4215,0.45,0.4413,0.46,0.4285,0.457,0.4238,0.4478,0.2582,0.2449,0.2898,0.4683,0.4866,0.4853,0.4791,0.4679,0.4715,0.2317,0.2567,0.248,0.4386,0.4264,0.445,0.4166,0.4139,0.3951,,block of flats,0.351,Panel,,2.0,1.0,2.0,0.0,-2814.0,0,1,0,0,0,0,1,0,0,0,0,0,0,0,0,0,0,0,0,0,0.0,0.0,0.0,0.0,1.0,
101322,0,Cash loans,F,N,Y,0,81000.0,301500.0,279000.0,11000.0,Unaccompanied,State servant,Secondary / secondary special,Married,House / apartment,0.039297,-13378,-2062,-1125.0,-1654,,1,1,0,1,0,0,Core staff,2.0,2,2,FRIDAY,10,0,0,0,0,0,0,Self-employed,,0.459469,,0.4423,0.4404,0.466,0.3862,0.3708,0.3956,0.4168,0.4161,0.4131,0.3386,0.3167,0.3105,0.6228,0.608,0.6446,0.4621,0.4619,0.4564,0.6075,0.6722,0.6587,0.5498,0.5588,0.5733,0.6,0.602,0.588,0.3824,0.3897,0.391,0.5354,0.5297,0.5238,0.2919,0.3385,0.325,0.3684,0.3888,0.3609,0.3158,0.318,0.324,reg oper account,block of flats,0.712,,,0.0,0.0,0.0,1.0,-3700.0,0,0,0,0,0,0,0,0,0,0,0,0,0,0,0,0,0,0,0,0,,0.0,0.0,,0.0,3.0
101323,0,Cash loans,F,N,Y,2,135000.0,171000.0,157500.0,7500.0,Unaccompanied,Pensioner,Higher education,Married,House / apartment,0.009315,-21160,365243,-555.0,-5655,,1,0,0,1,0,0,Laborers,4.0,2,2,SUNDAY,8,0,0,0,0,0,0,XNA,0.07561,0.576768,0.42611,0.5937,0.559,0.5693,0.8997,0.8592,0.8898,0.7042,0.7054,0.7134,1.0,1.0,1.0,0.66,0.6714,0.6503,0.7059,0.7334,0.729,0.994,1.0,0.9735,0.637,0.6207,0.6167,0.9832,0.98,0.9752,1.0,0.9804,0.9958,1.0,0.9654,0.9636,0.9919,0.9855,0.9016,0.7595,0.7678,0.7584,0.5821,0.5886,0.5607,reg oper account,,,"Stone, brick",,1.0,0.0,1.0,0.0,-3278.0,0,1,0,0,0,0,0,0,0,0,0,0,0,0,0,0,0,0,0,0,0.0,0.0,,0.0,1.0,2.0
101324,0,Cash loans,F,Y,Y,0,99000.0,319500.0,265500.0,8000.0,Unaccompanied,Commercial associate,Secondary / secondary special,Married,House / apartment,0.016653,-20647,-2315,-3186.0,-609,15.0,1,1,0,1,1,0,,2.0,2,2,FRIDAY,16,0,0,0,0,1,0,Trade: type 7,,0.265858,0.75482,0.3064,0.3117,0.2937,0.4049,0.3956,0.4127,0.4473,0.4516,0.4602,0.3009,0.2926,0.2674,0.4305,0.4278,0.4393,0.257,0.2638,0.2571,0.4179,0.4179,0.4238,0.4442,0.4037,0.4607,0.472,0.4607,0.4968,0.3959,0.3787,0.3938,0.2869,0.2962,0.2966,0.4635,0.4526,0.4558,0.4126,0.3783,0.3994,0.3,0.3211,0.3684,,,0.4033,,No,1.0,0.0,1.0,0.0,-464.0,0,1,0,0,0,0,0,0,0,0,0,0,0,0,0,0,0,0,0,0,1.0,0.0,0.0,0.0,1.0,0.0
101325,0,Cash loans,F,N,Y,0,90000.0,400500.0,315000.0,12500.0,Unaccompanied,Commercial associate,Higher education,Married,House / apartment,0.0048,-15702,-915,-6116.0,-2738,,1,1,0,1,0,1,Core staff,2.0,3,3,WEDNESDAY,9,0,0,0,0,0,0,Self-employed,,0.767993,0.57743,0.3792,0.3641,0.3991,0.2801,0.2831,0.2504,0.4388,0.487,0.4954,0.5031,0.5117,0.4934,0.4136,0.4097,0.3998,0.2965,0.3187,0.3092,0.4363,0.3795,0.4047,0.344,0.355,0.3588,0.3823,0.3897,0.383,0.3787,0.4586,0.4121,0.3618,0.3742,0.3889,0.4238,0.4123,0.4389,0.4793,0.5042,0.4776,0.4392,0.4306,0.4116,,,,,No,1.0,0.0,1.0,0.0,-2469.0,0,1,0,0,0,0,0,0,0,0,0,0,0,0,0,0,0,0,0,0,0.0,,0.0,1.0,1.0,1.0
101326,0,Cash loans,F,N,Y,1,99000.0,409500.0,387000.0,12000.0,Unaccompanied,Pensioner,Secondary / secondary special,Separated,With parents,0.02001,-23553,365243,-3971.0,-3977,,1,0,1,1,0,0,Core staff,3.0,2,2,MONDAY,12,0,0,0,0,0,0,XNA,0.083729,0.392461,0.0005,0.4492,0.4553,0.472,0.4222,0.4422,0.5013,0.3011,0.2656,0.3301,0.3526,0.3962,0.3914,0.2207,0.2707,0.2591,0.2754,0.2989,0.3213,0.4593,0.4606,0.4675,0.4968,0.4919,0.4809,0.2158,0.2716,0.233,0.3571,0.3732,0.3305,0.516,0.5187,0.5242,0.3383,0.3227,0.3282,0.2713,0.2688,0.2402,0.4233,0.4195,0.4601,reg oper account,,0.2066,,,1.0,0.0,1.0,0.0,-1593.0,0,0,0,0,0,0,0,0,0,0,0,0,0,0,0,0,0,0,0,0,0.0,0.0,0.0,0.0,,2.0
101327,0,Cash loans,F,N,Y,1,229500.0,715500.0,684000.0,20500.0,Family,Pensioner,Secondary / secondary special,Civil marriage,House / apartment,0.027087,-25095,365243,-210.0,-2161,,1,0,0,1,0,0,Sales staff,3.0,2,2,THURSDAY,13,0,1,0,0,0,0,Self-employed,,0.764746,0.325585,0.6995,0.7334,0.7443,0.4327,0.4546,0.468,0.8191,0.8786,0.8684,0.8751,0.9111,0.8965,0.5111,0.5254,0.537,0.9275,0.907,0.9306,0.642,0.6737,0.6726,0.933,0.9553,0.954,0.8856,0.9033,0.9101,0.6561,0.6182,0.66,0.8901,0.8574,0.8785,0.821,0.8309,0.8578,0.959,0.9813,1.0,0.5096,0.5235,0.5077,,specific housing,,,No,2.0,0.0,2.0,0.0,-1115.0,0,1,0,0,0,0,0,0,0,0,0,0,0,0,0,0,0,0,0,0,0.0,0.0,,,0.0,1.0
101328,0,Cash loans,F,N,Y,0,112500.0,418500.0,409500.0,39500.0,Unaccompanied,Working,Secondary / secondary special,Married,House / apartment,0.049527,-21249,-178,-758.0,-4296,,1,1,0,1,0,0,Core staff,2.0,2,2,TUESDAY,7,0,0,0,0,0,0,Construction,,0.622565,0.6162,0.7023,0.646,0.6997,0.6588,0.6403,0.6043,0.5323,0.5368,0.5116,0.7053,0.7694,0.705,0.6468,0.6442,0.6534,0.4785,0.4774,0.5016,0.6054,0.6314,0.6453,0.6007,0.6246,0.6326,0.7531,0.7703,0.7882,0.482,0.5185,0.4961,0.8179,0.758,0.7634,0.5756,0.5683,0.5712,0.7406,0.7429,0.7657,0.4845,0.5016,0.4348,,,0.3208,,No,3.0,0.0,3.0,0.0,-3149.0,0,1,0,0,0,0,0,0,0,0,0,0,0,0,0,0,0,0,0,0,0.0,0.0,0.0,,0.0,0.0
101329,0,Cash loans,M,Y,N,1,508500.0,1287000.0,1251000.0,110500.0,Unaccompanied,Commercial associate,Secondary / secondary special,Single / not married,House / apartment,0.006178,-9095,-2520,-1225.0,-5042,,1,1,0,1,0,0,Laborers,2.0,2,2,MONDAY,15,0,0,0,0,0,0,Business Entity Type 3,,0.68047,0.805266,0.3537,0.3741,0.3764,0.2288,0.2355,0.1965,0.279,0.265,0.2786,0.3934,0.4313,0.4251,0.3056,0.2947,0.2989,0.1843,0.2131,0.2084,0.3967,0.4167,0.3985,0.292,0.3485,0.3233,0.284,0.2405,0.2735,0.2071,0.2056,0.1727,0.2621,0.2334,0.2595,0.253,0.2795,0.2582,0.2307,0.2228,0.1972,0.2875,0.2609,0.2543,,block of flats,,,,0.0,0.0,0.0,0.0,-2384.0,0,1,0,0,0,0,0,0,0,0,0,0,0,0,0,0,0,0,0,0,0.0,0.0,0.0,0.0,0.0,
101330,1,Cash loans,M,N,Y,0,184500.0,724500.0,657000.0,45500.0,Unaccompanied,Pensioner,Secondary / secondary special,Separated,House / apartment,0.009525,-25138,365243,-7476.0,-3835,,1,0,0,1,0,0,,2.0,2,2,TUESDAY,15,0,0,0,0,0,0,Business Entity Type 3,,0.305529,,0.1624,0.1714,0.1272,0.1992,0.1788,0.1766,0.1264,0.1665,0.153,0.1758,0.2083,0.213,0.2803,0.2779,0.2414,0.2237,0.2218,0.2262,0.1321,0.1328,0.1595,0.2036,0.2244,0.2642,0.157,0.1345,0.1391,0.21,0.1952,0.2305,0.147,0.1547,0.097,0.2568,0.2215,0.223,0.1447,0.1188,0.1158,0.2386,0.2258,0.1915,org spec account,block of flats,0.2243,,No,0.0,0.0,0.0,0.0,-3574.0,0,1,0,0,0,0,1,0,0,0,0,0,0,0,0,0,0,0,0,0,0.0,,,,0.0,2.0
101331,0,Cash loans,F,Y,N,0,85500.0,346500.0,333000.0,11500.0,Unaccompanied,Pensioner,Secondary / secondary special,Married,With parents,0.020448,-20656,365243,-8122.0,-3640,,1,0,0,1,1,0,Managers,2.0,2,2,THURSDAY,13,0,0,0,0,0,1,Construction,,0.383572,,0.4111,0.4263,0.3909,0.3219,0.3152,0.2681,0.4336,0.4591,0.4864,0.2811,0.2868,0.2605,0.3897,0.3763,0.434,0.5263,0.5628,0.5135,0.3231,0.3212,0.3318,0.473,0.4655,0.4656,0.2954,0.3293,0.2919,0.4417,0.4031,0.4331,0.4665,0.4739,0.4559,0.4318,0.4194,0.4314,0.498,0.4796,0.5339,0.452,0.4065,0.4267,,block of flats,,,,1.0,0.0,1.0,0.0,-3531.0,0,1,0,0,0,0,0,0,0,0,0,0,0,0,0,0,0,0,0,0,0.0,0.0,0.0,0.0,1.0,3.0
101332,1,Cash loans,M,N,Y,0,121500.0,288000.0,252000.0,10000.0,Unaccompanied,Working,Secondary / secondary special,Married,House / apartment,0.006856,-15657,-1217,-4154.0,-3452,,1,1,0,1,0,0,,2.0,2,2,TUESDAY,12,0,0,0,0,0,0,Construction,,0.127304,0.32857,0.2336,0.2546,0.1921,0.2962,0.3185,0.2785,0.1803,0.1702,0.1548,0.3606,0.3798,0.3645,0.3861,0.3612,0.3341,0.1851,0.2637,0.2122,0.363,0.3111,0.3572,0.2693,0.2757,0.2497,0.1673,0.1802,0.1556,0.2215,0.2471,0.2546,0.3514,0.357,0.3633,0.3339,0.3222,0.3188,0.2013,0.1901,0.1779,0.2924,0.3127,0.2904,,,0.173,"Stone, brick",,3.0,1.0,3.0,0.0,-1988.0,0,1,0,0,0,0,0,0,0,0,0,0,0,0,0,0,0,0,0,0,0.0,0.0,0.0,0.0,0.0,3.0
101333,0,Cash loans,F,Y,N,0,94500.0,427500.0,400500.0,21500.0,Unaccompanied,Working,Secondary / secondary special,Civil marriage,Municipal apartment,0.020807,-12406,-470,-2194.0,-5961,,1,1,0,1,0,0,Laborers,2.0,2,2,MONDAY,12,0,1,0,0,0,1,Kindergarten,,0.728213,0.526205,0.1288,0.1362,0.1262,0.2621,0.2297,0.2463,0.21,0.1561,0.1782,0.1757,0.1991,0.2046,0.1667,0.1444,0.1452,0.2763,0.1928,0.2646,0.1825,0.1698,0.1563,0.2066,0.2218,0.2194,0.2335,0.2269,0.2504,0.1401,0.1366,0.1554,0.2626,0.2061,0.2808,0.2488,0.2689,0.2092,0.2421,0.2801,0.2683,0.2387,0.2815,0.2378,,,,"Stone, brick",No,1.0,0.0,1.0,0.0,-2447.0,0,0,0,0,0,0,0,0,0,0,0,0,0,0,0,0,0,0,0,0,,0.0,0.0,1.0,1.0,0.0
101334,0,Revolving loans,F,N,N,2,229500.0,1035000.0,1003500.0,26500.0,Unaccompanied,Commercial associate,Secondary / secondary special,Single / not married,House / apartment,0.027516,-7793,-1218,-431.0,-4687,,1,1,0,1,1,0,Sales staff,3.0,2,2,SUNDAY,17,1,0,0,0,1,0,XNA,,0.444606,0.346138,0.4345,0.4425,0.4395,0.3377,0.3532,0.393,0.4182,0.4342,0.4242,0.2867,0.2672,0.2949,0.3006,0.2517,0.2939,0.2552,0.3043,0.3141,0.2521,0.2894,0.2837,0.441,0.4095,0.4193,0.3978,0.366,0.3114,0.4488,0.4188,0.4321,0.4808,0.4349,0.4246,0.3803,0.3738,0.3719,0.4388,0.42,0.4364,0.2656,0.2633,0.2935,,block of flats,0.3698,"Stone, brick",No,2.0,0.0,2.0,0.0,-3351.0,0,1,0,0,0,0,0,0,0,0,0,0,0,0,0,0,0,0,0,0,0.0,0.0,,1.0,0.0,
101335,0,Revolving loans,M,N,Y,1,58500.0,207000.0,193500.0,16000.0,Unaccompanied,Working,Secondary / secondary special,Married,House / apartment,0.00845,-7891,-1316,-1250.0,-360,,1,1,0,1,0,0,Core staff,3.0,2,2,TUESDAY,12,0,0,0,0,1,0,School,0.36501,0.060216,0.271452,0.6679,0.6989,0.6822,0.6863,0.7072,0.6832,0.7241,0.7692,0.7413,0.6032,0.6005,0.6,0.5566,0.5291,0.5105,0.4703,0.4964,0.4733,0.3388,0.3566,0.3594,0.7284,0.7249,0.6821,0.3415,0.3185,0.3411,0.5604,0.6179,0.5755,0.5631,0.5634,0.5641,0.3067,0.3369,0.3442,0.6119,0.6164,0.6396,0.7081,0.6854,0.693,org spec account,block of flats,0.7546,"Stone, brick",,2.0,0.0,2.0,0.0,-1750.0,0,0,0,0,0,0,1,0,0,0,0,0,0,0,0,0,0,0,0,0,0.0,0.0,0.0,,0.0,
101336,0,Cash loans,M,N,N,0,72000.0,1062000.0,918000.0,32000.0,Unaccompanied,Commercial associate,Higher education,Married,House / apartment,0.020302,-13199,-2408,-5387.0,-4635,,1,1,0,1,0,0,Laborers,2.0,1,2,WEDNESDAY,12,0,0,0,0,0,0,XNA,,0.633916,0.468866,0.0,0.0328,0.0339,0.0,0.0,0.0409,0.0,0.0142,0.0302,0.0623,0.0288,0.0584,0.0751,0.0283,0.0,0.0137,0.0143,0.0294,0.0061,0.0292,0.0406,0.0594,0.0,0.0129,0.0234,0.0147,0.0,0.0578,0.0377,0.0495,0.0539,0.0455,0.0201,0.0524,0.0571,0.0569,0.057,0.1007,0.0455,0.0256,0.0289,0.0545,,,0.0252,Panel,No,5.0,0.0,5.0,0.0,-3315.0,0,1,0,0,0,0,0,0,0,0,0,0,0,0,0,0,0,0,0,0,0.0,0.0,0.0,0.0,0.0,0.0
101337,0,Cash loans,M,N,Y,0,108000.0,391500.0,333000.0,16000.0,Family,Working,Secondary / secondary special,Married,House / apartment,0.008819,-18825,-1791,-3196.0,-989,,1,1,1,1,1,0,Laborers,1.0,2,2,MONDAY,10,0,0,0,0,0,1,Other,0.294482,0.657528,0.703509,0.2505,0.2565,0.2403,0.192,0.181,0.1955,0.1885,0.2015,0.1937,0.2598,0.2439,0.271,0.1805,0.1775,0.2438,0.1971,0.1955,0.1772,0.2423,0.2469,0.2505,0.2514,0.2323,0.2289,0.1625,0.136,0.1485,0.2025,0.2078,0.1951,0.1971,0.2401,0.2609,0.2678,0.233,0.2302,0.2381,0.2322,0.231,0.2545,0.26,0.2681,,block of flats,0.3091,,No,1.0,0.0,1.0,0.0,-433.0,0,1,0,0,0,0,0,0,0,0,0,0,0,0,0,0,0,0,0,0,0.0,,0.0,1.0,1.0,
101338,0,Cash loans,F,Y,Y,2,216000.0,724500.0,607500.0,32000.0,Unaccompanied,Working,Higher education,Married,House / apartment,0.043872,-21094,-1125,-8006.0,-5221,14.0,1,1,1,1,0,0,Laborers,4.0,3,3,THURSDAY,3,0,0,0,0,1,0,Business Entity Type 3,0.601776,0.763517,,0.3579,0.3908,0.4267,0.2826,0.2785,0.274,0.3024,0.2589,0.2445,0.3658,0.376,0.3678,0.2689,0.24,0.2625,0.193,0.207,0.2261,0.273,0.2786,0.2937,0.3677,0.3867,0.3823,0.2247,0.2488,0.2467,0.3783,0.3933,0.4532,0.1855,0.1957,0.2128,0.3444,0.3562,0.3765,0.2744,0.2731,0.2847,0.2562,0.2541,0.2803,org spec account,,0.2327,Panel,No,0.0,0.0,0.0,0.0,-3645.0,0,0,0,0,0,0,0,0,0,0,0,0,0,0,0,0,0,0,0,0,0.0,0.0,0.0,1.0,0.0,1.0
101339,0,Cash loans,M,N,N,0,288000.0,891000.0,760500.0,83000.0,Family,Working,Higher education,Single / not married,House / apartment,0.021256,-9875,-591,-14.0,-1946,,1,1,0,1,0,0,Sales staff,1.0,1,1,SUNDAY,16,0,0,0,0,0,0,XNA,0.405066,0.528106,,0.1111,0.1087,0.1438,0.1492,0.1447,0.1816,0.1773,0.172,0.1432,0.1067,0.1256,0.1011,0.259,0.2188,0.253,0.2379,0.2335,0.1866,0.1944,0.1907,0.1953,0.189,0.1571,0.1975,0.1043,0.0986,0.1425,0.1443,0.1268,0.1624,0.1934,0.1879,0.1778,0.1885,0.2137,0.2416,0.1783,0.1841,0.177,0.2585,0.1832,0.1564,,,0.159,Panel,No,2.0,0.0,2.0,0.0,-2893.0,0,1,0,0,0,0,0,0,0,0,0,0,0,0,0,0,0,0,0,0,,,0.0,0.0,0.0,4.0
101340,0,Cash loans,F,N,Y,0,315000.0,720000.0,679500.0,22500.0,Unaccompanied,Pensioner,Secondary / secondary special,Married,Office apartment,0.012575,-20195,365243,-61.0,-4159,,1,0,0,1,1,0,Managers,2.0,2,2,THURSDAY,12,0,0,0,0,0,0,Transport: type 4,0.383186,0.647146,0.49169,0.3321,0.3542,0.327,0.3568,0.3471,0.3462,0.3459,0.3723,0.3834,0.5252,0.4773,0.4952,0.4348,0.4546,0.4574,0.4852,0.4635,0.4734,0.4048,0.4448,0.4408,0.4499,0.4197,0.3876,0.3243,0.2974,0.3484,0.3301,0.4208,0.3557,0.3827,0.3938,0.3762,0.4952,0.536,0.5329,0.3423,0.3885,0.3972,0.3575,0.3313,0.3485,,,0.2257,"Stone, brick",No,0.0,0.0,0.0,0.0,-3665.0,0,1,0,0,1,0,0,0,0,0,0,0,0,0,0,0,0,0,0,0,0.0,0.0,,,0.0,3.0
101341,0,Cash loans,F,Y,Y,0,198000.0,1125000.0,1035000.0,34000.0,Unaccompanied,Pensioner,Secondary / secondary special,Single / not married,House / apartment,0.008679,-21504,365243,-3011.0,-4432,,1,0,0,1,0,0,,2.0,2,2,SATURDAY,9,0,0,0,0,1,0,Business Entity Type 3,,0.753885,0.286528,0.0984,0.0925,0.1057,0.1009,0.1084,0.1255,0.1531,0.1396,0.1696,0.1275,0.0935,0.1268,0.0618,0.0898,0.1111,0.104,0.0888,0.1136,0.1063,0.139,0.0828,0.1037,0.0954,0.1099,0.1785,0.146,0.1755,0.0832,0.0564,0.0839,0.0789,0.0632,0.1044,0.1482,0.17,0.1495,0.0869,0.1082,0.0823,0.1518,0.1213,0.108,,,0.1953,"Stone, brick",,1.0,0.0,1.0,0.0,-2143.0,0,1,0,0,0,0,0,0,0,0,0,0,0,0,0,0,0,0,0,0,0.0,0.0,0.0,1.0,0.0,5.0
101342,0,Cash loans,F,N,Y,0,139500.0,373500.0,310500.0,19000.0,Unaccompanied,Pensioner,Secondary / secondary special,Married,House / apartment,0.023803,-22913,365243,-11022.0,-2135,,1,0,0,1,0,0,Sales staff,2.0,2,2,TUESDAY,19,0,0,0,0,1,1,Business Entity Type 3,,0.539664,,0.3999,0.4308,0.418,0.3156,0.2901,0.3022,0.4621,0.491,0.4615,0.3645,0.3579,0.331,0.2533,0.3171,0.2936,0.4614,0.447,0.4871,0.2962,0.2527,0.3314,0.3619,0.3348,0.3444,0.3349,0.3729,0.352,0.5325,0.4394,0.4652,0.316,0.328,0.3233,0.5302,0.5275,0.5188,0.4901,0.4806,0.4814,0.507,0.5469,0.5355,,,,,,0.0,0.0,0.0,0.0,-774.0,0,1,0,0,0,0,0,0,0,0,0,0,0,0,0,0,0,0,0,0,0.0,0.0,,0.0,0.0,1.0
101343,0,Cash loans,M,N,Y,0,229500.0,657000.0,607500.0,26000.0,Family,Pensioner,Secondary / secondary special,Single / not married,House / apartment,0.043399,-23173,365243,-14897.0,-5780,,1,0,0,1,0,0,Core staff,1.0,2,2,WEDNESDAY,13,0,0,0,0,0,1,Other,,0.669683,,0.3422,0.3904,0.3734,0.3926,0.3515,0.3419,0.6202,0.5988,0.602,0.385,0.36,0.3533,0.5524,0.6107,0.573,0.3606,0.3316,0.3461,0.5531,0.5374,0.5322,0.4017,0.4341,0.3858,0.4357,0.45,0.4498,0.423,0.4014,0.4502,0.3751,0.3235,0.3413,0.45,0.4227,0.4695,0.466,0.4731,0.4812,0.5168,0.5506,0.5312,reg oper spec account,block of flats,0.4656,,No,2.0,1.0,2.0,0.0,-1841.0,0,1,0,0,0,0,0,0,0,0,0,0,0,0,0,0,0,0,0,0,0.0,0.0,0.0,0.0,1.0,0.0
101344,0,Cash loans,F,Y,Y,2,76500.0,220500.0,189000.0,8000.0,Unaccompanied,State servant,Incomplete higher,Single / not married,House / apartment,0.011591,-20847,-1716,-8372.0,-3148,20.0,1,1,0,1,0,0,Managers,3.0,3,3,SATURDAY,11,0,0,1,0,0,0,School,0.481242,0.639866,0.482376,0.3624,0.4139,0.4256,0.4546,0.4664,0.4399,0.7857,0.798,0.7779,0.7109,0.7198,0.6901,0.6774,0.6902,0.6993,0.4298,0.4222,0.4194,0.7345,0.6839,0.7504,0.7414,0.7609,0.7437,0.4827,0.4899,0.4555,0.6582,0.664,0.6984,0.4504,0.4472,0.4296,0.5261,0.5296,0.5157,0.4447,0.5037,0.4555,0.9123,0.9087,0.9171,,,,,No,1.0,0.0,1.0,0.0,-1204.0,0,1,0,0,0,0,0,0,0,0,0,0,0,0,0,0,0,0,0,0,0.0,0.0,0.0,0.0,0.0,2.0
101345,0,Revolving loans,M,N,Y,0,54000.0,121500.0,108000.0,6000.0,"Spouse, partner",Working,Higher education,Married,With parents,0.014238,-13917,-155,-4516.0,-2536,,1,1,1,1,0,0,Sales staff,2.0,2,2,TUESDAY,15,0,0,0,0,0,0,XNA,,0.389617,,0.1295,0.108,0.1301,0.1644,0.1996,0.1775,0.2951,0.3085,0.3115,0.2604,0.2498,0.2474,0.1906,0.1502,0.1628,0.1946,0.2393,0.2354,0.2891,0.2705,0.2891,0.2647,0.3012,0.2633,0.1714,0.1771,0.1499,0.1907,0.2076,0.2025,0.1456,0.1265,0.1381,0.2831,0.2937,0.2341,0.1772,0.1877,0.1852,0.1925,0.2262,0.2094,,block of flats,,,,1.0,1.0,1.0,0.0,-333.0,0,1,0,0,0,0,0,0,0,0,0,0,0,0,0,0,0,0,0,0,0.0,0.0,0.0,0.0,0.0,2.0
101346,0,Cash loans,F,Y,Y,0,189000.0,283500.0,243000.0,10000.0,Unaccompanied,Working,Secondary / secondary special,Married,House / apartment,0.011731,-9633,-1054,-25.0,-2943,,1,1,0,1,0,0,Waiters/barmen staff,2.0,2,2,MONDAY,13,0,0,0,0,1,0,Business Entity Type 2,,0.420549,0.52002,0.2339,0.2494,0.2132,0.1605,0.1874,0.1598,0.2036,0.1902,0.2302,0.1707,0.2171,0.2403,0.1554,0.1429,0.1597,0.2111,0.1569,0.1795,0.1341,0.1207,0.1101,0.1384,0.1642,0.1402,0.146,0.1514,0.1224,0.1863,0.192,0.1859,0.2266,0.235,0.2126,0.14,0.0992,0.0852,0.1063,0.1312,0.1124,0.1595,0.167,0.1656,,block of flats,,,No,4.0,0.0,4.0,2.0,-1184.0,0,1,0,0,0,0,0,0,0,0,0,0,0,0,0,0,0,0,0,0,0.0,0.0,0.0,1.0,0.0,
101347,0,Cash loans,M,N,Y,1,85500.0,256500.0,225000.0,11000.0,Unaccompanied,Pensioner,Secondary / secondary special,Married,House / apartment,0.049054,-21315,365243,-13324.0,-1846,,1,0,0,1,0,0,,3.0,2,2,MONDAY,13,0,0,0,0,0,1,Housing,0.86493,0.512684,,0.1775,0.1533,0.1294,0.2211,0.221,0.2165,0.1769,0.1586,0.1613,0.239,0.2099,0.2007,0.3118,0.3267,0.3039,0.1811,0.1861,0.1882,0.1857,0.2017,0.2041,0.2542,0.2686,0.3067,0.2408,0.2232,0.22,0.1777,0.1825,0.1651,0.2307,0.2131,0.2471,0.2173,0.2269,0.2534,0.2915,0.2783,0.3033,0.2892,0.2841,0.3127,,,,,,1.0,0.0,1.0,0.0,-3435.0,0,1,0,0,0,0,0,0,0,0,0,0,0,0,0,0,0,0,0,0,,0.0,0.0,0.0,0.0,2.0
101348,0,Cash loans,M,Y,Y,0,144000.0,909000.0,841500.0,25000.0,Family,Commercial associate,Secondary / secondary special,Single / not married,House / apartment,0.005727,-8117,-1542,-51.0,-647,2.0,1,1,0,1,0,0,Managers,2.0,1,1,SUNDAY,10,0,0,0,0,0,1,Government,,0.552989,0.438895,0.5424,0.5091,0.4904,0.5235,0.5388,0.5133,0.7356,0.7557,0.7419,0.4625,0.4244,0.4589,0.7586,0.8119,0.7345,0.7805,0.7765,0.8005,0.8481,0.8059,0.8215,0.6701,0.6664,0.6319,0.762,0.7528,0.7261,0.5361,0.5722,0.5511,0.8599,0.8769,0.859,0.3881,0.3898,0.3736,0.7565,0.6648,0.7246,0.4391,0.3893,0.4441,,block of flats,0.7416,Panel,,0.0,0.0,0.0,0.0,-2202.0,0,1,0,0,0,0,0,0,0,0,0,0,0,0,0,0,0,0,0,0,0.0,1.0,0.0,,0.0,1.0
101349,0,Cash loans,M,N,Y,1,157500.0,684000.0,634500.0,21500.0,"Spouse, partner",Working,Secondary / secondary special,Single / not married,House / apartment,0.041496,-21062,-433,-13426.0,-5889,,1,1,1,1,0,0,Core staff,2.0,3,3,MONDAY,14,0,0,0,0,0,1,XNA,,0.333287,0.346707,0.5414,0.506,0.4962,0.6332,0.6352,0.6344,0.2556,0.2742,0.2779,0.4347,0.4423,0.4117,0.5322,0.5099,0.5281,0.4486,0.4356,0.4345,0.3466,0.3308,0.3858,0.4977,0.4812,0.5013,0.3239,0.3152,0.3218,0.5208,0.5285,0.5107,0.5411,0.5211,0.5144,0.6052,0.5583,0.5367,0.3679,0.3054,0.3902,0.5683,0.5285,0.5987,,,,Block,,2.0,0.0,2.0,0.0,-2190.0,0,0,0,0,0,0,0,0,0,0,0,0,0,0,0,0,0,0,0,0,0.0,0.0,0.0,,0.0,2.0
101350,0,Cash loans,F,Y,Y,0,166500.0,1530000.0,1422000.0,115000.0,Unaccompanied,State servant,Secondary / secondary special,Married,With parents,0.0148,-21059,-2777,-940.0,-4870,,1,1,0,1,0,0,,2.0,2,2,SATURDAY,15,0,0,1,0,0,0,Other,0.737675,0.18007,0.226517,0.4517,0.4904,0.4456,0.485,0.4516,0.4438,0.3004,0.3192,0.2914,0.4275,0.3817,0.4482,0.5268,0.4783,0.4841,0.4819,0.4844,0.4578,0.2523,0.2925,0.2785,0.3266,0.3351,0.3322,0.3871,0.3509,0.4039,0.3508,0.3439,0.3741,0.2635,0.2519,0.2621,0.5112,0.5041,0.4779,0.3159,0.3052,0.3108,0.2684,0.2676,0.2739,,,,"Stone, brick",,2.0,0.0,2.0,0.0,-1507.0,0,1,0,0,0,0,0,0,0,0,0,0,0,0,0,0,0,0,0,0,0.0,0.0,0.0,1.0,0.0,2.0
101351,0,Cash loans,F,N,Y,0,247500.0,1458000.0,1251000.0,43000.0,Unaccompanied,Working,Secondary / secondary special,Widow,House / apartment,0.017888,-8983,-1339,-21.0,-4885,,1,1,0,1,1,0,Sales staff,2.0,3,3,THURSDAY,10,0,0,0,0,0,0,XNA,,0.331828,0.439748,0.0405,0.0201,0.0486,0.0221,0.0812,0.0533,0.0033,0.0562,0.1119,0.0339,0.0177,0.0322,0.076,0.0826,0.0697,0.0873,0.0354,0.0351,0.052,0.0476,0.0552,0.088,0.0523,0.0403,0.0726,0.0676,0.0325,0.0869,0.0724,0.0532,0.0279,0.0175,0.0288,0.0235,0.0141,0.045,0.0766,0.0415,0.0965,0.0781,0.0875,0.0924,reg oper account,,0.0377,Mixed,,1.0,0.0,1.0,0.0,-1080.0,0,0,0,0,0,0,0,0,0,0,0,0,0,0,0,0,0,0,0,0,0.0,0.0,0.0,1.0,0.0,3.0
101352,0,Cash loans,F,Y,Y,0,234000.0,1219500.0,1120500.0,60500.0,Family,Pensioner,Secondary / secondary special,Civil marriage,House / apartment,0.01514,-24730,365243,-8137.0,-5477,,1,0,0,1,0,0,,2.0,2,2,WEDNESDAY,6,0,0,0,0,0,0,Business Entity Type 3,0.692376,0.543617,0.843026,0.4977,0.4884,0.473,0.2845,0.2499,0.2518,0.6376,0.5887,0.6483,0.4614,0.479,0.507,0.5276,0.5204,0.4499,0.3531,0.3703,0.4071,0.4786,0.4764,0.4734,0.2888,0.2981,0.2543,0.5169,0.5348,0.5559,0.5279,0.5095,0.5184,0.6107,0.5982,0.5783,0.4084,0.434,0.4403,0.3365,0.3297,0.3324,0.2831,0.2812,0.3104,,block of flats,,Panel,No,0.0,0.0,0.0,0.0,-3526.0,0,0,0,0,0,0,0,0,0,0,0,0,0,0,0,0,0,0,0,0,,0.0,,3.0,,1.0
101353,1,Cash loans,F,N,N,1,162000.0,1777500.0,1471500.0,46500.0,Unaccompanied,Commercial associate,Secondary / secondary special,Married,House / apartment,0.021695,-19029,-2091,-593.0,-3672,,1,1,0,1,0,0,Medicine staff,2.0,2,2,TUESDAY,15,0,0,0,0,1,0,Business Entity Type 3,0.075676,0.476506,0.333091,0.4966,0.4944,0.4966,0.3649,0.4116,0.3792,0.3723,0.3387,0.3514,0.5123,0.5134,0.5248,0.5929,0.6044,0.6178,0.4282,0.452,0.4186,0.3861,0.3464,0.3759,0.3818,0.359,0.4131,0.5885,0.6102,0.5727,0.3914,0.4343,0.406,0.582,0.5455,0.5598,0.6831,0.6613,0.686,0.5058,0.5141,0.567,0.446,0.4388,0.4253,,,,Block,,4.0,0.0,4.0,0.0,-1308.0,0,1,0,0,0,0,1,0,0,0,0,0,0,0,0,0,0,0,0,0,0.0,0.0,0.0,0.0,1.0,1.0
101354,0,Cash loans,F,Y,N,1,117000.0,432000.0,378000.0,15500.0,Family,Working,Secondary / secondary special,Married,House / apartment,0.011894,-14288,-1667,-54.0,-5906,23.0,1,1,0,1,0,0,,3.0,3,3,MONDAY,14,0,0,0,0,0,0,XNA,0.620682,0.853639,0.826723,0.2593,0.2727,0.2385,0.3476,0.3551,0.332,0.3408,0.3137,0.3069,0.3804,0.395,0.4368,0.3454,0.3322,0.3352,0.3742,0.3614,0.3602,0.4637,0.4334,0.4333,0.4299,0.4306,0.4343,0.4121,0.4088,0.4597,0.4485,0.4645,0.421,0.3613,0.4025,0.3834,0.4776,0.3987,0.4365,0.2621,0.2995,0.3211,0.2735,0.2805,0.2887,,,0.3129,Panel,,1.0,0.0,1.0,0.0,-937.0,0,1,0,0,0,0,0,0,0,0,0,0,0,0,0,0,0,0,0,0,0.0,0.0,,0.0,0.0,1.0
101355,0,Cash loans,F,N,Y,1,157500.0,634500.0,567000.0,58500.0,Group of people,Pensioner,Secondary / secondary special,Married,House / apartment,0.036043,-20946,365243,-8169.0,-5911,,1,0,1,1,0,0,,3.0,3,3,TUESDAY,15,0,0,1,0,1,0,XNA,0.748805,0.636038,0.592813,0.8298,0.844,0.8484,0.5012,0.5305,0.5011,0.9241,0.9253,0.9381,0.4559,0.3996,0.4038,0.8116,0.8044,0.8148,0.6071,0.592,0.6051,0.6722,0.6806,0.7075,0.7908,0.8092,0.7261,0.9131,0.866,0.9022,0.9252,0.9041,0.9173,0.7412,0.7556,0.7489,0.5396,0.5274,0.5412,0.5255,0.4857,0.5325,0.9104,0.8996,0.8965,,block of flats,,,No,3.0,1.0,3.0,1.0,-4042.0,0,1,0,0,0,0,0,0,0,0,0,0,0,0,0,0,0,0,0,0,0.0,0.0,0.0,0.0,0.0,1.0
101356,0,Cash loans,F,N,Y,0,108000.0,418500.0,382500.0,13000.0,Unaccompanied,Pensioner,Secondary / secondary special,Married,House / apartment,0.036962,-20176,365243,-8897.0,-1487,,1,0,0,1,0,0,Sales staff,2.0,2,2,WEDNESDAY,12,0,1,0,0,1,0,Business Entity Type 3,,0.666511,0.9995,0.4771,0.4916,0.4897,0.2911,0.3031,0.2971,0.2091,0.2209,0.217,0.2809,0.2479,0.2784,0.3647,0.3688,0.386,0.446,0.423,0.4419,0.3191,0.3155,0.2831,0.2185,0.2245,0.242,0.3446,0.3705,0.3282,0.2996,0.3037,0.3279,0.254,0.2904,0.2804,0.3846,0.3511,0.3833,0.4463,0.4469,0.4669,0.3827,0.3855,0.3802,,block of flats,0.2016,Panel,No,3.0,0.0,3.0,1.0,-4148.0,0,1,0,0,0,0,0,0,0,0,0,0,0,0,0,0,0,0,0,0,0.0,,0.0,,0.0,4.0
101357,0,Cash loans,F,Y,N,0,130500.0,1188000.0,1143000.0,85500.0,Unaccompanied,Commercial associate,Secondary / secondary special,Widow,House / apartment,0.010164,-10954,-1764,-786.0,-2643,4.0,1,1,0,1,0,1,Cleaning staff,2.0,2,2,THURSDAY,15,0,0,0,0,0,1,XNA,0.971031,0.648,0.869387,0.2376,0.231,0.2767,0.448,0.3952,0.3952,0.3988,0.4048,0.4175,0.3321,0.3029,0.2751,0.2999,0.2982,0.2953,0.2415,0.2665,0.2677,0.2923,0.2385,0.26,0.263,0.2502,0.2214,0.1599,0.163,0.2189,0.2381,0.2421,0.2534,0.3139,0.3392,0.3138,0.3713,0.3795,0.3983,0.4168,0.4321,0.4539,0.3107,0.2673,0.3304,,block of flats,,,No,3.0,0.0,3.0,0.0,-3088.0,0,0,0,0,0,0,0,0,0,0,0,0,0,0,0,0,0,0,0,0,,0.0,0.0,1.0,,4.0
101358,0,Cash loans,F,N,N,1,621000.0,2425500.0,2038500.0,67000.0,Unaccompanied,Commercial associate,Secondary / secondary special,Married,House / apartment,0.028286,-15167,-2537,-3567.0,-573,,1,1,0,1,0,0,Drivers,3.0,2,2,THURSDAY,10,0,0,0,0,0,0,Kindergarten,0.771792,0.302095,0.639239,0.1975,0.2118,0.1933,0.347,0.3848,0.3832,0.3574,0.3414,0.3847,0.3246,0.328,0.3068,0.3487,0.3301,0.3589,0.1255,0.1351,0.1863,0.1961,0.1835,0.2059,0.1529,0.1154,0.2023,0.2417,0.2655,0.2515,0.2733,0.2962,0.2638,0.1848,0.1551,0.1838,0.2221,0.227,0.2071,0.1921,0.2201,0.2363,0.2174,0.2637,0.2031,,block of flats,,Monolithic,No,3.0,0.0,3.0,0.0,,0,1,0,0,0,0,0,0,0,0,0,0,0,0,0,0,0,0,0,0,0.0,0.0,0.0,1.0,1.0,0.0
101359,0,Cash loans,M,N,Y,0,162000.0,441000.0,418500.0,11500.0,"Spouse, partner",Working,Secondary / secondary special,Married,House / apartment,0.014992,-9308,-2238,-1296.0,-4213,,1,1,0,1,0,0,,2.0,1,1,MONDAY,11,0,0,0,0,1,0,Business Entity Type 3,,0.501953,0.595872,0.2852,0.3172,0.3086,0.388,0.3276,0.3867,0.4837,0.4685,0.4575,0.2418,0.2624,0.2573,0.2922,0.303,0.3123,0.2981,0.2642,0.2574,0.4875,0.49,0.4554,0.2993,0.3133,0.311,0.2499,0.246,0.2119,0.396,0.3843,0.3968,0.3893,0.4194,0.4401,0.499,0.5233,0.5133,0.4993,0.4758,0.4484,0.3179,0.3849,0.3118,,block of flats,0.4242,,No,0.0,0.0,0.0,0.0,-1962.0,0,1,0,0,0,0,0,0,0,0,0,0,0,0,0,0,0,0,0,0,,0.0,,0.0,0.0,1.0
101360,0,Cash loans,F,Y,Y,1,189000.0,1017000.0,855000.0,33000.0,Family,Working,Incomplete higher,Married,House / apartment,0.019308,-11978,-5404,-419.0,-666,,1,1,1,1,0,0,Cooking staff,2.0,3,3,SUNDAY,9,0,0,0,0,0,0,Transport: type 4,,0.585511,0.681419,0.4743,0.4262,0.4425,0.4328,0.3972,0.3662,0.4199,0.4034,0.4439,0.2902,0.2899,0.2998,0.4458,0.424,0.4629,0.1921,0.2092,0.2127,0.3739,0.4017,0.3485,0.3653,0.4464,0.3793,0.3569,0.3694,0.362,0.4528,0.4455,0.4014,0.286,0.3026,0.297,0.4087,0.4092,0.4168,0.4419,0.497,0.4295,0.4428,0.3971,0.3933,,block of flats,0.2125,Mixed,No,2.0,0.0,2.0,0.0,-2809.0,0,1,0,0,0,0,0,0,0,0,0,0,0,0,0,0,0,0,0,0,,0.0,0.0,2.0,0.0,2.0
101361,0,Cash loans,M,N,Y,0,99000.0,247500.0,220500.0,9500.0,Unaccompanied,Working,Secondary / secondary special,Married,House / apartment,0.04814,-19791,-1042,-4190.0,-4578,,1,1,0,1,0,0,Low-skill Laborers,1.0,2,2,TUESDAY,16,0,1,0,0,0,1,Business Entity Type 3,,0.499044,0.43643,0.3244,0.3404,0.3605,0.2186,0.2171,0.2395,0.2578,0.3074,0.2863,0.2835,0.2386,0.2724,0.2135,0.2284,0.2478,0.2459,0.2565,0.2688,0.3852,0.3755,0.3774,0.2848,0.2812,0.2694,0.1972,0.195,0.2117,0.2618,0.2437,0.2469,0.1963,0.1871,0.2104,0.2664,0.213,0.2611,0.3713,0.3472,0.3713,0.2124,0.2197,0.2351,,block of flats,0.3886,,,4.0,0.0,4.0,0.0,-2145.0,0,1,0,0,0,0,0,0,0,0,0,0,0,0,0,0,0,0,0,0,0.0,,0.0,0.0,0.0,
101362,0,Cash loans,M,N,Y,0,256500.0,1341000.0,1269000.0,48000.0,"Spouse, partner",Working,Secondary / secondary special,Married,House / apartment,0.012313,-17876,-2284,-6013.0,-4825,,1,1,1,1,0,0,Core staff,1.0,2,2,SUNDAY,12,0,0,0,0,1,1,Self-employed,,0.684366,,0.7897,0.786,0.7807,0.7558,0.7535,0.7713,0.8807,0.8365,0.8292,0.6597,0.6591,0.669,0.807,0.8018,0.8139,0.8884,0.8908,0.8796,0.8817,0.8829,0.8799,0.7319,0.7344,0.7216,0.5901,0.6249,0.6517,0.8083,0.7736,0.7665,0.5901,0.5845,0.6051,0.727,0.7085,0.7344,0.4598,0.4584,0.4811,0.7449,0.75,0.7471,reg oper account,block of flats,0.7121,,No,0.0,0.0,0.0,0.0,-153.0,0,1,0,0,0,0,0,0,0,0,0,0,0,0,0,0,0,0,0,0,0.0,,0.0,0.0,0.0,1.0
101363,0,Cash loans,F,N,N,1,225000.0,1102500.0,1021500.0,48000.0,Unaccompanied,Working,Secondary / secondary special,Married,House / apartment,0.033214,-16388,-9814,-8284.0,-2467,,1,1,0,1,0,0,High skill tech staff,2.0,2,2,FRIDAY,13,0,0,0,0,0,1,Business Entity Type 1,,0.55047,0.508207,0.7602,0.76,0.7267,0.7512,0.7299,0.7521,0.3518,0.3914,0.4067,0.6056,0.6024,0.6163,0.5512,0.5878,0.5754,0.5643,0.5634,0.5644,0.6788,0.6847,0.6768,0.6729,0.6922,0.6939,0.6222,0.5773,0.5988,0.7486,0.7725,0.765,0.3949,0.3889,0.3882,0.7778,0.7462,0.7916,0.7558,0.8009,0.7754,0.4751,0.4872,0.5009,,,0.3376,Panel,No,1.0,0.0,1.0,0.0,-678.0,0,1,0,0,0,0,0,0,0,0,0,0,0,0,0,0,0,0,0,0,0.0,0.0,0.0,0.0,,2.0
101364,0,Cash loans,M,N,Y,0,225000.0,792000.0,756000.0,63500.0,Family,Commercial associate,Secondary / secondary special,Civil marriage,House / apartment,0.024827,-9293,-1728,-805.0,-3790,,1,1,1,1,0,0,,2.0,3,3,FRIDAY,13,0,0,0,0,0,1,Business Entity Type 3,,0.464967,0.341666,0.4914,0.4559,0.482,0.8116,0.7741,0.7893,0.4352,0.4408,0.4296,0.5915,0.588,0.6427,0.6494,0.674,0.6664,0.6152,0.6134,0.6767,0.6869,0.6612,0.6699,0.8064,0.8405,0.806,0.8403,0.8193,0.8331,0.7346,0.7125,0.7186,0.4047,0.3842,0.3803,0.6788,0.6327,0.6312,0.4873,0.5005,0.493,0.7683,0.7793,0.7619,,block of flats,,"Stone, brick",,3.0,0.0,3.0,0.0,-2173.0,0,1,0,0,0,0,0,0,0,0,0,0,0,0,0,0,0,0,0,0,0.0,,0.0,0.0,0.0,1.0
101365,0,Cash loans,F,N,Y,0,166500.0,886500.0,837000.0,23500.0,Unaccompanied,Working,Secondary / secondary special,Single / not married,House / apartment,0.01658,-19788,-1796,-8012.0,-5694,,1,1,0,1,0,0,,1.0,2,2,THURSDAY,11,0,0,1,0,0,0,Self-employed,,0.482829,0.249321,0.4717,0.4644,0.4886,0.3676,0.3571,0.3796,0.4457,0.4367,0.4289,0.3603,0.3738,0.3714,0.2808,0.3073,0.2379,0.4943,0.5068,0.5078,0.4687,0.4975,0.4846,0.2618,0.2686,0.2913,0.2253,0.2017,0.2252,0.35,0.3565,0.3637,0.3627,0.3729,0.3659,0.5091,0.487,0.491,0.2627,0.2468,0.2425,0.3695,0.378,0.3649,reg oper account,block of flats,,Panel,,2.0,0.0,2.0,0.0,-1051.0,0,1,0,0,0,0,0,0,0,0,0,0,0,0,0,0,0,0,0,0,0.0,0.0,0.0,1.0,0.0,1.0
101366,0,Cash loans,M,N,Y,0,261000.0,450000.0,378000.0,22500.0,Unaccompanied,Commercial associate,Higher education,Separated,House / apartment,0.023484,-11917,-509,-2036.0,-4536,,1,1,1,1,0,0,Core staff,1.0,2,2,WEDNESDAY,15,0,0,0,0,0,0,Business Entity Type 2,,0.281121,0.313685,0.136,0.1117,0.131,0.0971,0.1121,0.107,0.0198,0.0413,0.0302,0.0583,0.0506,0.0415,0.0889,0.0996,0.0588,0.0589,0.0709,0.0209,0.1359,0.1348,0.1204,0.1228,0.1182,0.0955,0.0514,0.0557,0.0566,0.0971,0.0969,0.116,0.1288,0.1164,0.1189,0.1139,0.081,0.1268,0.0994,0.0802,0.0817,0.1222,0.1196,0.1255,,,0.0698,Wooden,No,1.0,1.0,1.0,0.0,-3002.0,0,1,0,0,0,0,0,0,0,0,0,0,0,0,0,0,0,0,0,0,0.0,,0.0,0.0,0.0,4.0
101367,0,Cash loans,F,N,N,2,297000.0,1269000.0,1242000.0,65500.0,Unaccompanied,Working,Incomplete higher,Married,House / apartment,0.021814,-15291,-882,-5368.0,-2644,,1,1,0,1,1,0,Laborers,4.0,2,2,FRIDAY,17,0,0,0,0,1,0,Self-employed,0.934897,0.431623,0.821399,0.7362,0.7431,0.7424,0.3685,0.3769,0.4158,0.7047,0.7301,0.6976,0.3903,0.3967,0.4039,0.6127,0.6098,0.6122,0.5801,0.5735,0.5828,0.6193,0.6404,0.6027,0.8951,0.8517,0.9035,0.4286,0.4777,0.4193,0.8763,0.881,0.9341,0.6221,0.6037,0.629,0.6184,0.5709,0.5991,0.4034,0.4056,0.3771,0.3767,0.4007,0.3805,,block of flats,,"Stone, brick",,0.0,0.0,0.0,0.0,-3652.0,0,1,0,0,0,0,0,0,0,0,0,0,0,0,0,0,0,0,0,0,0.0,0.0,0.0,0.0,0.0,0.0
101368,0,Cash loans,F,N,Y,0,171000.0,517500.0,499500.0,33000.0,Unaccompanied,Working,Secondary / secondary special,Married,House / apartment,0.009119,-10996,-1618,-3176.0,-5431,,1,1,0,1,0,0,IT staff,2.0,2,2,SATURDAY,15,0,0,0,0,0,0,Business Entity Type 3,,0.374197,0.475503,0.1111,0.0957,0.0882,0.0863,0.0903,0.1313,0.1128,0.1224,0.1413,0.1279,0.1131,0.1307,0.1133,0.1344,0.1225,0.0532,0.0923,0.0779,0.14,0.118,0.1014,0.1428,0.1624,0.1652,0.1101,0.1452,0.1403,0.0829,0.1073,0.0778,0.132,0.1,0.1084,0.1088,0.0954,0.0947,0.0295,0.1095,0.0672,0.0818,0.0987,0.1366,,block of flats,,,No,2.0,1.0,2.0,0.0,-121.0,0,0,0,0,0,0,0,0,0,0,0,0,0,0,0,0,0,0,0,0,,0.0,0.0,0.0,0.0,2.0
101369,0,Cash loans,F,N,N,0,139500.0,2628000.0,2277000.0,66000.0,Unaccompanied,State servant,Secondary / secondary special,Civil marriage,With parents,0.012837,-15088,-3069,-3507.0,-240,,1,1,0,1,0,0,Laborers,2.0,1,1,FRIDAY,6,0,0,1,0,0,0,Self-employed,0.297936,0.897904,,0.6672,0.702,0.6936,0.6118,0.61,0.6016,0.5416,0.5756,0.5476,0.4936,0.483,0.4192,0.5822,0.5663,0.5997,0.3475,0.3278,0.3653,0.5449,0.5501,0.5532,0.4694,0.5084,0.4911,0.4993,0.5136,0.5521,0.5569,0.5395,0.5837,0.548,0.5604,0.5671,0.4253,0.3879,0.3795,0.5728,0.5339,0.5925,0.3782,0.4243,0.4348,,block of flats,0.4346,Panel,,1.0,0.0,1.0,0.0,-1312.0,0,0,0,0,0,0,0,0,0,0,0,0,0,0,0,0,0,0,0,0,0.0,0.0,0.0,2.0,0.0,1.0
101370,0,Cash loans,F,N,Y,1,238500.0,1012500.0,801000.0,26500.0,Unaccompanied,State servant,Higher education,Married,House / apartment,0.009781,-15678,-3445,-182.0,-1357,,1,1,0,1,0,0,,3.0,3,3,SATURDAY,12,0,0,0,0,0,0,Business Entity Type 3,,0.92925,0.504627,0.0592,0.0827,0.066,0.1314,0.1254,0.095,0.118,0.0716,0.1317,0.1074,0.1267,0.1469,0.0776,0.1355,0.1371,0.1122,0.1452,0.1319,0.1848,0.1579,0.1397,0.1377,0.1544,0.1059,0.1072,0.1305,0.1162,0.1327,0.1746,0.1851,0.175,0.1914,0.1899,0.1226,0.0976,0.1195,0.0829,0.1217,0.1271,0.2017,0.2081,0.1779,,,0.1368,,,3.0,0.0,3.0,0.0,-81.0,0,1,0,0,1,0,0,0,0,0,0,0,0,0,0,0,0,0,0,0,0.0,0.0,0.0,1.0,0.0,3.0
101371,0,Cash loans,M,N,Y,0,90000.0,252000.0,211500.0,12500.0,Unaccompanied,Pensioner,Secondary / secondary special,Married,House / apartment,0.015753,-20643,365243,-11681.0,-1965,,1,0,0,1,0,0,,1.0,2,2,TUESDAY,13,1,0,0,0,1,0,XNA,0.647193,0.248329,0.582419,0.5003,0.4709,0.5018,0.4578,0.4416,0.4492,0.7939,0.8116,0.795,0.8135,0.8236,0.7835,0.7772,0.799,0.7724,0.7198,0.7293,0.7232,0.453,0.448,0.4485,0.4602,0.487,0.4893,0.4242,0.4534,0.4252,0.5457,0.5247,0.5612,0.403,0.3845,0.3738,0.6298,0.6258,0.6059,0.8504,0.8143,0.7919,0.4875,0.5136,0.4548,,block of flats,0.7843,,,0.0,0.0,0.0,0.0,-2551.0,0,1,0,0,0,0,0,0,0,0,0,0,0,0,0,0,0,0,0,0,0.0,0.0,0.0,0.0,0.0,0.0
101372,0,Revolving loans,M,N,Y,2,99000.0,180000.0,171000.0,10000.0,Unaccompanied,Working,Secondary / secondary special,Widow,House / apartment,0.043054,-14877,-4022,-4073.0,-2184,,1,1,0,1,0,1,,4.0,2,2,SUNDAY,16,0,0,0,0,0,0,Business Entity Type 3,,0.603033,0.60331,0.2303,0.2344,0.246,0.3978,0.4352,0.4195,0.4279,0.4132,0.4619,0.2897,0.3343,0.3131,0.4265,0.4107,0.4006,0.2288,0.2264,0.2443,0.2819,0.3102,0.3106,0.4747,0.4801,0.4696,0.4332,0.4333,0.4311,0.2797,0.2551,0.2726,0.2821,0.287,0.284,0.4395,0.4209,0.4573,0.4538,0.4831,0.4109,0.2582,0.2539,0.2444,reg oper spec account,,0.3026,Panel,,0.0,0.0,0.0,0.0,-186.0,0,1,0,0,0,0,0,0,0,0,0,0,0,0,0,0,0,0,0,0,0.0,,0.0,0.0,0.0,1.0
101373,0,Cash loans,M,N,Y,1,144000.0,1152000.0,1116000.0,33500.0,Unaccompanied,Commercial associate,Higher education,Single / not married,House / apartment,0.02681,-13454,-663,-3372.0,-4033,,1,1,0,1,1,0,Sales staff,3.0,2,2,SUNDAY,10,0,0,0,0,0,1,Business Entity Type 2,,0.419058,0.957076,0.2644,0.2448,0.2623,0.3185,0.2992,0.3331,0.2252,0.2332,0.2763,0.3391,0.2813,0.3191,0.413,0.3725,0.3958,0.183,0.1549,0.1818,0.366,0.3576,0.363,0.3595,0.3728,0.3148,0.3567,0.3234,0.3496,0.2681,0.2787,0.286,0.3675,0.3199,0.3252,0.3047,0.3189,0.331,0.2703,0.2942,0.2976,0.2866,0.2267,0.2567,,block of flats,0.3005,Panel,No,2.0,1.0,2.0,0.0,-382.0,0,1,0,0,0,0,0,0,0,0,0,0,0,0,0,0,0,0,0,0,0.0,0.0,0.0,1.0,1.0,3.0
101374,0,Cash loans,M,Y,N,0,58500.0,189000.0,180000.0,8500.0,Family,Working,Secondary / secondary special,Civil marriage,House / apartment,0.007693,-17606,-2935,-4293.0,-4754,,1,1,0,1,0,0,Laborers,1.0,2,2,SATURDAY,9,0,0,0,0,0,0,Trade: type 7,,0.624204,0.800383,0.1861,0.1779,0.1579,0.1683,0.1325,0.1242,0.1595,0.1738,0.1722,0.1292,0.1333,0.0944,0.0893,0.1273,0.1005,0.1196,0.1427,0.1362,0.1978,0.2144,0.2084,0.1179,0.1469,0.1204,0.0787,0.0897,0.0924,0.1271,0.1825,0.158,0.1613,0.1308,0.1496,0.1367,0.1334,0.1546,0.1383,0.2199,0.193,0.1777,0.1226,0.1135,,block of flats,,,,1.0,0.0,1.0,0.0,-2010.0,0,0,0,0,0,0,0,0,0,0,0,0,0,0,0,0,0,0,0,0,,0.0,0.0,0.0,0.0,4.0
101375,0,Revolving loans,M,N,Y,2,229500.0,580500.0,499500.0,15000.0,Unaccompanied,Commercial associate,Secondary / secondary special,Married,With parents,0.015785,-15418,-1824,-765.0,-319,,1,1,0,1,0,0,,3.0,2,2,THURSDAY,15,0,1,0,0,0,0,Business Entity Type 3,0.667926,0.432703,0.624593,0.3203,0.3104,0.3359,0.297,0.2993,0.2641,0.2899,0.3452,0.3212,0.3176,0.2757,0.341,0.2855,0.3107,0.2801,0.3616,0.3449,0.3818,0.4089,0.4056,0.3535,0.1905,0.2383,0.1823,0.3432,0.3405,0.3199,0.274,0.2979,0.2662,0.4448,0.4564,0.4715,0.259,0.2397,0.2221,0.5066,0.4777,0.4892,0.4763,0.5021,0.4856,not specified,,,Block,,2.0,0.0,2.0,0.0,-89.0,0,0,0,0,0,0,0,0,0,0,0,0,0,0,0,0,0,0,0,0,0.0,0.0,0.0,0.0,0.0,3.0
101376,0,Cash loans,F,N,Y,0,85500.0,400500.0,315000.0,11000.0,Unaccompanied,Pensioner,Secondary / secondary special,Married,House / apartment,0.021615,-23028,365243,-5996.0,-1556,,1,0,0,1,0,1,Core staff,1.0,3,3,SATURDAY,12,0,0,0,0,1,0,Other,0.348525,0.302688,0.214344,0.376,0.3824,0.3817,0.2214,0.265,0.2251,0.4483,0.4328,0.4357,0.2189,0.2319,0.2614,0.4085,0.35,0.4085,0.44,0.4466,0.3958,0.3579,0.3546,0.3588,0.4675,0.4824,0.5057,0.4594,0.4124,0.4299,0.317,0.3585,0.3247,0.2402,0.2078,0.239,0.456,0.4607,0.5054,0.3323,0.3588,0.3281,0.3955,0.4337,0.4011,,block of flats,,,No,1.0,0.0,1.0,0.0,-158.0,0,0,0,0,0,0,0,0,0,0,0,0,0,0,0,0,0,0,0,0,0.0,0.0,0.0,0.0,,0.0
101377,0,Cash loans,M,N,Y,0,112500.0,625500.0,553500.0,19000.0,Unaccompanied,Working,Secondary / secondary special,Married,House / apartment,0.029662,-8377,-1253,-756.0,-4907,,1,1,0,1,1,0,Low-skill Laborers,1.0,2,2,THURSDAY,10,0,0,0,0,0,0,Trade: type 7,,0.646001,0.285766,0.1474,0.1454,0.1494,0.2183,0.1908,0.215,0.159,0.123,0.1768,0.1843,0.2098,0.2227,0.2315,0.1905,0.2182,0.1203,0.1194,0.0657,0.0776,0.0785,0.1174,0.1545,0.1984,0.1832,0.1057,0.1054,0.0999,0.1961,0.1406,0.1702,0.1053,0.128,0.1324,0.1016,0.1225,0.15,0.0969,0.1328,0.0954,0.2458,0.2283,0.186,,,,,No,1.0,0.0,1.0,0.0,-222.0,0,1,0,0,0,0,0,0,0,0,0,0,0,0,0,0,0,0,0,0,0.0,0.0,0.0,0.0,0.0,1.0
101378,0,Cash loans,F,N,Y,0,130500.0,720000.0,616500.0,56500.0,Unaccompanied,State servant,Lower secondary,Married,House / apartment,0.012491,-8050,-694,-387.0,-3036,,1,1,0,1,0,0,,1.0,2,2,MONDAY,11,0,0,0,0,0,0,XNA,0.575037,0.796586,0.728997,0.2457,0.2656,0.2671,0.3405,0.3271,0.2948,0.3549,0.3348,0.3483,0.5084,0.4696,0.4856,0.4725,0.4544,0.4892,0.4088,0.4415,0.4278,0.5084,0.5347,0.4878,0.5598,0.5456,0.533,0.464,0.4857,0.459,0.4491,0.4301,0.4268,0.4431,0.4682,0.424,0.3538,0.3526,0.3676,0.3136,0.3226,0.3047,0.2967,0.2738,0.2974,,,0.4916,,No,4.0,0.0,4.0,0.0,-190.0,0,1,0,0,0,0,0,0,0,0,0,0,0,0,0,0,0,0,0,0,0.0,0.0,0.0,0.0,0.0,
101379,0,Cash loans,F,Y,Y,0,148500.0,585000.0,472500.0,19000.0,Unaccompanied,Commercial associate,Secondary / secondary special,Married,House / apartment,0.008683,-10356,-534,-264.0,-1860,,1,1,1,1,1,0,Core staff,1.0,2,2,SATURDAY,7,0,0,0,0,1,0,Transport: type 4,0.45882,0.626705,0.485964,0.2681,0.274,0.2339,0.4236,0.3965,0.4108,0.4932,0.5331,0.4639,0.3123,0.3078,0.3203,0.3991,0.3753,0.4318,0.4077,0.4073,0.3865,0.3757,0.3806,0.3899,0.5105,0.468,0.4994,0.401,0.4297,0.4388,0.4307,0.4266,0.4354,0.2849,0.2706,0.338,0.3909,0.369,0.4307,0.2465,0.2462,0.2654,0.4808,0.5095,0.5174,,block of flats,,"Stone, brick",,2.0,1.0,2.0,0.0,-3469.0,0,1,0,0,0,0,0,0,0,0,0,0,0,0,0,0,0,0,0,0,0.0,0.0,,0.0,0.0,1.0
101380,0,Cash loans,F,Y,N,0,121500.0,517500.0,414000.0,13000.0,Unaccompanied,Working,Secondary / secondary special,Civil marriage,House / apartment,0.018058,-9359,-2480,-1907.0,-2660,,1,1,0,1,0,0,Sales staff,2.0,2,2,WEDNESDAY,13,0,0,0,0,0,0,Business Entity Type 3,0.5827,0.593633,0.445462,0.3123,0.3031,0.3389,0.3816,0.3968,0.4108,0.4299,0.4158,0.4152,0.6628,0.6534,0.6582,0.4071,0.3825,0.3725,0.6041,0.6041,0.6172,0.594,0.5952,0.5939,0.396,0.4137,0.3979,0.477,0.4637,0.4763,0.631,0.6221,0.6069,0.4856,0.4702,0.4648,0.3007,0.291,0.3089,0.3042,0.2836,0.2806,0.552,0.544,0.5841,reg oper account,,,Mixed,,3.0,2.0,3.0,0.0,-1743.0,0,1,0,0,0,0,1,0,0,0,0,0,0,0,0,0,0,0,0,0,0.0,0.0,0.0,1.0,0.0,2.0
101381,0,Cash loans,M,Y,Y,0,139500.0,616500.0,499500.0,29000.0,Unaccompanied,Working,Secondary / secondary special,Married,House / apartment,0.026611,-15162,-2961,-2867.0,-3635,,1,1,0,1,1,0,,2.0,2,2,SATURDAY,11,0,0,0,0,1,0,Business Entity Type 3,,0.41499,,0.4316,0.3678,0.4216,0.2266,0.2535,0.2167,0.4364,0.4443,0.3981,0.4372,0.4335,0.4287,0.3417,0.3801,0.3859,0.2348,0.2636,0.2205,0.2581,0.2807,0.2167,0.3799,0.3978,0.4082,0.3477,0.2949,0.329,0.1876,0.221,0.2236,0.3343,0.3409,0.2772,0.3274,0.27,0.2813,0.2861,0.2694,0.2345,0.3399,0.364,0.3782,reg oper account,block of flats,0.4148,,,2.0,0.0,2.0,0.0,-2534.0,0,1,0,0,0,0,1,0,0,0,0,0,0,0,0,0,0,0,0,0,0.0,0.0,0.0,0.0,0.0,1.0
101382,0,Cash loans,F,N,Y,0,144000.0,675000.0,553500.0,18500.0,Unaccompanied,Pensioner,Secondary / secondary special,Married,House / apartment,0.021631,-23465,365243,-10268.0,-3571,,1,0,0,1,1,0,HR staff,2.0,2,2,MONDAY,14,0,0,0,0,1,0,Business Entity Type 3,,0.349744,0.571643,0.2488,0.2438,0.2404,0.3753,0.3468,0.3615,0.3116,0.3611,0.3415,0.3219,0.303,0.3062,0.447,0.4162,0.4394,0.4139,0.3918,0.4129,0.4204,0.4274,0.4088,0.2052,0.2776,0.1911,0.5496,0.513,0.4867,0.3973,0.409,0.4131,0.4514,0.4527,0.4368,0.4162,0.401,0.4053,0.4212,0.3949,0.4049,0.3605,0.3473,0.3409,,block of flats,0.4395,"Stone, brick",No,1.0,0.0,1.0,0.0,-2026.0,0,1,0,0,0,0,0,0,0,0,0,0,0,0,0,0,0,0,0,0,0.0,0.0,,0.0,0.0,1.0
101383,0,Cash loans,F,N,Y,0,117000.0,576000.0,535500.0,26000.0,Unaccompanied,Working,Secondary / secondary special,Civil marriage,House / apartment,0.010805,-7899,-1324,-18.0,-4975,,1,1,0,1,0,0,Managers,1.0,2,2,WEDNESDAY,11,0,0,0,0,0,0,Transport: type 4,,0.397394,,0.342,0.3269,0.3513,0.4542,0.4786,0.4899,0.4358,0.4514,0.3911,0.4532,0.4281,0.4577,0.5459,0.4994,0.4943,0.4379,0.4731,0.4354,0.3154,0.2986,0.3016,0.5115,0.5036,0.4731,0.5564,0.5914,0.4986,0.3631,0.3507,0.3494,0.3762,0.3982,0.3602,0.3501,0.3701,0.3804,0.4753,0.428,0.4164,0.2984,0.2813,0.2909,,block of flats,0.3604,Panel,Yes,2.0,0.0,2.0,0.0,-2380.0,0,1,0,0,0,0,0,0,0,0,0,0,0,0,0,0,0,0,0,0,0.0,0.0,0.0,0.0,0.0,4.0
101384,0,Revolving loans,F,N,Y,0,94500.0,675000.0,576000.0,17000.0,Unaccompanied,Working,Secondary / secondary special,Single / not married,House / apartment,0.0555,-11696,-876,-1966.0,-5929,,1,1,0,1,1,0,Medicine staff,2.0,2,2,THURSDAY,12,0,0,0,0,0,0,Other,,0.545558,0.838837,0.0999,0.1312,0.1661,0.0794,0.0886,0.1198,0.1532,0.113,0.1228,0.0866,0.1466,0.1192,0.1262,0.1455,0.1356,0.0503,0.0592,0.0868,0.0903,0.1026,0.107,0.1374,0.1491,0.1663,0.113,0.1244,0.1179,0.1028,0.0854,0.1006,0.1238,0.1315,0.1879,0.1913,0.1546,0.166,0.1093,0.1183,0.1007,0.0933,0.0846,0.0993,reg oper account,,,,,2.0,0.0,2.0,0.0,-728.0,0,1,0,0,0,0,0,0,0,0,0,0,0,0,0,0,0,0,0,0,0.0,,0.0,0.0,0.0,2.0
101385,0,Revolving loans,F,N,Y,1,265500.0,1066500.0,927000.0,36000.0,Unaccompanied,Working,Secondary / secondary special,Married,House / apartment,0.017589,-14924,-2977,-217.0,-4847,,1,1,1,1,1,0,,3.0,2,2,THURSDAY,11,0,0,0,0,0,0,Business Entity Type 3,,0.473558,0.573856,0.4562,0.3405,0.4243,0.2735,0.2524,0.2606,0.4094,0.4386,0.4418,0.5014,0.4857,0.5195,0.3132,0.276,0.2913,0.5261,0.486,0.5101,0.4103,0.418,0.3808,0.5374,0.4846,0.4733,0.3694,0.3523,0.3692,0.4031,0.3897,0.4128,0.2724,0.3603,0.3255,0.3372,0.3115,0.3401,0.5515,0.543,0.5593,0.2313,0.2685,0.2373,reg oper spec account,terraced house,0.4699,,,2.0,0.0,2.0,0.0,-2804.0,0,1,0,0,0,0,0,0,0,0,0,0,0,0,0,0,0,0,0,0,0.0,1.0,,0.0,0.0,5.0
101386,0,Cash loans,F,N,Y,0,45000.0,112500.0,99000.0,8500.0,Unaccompanied,State servant,Secondary / secondary special,Married,House / apartment,0.021086,-17845,-1913,-7306.0,-622,,1,1,0,1,0,0,Laborers,2.0,2,2,WEDNESDAY,11,0,0,0,0,0,0,XNA,,0.220675,,0.5246,0.5315,0.5175,0.497,0.4654,0.496,0.6397,0.6799,0.6549,0.295,0.2853,0.2824,0.3267,0.3502,0.3119,0.5841,0.5886,0.5715,0.5088,0.5005,0.4696,0.4563,0.4671,0.4864,0.2786,0.2992,0.3127,0.4091,0.3838,0.4055,0.508,0.5154,0.5142,0.6323,0.671,0.6427,0.5077,0.5026,0.4924,0.6521,0.6108,0.6519,,,,,No,1.0,0.0,1.0,0.0,-1340.0,0,1,0,0,0,0,0,0,0,0,0,0,0,0,0,0,0,0,0,0,0.0,0.0,0.0,,0.0,4.0
101387,0,Cash loans,M,N,Y,0,130500.0,468000.0,454500.0,19000.0,Unaccompanied,Working,Higher education,Married,House / apartment,0.012405,-13915,-1249,-3434.0,-2529,,1,1,0,1,0,0,Cooking staff,2.0,2,2,FRIDAY,8,0,0,0,1,0,1,XNA,0.120894,0.257352,0.385902,0.5593,0.5145,0.5248,0.5768,0.586,0.5435,0.3854,0.3756,0.3488,0.346,0.345,0.3463,0.6306,0.6671,0.6533,0.6807,0.6577,0.6494,0.7314,0.7758,0.7064,0.4002,0.3922,0.4188,0.4584,0.4615,0.4906,0.6985,0.697,0.7292,0.7452,0.6949,0.715,0.4373,0.4162,0.4313,0.4269,0.4614,0.4491,0.3829,0.3938,0.404,,block of flats,,Panel,,0.0,0.0,0.0,0.0,-1823.0,0,1,0,0,0,0,0,0,0,0,0,0,0,0,0,0,0,0,0,0,0.0,,0.0,0.0,0.0,3.0
101388,0,Cash loans,M,N,N,0,112500.0,666000.0,621000.0,58000.0,Unaccompanied,State servant,Secondary / secondary special,Married,House / apartment,0.037135,-21384,-4280,-4865.0,-2907,,1,1,0,1,0,0,,2.0,2,2,MONDAY,15,0,0,0,1,1,0,Construction,,0.66836,0.483556,0.2896,0.2703,0.2385,0.2971,0.2979,0.3052,0.2932,0.3027,0.3117,0.3427,0.3687,0.3482,0.1753,0.2517,0.1691,0.1688,0.1817,0.1325,0.3196,0.3014,0.3699,0.217,0.1994,0.2241,0.2118,0.2056,0.2,0.1494,0.1375,0.1514,0.1472,0.1597,0.1872,0.2916,0.2924,0.2955,0.219,0.2924,0.2722,0.1946,0.1627,0.1724,reg oper account,block of flats,0.2732,Panel,,1.0,0.0,1.0,0.0,-2957.0,0,1,0,0,1,0,0,0,0,0,0,0,0,0,0,0,0,0,0,0,0.0,0.0,0.0,0.0,0.0,
101389,0,Cash loans,F,Y,N,0,184500.0,270000.0,247500.0,12500.0,Unaccompanied,Commercial associate,Higher education,Married,House / apartment,0.026657,-10511,-3431,-3792.0,-3776,,1,1,0,1,1,0,Core staff,2.0,2,2,FRIDAY,12,0,0,0,0,0,0,XNA,,0.051821,0.330766,0.5068,0.4915,0.5064,0.3846,0.4272,0.4485,0.5695,0.5697,0.5654,0.4607,0.4764,0.4512,0.4376,0.4616,0.4454,0.3133,0.3155,0.2999,0.5139,0.5191,0.494,0.2794,0.3054,0.2497,0.6251,0.6206,0.6038,0.3137,0.2823,0.2916,0.4176,0.4065,0.4514,0.4167,0.4165,0.3976,0.3622,0.339,0.3638,0.4006,0.4277,0.4185,,,,Panel,No,1.0,0.0,1.0,0.0,-3992.0,0,1,0,0,0,0,1,0,0,0,0,0,0,0,0,0,0,0,0,0,0.0,0.0,0.0,2.0,1.0,1.0
101390,0,Cash loans,F,N,N,0,67500.0,99000.0,90000.0,2500.0,Unaccompanied,Working,Secondary / secondary special,Married,House / apartment,0.022728,-14993,-387,-1754.0,-5753,,1,1,0,1,0,0,Cleaning staff,1.0,2,2,TUESDAY,6,0,0,0,0,0,0,Business Entity Type 3,,0.348243,0.394129,0.5253,0.5344,0.5739,0.5401,0.6178,0.5378,0.7228,0.7221,0.7703,0.5685,0.5715,0.5886,0.6209,0.595,0.6283,0.4137,0.355,0.3899,0.5279,0.5084,0.5548,0.7136,0.7188,0.7108,0.8473,0.8051,0.7925,0.9119,0.8741,0.8871,0.4452,0.4224,0.4348,0.8765,0.8747,0.8441,0.5124,0.5446,0.5087,0.4915,0.4835,0.5447,,block of flats,0.7696,"Stone, brick",,3.0,1.0,3.0,0.0,-1339.0,0,0,0,0,1,0,0,0,0,0,0,0,0,0,0,0,0,0,0,0,0.0,0.0,0.0,,0.0,2.0
101391,0,Revolving loans,F,N,Y,0,112500.0,729000.0,675000.0,43000.0,Unaccompanied,Working,Secondary / secondary special,Single / not married,House / apartment,0.009157,-11277,-1891,-1411.0,-2681,,1,1,1,1,0,0,Managers,2.0,2,2,TUESDAY,7,0,0,0,0,0,0,Business Entity Type 3,0.556921,0.516366,,0.111,0.1257,0.1172,0.0663,0.0437,0.1002,0.1137,0.0902,0.0828,0.1058,0.0622,0.0798,0.1032,0.0866,0.1134,0.0941,0.0995,0.0856,0.1279,0.1355,0.1076,0.0775,0.0341,0.0637,0.0834,0.1174,0.1057,0.0655,0.0915,0.0348,0.0733,0.0617,0.0476,0.1196,0.1123,0.1156,0.0943,0.0676,0.0825,0.0363,0.0732,0.0639,,block of flats,0.1372,Block,No,2.0,0.0,2.0,0.0,-1643.0,0,0,0,0,1,0,0,0,0,0,0,0,0,0,0,0,0,0,0,0,0.0,,0.0,0.0,0.0,2.0
101392,0,Cash loans,F,Y,Y,0,139500.0,1255500.0,1152000.0,32500.0,Unaccompanied,Pensioner,Higher education,Separated,House / apartment,0.036849,-20439,365243,-9056.0,-2087,0.0,1,0,0,1,0,0,Sales staff,2.0,2,2,TUESDAY,15,0,0,0,1,0,0,Self-employed,,0.267099,,0.2815,0.2802,0.2997,0.2898,0.2817,0.2323,0.3176,0.3397,0.2773,0.3899,0.3801,0.3401,0.358,0.3746,0.3708,0.2687,0.2742,0.2818,0.2273,0.168,0.193,0.3663,0.3106,0.3502,0.2453,0.2556,0.2499,0.1938,0.1744,0.1742,0.37,0.3383,0.3497,0.3096,0.3277,0.3378,0.185,0.196,0.1448,0.2003,0.1886,0.2313,,block of flats,0.1877,,No,3.0,0.0,3.0,1.0,-2988.0,0,0,0,0,0,0,0,0,0,0,0,0,0,0,0,0,0,0,0,0,0.0,0.0,0.0,0.0,0.0,1.0
101393,0,Cash loans,F,Y,N,1,265500.0,517500.0,454500.0,40000.0,Unaccompanied,Working,Higher education,Married,House / apartment,0.029898,-10345,-2070,-1532.0,-5399,,1,1,0,1,1,1,Laborers,3.0,2,2,WEDNESDAY,12,0,0,0,0,1,0,Business Entity Type 3,0.992311,0.334523,,0.2388,0.2561,0.2911,0.2312,0.2418,0.2398,0.3461,0.3628,0.4089,0.216,0.2024,0.2473,0.2264,0.2174,0.2073,0.2624,0.2889,0.2575,0.3202,0.3034,0.2875,0.1873,0.1838,0.1992,0.349,0.3517,0.3486,0.2143,0.1947,0.2019,0.2511,0.2061,0.2224,0.4107,0.4049,0.398,0.3135,0.3142,0.3072,0.2203,0.2046,0.1938,,,,,,0.0,0.0,0.0,1.0,-325.0,0,1,0,0,0,0,0,0,0,0,0,0,0,0,0,0,0,0,0,0,1.0,0.0,0.0,0.0,0.0,1.0
101394,0,Cash loans,M,N,Y,0,175500.0,724500.0,648000.0,24000.0,Unaccompanied,Working,Secondary / secondary special,Married,House / apartment,0.035085,-21368,-77,-8245.0,-4443,,1,1,0,1,0,0,Drivers,2.0,3,3,FRIDAY,12,0,0,0,0,1,0,Bank,0.435214,0.745818,0.444521,0.2645,0.2244,0.1894,0.1357,0.1244,0.1399,0.2183,0.24,0.2248,0.177,0.1595,0.1509,0.1895,0.1708,0.1825,0.1648,0.1545,0.1712,0.1618,0.1582,0.1751,0.1316,0.1494,0.0933,0.1725,0.1589,0.1806,0.1185,0.1209,0.1299,0.1491,0.1416,0.0988,0.1378,0.1571,0.1837,0.1382,0.1286,0.1677,0.246,0.2232,0.1831,,block of flats,0.106,Others,,0.0,0.0,0.0,0.0,-2584.0,0,0,0,0,0,0,0,0,0,0,0,0,0,0,0,0,0,0,0,0,0.0,0.0,,0.0,0.0,2.0
101395,0,Cash loans,F,N,Y,0,76500.0,238500.0,207000.0,6000.0,Unaccompanied,Working,Secondary / secondary special,Married,Office apartment,0.019134,-17878,-2192,-10934.0,-2752,,1,1,1,1,0,0,High skill tech staff,2.0,2,2,MONDAY,12,0,0,0,0,0,1,Transport: type 4,0.502263,0.565437,,0.4023,0.3996,0.4314,0.444,0.4517,0.4287,0.2847,0.2835,0.2637,0.377,0.3839,0.4067,0.2741,0.3128,0.3108,0.1607,0.1585,0.2259,0.3818,0.3804,0.3828,0.3248,0.3203,0.3273,0.4558,0.4715,0.4152,0.4292,0.4587,0.4657,0.3307,0.2715,0.2601,0.3332,0.3416,0.3095,0.3811,0.4166,0.4247,0.3513,0.3249,0.3157,reg oper account,,,,No,2.0,0.0,2.0,0.0,-438.0,0,1,0,0,0,0,0,0,0,0,0,0,0,0,0,0,0,0,0,0,,0.0,0.0,0.0,0.0,
101396,0,Cash loans,F,N,Y,1,112500.0,378000.0,324000.0,13000.0,Unaccompanied,Pensioner,Higher education,Widow,With parents,0.017852,-23821,365243,-10380.0,-5575,,1,0,1,1,0,0,Laborers,3.0,2,2,FRIDAY,14,0,0,1,1,0,0,Self-employed,,0.881691,0.171462,0.5191,0.5511,0.5409,0.3383,0.3599,0.3477,0.6281,0.6536,0.6242,0.4364,0.4374,0.4463,0.3092,0.3381,0.2822,0.532,0.5322,0.5341,0.3376,0.3611,0.399,0.4788,0.4512,0.4525,0.2794,0.2804,0.2677,0.2753,0.3156,0.281,0.5984,0.5871,0.5336,0.3533,0.3935,0.3623,0.5579,0.5355,0.5767,0.5062,0.4869,0.4708,reg oper spec account,block of flats,,,,3.0,1.0,3.0,0.0,-4178.0,0,1,0,0,0,0,1,0,0,0,0,0,0,0,0,0,0,0,0,0,0.0,0.0,0.0,,0.0,0.0
101397,0,Cash loans,F,N,N,0,238500.0,1102500.0,918000.0,30000.0,Family,Commercial associate,Secondary / secondary special,Civil marriage,House / apartment,0.016704,-15253,-1611,-614.0,-1815,,1,1,1,1,1,0,,2.0,2,2,FRIDAY,17,0,0,0,0,1,1,Government,0.577735,0.339565,,0.2796,0.2753,0.2356,0.2264,0.2278,0.2527,0.1858,0.1505,0.178,0.2908,0.2975,0.2866,0.2705,0.2558,0.2716,0.3136,0.302,0.326,0.2469,0.3086,0.2976,0.2389,0.2385,0.2476,0.2549,0.2469,0.2523,0.2831,0.2729,0.2502,0.2649,0.275,0.2791,0.1358,0.1267,0.1194,0.2814,0.2854,0.2827,0.2207,0.212,0.249,,,,,,2.0,1.0,2.0,0.0,-3304.0,0,1,0,0,1,0,1,0,0,0,0,0,0,0,0,0,0,0,0,0,0.0,0.0,0.0,0.0,0.0,5.0
101398,0,Revolving loans,F,N,Y,0,76500.0,148500.0,126000.0,3500.0,Unaccompanied,Working,Secondary / secondary special,Widow,House / apartment,0.0725,-12834,-562,-702.0,-1443,,1,1,0,1,1,0,Laborers,1.0,2,2,WEDNESDAY,14,0,0,1,0,1,0,Business Entity Type 3,0.661168,0.828119,,0.537,0.5715,0.6228,0.3767,0.4274,0.4133,0.4132,0.3501,0.436,0.4885,0.5032,0.5159,0.4089,0.4203,0.3922,0.3761,0.4365,0.3975,0.2943,0.2967,0.2823,0.3218,0.3136,0.3082,0.496,0.4978,0.4599,0.3211,0.2935,0.3209,0.4723,0.4695,0.4472,0.5576,0.5747,0.5764,0.4041,0.4727,0.4122,0.3756,0.3899,0.3891,,,0.4796,"Stone, brick",,2.0,0.0,2.0,1.0,-2180.0,0,0,0,0,0,0,0,0,0,0,0,0,0,0,0,0,0,0,0,0,0.0,0.0,0.0,1.0,,7.0
101399,0,Cash loans,F,N,Y,0,139500.0,297000.0,256500.0,10000.0,Unaccompanied,Working,Secondary / secondary special,Married,With parents,0.013359,-7970,-1396,-1152.0,-128,,1,1,0,1,0,0,Managers,2.0,2,2,SATURDAY,13,0,0,0,0,0,0,Business Entity Type 3,0.504478,0.43621,0.649584,0.4086,0.4224,0.4171,0.4853,0.4689,0.456,0.4585,0.435,0.4337,0.3906,0.4218,0.41,0.3662,0.3916,0.3735,0.5143,0.4762,0.5012,0.3116,0.3279,0.3221,0.4391,0.4189,0.417,0.4774,0.4739,0.4628,0.3408,0.3542,0.3486,0.3955,0.4537,0.4413,0.2855,0.2844,0.2802,0.3134,0.2723,0.2801,0.2976,0.3153,0.3246,reg oper account,block of flats,0.5953,Panel,No,1.0,0.0,1.0,0.0,-4075.0,0,1,0,0,0,0,0,0,0,0,0,0,0,0,0,0,0,0,0,0,,0.0,0.0,0.0,,2.0
101400,0,Cash loans,M,N,Y,0,148500.0,490500.0,441000.0,14500.0,Unaccompanied,Working,Higher education,Married,House / apartment,0.008963,-20706,-5719,-201.0,-488,,1,1,0,1,1,0,Managers,2.0,2,2,FRIDAY,10,0,0,0,1,0,0,Business Entity Type 3,0.723706,0.794073,,0.6135,0.6207,0.6208,0.6219,0.6272,0.6585,0.4716,0.4382,0.3968,0.8086,0.7894,0.8171,0.7106,0.7449,0.7207,0.3871,0.3864,0.4291,0.5601,0.5472,0.5564,0.7338,0.7146,0.7419,0.7678,0.7305,0.7621,0.4858,0.4724,0.4947,0.5425,0.5563,0.5492,0.7783,0.8098,0.8043,0.4618,0.4537,0.4493,0.7879,0.7722,0.7688,reg oper account,block of flats,0.6479,,,2.0,0.0,2.0,0.0,-3532.0,0,1,0,0,0,0,1,0,0,0,0,0,0,0,0,0,0,0,0,0,0.0,0.0,0.0,0.0,1.0,
101401,0,Cash loans,M,N,Y,0,117000.0,423000.0,373500.0,38500.0,Family,Pensioner,Secondary / secondary special,Married,House / apartment,0.014837,-22624,365243,-6240.0,-5187,,1,0,0,1,1,0,Medicine staff,2.0,2,2,TUESDAY,7,0,0,0,0,0,1,Self-employed,,0.152543,0.265471,0.2993,0.2727,0.2639,0.3372,0.3197,0.3267,0.2651,0.2348,0.2332,0.2732,0.34,0.3523,0.2071,0.2038,0.2465,0.3473,0.3496,0.3438,0.3841,0.3231,0.3345,0.2282,0.1936,0.2303,0.414,0.3901,0.4042,0.3136,0.2934,0.2836,0.4366,0.4303,0.426,0.3766,0.4374,0.3699,0.273,0.2421,0.3149,0.3128,0.3261,0.348,reg oper account,,,,Yes,1.0,0.0,1.0,1.0,-2297.0,0,1,0,0,0,0,0,0,0,0,0,0,0,0,0,0,0,0,0,0,0.0,,0.0,,0.0,0.0
101402,0,Cash loans,M,Y,Y,0,648000.0,1359000.0,1089000.0,59500.0,Unaccompanied,Working,Secondary / secondary special,Married,Municipal apartment,0.013437,-9591,-1386,-2631.0,-454,,1,1,0,1,0,0,Laborers,2.0,2,2,THURSDAY,14,0,0,0,1,0,0,Business Entity Type 3,,0.498114,0.742047,0.9256,0.9187,0.9199,0.5965,0.6116,0.5693,0.9212,0.8817,0.9145,0.7475,0.7397,0.7508,0.9197,0.9469,0.9446,0.7256,0.7543,0.7234,0.7097,0.7053,0.641,0.9451,0.9454,0.9619,0.535,0.5306,0.5459,0.4025,0.4155,0.4547,0.9434,0.9557,0.9572,0.5716,0.5703,0.6144,0.6223,0.6586,0.6454,0.8474,0.8347,0.8046,,,,"Stone, brick",,3.0,0.0,3.0,0.0,-904.0,0,0,0,0,0,0,0,0,0,0,0,0,0,0,0,0,0,0,0,0,0.0,,0.0,1.0,0.0,3.0
101403,0,Revolving loans,M,Y,Y,0,117000.0,706500.0,598500.0,38000.0,Unaccompanied,State servant,Incomplete higher,Married,House / apartment,0.040839,-9409,-248,-1991.0,-4588,23.0,1,1,1,1,0,0,Laborers,2.0,1,1,MONDAY,14,0,0,0,0,0,0,Government,0.472416,0.47959,0.694143,0.1339,0.115,0.1236,0.0903,0.0768,0.0934,0.2011,0.1262,0.1428,0.0696,0.0726,0.065,0.0757,0.0668,0.0783,0.1124,0.1692,0.124,0.0926,0.0599,0.0387,0.1462,0.1698,0.1197,0.1517,0.1656,0.1591,0.0924,0.0854,0.0935,0.1216,0.1527,0.1364,0.0664,0.0847,0.0729,0.1008,0.0974,0.1322,0.1364,0.1633,0.1339,not specified,,0.1158,Mixed,,0.0,0.0,0.0,0.0,-665.0,0,1,0,0,0,0,0,0,0,0,0,0,0,0,0,0,0,0,0,0,0.0,0.0,0.0,1.0,1.0,6.0
101404,0,Cash loans,F,N,Y,3,189000.0,585000.0,499500.0,17000.0,Family,Pensioner,Secondary / secondary special,Married,House / apartment,0.008067,-23126,365243,-808.0,-437,,1,0,0,1,0,0,Laborers,5.0,2,2,MONDAY,16,0,0,0,0,0,0,Government,0.36233,0.517052,0.590409,0.368,0.3371,0.3896,0.2036,0.2287,0.2523,0.4394,0.45,0.4679,0.3018,0.3161,0.3182,0.343,0.3161,0.321,0.358,0.3569,0.4245,0.306,0.3352,0.3367,0.2166,0.218,0.2507,0.3,0.2966,0.3437,0.3028,0.2487,0.3229,0.3794,0.3903,0.3937,0.4632,0.4717,0.4684,0.4615,0.4498,0.4356,0.2242,0.239,0.2259,,,0.4781,Panel,No,2.0,0.0,2.0,0.0,-3173.0,0,1,0,0,0,0,0,0,0,0,0,0,0,0,0,0,0,0,0,0,0.0,,0.0,0.0,,2.0
101405,0,Cash loans,M,N,N,0,94500.0,292500.0,270000.0,9500.0,Unaccompanied,Working,Higher education,Married,House / apartment,0.013204,-18541,-458,-7860.0,-1381,,1,1,0,1,0,0,Cleaning staff,2.0,2,2,MONDAY,18,0,0,0,0,1,0,Security,,0.281342,0.581483,0.2372,0.1571,0.2283,0.2074,0.1676,0.1932,0.154,0.1581,0.1856,0.1957,0.1521,0.1573,0.1479,0.1854,0.1919,0.2536,0.279,0.2097,0.1633,0.1492,0.1623,0.1742,0.1796,0.1556,0.1642,0.1649,0.1655,0.1919,0.1998,0.2059,0.2426,0.2613,0.2383,0.2762,0.303,0.3409,0.2118,0.1912,0.1867,0.242,0.2608,0.2822,,,0.1808,"Stone, brick",,3.0,1.0,3.0,1.0,-863.0,0,1,0,0,0,0,0,0,0,0,0,0,0,0,0,0,0,0,0,0,,0.0,0.0,,,1.0
101406,0,Cash loans,F,N,N,0,198000.0,900000.0,760500.0,31500.0,Unaccompanied,Pensioner,Secondary / secondary special,Married,House / apartment,0.021045,-22697,365243,-4193.0,-2103,,1,0,0,1,1,0,Core staff,2.0,1,1,MONDAY,8,0,0,0,0,0,1,School,,0.392668,0.383545,0.5629,0.5667,0.5772,0.4916,0.4763,0.4484,0.4215,0.4528,0.4729,0.3696,0.3673,0.3451,0.593,0.5827,0.5758,0.3475,0.3727,0.3714,0.7852,0.8131,0.7754,0.5416,0.5406,0.5258,0.7284,0.7362,0.7516,0.6082,0.5577,0.5643,0.7332,0.7089,0.741,0.4396,0.4199,0.4415,0.3474,0.3522,0.3246,0.5572,0.5608,0.5653,,block of flats,0.3382,Panel,No,0.0,1.0,0.0,0.0,-2867.0,0,1,0,0,0,0,0,0,0,0,0,0,0,0,0,0,0,0,0,0,,0.0,0.0,0.0,0.0,2.0
101407,0,Revolving loans,F,Y,Y,0,238500.0,868500.0,679500.0,23000.0,Unaccompanied,Commercial associate,Higher education,Separated,House / apartment,0.041053,-16989,-5021,-9008.0,-1288,29.0,1,1,0,1,0,0,Laborers,2.0,2,2,MONDAY,10,0,0,0,0,0,0,Self-employed,0.602758,0.646511,0.541426,0.0113,0.0313,0.0021,0.0781,0.0746,0.0248,0.0219,0.0392,0.0059,0.0554,0.0406,0.0,0.0789,0.0507,0.0668,0.0503,0.0815,0.0747,0.0147,0.0751,0.0684,0.0424,0.0778,0.0212,0.0492,0.0144,0.0541,0.0447,0.0635,0.0178,0.0414,0.0451,0.0568,0.062,0.0255,0.0225,0.0325,0.0358,0.0629,0.0006,0.0424,0.0109,,block of flats,,"Stone, brick",,3.0,0.0,3.0,0.0,-2301.0,0,0,0,0,0,0,0,0,0,0,0,0,0,0,0,0,0,0,0,0,0.0,0.0,0.0,0.0,0.0,1.0
101408,0,Cash loans,F,N,N,1,108000.0,666000.0,531000.0,52500.0,Unaccompanied,Commercial associate,Secondary / secondary special,Single / not married,House / apartment,0.029098,-7758,-1184,-545.0,-757,,1,1,0,1,0,0,Laborers,2.0,2,2,MONDAY,14,1,0,0,0,0,0,XNA,,0.426521,0.646831,0.5579,0.549,0.5527,0.3679,0.4497,0.371,0.635,0.682,0.6411,0.641,0.5965,0.6281,0.4313,0.4961,0.446,0.5087,0.468,0.4878,0.474,0.4641,0.488,0.5937,0.6094,0.563,0.563,0.5951,0.6161,0.496,0.4495,0.4403,0.5866,0.5786,0.5756,0.6112,0.5996,0.5794,0.4505,0.3907,0.3859,0.5962,0.5971,0.62,reg oper account,,,"Stone, brick",,1.0,0.0,1.0,0.0,-4162.0,0,1,0,0,0,0,0,0,0,0,0,0,0,0,0,0,0,0,0,0,0.0,0.0,0.0,0.0,0.0,3.0
101409,0,Cash loans,F,Y,Y,0,144000.0,337500.0,297000.0,8500.0,Unaccompanied,Working,Secondary / secondary special,Single / not married,House / apartment,0.051025,-20828,-621,-6155.0,-5931,,1,1,0,1,0,0,Laborers,2.0,2,2,THURSDAY,12,0,0,0,0,0,1,Security,0.18862,0.381391,0.280659,0.1921,0.1966,0.1293,0.2553,0.2555,0.2568,0.1685,0.1573,0.1425,0.2996,0.3177,0.3235,0.1968,0.1965,0.2369,0.2477,0.2627,0.2711,0.2898,0.2948,0.3048,0.3387,0.3284,0.3056,0.3358,0.3298,0.3395,0.1653,0.2125,0.1737,0.3322,0.3331,0.3482,0.208,0.1917,0.2513,0.2944,0.337,0.3113,0.1382,0.1759,0.134,reg oper account,block of flats,,,No,1.0,0.0,1.0,0.0,-2341.0,0,1,0,0,0,0,0,0,0,0,0,0,0,0,0,0,0,0,0,0,0.0,,0.0,0.0,1.0,1.0
101410,0,Cash loans,F,N,N,0,90000.0,162000.0,130500.0,12500.0,Unaccompanied,Pensioner,Secondary / secondary special,Married,House / apartment,0.023171,-25070,365243,-24.0,-2430,,1,0,0,1,0,0,Drivers,2.0,3,3,FRIDAY,17,0,0,0,0,0,0,Business Entity Type 3,,0.54185,,0.1501,0.1515,0.1503,0.2821,0.3076,0.297,0.2297,0.2236,0.189,0.2575,0.2683,0.2872,0.1965,0.195,0.2336,0.1532,0.1113,0.172,0.1542,0.1441,0.1608,0.1432,0.1514,0.1558,0.2148,0.2621,0.2109,0.1855,0.1504,0.1485,0.1137,0.1107,0.1185,0.168,0.1742,0.179,0.2383,0.2198,0.2097,0.264,0.3157,0.2397,,,0.2773,"Stone, brick",No,3.0,1.0,3.0,0.0,-1431.0,0,0,0,0,0,0,1,0,0,0,0,0,0,0,0,0,0,0,0,0,0.0,0.0,0.0,0.0,0.0,4.0
101411,0,Cash loans,F,N,Y,0,76500.0,252000.0,220500.0,12500.0,Unaccompanied,Working,Higher education,Single / not married,House / apartment,0.016482,-12213,-1804,-809.0,-2538,,1,1,1,1,0,0,Core staff,2.0,2,2,TUESDAY,11,0,0,0,0,0,0,Business Entity Type 3,0.9995,0.64792,0.584175,0.5038,0.5244,0.5273,0.905,0.9318,0.902,0.5564,0.5708,0.5413,0.9368,0.8832,0.9127,0.5431,0.5464,0.5447,0.7577,0.7577,0.7583,0.6877,0.7159,0.7515,0.6002,0.6169,0.6434,0.5673,0.597,0.5861,0.5426,0.5742,0.5265,0.5361,0.51,0.5675,0.5735,0.5706,0.5822,0.4423,0.4143,0.4481,0.5865,0.6039,0.5757,,block of flats,0.8878,"Stone, brick",,1.0,0.0,1.0,1.0,-753.0,0,1,0,0,0,0,0,0,0,0,0,0,0,0,0,0,0,0,0,0,,0.0,,1.0,0.0,0.0
101412,0,Revolving loans,M,N,Y,1,261000.0,1053000.0,940500.0,36500.0,Unaccompanied,Pensioner,Secondary / secondary special,Married,House / apartment,0.031784,-24990,365243,-5337.0,-4524,,1,0,0,1,0,0,,2.0,3,3,TUESDAY,19,0,0,0,0,0,0,Other,,0.438729,0.5339,0.4684,0.4525,0.4495,0.6701,0.6853,0.6705,0.6735,0.6706,0.7012,0.519,0.53,0.5151,0.3649,0.3709,0.3767,0.6455,0.6772,0.6406,0.3778,0.3784,0.3742,0.4623,0.4634,0.4702,0.4736,0.4768,0.4862,0.4678,0.4229,0.4297,0.6117,0.6229,0.6151,0.3978,0.4226,0.4132,0.3687,0.3606,0.3732,0.4303,0.4242,0.4271,,block of flats,0.4692,,No,1.0,0.0,1.0,1.0,-1109.0,0,1,0,0,0,0,0,0,0,0,0,0,0,0,0,0,0,0,0,0,,0.0,0.0,1.0,0.0,1.0
101413,0,Cash loans,M,N,Y,0,108000.0,211500.0,202500.0,10500.0,Children,Working,Secondary / secondary special,Married,House / apartment,0.008012,-18110,-709,-7341.0,-5483,,1,1,1,1,1,0,,2.0,2,2,MONDAY,12,0,0,0,0,1,0,Military,,0.401762,0.605045,0.1843,0.1707,0.1869,0.1382,0.16,0.1195,0.1065,0.1141,0.0903,0.209,0.2228,0.2172,0.2419,0.2287,0.2097,0.1731,0.2161,0.219,0.1053,0.1305,0.0902,0.1907,0.1924,0.1773,0.2317,0.1766,0.2181,0.1682,0.1597,0.1255,0.1804,0.2205,0.174,0.1724,0.151,0.2002,0.2163,0.2031,0.246,0.2113,0.2116,0.2172,,,0.1062,"Stone, brick",,0.0,0.0,0.0,0.0,-2193.0,0,1,0,0,0,0,0,0,0,0,0,0,0,0,0,0,0,0,0,0,0.0,,0.0,1.0,0.0,1.0
101414,0,Revolving loans,F,Y,Y,0,40500.0,72000.0,67500.0,2500.0,Unaccompanied,Working,Secondary / secondary special,Married,With parents,0.006478,-14950,-2183,-3355.0,-1789,,1,1,0,1,0,0,,1.0,2,2,MONDAY,17,0,0,0,0,0,0,Business Entity Type 3,0.478216,0.54211,0.627889,0.3417,0.2988,0.3542,0.5454,0.5671,0.5663,0.6362,0.6797,0.6107,0.6288,0.6091,0.6203,0.5623,0.552,0.5677,0.498,0.5076,0.5249,0.6827,0.6869,0.6536,0.5447,0.5394,0.5471,0.4238,0.4284,0.415,0.5605,0.5739,0.5387,0.6242,0.6012,0.6092,0.63,0.659,0.6815,0.6199,0.5914,0.6214,0.6934,0.6922,0.6423,,,,,,,0.0,0.0,0.0,-3066.0,0,0,0,0,0,0,1,0,0,0,0,0,0,0,0,0,0,0,0,1,0.0,0.0,0.0,0.0,0.0,0.0
101415,0,Cash loans,F,N,Y,0,387000.0,1669500.0,1314000.0,50000.0,Unaccompanied,State servant,Secondary / secondary special,Married,House / apartment,0.034254,-19962,-1469,-10711.0,-2719,,1,1,0,1,0,0,Managers,2.0,1,1,THURSDAY,4,0,0,0,0,0,0,Bank,0.384765,0.520029,0.764154,0.1562,0.1364,0.1327,0.2276,0.2353,0.2652,0.1528,0.14,0.1305,0.2406,0.2389,0.2542,0.201,0.2011,0.2146,0.1351,0.145,0.1793,0.135,0.1571,0.1385,0.1278,0.1696,0.1259,0.1853,0.1775,0.1752,0.0986,0.1338,0.1174,0.2106,0.2193,0.2335,0.1684,0.2056,0.1762,0.1665,0.159,0.1982,0.135,0.129,0.1534,,,,,No,1.0,0.0,1.0,0.0,-1668.0,0,1,0,0,0,0,0,0,0,0,0,0,0,0,0,0,0,0,0,0,0.0,,1.0,1.0,0.0,5.0
101416,0,Cash loans,M,N,Y,0,94500.0,243000.0,207000.0,7000.0,Family,Working,Secondary / secondary special,Civil marriage,House / apartment,0.021308,-8543,-477,-18.0,-2876,,1,1,1,1,0,0,Laborers,2.0,2,2,THURSDAY,14,0,0,0,0,0,0,XNA,0.882754,0.47209,0.578317,0.3102,0.2652,0.2811,0.301,0.309,0.3349,0.2146,0.1613,0.1592,0.4153,0.4127,0.376,0.3307,0.3389,0.3353,0.2824,0.321,0.2682,0.2215,0.1963,0.2435,0.3542,0.3452,0.3649,0.312,0.3299,0.3213,0.3747,0.4368,0.4173,0.2816,0.3211,0.2916,0.3409,0.364,0.3608,0.2933,0.2834,0.2744,0.184,0.1768,0.1605,,block of flats,0.1553,,,1.0,0.0,1.0,1.0,-473.0,0,1,0,0,0,0,0,0,0,0,0,0,0,0,0,0,0,0,0,0,0.0,0.0,0.0,0.0,0.0,3.0
101417,0,Cash loans,F,N,Y,0,130500.0,229500.0,216000.0,15000.0,Unaccompanied,Working,Secondary / secondary special,Civil marriage,House / apartment,0.033995,-8757,-2182,-449.0,-1564,,1,1,1,1,0,0,Sales staff,2.0,2,1,WEDNESDAY,12,0,0,0,0,1,0,Other,0.50741,0.705362,0.719758,0.2294,0.2666,0.2409,0.2886,0.325,0.2831,0.2444,0.2142,0.283,0.2131,0.2266,0.2415,0.4421,0.4644,0.4235,0.3511,0.3588,0.3649,0.246,0.2699,0.2654,0.3791,0.4122,0.3695,0.3193,0.3686,0.2781,0.3304,0.3435,0.3275,0.2224,0.2259,0.2228,0.2998,0.2769,0.2894,0.4395,0.4434,0.4391,0.364,0.3638,0.3896,reg oper account,,0.264,,,3.0,0.0,3.0,0.0,-1765.0,0,1,0,0,0,0,0,0,0,0,0,0,0,0,0,0,0,0,0,0,0.0,0.0,0.0,0.0,0.0,2.0
101418,0,Cash loans,F,N,Y,0,364500.0,2416500.0,2011500.0,156500.0,Unaccompanied,Pensioner,Secondary / secondary special,Married,Municipal apartment,0.011024,-21348,365243,-7188.0,-764,,1,0,0,1,0,0,Laborers,2.0,1,1,THURSDAY,5,0,0,0,0,1,0,Medicine,,0.692218,0.880678,0.2141,0.2628,0.2261,0.1898,0.1889,0.1701,0.1873,0.2667,0.2103,0.3727,0.39,0.3999,0.303,0.2941,0.326,0.3128,0.3216,0.3174,0.3333,0.3297,0.3337,0.2418,0.2137,0.2315,0.3503,0.3379,0.2997,0.3719,0.4046,0.4122,0.1636,0.2174,0.221,0.2754,0.302,0.3037,0.2232,0.2528,0.254,0.3171,0.3508,0.338,,,0.2021,,No,0.0,0.0,0.0,0.0,-155.0,0,1,0,0,0,0,0,0,0,0,0,0,0,0,0,0,0,0,0,0,0.0,0.0,,0.0,1.0,5.0
101419,0,Cash loans,F,N,Y,0,135000.0,373500.0,360000.0,32500.0,Unaccompanied,Working,Higher education,Married,House / apartment,0.041475,-11439,-4864,-2714.0,-5526,,1,1,0,1,0,0,Drivers,2.0,3,3,MONDAY,12,0,0,0,0,0,1,Self-employed,0.744842,0.575202,0.452231,0.2114,0.2025,0.2218,0.2275,0.202,0.2078,0.2437,0.2291,0.2238,0.1474,0.1598,0.1469,0.2385,0.239,0.228,0.1971,0.1631,0.1755,0.2457,0.2391,0.229,0.0953,0.1305,0.1328,0.1393,0.1794,0.221,0.201,0.1648,0.1757,0.1507,0.1498,0.1376,0.1917,0.2155,0.2137,0.254,0.2267,0.2592,0.2985,0.2631,0.2466,,block of flats,,,No,1.0,0.0,1.0,1.0,-1085.0,0,0,0,0,0,0,0,0,0,0,0,0,0,0,0,0,0,0,0,0,,0.0,0.0,0.0,0.0,2.0
101420,0,Revolving loans,F,N,N,1,135000.0,990000.0,877500.0,40000.0,Unaccompanied,Pensioner,Secondary / secondary special,Married,House / apartment,0.028336,-20533,365243,-5327.0,-4189,,1,0,0,1,1,0,Managers,3.0,2,2,MONDAY,8,0,0,0,0,1,0,Transport: type 4,,0.421606,,0.8933,0.919,0.8996,0.4782,0.4759,0.4559,0.6476,0.6145,0.6241,0.6458,0.7042,0.6602,0.8674,0.8413,0.8524,0.7989,0.8124,0.781,0.4202,0.4482,0.4628,0.7946,0.7929,0.8184,0.4622,0.4708,0.5157,0.7109,0.6963,0.7053,0.579,0.5995,0.6269,0.5506,0.5471,0.5808,0.4537,0.458,0.4773,0.6271,0.6396,0.6447,org spec account,,0.9575,,No,2.0,0.0,2.0,1.0,-613.0,0,0,0,0,0,0,0,0,0,0,0,0,0,0,0,0,0,0,0,0,0.0,0.0,0.0,1.0,1.0,2.0
101421,0,Cash loans,F,Y,Y,2,76500.0,301500.0,238500.0,21500.0,Unaccompanied,Pensioner,Secondary / secondary special,Married,House / apartment,0.018343,-22891,365243,-4507.0,-4074,6.0,1,0,0,1,0,0,Core staff,3.0,2,2,THURSDAY,10,0,0,0,0,1,1,XNA,,0.465507,0.601956,0.2678,0.2714,0.2701,0.2887,0.3145,0.2939,0.319,0.3217,0.3321,0.3925,0.4017,0.4167,0.4416,0.4237,0.4402,0.3359,0.4066,0.3884,0.3936,0.3532,0.4153,0.4016,0.3881,0.3534,0.2156,0.2321,0.2506,0.4807,0.4898,0.4695,0.2448,0.2027,0.2458,0.3968,0.4193,0.4382,0.4336,0.4664,0.4677,0.2931,0.3374,0.3165,,,0.3221,,No,1.0,0.0,1.0,0.0,-256.0,0,0,0,0,0,0,0,0,0,0,0,0,0,0,0,0,1,0,0,0,,0.0,0.0,1.0,,1.0
101422,0,Cash loans,M,Y,N,0,58500.0,270000.0,225000.0,14000.0,"Spouse, partner",Working,Secondary / secondary special,Single / not married,House / apartment,0.021265,-13739,-631,-179.0,-1906,,1,1,0,1,1,0,,2.0,2,2,THURSDAY,13,0,0,0,0,1,0,Business Entity Type 2,,0.78682,0.246293,0.2037,0.212,0.175,0.354,0.3403,0.3565,0.3572,0.3453,0.3516,0.3722,0.3507,0.3504,0.4046,0.4296,0.4222,0.3898,0.3958,0.3791,0.4548,0.4564,0.4458,0.4356,0.3968,0.4278,0.4154,0.3563,0.4013,0.4202,0.4185,0.4164,0.2939,0.2875,0.2616,0.2475,0.2292,0.2607,0.4751,0.4845,0.4573,0.3963,0.3852,0.4133,,block of flats,0.394,,No,0.0,0.0,0.0,0.0,-4030.0,0,0,0,0,0,0,0,0,0,0,0,0,0,0,0,0,0,0,0,0,0.0,,0.0,1.0,0.0,4.0
101423,0,Cash loans,M,Y,Y,0,135000.0,468000.0,450000.0,13500.0,Unaccompanied,Commercial associate,Secondary / secondary special,Single / not married,House / apartment,0.023188,-18818,-624,-7378.0,-3962,,1,1,0,1,0,0,Laborers,2.0,2,2,THURSDAY,12,0,0,0,0,1,0,Self-employed,,0.689019,0.344747,0.3742,0.3641,0.346,0.2322,0.2782,0.2561,0.3385,0.3785,0.3638,0.2882,0.2872,0.3244,0.3082,0.3446,0.3565,0.3511,0.3802,0.3311,0.3063,0.324,0.3172,0.2897,0.3224,0.301,0.4487,0.3924,0.4178,0.253,0.209,0.1864,0.4131,0.4124,0.3906,0.2023,0.2171,0.176,0.3426,0.3035,0.2741,0.291,0.2855,0.2683,reg oper account,block of flats,,,,0.0,0.0,0.0,0.0,-3268.0,0,1,0,0,0,0,0,0,0,0,0,0,0,0,0,0,0,0,0,0,0.0,0.0,0.0,0.0,0.0,2.0
101424,0,Cash loans,M,N,Y,0,180000.0,162000.0,157500.0,4000.0,Unaccompanied,State servant,Incomplete higher,Single / not married,House / apartment,0.010994,-12188,-1189,-4876.0,-811,,1,1,0,1,0,0,,2.0,3,3,SATURDAY,13,0,0,1,0,0,0,Business Entity Type 2,,0.643235,,0.2121,0.208,0.2082,0.1402,0.1449,0.1031,0.1797,0.2069,0.185,0.2265,0.206,0.2025,0.1405,0.134,0.0909,0.1859,0.1391,0.1612,0.0574,0.1098,0.0993,0.1944,0.1466,0.1657,0.1186,0.1213,0.1134,0.1493,0.1452,0.2063,0.0825,0.114,0.0927,0.1942,0.1938,0.2212,0.2066,0.2679,0.1971,0.0996,0.0793,0.093,,,0.0815,,No,1.0,0.0,1.0,0.0,-1066.0,0,1,0,0,0,0,0,0,0,0,0,0,0,0,0,0,0,0,0,0,0.0,,,1.0,2.0,1.0
101425,0,Cash loans,F,N,Y,0,175500.0,364500.0,346500.0,10500.0,Family,State servant,Secondary / secondary special,Married,House / apartment,0.014729,-8888,-2314,-1722.0,-708,,1,1,1,1,0,0,,2.0,2,2,MONDAY,13,0,0,0,0,0,1,Construction,,0.61664,0.552934,0.5139,0.474,0.4995,0.4093,0.3979,0.3982,0.3242,0.3315,0.3595,0.3493,0.3662,0.3862,0.3503,0.3211,0.2922,0.4274,0.4233,0.407,0.2573,0.2271,0.2652,0.3514,0.384,0.381,0.2522,0.2479,0.2485,0.2494,0.2732,0.2925,0.4719,0.5042,0.5042,0.4482,0.505,0.4686,0.345,0.3753,0.336,0.501,0.4719,0.4492,,block of flats,,Block,,2.0,0.0,2.0,0.0,-853.0,0,1,0,0,0,0,0,0,0,0,0,0,0,0,0,0,0,0,0,0,0.0,0.0,0.0,0.0,0.0,3.0
101426,1,Cash loans,M,N,Y,0,112500.0,409500.0,346500.0,41000.0,Unaccompanied,Commercial associate,Secondary / secondary special,Married,House / apartment,0.022962,-13322,-1343,-4108.0,-5728,,1,1,1,1,0,0,Laborers,1.0,2,2,SUNDAY,20,0,0,0,0,1,0,XNA,,0.593446,0.509698,0.115,0.1161,0.154,0.111,0.1182,0.0977,0.0787,0.0899,0.0864,0.1673,0.1483,0.1916,0.106,0.1234,0.1168,0.1752,0.1615,0.1697,0.1683,0.1883,0.1153,0.1708,0.2054,0.1926,0.0998,0.0957,0.0888,0.1545,0.1609,0.1595,0.2039,0.1584,0.1395,0.1279,0.097,0.1135,0.1526,0.1264,0.1388,0.1637,0.1574,0.1528,,,,,,2.0,0.0,2.0,0.0,-2959.0,0,1,0,0,0,0,0,0,0,0,0,0,0,0,0,0,0,0,0,0,0.0,0.0,,,1.0,
101427,0,Cash loans,M,N,Y,0,148500.0,706500.0,661500.0,26000.0,Unaccompanied,Commercial associate,Higher education,Married,House / apartment,0.014367,-18588,-649,-6352.0,-1372,,1,1,0,1,0,0,,1.0,2,2,SUNDAY,13,0,0,1,0,0,0,Business Entity Type 3,,0.603673,,0.3754,0.3801,0.4001,0.6925,0.707,0.7353,0.2793,0.3508,0.3373,0.3294,0.325,0.3515,0.5698,0.5797,0.5888,0.7467,0.6936,0.7159,0.5972,0.5941,0.6102,0.5057,0.4696,0.4686,0.4818,0.486,0.4379,0.5012,0.4975,0.4972,0.3926,0.4144,0.4077,0.4234,0.4576,0.3914,0.4296,0.4248,0.4119,0.5511,0.5239,0.5681,,block of flats,,"Stone, brick",No,1.0,0.0,1.0,0.0,-3384.0,0,0,0,0,0,0,0,0,0,0,0,0,0,0,0,0,0,0,0,0,0.0,0.0,0.0,0.0,0.0,0.0
101428,0,Cash loans,F,N,N,2,54000.0,76500.0,63000.0,5000.0,Unaccompanied,Commercial associate,Secondary / secondary special,Married,House / apartment,0.007519,-14423,-1810,-5467.0,-4617,,1,1,0,1,0,0,Sales staff,4.0,1,1,WEDNESDAY,12,0,0,0,0,0,0,School,0.474131,0.824827,,0.2342,0.2144,0.2547,0.2905,0.2924,0.3092,0.1759,0.1887,0.1784,0.1246,0.1395,0.1464,0.2911,0.2522,0.2676,0.2588,0.2156,0.2435,0.1745,0.1595,0.191,0.1378,0.1516,0.1381,0.2476,0.3366,0.2779,0.2905,0.2825,0.2755,0.1512,0.2219,0.1764,0.1953,0.1794,0.2205,0.2298,0.2165,0.219,0.197,0.1973,0.2277,,,,Panel,,1.0,0.0,1.0,0.0,-3918.0,0,1,0,0,0,0,0,0,0,0,0,0,0,0,0,0,0,0,0,0,0.0,0.0,0.0,0.0,0.0,0.0
101429,0,Cash loans,F,N,Y,0,189000.0,715500.0,612000.0,33500.0,Family,Working,Incomplete higher,Married,House / apartment,0.022451,-21589,-1638,-10544.0,-1669,,1,1,0,1,0,0,,1.0,2,2,SATURDAY,13,0,0,0,0,0,0,Business Entity Type 3,,0.244178,0.795006,0.8322,0.8118,0.8403,0.9009,0.9262,0.9191,0.5013,0.4812,0.4491,0.713,0.7342,0.7293,0.68,0.6694,0.6994,0.7108,0.7204,0.7153,0.6417,0.6257,0.6262,0.4937,0.4756,0.5049,0.8004,0.7723,0.7608,0.7431,0.8019,0.7644,0.9078,0.9135,0.8946,0.9062,0.8392,0.9178,0.4854,0.5296,0.4701,0.7854,0.804,0.8112,,,,,No,2.0,0.0,2.0,0.0,-3787.0,0,1,0,0,0,0,0,0,0,0,0,0,0,0,0,0,0,0,0,0,0.0,,1.0,0.0,0.0,
101430,0,Cash loans,F,N,N,1,162000.0,342000.0,315000.0,15000.0,Unaccompanied,Commercial associate,Secondary / secondary special,Married,House / apartment,0.031402,-19866,-4175,-13.0,-3913,,1,1,0,1,0,0,Core staff,2.0,2,2,MONDAY,12,0,0,0,0,0,0,XNA,0.563198,0.569927,0.603038,0.3382,0.3521,0.3067,0.1624,0.2183,0.2208,0.2679,0.2897,0.2611,0.3214,0.335,0.3146,0.2251,0.178,0.1841,0.2352,0.2347,0.2293,0.318,0.31,0.3101,0.2171,0.2153,0.1744,0.3252,0.2733,0.2822,0.2863,0.2921,0.2703,0.3334,0.3344,0.3604,0.283,0.3019,0.2628,0.334,0.3419,0.3284,0.3714,0.3732,0.3824,reg oper account,block of flats,0.2041,Block,No,0.0,0.0,0.0,0.0,-2633.0,0,1,0,0,0,0,0,0,0,0,0,0,0,0,0,0,0,0,0,0,0.0,,0.0,0.0,1.0,1.0
101431,0,Revolving loans,F,N,Y,0,436500.0,1935000.0,1885500.0,50500.0,"Spouse, partner",Working,Higher education,Married,House / apartment,0.036271,-18937,-1882,-2934.0,-3672,,1,1,0,1,0,0,Accountants,2.0,3,3,SUNDAY,7,0,0,0,0,0,0,Self-employed,,0.862675,0.732174,0.2655,0.2293,0.2442,0.1188,0.1496,0.1856,0.3883,0.3944,0.3994,0.1821,0.1942,0.1837,0.222,0.1986,0.1557,0.333,0.2657,0.2864,0.1787,0.1713,0.1834,0.182,0.1467,0.1706,0.2695,0.2898,0.2673,0.2605,0.1909,0.2602,0.3308,0.2922,0.2957,0.3085,0.29,0.2761,0.2003,0.2343,0.2092,0.2576,0.278,0.277,,block of flats,,,,2.0,0.0,2.0,0.0,-2619.0,0,0,0,0,1,0,0,0,0,0,0,0,0,0,0,0,0,0,0,0,0.0,0.0,0.0,1.0,0.0,3.0
101432,0,Cash loans,F,Y,Y,0,148500.0,571500.0,495000.0,19500.0,Unaccompanied,Working,Higher education,Married,House / apartment,0.026012,-18684,-268,-9937.0,-4337,,1,1,1,1,1,0,Laborers,2.0,3,3,SATURDAY,14,0,0,0,0,0,0,Business Entity Type 3,0.224388,0.504767,0.376886,0.1134,0.1772,0.1053,0.1189,0.0914,0.0836,0.1038,0.1182,0.0851,0.171,0.1751,0.2118,0.0851,0.1167,0.1008,0.1503,0.1936,0.1357,0.2017,0.2069,0.2059,0.1553,0.1005,0.1095,0.2024,0.1742,0.1697,0.18,0.1927,0.1908,0.1024,0.1413,0.1242,0.1847,0.22,0.1625,0.1924,0.2396,0.2542,0.1154,0.1165,0.1383,,,,Panel,No,0.0,0.0,0.0,1.0,-2359.0,0,0,0,0,0,0,0,0,0,0,0,0,0,0,0,0,0,0,0,0,,0.0,0.0,0.0,0.0,1.0
101433,0,Cash loans,F,N,Y,0,85500.0,504000.0,441000.0,28000.0,"Spouse, partner",Working,Higher education,Single / not married,House / apartment,0.031059,-15948,-2647,-7479.0,-5722,,1,1,0,1,1,0,Sales staff,2.0,1,1,MONDAY,16,1,0,0,0,0,0,Construction,0.49846,0.543228,0.522469,0.3595,0.372,0.3761,0.5167,0.5158,0.5434,0.4927,0.5199,0.5343,0.2958,0.2795,0.2687,0.4857,0.4826,0.5327,0.36,0.3186,0.3684,0.3017,0.3012,0.323,0.3689,0.3697,0.3642,0.4163,0.3943,0.443,0.4037,0.437,0.4386,0.5038,0.4916,0.5361,0.4758,0.4581,0.5011,0.2119,0.2438,0.2431,0.2674,0.2752,0.2822,,block of flats,,,No,4.0,1.0,4.0,0.0,-551.0,0,1,0,0,0,0,0,0,0,0,0,0,0,0,0,0,0,0,0,0,,0.0,0.0,0.0,0.0,0.0
101434,0,Cash loans,F,N,N,0,144000.0,1008000.0,832500.0,34500.0,Unaccompanied,Pensioner,Secondary / secondary special,Married,House / apartment,0.034494,-20617,365243,-8696.0,-2552,,1,0,0,1,0,0,Cleaning staff,1.0,1,1,MONDAY,17,0,0,0,1,0,0,XNA,,0.471203,,0.4752,0.4483,0.4898,0.8152,0.7651,0.7749,0.6832,0.6744,0.6139,0.4217,0.4222,0.4325,0.4206,0.3688,0.4175,0.681,0.6644,0.6629,0.4153,0.4231,0.4117,0.7369,0.7117,0.727,0.5217,0.5414,0.5163,0.6582,0.6962,0.6731,0.5052,0.4826,0.5093,0.7324,0.7438,0.7441,0.3769,0.413,0.3647,0.8366,0.8308,0.822,,block of flats,0.5514,"Stone, brick",No,1.0,1.0,1.0,0.0,-81.0,0,1,0,0,0,0,0,0,0,0,0,0,0,0,0,0,0,0,0,0,0.0,0.0,0.0,0.0,0.0,
101435,0,Cash loans,F,N,Y,0,121500.0,612000.0,526500.0,16000.0,Unaccompanied,Working,Higher education,Married,House / apartment,0.019647,-16073,-1853,-1836.0,-5195,,1,1,0,1,0,0,Cleaning staff,2.0,3,3,FRIDAY,14,0,0,0,0,1,0,XNA,,0.629544,,0.2463,0.2346,0.2736,0.163,0.216,0.1371,0.162,0.1611,0.1398,0.3319,0.3112,0.3584,0.2472,0.2607,0.2852,0.1971,0.1579,0.2149,0.2244,0.2455,0.2278,0.2884,0.2614,0.2853,0.2402,0.2864,0.2743,0.2467,0.173,0.2131,0.3239,0.3063,0.34,0.2983,0.2946,0.3142,0.192,0.1825,0.233,0.3383,0.3206,0.2991,,block of flats,,"Stone, brick",,2.0,0.0,2.0,0.0,-2643.0,0,1,0,0,0,0,0,0,0,0,0,0,0,0,0,0,0,0,0,0,0.0,,,0.0,0.0,2.0
101436,1,Revolving loans,F,N,Y,0,184500.0,1156500.0,918000.0,98000.0,Unaccompanied,Working,Higher education,Separated,House / apartment,0.005027,-12977,-4830,-4671.0,-1789,,1,1,0,1,0,0,Accountants,1.0,2,2,MONDAY,11,0,0,1,0,0,0,Government,,0.716685,0.163664,1.0,0.9766,1.0,0.5487,0.576,0.5328,1.0,0.9823,0.9838,0.7274,0.7443,0.758,0.5905,0.5968,0.5999,0.6928,0.7229,0.6706,0.5307,0.5388,0.5129,0.7851,0.8345,0.8256,1.0,0.9991,1.0,0.8805,0.9013,0.9037,0.492,0.5332,0.4958,0.9419,0.9594,0.9706,0.5646,0.5646,0.617,0.533,0.5351,0.5085,,,,,No,0.0,0.0,0.0,0.0,-2747.0,0,1,0,0,0,0,0,0,0,0,0,0,0,0,0,0,0,0,0,0,0.0,,0.0,1.0,0.0,0.0
101437,0,Cash loans,M,Y,Y,0,148500.0,477000.0,454500.0,14000.0,Unaccompanied,Working,Secondary / secondary special,Civil marriage,House / apartment,0.038382,-10461,-1086,-502.0,-5782,,1,1,1,1,1,1,Laborers,1.0,2,2,THURSDAY,13,0,0,0,0,1,0,Business Entity Type 3,,0.565547,0.467845,0.1616,0.1742,0.151,0.1458,0.1835,0.1259,0.1637,0.2008,0.2009,0.1681,0.1432,0.1299,0.1423,0.1707,0.1494,0.2121,0.1774,0.1829,0.2401,0.2626,0.2064,0.1279,0.0991,0.1156,0.1109,0.1222,0.1494,0.1801,0.1875,0.1596,0.1836,0.2224,0.2042,0.109,0.1503,0.1306,0.2035,0.2428,0.2331,0.1823,0.2074,0.159,reg oper account,block of flats,,"Stone, brick",No,0.0,0.0,0.0,1.0,-1464.0,0,0,0,0,0,0,0,0,0,0,0,0,0,0,0,0,0,0,0,0,0.0,0.0,0.0,1.0,1.0,0.0
101438,0,Cash loans,F,N,Y,0,72000.0,1327500.0,1039500.0,80500.0,Unaccompanied,Working,Secondary / secondary special,Married,House / apartment,0.010747,-19253,-3169,-1563.0,-2999,,1,1,1,1,1,0,Managers,1.0,2,2,MONDAY,18,0,0,0,0,0,0,Medicine,0.066789,0.460221,0.682871,0.0608,0.0427,0.0534,0.0661,0.0798,0.0837,0.0733,0.0881,0.0729,0.1266,0.0971,0.0941,0.0288,0.0485,0.017,0.0605,0.0872,0.0909,0.0565,0.0811,0.0763,0.1057,0.0559,0.0702,0.0449,0.0992,0.0866,0.0396,0.0399,0.0487,0.0774,0.1007,0.0818,0.059,0.0555,0.0387,0.074,0.047,0.0948,0.0321,0.0178,0.015,,block of flats,0.087,"Stone, brick",No,3.0,0.0,3.0,0.0,-1369.0,0,1,0,0,0,0,0,0,0,0,0,0,0,0,0,0,0,0,0,0,0.0,0.0,0.0,0.0,0.0,2.0
101439,0,Revolving loans,F,Y,N,0,58500.0,117000.0,108000.0,8000.0,Unaccompanied,State servant,Secondary / secondary special,Married,House / apartment,0.009276,-12957,-855,-2666.0,-5064,,1,1,0,1,0,0,,2.0,2,2,MONDAY,11,0,0,0,0,1,0,Business Entity Type 3,0.600303,0.329058,0.268048,0.1317,0.1128,0.1262,0.0486,0.0675,0.0655,0.067,0.0717,0.0806,0.1295,0.0877,0.0907,0.1184,0.1205,0.0937,0.0957,0.1305,0.1296,0.0765,0.1325,0.1088,0.1465,0.1267,0.1042,0.0953,0.0952,0.1201,0.0402,0.0442,0.0914,0.0267,0.0578,0.0587,0.0865,0.0914,0.1254,0.081,0.111,0.1255,0.1139,0.0642,0.0944,,block of flats,0.1383,,No,0.0,0.0,0.0,0.0,-490.0,0,1,0,0,0,0,0,0,0,0,0,0,0,0,0,0,0,0,0,0,0.0,0.0,0.0,0.0,0.0,1.0
101440,0,Revolving loans,F,Y,N,0,171000.0,499500.0,418500.0,13500.0,Unaccompanied,Working,Higher education,Married,House / apartment,0.009435,-18936,-1407,-5648.0,-4951,31.0,1,1,0,1,0,0,,2.0,2,2,MONDAY,8,0,0,1,0,0,0,Medicine,0.222659,0.491796,0.047232,0.5985,0.5757,0.5942,0.432,0.3942,0.4347,0.3937,0.3885,0.3899,0.4315,0.4372,0.4374,0.6736,0.7524,0.6684,0.4592,0.4168,0.4654,0.7224,0.686,0.7375,0.7165,0.6855,0.7106,0.4605,0.4708,0.4281,0.6801,0.6769,0.7036,0.5526,0.5669,0.5576,0.3839,0.426,0.4267,0.8958,0.9201,0.9191,0.7152,0.6749,0.6836,,,0.4898,,No,1.0,1.0,1.0,1.0,-866.0,0,0,0,0,0,0,0,0,0,0,0,0,0,0,0,0,0,0,0,0,,0.0,,0.0,0.0,4.0
101441,1,Cash loans,M,N,N,0,315000.0,2016000.0,1764000.0,200500.0,Unaccompanied,Working,Higher education,Widow,House / apartment,0.0725,-21673,-1418,-3492.0,-3807,,1,1,0,1,0,0,Laborers,1.0,3,3,FRIDAY,19,0,0,0,0,0,0,XNA,,0.691447,0.578171,0.5561,0.5573,0.5579,0.8862,0.8789,0.8695,0.9534,0.9513,0.9567,1.0,0.999,1.0,0.9129,0.8947,0.9149,0.6732,0.7215,0.6816,0.9651,1.0,1.0,0.8898,0.8806,0.8987,0.9923,0.9911,0.9711,0.9521,0.9638,0.9318,0.7302,0.7466,0.7031,0.6326,0.6228,0.6119,1.0,0.9922,1.0,1.0,0.9953,0.9786,,block of flats,,,No,1.0,0.0,1.0,1.0,-2508.0,0,1,0,0,0,0,0,0,0,0,0,0,0,0,0,0,0,0,0,0,0.0,0.0,0.0,0.0,1.0,2.0
101442,0,Cash loans,F,N,N,3,153000.0,904500.0,756000.0,28000.0,Unaccompanied,State servant,Secondary / secondary special,Married,House / apartment,0.024573,-13350,-2899,-3345.0,-5782,,1,1,0,1,0,0,,5.0,2,2,THURSDAY,9,0,0,0,0,0,0,Business Entity Type 2,,0.695559,0.451206,0.2228,0.2297,0.2121,0.3889,0.3357,0.3966,0.4019,0.4034,0.3982,0.3763,0.3732,0.3663,0.1886,0.2242,0.2061,0.4913,0.4753,0.4691,0.3363,0.3415,0.3161,0.345,0.3615,0.3654,0.3397,0.3646,0.3088,0.2891,0.2969,0.2804,0.2047,0.2198,0.2104,0.2879,0.3474,0.3389,0.201,0.2246,0.2084,0.3573,0.3654,0.3709,reg oper account,,0.3022,,No,1.0,0.0,1.0,1.0,-4140.0,0,0,0,0,0,0,0,0,0,0,0,0,0,0,0,0,0,0,0,0,0.0,0.0,0.0,1.0,,4.0
101443,0,Cash loans,M,N,N,0,229500.0,1170000.0,1008000.0,92500.0,Unaccompanied,Working,Secondary / secondary special,Married,House / apartment,0.009803,-12524,-789,-3680.0,-4051,,1,1,1,1,0,0,Laborers,1.0,2,2,FRIDAY,7,0,0,0,0,1,0,Business Entity Type 3,,0.695685,,0.7468,0.7547,0.7832,0.4935,0.4815,0.5075,0.6204,0.5945,0.6363,0.4552,0.4683,0.4293,0.7849,0.8205,0.8005,0.4737,0.4513,0.4781,0.6131,0.6151,0.6211,0.6586,0.7022,0.6984,0.4608,0.4293,0.4589,0.58,0.5499,0.5712,0.4208,0.4289,0.4648,0.6585,0.6326,0.6678,0.6033,0.5605,0.5719,0.6652,0.6425,0.6775,reg oper account,block of flats,,,,1.0,0.0,1.0,0.0,-118.0,0,1,0,0,0,0,0,0,0,0,0,0,0,0,0,0,0,0,0,0,0.0,0.0,0.0,0.0,0.0,
101444,0,Cash loans,F,N,Y,0,256500.0,1449000.0,1287000.0,51000.0,Unaccompanied,Working,Secondary / secondary special,Single / not married,House / apartment,0.012241,-10093,-416,-320.0,-3631,,1,1,0,1,0,1,,2.0,2,2,FRIDAY,13,0,0,0,0,0,1,Transport: type 4,,0.676003,0.7483,0.3521,0.3726,0.3872,0.2958,0.3164,0.2834,0.4538,0.4643,0.4774,0.2653,0.2546,0.2676,0.282,0.3174,0.3111,0.4806,0.4077,0.4716,0.2494,0.2363,0.2699,0.2208,0.238,0.2465,0.3745,0.3636,0.3533,0.3213,0.3378,0.3518,0.4636,0.4573,0.4501,0.2497,0.2311,0.2045,0.2493,0.2311,0.2292,0.4419,0.4574,0.4412,reg oper account,block of flats,0.375,"Stone, brick",No,1.0,0.0,1.0,0.0,-4071.0,0,1,0,0,0,0,0,0,0,0,0,0,0,0,0,0,0,0,0,0,0.0,0.0,,0.0,1.0,3.0
101445,0,Cash loans,F,N,Y,0,171000.0,211500.0,193500.0,7500.0,Unaccompanied,Pensioner,Secondary / secondary special,Single / not married,House / apartment,0.018692,-20798,365243,-2498.0,-1518,,1,0,1,1,0,1,Laborers,1.0,3,3,FRIDAY,13,1,0,0,0,0,0,XNA,0.757942,0.509475,,0.411,0.4277,0.3796,0.6668,0.6438,0.6886,0.681,0.7519,0.6985,0.6424,0.6514,0.6327,0.4506,0.4081,0.4001,0.7569,0.7552,0.7419,0.6175,0.6384,0.6372,0.5266,0.5359,0.5287,0.4653,0.4327,0.4197,0.6742,0.7031,0.689,0.8882,0.893,0.8842,0.9351,0.9252,0.9601,0.5333,0.5853,0.5514,0.703,0.6769,0.6857,org spec account,block of flats,0.7167,,,1.0,0.0,1.0,0.0,-394.0,0,1,0,0,0,0,0,0,0,0,0,0,0,0,0,0,0,0,0,0,0.0,0.0,0.0,1.0,,3.0
101446,0,Cash loans,F,Y,Y,0,94500.0,882000.0,855000.0,24500.0,Unaccompanied,Pensioner,Higher education,Married,House / apartment,0.026175,-23939,365243,-10538.0,-2258,9.0,1,0,1,1,0,0,Managers,1.0,2,2,THURSDAY,14,0,1,0,0,0,0,XNA,,0.500603,0.689611,0.6403,0.6091,0.6339,0.7255,0.7176,0.7343,0.7369,0.6769,0.703,0.8587,0.9046,0.8931,0.7556,0.7402,0.7529,0.8895,0.8773,0.8622,0.7615,0.7773,0.7679,0.5445,0.5634,0.5368,0.5336,0.4892,0.4786,0.9005,0.8738,0.8809,0.5847,0.5992,0.6467,0.8096,0.8278,0.8121,0.7142,0.6817,0.7089,0.7623,0.8254,0.7838,,block of flats,,,No,1.0,1.0,1.0,0.0,-3738.0,0,0,0,0,0,0,0,0,0,0,0,0,0,0,0,0,0,0,0,0,0.0,,0.0,0.0,1.0,2.0
101447,0,Revolving loans,F,N,Y,0,162000.0,567000.0,481500.0,16500.0,Unaccompanied,Working,Secondary / secondary special,Married,House / apartment,0.022235,-12126,-2014,-4998.0,-36,,1,1,0,1,1,0,High skill tech staff,2.0,2,2,WEDNESDAY,15,0,0,0,0,0,0,Business Entity Type 3,0.182114,0.574064,,0.2987,0.2975,0.2781,0.3159,0.2869,0.3238,0.4755,0.491,0.4711,0.3908,0.3835,0.3649,0.4565,0.4101,0.4294,0.335,0.3753,0.4005,0.2902,0.2975,0.2993,0.392,0.3991,0.4142,0.2379,0.2501,0.2459,0.4173,0.4254,0.4418,0.4029,0.4391,0.4389,0.3208,0.3111,0.2983,0.2449,0.255,0.2698,0.4468,0.4822,0.4671,,block of flats,0.2262,,No,3.0,0.0,3.0,0.0,-923.0,0,1,0,0,0,0,0,0,0,0,0,0,0,0,0,0,0,0,0,0,0.0,0.0,0.0,0.0,0.0,2.0
101448,0,Cash loans,M,Y,Y,0,283500.0,2196000.0,1971000.0,72000.0,"Spouse, partner",Commercial associate,Higher education,Married,House / apartment,0.010515,-14588,-4575,-6752.0,-4309,,1,1,0,1,1,0,,1.0,1,1,MONDAY,12,0,0,0,0,0,0,Business Entity Type 3,0.779697,0.811573,0.324269,0.1189,0.1435,0.1174,0.1647,0.1227,0.1107,0.1104,0.1366,0.1264,0.1298,0.175,0.1794,0.142,0.1025,0.1787,0.2179,0.2135,0.1923,0.2191,0.2223,0.2392,0.1148,0.1656,0.16,0.0953,0.1098,0.0588,0.2222,0.2536,0.2086,0.1272,0.1618,0.1244,0.2488,0.2422,0.2233,0.1978,0.1861,0.2114,0.2091,0.2324,0.2336,reg oper account,block of flats,0.1972,Wooden,,4.0,0.0,4.0,0.0,-3172.0,0,1,0,0,1,0,0,0,0,0,0,0,0,0,0,0,0,0,0,0,0.0,0.0,0.0,1.0,1.0,1.0
101449,0,Cash loans,M,N,Y,0,198000.0,252000.0,243000.0,12000.0,Other_B,Commercial associate,Secondary / secondary special,Married,House / apartment,0.022763,-15321,-1470,-501.0,-3640,,1,1,0,1,0,0,High skill tech staff,1.0,3,3,THURSDAY,12,0,0,0,0,0,0,Business Entity Type 3,,0.59339,0.470977,1.0,0.9586,1.0,1.0,0.9995,1.0,0.6543,0.6649,0.675,0.7112,0.7204,0.7275,0.9417,0.9775,0.9814,0.8516,0.887,0.8502,0.8208,0.8509,0.8128,0.7787,0.7542,0.7652,0.7759,0.74,0.8039,0.605,0.6083,0.6533,0.8398,0.8264,0.7806,0.8735,0.8261,0.851,0.9321,0.9625,0.9452,0.8449,0.8151,0.8648,reg oper account,block of flats,,,No,2.0,0.0,2.0,0.0,-91.0,0,1,0,0,0,0,0,0,0,0,0,0,0,0,0,0,0,0,0,0,,0.0,0.0,0.0,0.0,0.0
101450,1,Cash loans,F,Y,N,0,220500.0,990000.0,828000.0,66000.0,Unaccompanied,Commercial associate,Secondary / secondary special,Married,House / apartment,0.012802,-11591,-2385,-2284.0,-4182,,1,1,0,1,1,0,Laborers,2.0,2,2,WEDNESDAY,10,0,0,0,0,0,0,Business Entity Type 3,0.268146,0.417454,0.233229,0.5095,0.4718,0.5335,0.2427,0.274,0.2941,0.2537,0.2243,0.2587,0.2948,0.3099,0.3131,0.233,0.2224,0.2194,0.2842,0.2402,0.2507,0.3734,0.3677,0.3691,0.4599,0.4285,0.4315,0.4513,0.4565,0.4801,0.3771,0.3883,0.4096,0.4749,0.4805,0.4897,0.5225,0.5161,0.4821,0.3023,0.2997,0.2871,0.4227,0.4184,0.4166,,block of flats,,,No,3.0,0.0,3.0,0.0,-1118.0,0,1,0,0,0,0,0,0,0,0,0,0,0,0,0,0,0,0,0,0,0.0,0.0,0.0,,0.0,
101451,0,Cash loans,M,N,N,0,112500.0,324000.0,310500.0,11000.0,Unaccompanied,Working,Higher education,Civil marriage,Office apartment,0.035788,-8005,-1269,-1050.0,-3772,,1,1,0,1,0,1,Sales staff,2.0,3,3,FRIDAY,13,0,0,0,0,0,1,Self-employed,0.537334,0.661424,0.39352,0.6338,0.6143,0.6488,0.6339,0.6747,0.6523,0.4121,0.4033,0.398,0.515,0.5229,0.5139,0.3933,0.39,0.4223,0.5144,0.551,0.5287,0.3952,0.4448,0.4302,0.4892,0.5109,0.4716,0.4072,0.3899,0.4092,0.3314,0.3411,0.3423,0.6901,0.7127,0.7103,0.4302,0.4245,0.4134,0.4307,0.394,0.4478,0.7266,0.7519,0.6931,,,0.4264,Wooden,No,4.0,1.0,4.0,0.0,-702.0,0,0,0,0,0,0,1,0,0,0,0,0,0,0,0,0,0,0,0,0,0.0,,0.0,0.0,0.0,5.0
101452,0,Cash loans,F,N,Y,2,130500.0,697500.0,679500.0,28000.0,Unaccompanied,Pensioner,Secondary / secondary special,Single / not married,House / apartment,0.019364,-24658,365243,-2415.0,-1484,,1,0,0,1,0,1,,4.0,2,2,WEDNESDAY,14,0,0,0,1,0,1,Government,0.482608,0.613437,,0.0353,0.0319,0.0742,0.0575,0.0282,0.0783,0.0641,0.0602,0.0918,0.0523,0.015,0.038,0.0616,0.0345,0.0787,0.0298,0.0926,0.0492,0.0487,0.0424,0.0726,0.0858,0.0553,0.095,0.0539,0.0637,0.0606,0.0213,0.0504,0.0164,0.0748,0.0929,0.0823,0.0581,0.0265,0.0791,0.0335,0.0599,0.0828,0.0679,0.0569,0.0305,reg oper spec account,block of flats,0.0807,Panel,No,1.0,0.0,1.0,0.0,-2223.0,0,1,0,0,0,0,0,0,0,0,0,0,0,0,0,0,0,0,0,0,0.0,,0.0,1.0,0.0,2.0
101453,0,Cash loans,F,N,N,3,139500.0,648000.0,616500.0,52500.0,Unaccompanied,Commercial associate,Incomplete higher,Single / not married,House / apartment,0.011678,-19111,-2529,-6761.0,-5999,,1,1,0,1,0,0,Core staff,5.0,2,2,WEDNESDAY,15,0,0,0,0,1,0,Business Entity Type 3,,0.526761,0.501434,0.0981,0.1264,0.1174,0.2023,0.2148,0.1524,0.2323,0.216,0.2156,0.2812,0.2765,0.2342,0.1805,0.179,0.1748,0.2336,0.2163,0.2745,0.1373,0.1645,0.1424,0.2117,0.2059,0.1943,0.1374,0.1694,0.1574,0.1055,0.1455,0.1388,0.1249,0.1233,0.1761,0.154,0.1494,0.1727,0.2199,0.1991,0.2338,0.2179,0.2398,0.2611,reg oper spec account,,0.1168,"Stone, brick",No,1.0,0.0,1.0,0.0,-3237.0,0,0,0,0,0,0,0,0,0,0,0,0,0,0,0,0,0,0,0,0,0.0,,,1.0,0.0,5.0
101454,0,Revolving loans,F,N,Y,0,144000.0,688500.0,616500.0,18000.0,Unaccompanied,Commercial associate,Higher education,Single / not married,House / apartment,0.028665,-11631,-5056,-1541.0,-2613,,1,1,0,1,0,0,Waiters/barmen staff,1.0,2,2,THURSDAY,9,0,0,0,0,1,0,Business Entity Type 3,,0.608261,0.68867,0.1166,0.0989,0.0951,0.1184,0.1003,0.1372,0.1287,0.1362,0.1575,0.1432,0.1371,0.103,0.1738,0.1976,0.1799,0.2347,0.2021,0.1813,0.2065,0.2151,0.194,0.1745,0.1375,0.1714,0.1985,0.2129,0.1816,0.1242,0.0986,0.1007,0.1656,0.1327,0.1824,0.2126,0.2041,0.21,0.1736,0.1527,0.1589,0.1276,0.1306,0.1149,,,0.1785,,No,1.0,0.0,1.0,0.0,-2023.0,0,0,0,0,0,0,0,0,0,0,0,0,0,0,0,0,0,0,0,0,0.0,0.0,1.0,0.0,0.0,4.0
101455,0,Cash loans,F,Y,Y,0,279000.0,607500.0,562500.0,31500.0,Family,State servant,Higher education,Married,With parents,0.023716,-7867,-1292,-729.0,-4197,,1,1,0,1,0,0,High skill tech staff,2.0,2,2,FRIDAY,8,0,0,0,0,0,0,Business Entity Type 3,,0.621236,0.244253,0.0105,0.0521,0.0214,0.0446,0.0198,0.0263,0.0309,0.0607,0.0379,0.0327,0.0356,0.0655,0.0349,0.0202,0.0249,0.045,0.0466,0.0037,0.0301,0.0453,0.0525,0.007,0.0178,0.0102,0.0478,0.0,0.0355,0.017,0.0267,0.0201,0.0639,0.0505,0.0427,0.0201,0.0473,0.0187,0.0217,0.0139,0.0122,0.0052,0.0342,0.0468,reg oper account,block of flats,,Panel,,4.0,0.0,4.0,0.0,-4167.0,0,0,0,0,0,0,0,0,0,0,0,0,0,0,0,0,0,0,0,0,,0.0,0.0,0.0,0.0,
101456,0,Cash loans,M,N,Y,0,40500.0,153000.0,135000.0,15000.0,Other_B,Pensioner,Higher education,Married,House / apartment,0.013931,-23379,365243,-136.0,-804,,1,0,0,1,0,0,Laborers,2.0,3,3,MONDAY,15,0,0,0,0,0,0,Self-employed,,0.152839,0.217563,0.3011,0.2718,0.3393,0.2401,0.2368,0.2187,0.1892,0.2081,0.1727,0.2494,0.2194,0.2013,0.2772,0.3175,0.274,0.1855,0.2045,0.1693,0.2965,0.2519,0.2706,0.2622,0.2807,0.2742,0.1511,0.1177,0.1259,0.2359,0.1903,0.1986,0.2179,0.2332,0.229,0.2171,0.2288,0.2104,0.1091,0.1314,0.1324,0.1791,0.2153,0.1964,reg oper account,block of flats,,,,0.0,0.0,0.0,0.0,-3019.0,0,1,0,0,0,0,0,0,0,0,0,0,0,0,0,0,0,0,0,0,0.0,0.0,0.0,0.0,0.0,
101457,0,Cash loans,F,N,Y,0,148500.0,526500.0,472500.0,14000.0,Unaccompanied,Pensioner,Secondary / secondary special,Single / not married,House / apartment,0.029405,-20560,365243,-2751.0,-3580,,1,0,0,1,1,0,Low-skill Laborers,2.0,2,2,FRIDAY,10,0,0,0,0,1,1,Business Entity Type 3,,0.359885,0.453536,0.0818,0.0942,0.0919,0.0888,0.0748,0.0533,0.0801,0.0961,0.0884,0.1018,0.0968,0.0889,0.0896,0.0925,0.078,0.0868,0.1001,0.068,0.0989,0.1034,0.1374,0.1036,0.1159,0.155,0.1569,0.1458,0.1618,0.1187,0.1074,0.135,0.1383,0.1289,0.0953,0.0681,0.0605,0.0944,0.1462,0.1403,0.1317,0.1125,0.1218,0.1297,,block of flats,0.1051,,No,1.0,0.0,1.0,0.0,-1438.0,0,1,0,0,0,0,0,0,0,0,0,0,0,0,0,0,0,0,0,0,0.0,0.0,0.0,1.0,1.0,2.0
101458,0,Cash loans,F,N,Y,0,139500.0,715500.0,697500.0,26000.0,Unaccompanied,Working,Secondary / secondary special,Married,House / apartment,0.027621,-18388,-172,-2266.0,-2413,,1,1,0,1,0,0,Drivers,2.0,2,2,SATURDAY,9,0,0,0,0,0,1,Business Entity Type 3,0.611154,0.347012,,0.3338,0.3228,0.3314,0.3538,0.3757,0.373,0.2193,0.1862,0.1769,0.3612,0.3792,0.3636,0.1691,0.1826,0.1604,0.2353,0.2561,0.2452,0.3328,0.3405,0.3107,0.3387,0.3377,0.3429,0.3467,0.358,0.3731,0.1868,0.1855,0.1608,0.2553,0.263,0.2642,0.3081,0.3401,0.3439,0.4242,0.3684,0.4075,0.1944,0.1947,0.2069,,,,,,2.0,0.0,2.0,0.0,-3509.0,0,1,0,0,0,0,0,0,0,0,0,0,0,0,0,0,0,0,0,0,0.0,0.0,0.0,,,2.0
101459,0,Revolving loans,F,N,Y,0,67500.0,454500.0,378000.0,14000.0,Unaccompanied,Working,Higher education,Married,House / apartment,0.039396,-13566,-2477,-2068.0,-5566,,1,1,0,1,0,0,Core staff,2.0,2,2,TUESDAY,6,0,0,0,0,0,0,XNA,,0.252067,,0.5746,0.57,0.546,0.7319,0.7735,0.7573,0.4282,0.4638,0.4299,0.4006,0.3844,0.3906,0.8235,0.8254,0.809,0.5275,0.5049,0.5008,0.4935,0.5248,0.5387,0.6072,0.6009,0.6438,0.8821,0.8559,0.8897,0.4283,0.441,0.4065,0.5644,0.5291,0.6097,0.403,0.3791,0.4166,0.4886,0.4724,0.4486,0.9209,0.8893,0.941,not specified,,,,No,1.0,0.0,1.0,0.0,-1922.0,0,0,0,0,0,0,0,0,0,0,0,0,0,0,0,0,0,0,0,0,0.0,0.0,0.0,,0.0,3.0
101460,1,Cash loans,F,N,Y,0,211500.0,895500.0,841500.0,61500.0,Unaccompanied,Commercial associate,Secondary / secondary special,Married,House / apartment,0.029044,-15816,-4474,-445.0,-4576,,1,1,0,1,0,0,Cooking staff,2.0,2,2,SATURDAY,17,0,1,0,0,0,0,Other,,0.378136,0.61559,0.1627,0.1414,0.1757,0.1665,0.1597,0.1583,0.1125,0.0902,0.1127,0.1241,0.1467,0.1388,0.1063,0.1422,0.1067,0.0939,0.0975,0.0965,0.1034,0.1001,0.1154,0.1214,0.0995,0.0686,0.0652,0.0958,0.1126,0.0875,0.0901,0.0551,0.0823,0.1001,0.1337,0.1913,0.1682,0.1772,0.1936,0.2082,0.172,0.1161,0.1152,0.1041,,block of flats,,,No,1.0,0.0,1.0,0.0,-2182.0,0,1,0,0,0,0,0,0,0,0,0,0,0,0,0,0,0,0,0,0,0.0,0.0,,1.0,0.0,2.0
101461,0,Cash loans,F,N,Y,0,99000.0,193500.0,171000.0,8500.0,Unaccompanied,Working,Higher education,Single / not married,House / apartment,0.016377,-18290,-1959,-3673.0,-5607,,1,1,0,1,0,0,High skill tech staff,2.0,2,3,THURSDAY,13,0,0,1,0,1,0,Business Entity Type 3,,0.167652,0.554465,0.2751,0.25,0.2533,0.1838,0.1588,0.1748,0.2869,0.2979,0.2587,0.2011,0.2266,0.1841,0.1704,0.2134,0.1766,0.1847,0.1232,0.1532,0.2456,0.2348,0.2319,0.2155,0.1885,0.1866,0.2644,0.2737,0.2643,0.2648,0.3116,0.2948,0.2293,0.2475,0.2672,0.1734,0.178,0.1698,0.2219,0.2045,0.2013,0.2302,0.2105,0.2402,not specified,block of flats,,"Stone, brick",No,1.0,0.0,1.0,0.0,-1906.0,0,1,0,0,0,0,0,0,0,0,0,0,0,0,0,0,0,0,0,0,0.0,0.0,0.0,0.0,0.0,
101462,0,Cash loans,M,N,N,0,121500.0,504000.0,409500.0,17000.0,Unaccompanied,Commercial associate,Secondary / secondary special,Married,House / apartment,0.006556,-20337,-1724,-5833.0,-1883,,1,1,0,1,1,0,Drivers,2.0,3,3,MONDAY,14,0,0,0,0,1,0,School,0.9995,0.987867,,0.1031,0.0993,0.1186,0.1347,0.1144,0.1158,0.1305,0.1588,0.1348,0.1087,0.146,0.139,0.1652,0.2165,0.1853,0.1471,0.1264,0.1302,0.1675,0.1593,0.2112,0.1075,0.145,0.0842,0.0798,0.1099,0.0928,0.0745,0.0998,0.1039,0.1542,0.145,0.1587,0.0681,0.0916,0.0929,0.1523,0.1548,0.1533,0.1585,0.1481,0.1581,,,0.1749,Mixed,No,2.0,1.0,2.0,0.0,-693.0,0,0,0,0,0,0,0,0,0,0,0,0,0,0,0,0,0,0,0,0,0.0,0.0,0.0,0.0,0.0,3.0
101463,0,Cash loans,F,N,Y,3,405000.0,4050000.0,3681000.0,231000.0,Unaccompanied,Commercial associate,Higher education,Married,House / apartment,0.020994,-16785,-703,-64.0,-3960,,1,1,0,1,0,0,,5.0,2,2,FRIDAY,13,0,0,0,0,0,0,Other,,0.280571,0.239785,0.15,0.1583,0.151,0.1245,0.1833,0.136,0.2175,0.1671,0.1976,0.2147,0.2491,0.2599,0.1195,0.1266,0.1283,0.241,0.2399,0.2281,0.2231,0.206,0.2434,0.2064,0.1779,0.2016,0.1675,0.2137,0.1827,0.2117,0.2462,0.2409,0.2287,0.2192,0.1872,0.1366,0.1509,0.1038,0.2112,0.2079,0.1998,0.1532,0.144,0.1453,,,,,,2.0,0.0,2.0,0.0,-2891.0,0,1,0,0,0,0,0,0,0,0,0,0,0,0,0,0,0,0,0,0,0.0,0.0,0.0,1.0,0.0,
101464,0,Cash loans,F,N,Y,2,256500.0,2475000.0,2322000.0,79500.0,Family,Commercial associate,Secondary / secondary special,Married,House / apartment,0.023114,-17511,-1167,-2036.0,-3798,,1,1,0,1,0,0,Laborers,4.0,2,2,FRIDAY,13,0,0,1,0,0,0,Business Entity Type 2,,0.314541,0.319715,0.0308,0.0435,0.0618,0.0483,0.0353,0.0294,0.0413,0.0262,0.0272,0.0337,0.0425,0.0322,0.1534,0.0865,0.086,0.094,0.0689,0.0534,0.0938,0.1407,0.0819,0.0712,0.067,0.0887,0.0333,0.0666,0.0467,0.1046,0.0654,0.1091,0.0541,0.0312,0.0503,0.0609,0.1008,0.0677,0.064,0.0759,0.0835,0.1217,0.107,0.0714,,block of flats,,,,2.0,0.0,2.0,0.0,-3171.0,0,1,0,0,0,0,0,0,0,0,0,0,0,0,0,0,0,0,0,0,0.0,0.0,,0.0,0.0,0.0
101465,0,Cash loans,F,Y,Y,0,202500.0,153000.0,135000.0,9000.0,Unaccompanied,Working,Higher education,Civil marriage,House / apartment,0.019303,-9076,-782,-222.0,-1506,,1,1,0,1,0,0,,2.0,3,3,FRIDAY,12,0,0,0,0,0,0,XNA,,0.317927,0.116804,0.2403,0.2221,0.2605,0.4608,0.4507,0.4628,0.2794,0.2693,0.2832,0.4509,0.4456,0.4254,0.2155,0.2465,0.2208,0.4677,0.4804,0.481,0.281,0.2238,0.2405,0.3006,0.3024,0.3369,0.3974,0.386,0.3949,0.3098,0.3271,0.2561,0.3793,0.3928,0.4074,0.471,0.4724,0.4972,0.2336,0.2158,0.1884,0.2364,0.2722,0.2392,,,,,No,3.0,0.0,3.0,0.0,-1949.0,0,1,0,0,0,0,1,0,0,0,0,0,0,0,0,0,0,0,0,0,0.0,0.0,,0.0,0.0,2.0
101466,0,Cash loans,F,N,Y,0,180000.0,729000.0,688500.0,45000.0,Unaccompanied,Pensioner,Secondary / secondary special,Married,House / apartment,0.002892,-22040,365243,-14870.0,-1965,,1,0,0,1,1,0,Drivers,2.0,2,2,MONDAY,12,0,0,0,0,0,1,XNA,,0.537808,0.485909,0.2343,0.2577,0.264,0.3331,0.3729,0.3394,0.3009,0.3301,0.3199,0.2912,0.2654,0.297,0.3302,0.3116,0.3555,0.4586,0.3706,0.3814,0.3179,0.2466,0.3076,0.3769,0.3103,0.3511,0.3188,0.3095,0.3392,0.4767,0.5173,0.4551,0.5037,0.4669,0.4749,0.3994,0.3841,0.3877,0.407,0.3688,0.3743,0.39,0.4252,0.4169,,block of flats,0.5071,,No,1.0,0.0,1.0,0.0,-1328.0,0,1,0,0,0,0,0,0,0,0,0,0,0,0,0,0,0,0,0,0,0.0,0.0,0.0,0.0,0.0,1.0
101467,0,Cash loans,F,N,Y,0,135000.0,877500.0,747000.0,85000.0,Family,Commercial associate,Secondary / secondary special,Married,House / apartment,0.028486,-20333,-8081,-793.0,-4049,,1,1,0,1,0,0,Accountants,2.0,3,3,WEDNESDAY,9,0,0,0,0,1,0,Military,,0.738759,0.316256,0.704,0.7207,0.7364,0.4851,0.4747,0.479,0.6848,0.739,0.7122,0.6657,0.6442,0.6523,0.5843,0.5962,0.5691,0.6274,0.6489,0.5978,0.5221,0.5248,0.5215,0.3258,0.3541,0.3424,0.4009,0.4283,0.4285,0.6973,0.6857,0.6311,0.3882,0.3177,0.3734,0.5842,0.5177,0.5336,0.3563,0.3451,0.3573,0.6463,0.6656,0.6768,,block of flats,,Panel,,2.0,0.0,2.0,0.0,-3656.0,0,0,0,0,0,0,1,0,0,0,0,0,0,0,0,0,0,0,0,0,0.0,0.0,0.0,0.0,0.0,2.0
101468,0,Cash loans,M,N,Y,0,441000.0,1557000.0,1498500.0,84500.0,Unaccompanied,Working,Higher education,Single / not married,House / apartment,0.010623,-9960,-3386,-1765.0,-882,,1,1,0,1,0,0,,2.0,2,2,MONDAY,6,0,0,0,0,0,1,Other,,0.548666,0.65069,0.1262,0.1488,0.1121,0.1581,0.1225,0.1157,0.1066,0.1027,0.1181,0.1784,0.1389,0.1792,0.0918,0.1354,0.0949,0.0988,0.1198,0.0891,0.1376,0.1058,0.1179,0.1866,0.1699,0.1634,0.1142,0.1074,0.1108,0.1709,0.199,0.2086,0.1466,0.128,0.1258,0.1518,0.1411,0.1344,0.141,0.1339,0.1277,0.1625,0.1609,0.17,,block of flats,,"Stone, brick",,0.0,,0.0,0.0,-2195.0,0,1,0,0,0,0,0,0,0,0,0,0,0,0,0,0,0,0,0,0,0.0,0.0,0.0,1.0,0.0,1.0
101469,0,Cash loans,M,N,Y,0,229500.0,693000.0,630000.0,40000.0,Unaccompanied,Commercial associate,Secondary / secondary special,Single / not married,Municipal apartment,0.028608,-12086,-769,-1539.0,-2400,,1,1,0,1,0,0,,1.0,2,2,THURSDAY,19,0,0,0,0,0,0,Business Entity Type 3,,0.659298,0.335717,0.4043,0.4372,0.419,0.5295,0.5388,0.535,0.309,0.3216,0.3205,0.315,0.3065,0.3006,0.4263,0.4063,0.3841,0.2076,0.1976,0.2706,0.2406,0.2578,0.2926,0.3078,0.3537,0.3621,0.3148,0.302,0.3154,0.2804,0.2952,0.2924,0.488,0.4947,0.4888,0.3268,0.3281,0.3188,0.4108,0.4375,0.3985,0.2655,0.3001,0.291,,,,Block,No,1.0,0.0,1.0,1.0,-1361.0,0,1,0,0,0,0,0,0,0,0,0,0,0,0,0,0,0,0,0,0,0.0,0.0,0.0,0.0,0.0,4.0
101470,0,Cash loans,F,N,Y,1,99000.0,333000.0,315000.0,10000.0,Unaccompanied,Working,Secondary / secondary special,Married,House / apartment,0.053675,-17328,-923,-1877.0,-4448,,1,1,1,1,0,0,Sales staff,3.0,2,2,THURSDAY,12,0,0,0,0,1,0,Government,0.576596,0.209101,,0.0925,0.0694,0.1245,0.0994,0.0742,0.0401,0.1099,0.112,0.0953,0.0539,0.0516,0.0627,0.0411,0.072,0.0423,0.0851,0.0925,0.0411,0.0965,0.0758,0.0743,0.1309,0.096,0.111,0.0507,0.0685,0.0556,0.058,0.09,0.0363,0.0858,0.1117,0.1091,0.0834,0.0905,0.051,0.0688,0.0801,0.0981,0.1181,0.0885,0.0612,reg oper account,,0.0788,"Stone, brick",No,1.0,0.0,1.0,0.0,-3685.0,0,0,0,0,0,0,0,0,0,0,0,0,0,0,0,0,0,0,0,0,0.0,0.0,0.0,0.0,0.0,2.0
101471,1,Revolving loans,M,N,Y,0,67500.0,355500.0,297000.0,13000.0,Unaccompanied,Commercial associate,Secondary / secondary special,Married,House / apartment,0.015987,-20520,-851,-11186.0,-5046,,1,1,0,1,0,0,Sales staff,2.0,3,3,SATURDAY,11,0,0,0,0,1,0,Business Entity Type 2,0.02376,0.397233,0.086388,0.3037,0.2826,0.2972,0.4528,0.4222,0.4754,0.3679,0.3766,0.3739,0.3482,0.3465,0.364,0.2334,0.2149,0.2129,0.3369,0.3384,0.2946,0.3639,0.3933,0.356,0.3612,0.3352,0.3072,0.3507,0.3295,0.3506,0.3113,0.2943,0.3029,0.4773,0.4732,0.4578,0.374,0.357,0.3717,0.2798,0.2928,0.3222,0.441,0.4427,0.468,,,,,,0.0,0.0,0.0,0.0,-1100.0,0,0,0,0,0,0,0,0,0,0,0,0,0,0,0,0,0,0,0,0,0.0,0.0,0.0,1.0,,2.0
101472,0,Cash loans,F,N,Y,0,202500.0,418500.0,364500.0,27500.0,Unaccompanied,Working,Secondary / secondary special,Separated,House / apartment,0.024542,-8511,-650,-1094.0,-3535,,1,1,0,1,0,0,Laborers,2.0,3,3,MONDAY,9,0,0,0,0,0,0,Security,0.308155,0.593118,0.382464,0.2243,0.2126,0.2063,0.24,0.2436,0.252,0.2488,0.223,0.2339,0.1926,0.2063,0.1845,0.0918,0.091,0.1202,0.2514,0.2661,0.221,0.1391,0.1214,0.1311,0.1604,0.1346,0.1601,0.1999,0.2126,0.2382,0.1864,0.2202,0.1712,0.2545,0.204,0.2197,0.2238,0.2027,0.2204,0.1685,0.1272,0.1458,0.1451,0.1301,0.1601,,,,,No,1.0,1.0,1.0,0.0,-867.0,0,1,0,0,0,0,0,0,0,0,0,0,0,0,0,0,0,0,0,0,0.0,0.0,0.0,0.0,1.0,
101473,0,Cash loans,F,N,Y,3,144000.0,1080000.0,1039500.0,40000.0,"Spouse, partner",Commercial associate,Secondary / secondary special,Married,House / apartment,0.019084,-20070,-661,-6918.0,-4016,,1,1,0,1,0,0,Laborers,5.0,2,2,FRIDAY,15,0,0,0,0,0,0,Self-employed,,0.677775,0.544206,0.0492,0.0552,0.0505,0.1105,0.1174,0.0894,0.1277,0.1392,0.1647,0.1482,0.166,0.1412,0.0725,0.071,0.068,0.1272,0.093,0.0678,0.1265,0.1248,0.1178,0.1338,0.1447,0.1203,0.1009,0.1402,0.1393,0.1469,0.0898,0.1363,0.1058,0.0885,0.0956,0.1469,0.1363,0.0961,0.1115,0.1126,0.1065,0.0812,0.0572,0.0422,,,,,,0.0,0.0,0.0,0.0,-2257.0,0,1,0,0,0,0,0,0,0,0,0,0,0,0,0,0,0,0,0,0,0.0,0.0,0.0,,0.0,2.0
101474,0,Cash loans,M,N,Y,0,67500.0,256500.0,202500.0,15500.0,Unaccompanied,Working,Secondary / secondary special,Civil marriage,House / apartment,0.025904,-10809,-1075,-154.0,-4952,,1,1,0,1,0,0,Core staff,2.0,2,2,THURSDAY,13,0,0,0,0,0,0,Self-employed,,0.731798,0.787048,0.0569,0.0962,0.0746,0.0983,0.045,0.1152,0.1287,0.1476,0.1759,0.1115,0.0835,0.1092,0.136,0.1537,0.1131,0.0392,0.0622,0.0497,0.1272,0.1759,0.1733,0.1392,0.0983,0.1291,0.1058,0.1362,0.098,0.072,0.0626,0.0682,0.0619,0.0808,0.1069,0.0828,0.1235,0.1286,0.147,0.1185,0.09,0.1309,0.1144,0.0908,,,,,No,3.0,0.0,3.0,0.0,-326.0,0,1,0,0,0,0,0,0,0,0,0,0,0,0,0,0,0,0,0,0,0.0,0.0,0.0,1.0,,
101475,0,Cash loans,M,Y,Y,0,184500.0,432000.0,373500.0,19000.0,Unaccompanied,Working,Secondary / secondary special,Single / not married,House / apartment,0.019939,-19933,-4316,-2016.0,-1386,7.0,1,1,0,1,0,1,Core staff,1.0,1,1,FRIDAY,9,0,1,0,0,1,0,XNA,0.613515,0.93888,0.747593,0.1011,0.1312,0.1037,0.0626,0.0921,0.1116,0.0927,0.0853,0.1325,0.0543,0.1006,0.054,0.0509,0.0666,0.0486,0.0768,0.0486,0.0695,0.0864,0.0745,0.0988,0.0682,0.0665,0.0754,0.088,0.0775,0.085,0.0909,0.0989,0.0642,0.07,0.0706,0.1057,0.0592,0.0267,0.0496,0.1175,0.09,0.1282,0.0992,0.0782,0.0886,,block of flats,0.0934,,No,0.0,0.0,0.0,0.0,-377.0,0,0,0,0,0,0,0,0,0,0,0,0,0,0,0,0,0,0,0,0,0.0,0.0,0.0,,1.0,0.0
101476,0,Cash loans,M,N,Y,1,126000.0,913500.0,855000.0,25000.0,Unaccompanied,Working,Secondary / secondary special,Civil marriage,House / apartment,0.013572,-20337,-878,-2276.0,-4073,,1,1,0,1,0,0,Laborers,3.0,2,2,SUNDAY,11,0,0,0,0,0,0,Self-employed,,0.473743,0.701928,0.8922,0.9224,0.867,0.5538,0.4991,0.548,0.4896,0.466,0.5073,0.8987,0.8992,0.9133,0.4449,0.4426,0.4444,0.6913,0.6793,0.6432,0.8055,0.7649,0.7681,0.7377,0.7663,0.7464,0.7503,0.7483,0.7377,0.8412,0.8204,0.8002,0.8688,0.8957,0.9066,0.695,0.6384,0.6503,0.903,0.9072,0.8807,0.86,0.8863,0.9258,,,,Panel,No,1.0,0.0,1.0,0.0,-2198.0,0,1,0,0,0,0,1,0,0,0,0,0,0,0,0,0,0,0,0,0,0.0,0.0,0.0,0.0,,1.0
101477,0,Cash loans,F,N,Y,1,198000.0,328500.0,306000.0,10500.0,Unaccompanied,Working,Higher education,Married,House / apartment,0.01067,-18717,-5160,-3780.0,-4414,,1,1,1,1,1,0,,2.0,2,2,FRIDAY,13,0,0,0,0,0,0,Business Entity Type 3,,0.32243,0.556639,0.2768,0.2631,0.2767,0.5675,0.5905,0.5868,0.4174,0.4357,0.3963,0.4044,0.3817,0.358,0.5792,0.5528,0.5607,0.4793,0.43,0.4701,0.4546,0.4386,0.4494,0.5167,0.5922,0.5324,0.4883,0.4647,0.5101,0.4001,0.3891,0.3747,0.2903,0.2886,0.2775,0.5254,0.5371,0.533,0.5048,0.5189,0.4563,0.2606,0.2765,0.2665,,block of flats,,,No,2.0,0.0,2.0,0.0,-3503.0,0,1,0,0,0,0,0,0,0,0,0,0,0,0,0,0,0,0,0,0,0.0,0.0,,,0.0,1.0
101478,0,Revolving loans,F,N,Y,0,189000.0,544500.0,517500.0,18500.0,Family,Pensioner,Secondary / secondary special,Married,House / apartment,0.05013,-23836,365243,-15398.0,-4903,,1,0,1,1,1,0,,2.0,2,2,TUESDAY,11,0,0,0,0,0,0,Trade: type 7,0.449647,0.609049,0.687722,0.0536,0.0177,0.046,0.0492,0.0304,0.0277,0.008,0.0,0.0315,0.0641,0.0341,0.0018,0.0967,0.049,0.0487,0.0654,0.0587,0.0174,0.0387,0.0298,0.0199,0.0859,0.0659,0.0312,0.0829,0.0084,0.0307,0.0209,0.0061,0.0358,0.0077,0.0487,0.0095,0.0107,0.0527,0.0648,0.071,0.0515,0.0631,0.0077,0.0392,0.0711,,block of flats,,,No,0.0,1.0,0.0,0.0,-3887.0,0,1,0,0,1,0,0,0,0,0,0,0,0,0,0,0,0,0,0,0,0.0,0.0,0.0,,0.0,2.0
101479,0,Cash loans,F,N,Y,1,103500.0,292500.0,270000.0,16000.0,Unaccompanied,Pensioner,Secondary / secondary special,Married,House / apartment,0.024543,-22519,365243,-4479.0,-3649,,1,0,0,1,0,0,,3.0,2,2,FRIDAY,15,0,0,0,0,1,0,Government,,0.597877,0.291958,0.3494,0.3498,0.348,0.3565,0.3504,0.349,0.3366,0.2721,0.2912,0.3854,0.4171,0.4227,0.2568,0.2387,0.2479,0.3853,0.3729,0.3552,0.3334,0.3273,0.3452,0.2181,0.1927,0.1689,0.2818,0.2526,0.2513,0.3259,0.3805,0.3759,0.2237,0.2168,0.2397,0.3509,0.3209,0.3133,0.3781,0.3579,0.3731,0.3836,0.379,0.3592,,,0.2865,"Stone, brick",No,0.0,2.0,0.0,0.0,-3056.0,0,1,0,0,0,0,0,0,0,0,0,0,0,0,0,0,0,0,0,0,0.0,0.0,0.0,,0.0,1.0
101480,0,Cash loans,F,Y,Y,0,207000.0,2623500.0,2542500.0,191000.0,Unaccompanied,Working,Secondary / secondary special,Married,House / apartment,0.031295,-20849,-6153,-2999.0,-929,,1,1,1,1,0,0,Core staff,2.0,2,2,SUNDAY,19,0,0,0,0,0,0,Medicine,,0.81311,0.524245,0.2281,0.1885,0.2018,0.2827,0.2774,0.2694,0.3299,0.317,0.3141,0.2242,0.2734,0.2219,0.1784,0.1606,0.2104,0.2333,0.2511,0.2156,0.2337,0.2787,0.2713,0.2799,0.2876,0.2665,0.2269,0.2526,0.1956,0.199,0.1784,0.2346,0.3889,0.3725,0.3324,0.2483,0.291,0.2879,0.3695,0.3565,0.3511,0.1942,0.1479,0.1548,,,0.3569,,,0.0,0.0,0.0,0.0,-189.0,0,1,0,0,0,0,0,0,0,0,0,0,0,0,0,0,0,0,0,0,0.0,,0.0,0.0,0.0,3.0
101481,1,Cash loans,M,N,Y,0,112500.0,301500.0,265500.0,9500.0,Unaccompanied,Working,Secondary / secondary special,Married,House / apartment,0.023949,-14980,-461,-207.0,-302,,1,1,0,1,0,0,Sales staff,2.0,3,3,TUESDAY,11,0,0,0,0,1,0,Medicine,0.317275,0.318141,0.756055,0.1751,0.1846,0.135,0.2232,0.2532,0.2409,0.2953,0.2945,0.3116,0.213,0.2382,0.2761,0.3334,0.3601,0.3751,0.338,0.3102,0.3057,0.3332,0.3712,0.3497,0.2654,0.254,0.3013,0.1853,0.2129,0.2323,0.1937,0.1875,0.1434,0.3287,0.3085,0.28,0.3408,0.3468,0.2969,0.36,0.3541,0.3447,0.1939,0.1799,0.2052,reg oper account,terraced house,,,,0.0,0.0,0.0,0.0,-4039.0,0,1,0,0,0,0,0,0,0,0,0,0,0,0,0,0,0,0,0,0,0.0,0.0,,0.0,0.0,1.0
101482,0,Cash loans,F,N,Y,0,117000.0,139500.0,126000.0,5000.0,Unaccompanied,Pensioner,Higher education,Married,House / apartment,0.034244,-23069,365243,-4335.0,-3687,,1,0,0,1,1,1,Drivers,2.0,2,2,THURSDAY,11,0,0,0,0,0,1,Business Entity Type 3,,0.313442,0.448788,0.6114,0.6381,0.6209,0.5919,0.6357,0.588,0.5079,0.4884,0.5109,0.6931,0.6802,0.6766,0.596,0.6327,0.6503,0.4959,0.5015,0.5534,0.7365,0.6963,0.7275,0.7764,0.7823,0.7535,0.7574,0.7446,0.7252,0.5366,0.5174,0.5421,0.7074,0.7506,0.7168,0.5363,0.5219,0.4916,0.3825,0.3635,0.3836,0.5263,0.5263,0.5559,reg oper account,,0.6966,Panel,No,2.0,0.0,2.0,0.0,-2360.0,0,1,0,0,0,0,0,0,0,0,0,0,0,0,0,0,0,0,0,0,,0.0,0.0,0.0,,
101483,0,Cash loans,F,N,Y,1,108000.0,306000.0,292500.0,10500.0,Family,Working,Higher education,Married,House / apartment,0.01073,-9169,-2175,-42.0,-1661,,1,1,1,1,0,0,Core staff,3.0,2,2,THURSDAY,9,0,0,0,0,0,0,Business Entity Type 3,0.357892,0.658157,0.475757,0.458,0.4785,0.4393,0.5209,0.4681,0.4968,0.5271,0.5199,0.5483,0.5162,0.4927,0.5505,0.2129,0.232,0.2245,0.4012,0.4319,0.4005,0.3611,0.3538,0.3135,0.4914,0.5151,0.4934,0.337,0.3925,0.3745,0.2594,0.2365,0.2377,0.4067,0.4188,0.37,0.4914,0.4532,0.4556,0.2631,0.2432,0.2449,0.4024,0.3934,0.3537,reg oper account,block of flats,,Panel,,1.0,0.0,1.0,0.0,-3485.0,0,1,0,0,0,0,0,0,0,0,0,0,0,0,0,0,0,0,0,0,0.0,0.0,0.0,0.0,0.0,2.0
101484,0,Cash loans,F,N,N,1,274500.0,1377000.0,1269000.0,35000.0,Unaccompanied,Working,Secondary / secondary special,Married,House / apartment,0.01969,-10748,-2250,-1020.0,-2204,,1,1,0,1,0,1,Core staff,2.0,1,1,THURSDAY,12,0,0,0,0,1,1,Self-employed,,0.653602,0.414046,0.1601,0.1854,0.137,0.1645,0.1222,0.131,0.1193,0.1189,0.1551,0.0918,0.1152,0.1192,0.1342,0.1216,0.1591,0.1388,0.1232,0.133,0.1644,0.1659,0.1484,0.185,0.1793,0.158,0.1198,0.1329,0.1251,0.1122,0.1227,0.1175,0.1596,0.161,0.1811,0.096,0.0956,0.0295,0.1011,0.0519,0.0624,0.0397,0.1145,0.1242,,,,"Stone, brick",No,2.0,0.0,2.0,0.0,-3166.0,0,0,0,0,0,0,0,0,0,0,0,0,0,0,0,0,0,0,0,0,0.0,0.0,,0.0,1.0,3.0
101485,0,Cash loans,F,Y,N,0,126000.0,756000.0,603000.0,37000.0,Unaccompanied,Working,Secondary / secondary special,Married,House / apartment,0.025583,-16963,-7516,-9927.0,-2771,,1,1,0,1,0,0,Sales staff,2.0,2,2,SATURDAY,6,0,0,0,0,0,0,Self-employed,0.574023,0.700959,0.521499,0.2027,0.1728,0.1795,0.2372,0.2435,0.2223,0.2023,0.1596,0.1918,0.1585,0.1976,0.1555,0.2895,0.2954,0.2921,0.1267,0.1611,0.1764,0.1902,0.1993,0.1369,0.2218,0.2652,0.2013,0.2445,0.2475,0.2553,0.247,0.2602,0.2472,0.2727,0.263,0.2764,0.2164,0.2033,0.2088,0.1655,0.1531,0.1671,0.2352,0.2362,0.3215,reg oper account,,,,No,0.0,0.0,0.0,0.0,-272.0,0,1,0,0,0,0,0,0,0,0,0,0,0,0,0,0,0,0,0,0,0.0,,0.0,0.0,1.0,
101486,0,Cash loans,F,N,N,0,310500.0,4050000.0,3456000.0,119000.0,Unaccompanied,Commercial associate,Higher education,Married,House / apartment,0.041678,-9484,-663,-1281.0,-4479,,1,1,1,1,0,0,Laborers,2.0,3,3,FRIDAY,16,0,0,0,0,1,0,Kindergarten,0.252028,0.440045,0.310545,0.1314,0.153,0.1298,0.1593,0.1802,0.1425,0.1873,0.1721,0.1885,0.2004,0.2079,0.1725,0.0905,0.0703,0.1334,0.1474,0.1312,0.1149,0.1539,0.1219,0.1658,0.11,0.1048,0.1255,0.172,0.2042,0.1445,0.1642,0.1372,0.1508,0.1109,0.1398,0.1199,0.1261,0.1131,0.1091,0.1681,0.1615,0.1805,0.1531,0.1289,0.1543,,block of flats,,Block,No,0.0,1.0,0.0,0.0,-4080.0,0,0,0,0,0,0,0,0,0,0,0,0,0,0,0,0,0,0,0,0,0.0,0.0,0.0,0.0,1.0,1.0
101487,0,Revolving loans,F,Y,Y,1,391500.0,3312000.0,2947500.0,123500.0,Unaccompanied,Unemployed,Secondary / secondary special,Married,House / apartment,0.0725,-21094,365243,-1621.0,-2126,2.0,1,0,0,1,0,0,High skill tech staff,2.0,2,2,WEDNESDAY,8,0,0,1,0,0,0,Medicine,0.526801,0.0005,0.514992,0.5485,0.5422,0.5382,0.7659,0.7653,0.7557,0.687,0.6593,0.6794,0.7113,0.7203,0.7204,0.6048,0.5811,0.6225,0.5803,0.6128,0.6115,0.8836,0.8522,0.8572,0.7056,0.7168,0.7208,0.8268,0.8656,0.8486,0.8483,0.9028,0.856,0.4916,0.4935,0.5,0.4567,0.4692,0.5066,0.8595,0.8543,0.8282,0.7649,0.7943,0.7752,,,,,No,1.0,0.0,1.0,0.0,-3951.0,0,0,0,0,0,0,1,0,0,0,0,0,0,0,0,0,0,0,0,0,0.0,0.0,0.0,0.0,0.0,1.0
101488,0,Cash loans,F,N,Y,0,99000.0,427500.0,396000.0,25000.0,Unaccompanied,Working,Secondary / secondary special,Single / not married,With parents,0.024075,-10904,-1653,-800.0,-3480,,1,1,0,1,0,0,,2.0,2,2,TUESDAY,9,0,0,0,0,0,0,XNA,0.197617,0.860783,,0.1481,0.1607,0.1879,0.1436,0.127,0.1151,0.1398,0.1204,0.1482,0.2396,0.2135,0.1877,0.1562,0.1614,0.1593,0.1649,0.1393,0.1699,0.1819,0.1487,0.2031,0.1035,0.1045,0.0636,0.2106,0.2198,0.2411,0.1251,0.1198,0.1524,0.107,0.1176,0.1275,0.181,0.1523,0.1479,0.1043,0.1063,0.1005,0.2102,0.2152,0.2271,reg oper account,terraced house,0.2023,,,2.0,1.0,2.0,0.0,-534.0,0,1,0,0,0,0,0,0,0,0,0,0,0,0,0,0,0,0,0,0,0.0,0.0,0.0,0.0,0.0,0.0
101489,0,Cash loans,F,Y,Y,0,31500.0,76500.0,67500.0,6500.0,Unaccompanied,State servant,Secondary / secondary special,Married,House / apartment,0.012412,-8923,-1072,-1074.0,-2987,23.0,1,1,1,1,0,0,,2.0,1,1,TUESDAY,12,0,0,0,0,1,0,Self-employed,0.460483,0.677489,0.654845,0.3423,0.3434,0.3272,0.3195,0.3441,0.3083,0.3233,0.3106,0.337,0.5021,0.5082,0.4814,0.2491,0.1919,0.2454,0.4429,0.4556,0.4759,0.393,0.42,0.4235,0.3229,0.367,0.3552,0.2663,0.247,0.2504,0.3012,0.3057,0.296,0.252,0.2826,0.2827,0.424,0.4651,0.4426,0.518,0.506,0.4591,0.4042,0.4238,0.3887,,specific housing,0.291,Panel,No,0.0,0.0,0.0,0.0,-1284.0,0,1,0,0,0,0,0,0,0,0,0,0,0,0,0,0,0,0,0,0,0.0,0.0,0.0,0.0,1.0,1.0
101490,0,Cash loans,F,N,Y,1,261000.0,2488500.0,2326500.0,87500.0,Unaccompanied,Pensioner,Lower secondary,Single / not married,House / apartment,0.00891,-22217,365243,-62.0,-325,,1,0,1,1,0,0,,3.0,2,2,SATURDAY,17,0,1,0,0,1,0,Self-employed,0.661374,0.397014,0.529492,0.903,0.8938,0.882,0.8318,0.8068,0.7975,0.9744,1.0,0.9843,0.5449,0.5226,0.4751,0.8444,0.8435,0.8356,0.9988,1.0,1.0,0.9977,0.9705,0.9827,0.8194,0.8215,0.8233,0.9833,0.9587,0.9913,0.5747,0.5914,0.6021,0.8572,0.8784,0.8529,1.0,0.9777,0.9964,0.5333,0.5208,0.496,1.0,1.0,0.9763,,,0.849,,No,2.0,0.0,2.0,0.0,-881.0,0,1,0,0,0,0,0,0,0,0,0,0,0,0,0,0,0,0,0,0,0.0,0.0,,0.0,0.0,3.0
101491,0,Cash loans,F,N,Y,0,121500.0,387000.0,364500.0,20500.0,Family,State servant,Secondary / secondary special,Married,House / apartment,0.010671,-8367,-1118,-1550.0,-4148,,1,1,0,1,1,0,,2.0,1,1,TUESDAY,9,0,0,0,0,1,0,Government,,0.556972,,0.1859,0.1934,0.1574,0.2722,0.295,0.3452,0.1795,0.1843,0.1601,0.1603,0.1768,0.1658,0.1663,0.1726,0.2006,0.1973,0.1621,0.186,0.3046,0.2923,0.3449,0.1854,0.2166,0.1897,0.1811,0.148,0.1465,0.1229,0.126,0.1603,0.1888,0.1574,0.1751,0.1392,0.1542,0.128,0.2032,0.2164,0.1866,0.2331,0.1842,0.1807,,,,Panel,,2.0,0.0,2.0,0.0,-1992.0,0,1,0,0,0,0,0,0,0,0,0,0,0,0,0,0,0,0,0,0,0.0,0.0,0.0,0.0,0.0,2.0
101492,0,Cash loans,M,Y,Y,0,90000.0,243000.0,202500.0,8000.0,Unaccompanied,Pensioner,Secondary / secondary special,Married,House / apartment,0.011572,-22519,365243,-7406.0,-3201,,1,0,0,1,0,0,,1.0,2,2,THURSDAY,11,0,0,0,0,0,0,Business Entity Type 2,0.550027,0.630035,0.588196,0.3062,0.3056,0.3403,0.356,0.3684,0.3429,0.283,0.3491,0.31,0.2095,0.2106,0.2118,0.2511,0.2362,0.1694,0.2403,0.1923,0.1846,0.2488,0.2603,0.2423,0.3191,0.267,0.304,0.2693,0.2733,0.278,0.3214,0.342,0.3392,0.319,0.3397,0.3004,0.3947,0.4247,0.3979,0.1916,0.1796,0.1836,0.388,0.3099,0.3501,,,0.2869,"Stone, brick",No,2.0,0.0,2.0,0.0,-73.0,0,1,0,0,0,0,0,0,0,0,0,0,0,0,0,0,0,0,0,0,0.0,1.0,0.0,0.0,0.0,
101493,0,Cash loans,F,N,Y,0,108000.0,333000.0,301500.0,10500.0,Unaccompanied,Pensioner,Higher education,Single / not married,With parents,0.003095,-22174,365243,-5785.0,-1324,,1,0,0,1,1,0,,2.0,2,2,FRIDAY,13,0,0,0,0,0,0,Other,0.59238,0.537581,0.672313,0.303,0.2854,0.2996,0.2426,0.188,0.203,0.2011,0.1664,0.1969,0.2608,0.2589,0.2603,0.2044,0.1594,0.1903,0.3605,0.3724,0.3437,0.4194,0.3698,0.3771,0.3649,0.3798,0.3853,0.216,0.2466,0.255,0.2218,0.1927,0.256,0.2415,0.2257,0.2518,0.2828,0.282,0.2848,0.3856,0.4111,0.3917,0.329,0.3345,0.3459,,block of flats,0.1772,,,3.0,0.0,3.0,0.0,-388.0,0,1,0,0,0,0,0,0,0,0,0,0,0,0,0,0,0,0,0,0,0.0,0.0,0.0,0.0,1.0,
101494,0,Cash loans,F,N,Y,0,117000.0,229500.0,202500.0,9500.0,Unaccompanied,Commercial associate,Secondary / secondary special,Married,House / apartment,0.0123,-11789,-649,-3271.0,-4465,,1,1,1,1,0,0,Drivers,2.0,2,2,WEDNESDAY,10,0,0,0,1,0,0,Kindergarten,,0.296934,0.341545,0.1585,0.154,0.1267,0.1213,0.1201,0.1472,0.1761,0.157,0.2027,0.1421,0.1563,0.1228,0.2336,0.205,0.2305,0.1661,0.1433,0.1918,0.1542,0.156,0.1556,0.1826,0.1792,0.1899,0.1441,0.1892,0.1655,0.1878,0.1958,0.1709,0.1952,0.1697,0.1782,0.1886,0.1777,0.2036,0.1302,0.1854,0.1592,0.2333,0.249,0.2549,,block of flats,,Mixed,No,1.0,0.0,1.0,0.0,-3819.0,0,1,0,0,1,0,0,0,0,0,0,0,0,0,0,0,0,0,0,0,0.0,0.0,0.0,1.0,0.0,2.0
101495,0,Cash loans,F,Y,Y,1,301500.0,909000.0,751500.0,35000.0,Unaccompanied,Pensioner,Secondary / secondary special,Single / not married,House / apartment,0.029163,-23883,365243,-1822.0,-598,,1,0,0,1,1,0,Cooking staff,3.0,2,2,WEDNESDAY,12,0,0,0,0,0,0,XNA,,0.415827,,0.2909,0.2717,0.3067,0.3165,0.3132,0.3127,0.4618,0.4515,0.4964,0.5539,0.5731,0.5393,0.6092,0.5768,0.5795,0.4977,0.5012,0.4735,0.4459,0.5105,0.4629,0.5905,0.522,0.5555,0.3197,0.3288,0.304,0.3798,0.3393,0.3798,0.38,0.3824,0.3596,0.3127,0.3046,0.2987,0.5158,0.5143,0.4979,0.4944,0.4471,0.4532,,block of flats,,,,1.0,0.0,1.0,0.0,-3570.0,0,1,0,0,0,0,0,0,0,0,0,0,0,0,0,0,0,0,0,0,,0.0,0.0,0.0,0.0,2.0
101496,0,Cash loans,M,N,Y,0,162000.0,558000.0,490500.0,19500.0,Unaccompanied,Working,Secondary / secondary special,Separated,With parents,0.019595,-13436,-6423,-32.0,-1576,,1,1,0,1,0,0,Laborers,2.0,2,2,SATURDAY,7,0,0,0,0,0,0,Trade: type 7,,0.512801,0.266641,0.2925,0.2954,0.2877,0.36,0.2988,0.3348,0.2241,0.2249,0.2128,0.3311,0.301,0.3296,0.1755,0.1914,0.1764,0.2547,0.2912,0.2628,0.3018,0.3117,0.3251,0.1877,0.1871,0.2183,0.1496,0.2148,0.1586,0.2762,0.3031,0.2613,0.1866,0.1956,0.2064,0.176,0.2196,0.176,0.2983,0.3196,0.2914,0.2414,0.2061,0.2571,reg oper account,,,Panel,No,1.0,1.0,1.0,0.0,-3568.0,0,1,0,0,0,0,0,0,0,0,0,0,0,0,0,0,0,0,0,0,0.0,0.0,,0.0,0.0,2.0
101497,0,Cash loans,M,Y,N,0,297000.0,1732500.0,1543500.0,72000.0,Unaccompanied,Commercial associate,Lower secondary,Married,House / apartment,0.01593,-17840,-1078,-5709.0,-1434,5.0,1,1,1,1,0,0,Drivers,2.0,2,2,MONDAY,10,0,0,0,0,1,0,Business Entity Type 3,,0.352812,0.289269,0.604,0.6064,0.6201,0.5358,0.5084,0.539,0.4409,0.4721,0.4507,0.8246,0.835,0.8568,0.5626,0.5242,0.5638,0.5222,0.5219,0.5414,0.6056,0.669,0.6648,0.7252,0.704,0.6979,0.7678,0.7898,0.8077,0.7045,0.6843,0.7253,0.4038,0.4626,0.4643,0.8738,0.861,0.9108,0.524,0.5534,0.5393,0.6393,0.6622,0.6565,not specified,block of flats,0.8208,,,0.0,0.0,0.0,0.0,-912.0,0,1,0,0,0,0,0,0,0,0,0,0,0,0,0,0,0,0,0,0,0.0,0.0,0.0,0.0,,0.0
101498,0,Cash loans,F,N,Y,0,193500.0,607500.0,571500.0,16500.0,Unaccompanied,Commercial associate,Secondary / secondary special,Married,House / apartment,0.006841,-17760,-2334,-860.0,-3927,,1,1,0,1,1,0,Accountants,1.0,2,2,MONDAY,16,0,0,0,0,0,0,Kindergarten,0.534439,0.079298,,0.3473,0.3479,0.3426,0.3155,0.3098,0.3228,0.3436,0.3063,0.3223,0.4001,0.3924,0.4123,0.3273,0.3852,0.3369,0.4008,0.3848,0.4205,0.3555,0.3485,0.3613,0.3145,0.3575,0.3954,0.2678,0.2724,0.2595,0.3212,0.3077,0.3294,0.345,0.3386,0.2952,0.3049,0.3426,0.2976,0.3928,0.4142,0.4173,0.4234,0.3975,0.3784,,,,,No,0.0,0.0,0.0,1.0,-3116.0,0,1,0,0,0,0,0,0,0,0,0,0,0,0,0,0,0,0,0,0,0.0,0.0,0.0,0.0,1.0,1.0
101499,0,Cash loans,F,Y,Y,0,126000.0,243000.0,211500.0,20000.0,Unaccompanied,Working,Secondary / secondary special,Separated,House / apartment,0.035866,-9604,-3030,-6.0,-5939,,1,1,0,1,0,0,Laborers,1.0,2,2,MONDAY,15,0,0,0,0,0,1,XNA,0.613646,0.514064,,0.0954,0.1148,0.1124,0.1992,0.1708,0.1866,0.102,0.0873,0.1074,0.1839,0.1804,0.2284,0.1287,0.1326,0.1293,0.2207,0.2145,0.2209,0.2082,0.2292,0.2098,0.1258,0.2084,0.173,0.1208,0.1087,0.0769,0.2034,0.207,0.2399,0.1844,0.1939,0.1515,0.0915,0.0885,0.1065,0.246,0.2317,0.1849,0.1048,0.1178,0.0946,,block of flats,,,,0.0,0.0,0.0,0.0,-435.0,0,1,0,0,0,0,0,0,0,0,0,0,0,0,0,0,0,0,0,0,0.0,0.0,0.0,0.0,1.0,0.0
101500,0,Cash loans,F,Y,N,0,117000.0,189000.0,148500.0,5000.0,Unaccompanied,Working,Higher education,Civil marriage,House / apartment,0.025683,-8476,-1902,-1719.0,-5045,,1,1,0,1,0,0,Cleaning staff,2.0,2,3,WEDNESDAY,11,0,0,0,0,1,1,Government,0.748353,0.742147,0.685025,0.2867,0.2961,0.2844,0.4153,0.4179,0.4178,0.2555,0.2777,0.2621,0.3387,0.3378,0.3103,0.3181,0.298,0.332,0.3366,0.3194,0.3441,0.3915,0.371,0.3791,0.4096,0.3551,0.3647,0.3803,0.3542,0.3781,0.3644,0.3791,0.3564,0.4095,0.4567,0.4009,0.2634,0.2276,0.2746,0.363,0.3558,0.3601,0.4783,0.4519,0.4703,reg oper account,block of flats,,,,4.0,0.0,4.0,0.0,-576.0,0,1,0,0,1,0,1,0,0,0,0,0,1,0,0,0,0,0,0,0,0.0,,0.0,3.0,,1.0
