SK_ID_CURR,SK_ID_BUREAU,CREDIT_ACTIVE,CREDIT_CURRENCY,DAYS_CREDIT,CREDIT_DAY_OVERDUE,DAYS_CREDIT_ENDDATE,DAYS_ENDDATE_FACT,AMT_CREDIT_MAX_OVERDUE,CNT_CREDIT_PROLONG,AMT_CREDIT_SUM,AMT_CREDIT_SUM_DEBT,AMT_CREDIT_SUM_LIMIT,AMT_CREDIT_SUM_OVERDUE,CREDIT_TYPE,DAYS_CREDIT_UPDATE,AMT_ANNUITY
100002,5000000,Closed,currency 1,-771,0,-104.0,-104.0,,0,202000.0,0.0,79000.0,0.0,Credit card,-29,
100002,5000001,Closed,currency 1,-2160,0,-1120.0,-1120.0,19492.0,0,185000.0,0.0,20000.0,0.0,Credit card,-1418,
100003,5000002,Active,currency 1,-140,0,1252.0,,,0,261000.0,211000.0,88000.0,0.0,Consumer credit,-926,4700.0
100003,5000003,Closed,currency 1,-2149,0,-1212.0,-1212.0,5525.0,0,825000.0,0.0,33000.0,0.0,Consumer credit,-1156,
100003,5000004,Active,currency 1,-832,0,1203.0,,,0,535000.0,39000.0,33000.0,0.0,Consumer credit,-2439,13600.0
100003,5000005,Active,currency 1,-1830,0,-1257.0,,,0,28000.0,24000.0,5000.0,0.0,Credit card,-524,
100003,5000006,Active,currency 1,-1539,0,-310.0,,,0,109000.0,46000.0,4000.0,0.0,Consumer credit,-121,
100004,5000007,Closed,currency 1,-228,0,705.0,705.0,3429.0,0,268000.0,0.0,33000.0,0.0,Consumer credit,-1677,
100004,5000008,Closed,currency 1,-1330,0,-1074.0,-1074.0,,0,827000.0,0.0,30000.0,0.0,Credit card,-729,
100005,5000009,Closed,currency 1,-2165,0,-1929.0,-1929.0,,0,115000.0,0.0,15000.0,0.0,Consumer credit,-1159,
100005,5000010,Closed,currency 1,-888,0,1122.0,1122.0,,0,32000.0,0.0,6000.0,0.0,Credit card,-1681,600.0
100006,5000011,Active,currency 1,-2183,0,-1509.0,,,0,38000.0,11000.0,7000.0,0.0,Credit card,-446,
100006,5000012,Active,currency 1,-724,0,658.0,,788.0,0,24000.0,21000.0,5000.0,0.0,Consumer credit,-1185,
100006,5000013,Closed,currency 1,-1524,0,245.0,245.0,,0,722000.0,0.0,198000.0,0.0,Credit card,-290,28900.0
100007,5000014,Closed,currency 1,-2097,0,-264.0,-264.0,25729.0,0,291000.0,0.0,32000.0,0.0,Car loan,-993,
100007,5000015,Closed,currency 1,-1724,0,-1386.0,-1386.0,,0,110000.0,0.0,23000.0,0.0,Consumer credit,-1203,
100007,5000016,Closed,currency 1,-1548,0,-1095.0,-1095.0,,0,39000.0,0.0,5000.0,0.0,Consumer credit,-991,
100008,5000017,Closed,currency 1,-353,0,361.0,361.0,,0,172000.0,0.0,37000.0,0.0,Consumer credit,-2448,3200.0
100008,5000018,Closed,currency 1,-617,0,-181.0,-181.0,2100.0,0,2138000.0,0.0,584000.0,0.0,Consumer credit,-182,
100009,5000019,Active,currency 1,-1923,0,-363.0,,672.0,0,358000.0,97000.0,59000.0,0.0,Consumer credit,-1782,18100.0
100009,5000020,Active,currency 1,-1193,0,989.0,,,0,172000.0,31000.0,26000.0,0.0,Consumer credit,-665,7000.0
100010,5000021,Active,currency 1,-241,0,1534.0,,,0,133000.0,105000.0,24000.0,0.0,Consumer credit,-500,
100010,5000022,Closed,currency 1,-2102,0,-1812.0,-1812.0,,0,12000.0,0.0,0.0,0.0,Consumer credit,-1520,300.0
100010,5000023,Active,currency 1,-1188,0,573.0,,6070.0,0,4000.0,3000.0,0.0,0.0,Consumer credit,-1549,100.0
100010,5000024,Closed,currency 1,-1076,0,967.0,967.0,,0,530000.0,0.0,63000.0,0.0,Consumer credit,-1404,
100011,5000025,Active,currency 1,-838,0,1272.0,,5321.0,0,116000.0,15000.0,26000.0,0.0,Consumer credit,-1129,
100011,5000026,Closed,currency 1,-768,0,-230.0,-230.0,,0,496000.0,0.0,154000.0,0.0,Credit card,-1382,19600.0
100011,5000027,Closed,currency 1,-1008,117,-406.0,-406.0,,0,289000.0,0.0,90000.0,14450.0,Credit card,-1496,
100012,5000028,Closed,currency 1,-347,0,1626.0,1626.0,,0,114000.0,0.0,45000.0,0.0,Consumer credit,-1608,
100013,5000029,Closed,currency 1,-2657,0,-522.0,-522.0,,1,82000.0,0.0,28000.0,0.0,Mortgage,-1682,
100013,5000030,Active,currency 1,-2845,0,-1245.0,,,0,2237000.0,1881000.0,800000.0,0.0,Consumer credit,-1939,
100014,5000031,Active,currency 1,-265,0,155.0,,,0,515000.0,191000.0,66000.0,0.0,Microloan,-1104,
100014,5000032,Active,currency 1,-2771,0,-2323.0,,21299.0,0,641000.0,172000.0,189000.0,0.0,Consumer credit,-882,13200.0
100015,5000033,Active,currency 1,-940,0,-18.0,,1784.0,0,274000.0,175000.0,77000.0,0.0,Credit card,-45,
100015,5000034,Closed,currency 1,-2259,0,-1301.0,-1301.0,10739.0,0,85000.0,0.0,20000.0,0.0,Consumer credit,-1444,
100018,5000035,Active,currency 1,-483,0,272.0,,,0,1413000.0,466000.0,112000.0,0.0,Another type of loan,-2425,
100018,5000036,Closed,currency 1,-1761,0,268.0,268.0,6199.0,0,317000.0,0.0,82000.0,0.0,Credit card,-570,
100018,5000037,Closed,currency 1,-2891,0,-1295.0,-1295.0,,0,225000.0,0.0,4000.0,0.0,Mortgage,-1635,
100019,5000038,Closed,currency 1,-2593,0,-819.0,-819.0,,0,148000.0,0.0,43000.0,0.0,Consumer credit,-1222,
100019,5000039,Active,currency 1,-2209,0,-307.0,,,0,301000.0,277000.0,15000.0,0.0,Credit card,-338,
100019,5000040,Active,currency 1,-43,0,1552.0,,,0,173000.0,57000.0,16000.0,0.0,Consumer credit,-755,
100019,5000041,Closed,currency 1,-2657,0,-1881.0,-1881.0,,0,52000.0,0.0,17000.0,0.0,Consumer credit,-535,
100020,5000042,Closed,currency 1,-99,0,1751.0,1751.0,,0,157000.0,0.0,32000.0,0.0,Consumer credit,-2410,
100020,5000043,Closed,currency 1,-594,0,1477.0,1477.0,5953.0,0,93000.0,0.0,20000.0,0.0,Credit card,-2477,1800.0
100020,5000044,Active,currency 1,-2268,0,-424.0,,3669.0,0,239000.0,206000.0,27000.0,0.0,Credit card,-381,5700.0
100021,5000045,Closed,currency 1,-2872,0,-2188.0,-2188.0,,0,276000.0,0.0,56000.0,0.0,Consumer credit,-1355,
100021,5000046,Active,currency 1,-281,0,63.0,,,0,275000.0,17000.0,8000.0,0.0,Credit card,-2399,
100021,5000047,Active,currency 1,-627,0,51.0,,,0,12000.0,4000.0,4000.0,0.0,Loan for business development,-2019,
100021,5000048,Active,currency 1,-2884,0,-864.0,,,0,373000.0,104000.0,70000.0,0.0,Consumer credit,-2190,6900.0
100023,5000049,Closed,currency 1,-662,0,1297.0,1297.0,13126.0,0,101000.0,0.0,39000.0,0.0,Consumer credit,-93,
100023,5000050,Closed,currency 1,-2550,0,-1685.0,-1685.0,,0,94000.0,0.0,1000.0,0.0,Consumer credit,-1887,
100024,5000051,Closed,currency 1,-2378,0,-1480.0,-1480.0,,0,15000.0,0.0,1000.0,0.0,Consumer credit,-1749,
100026,5000052,Closed,currency 1,-1805,0,-344.0,-344.0,11040.0,0,86000.0,0.0,16000.0,0.0,Consumer credit,-2460,
100026,5000053,Active,currency 1,-2116,0,-551.0,,,0,304000.0,254000.0,62000.0,0.0,Credit card,-1229,
100027,5000054,Closed,currency 1,-2233,0,-661.0,-661.0,,0,320000.0,0.0,120000.0,0.0,Credit card,-2308,
100027,5000055,Closed,currency 1,-890,0,-461.0,-461.0,,0,70000.0,0.0,12000.0,0.0,Car loan,-787,
100027,5000056,Active,currency 1,-1878,70,-432.0,,,0,259000.0,144000.0,10000.0,12950.0,Consumer credit,-2071,
100027,5000057,Closed,currency 1,-471,0,262.0,262.0,,0,1218000.0,0.0,353000.0,0.0,Consumer credit,-1872,
100027,5000058,Closed,currency 1,-1614,0,-11.0,-11.0,,0,314000.0,0.0,85000.0,0.0,Car loan,-916,
100027,5000059,Closed,currency 1,-495,155,358.0,358.0,,0,255000.0,0.0,29000.0,12750.0,Consumer credit,-2432,
100027,5000060,Closed,currency 1,-2028,0,-1496.0,-1496.0,,0,106000.0,0.0,30000.0,0.0,Consumer credit,-2138,
100028,5000061,Active,currency 1,-2509,0,-650.0,,17492.0,0,73000.0,57000.0,19000.0,0.0,Credit card,-1998,
100028,5000062,Closed,currency 1,-1664,0,216.0,216.0,11996.0,0,213000.0,0.0,18000.0,0.0,Consumer credit,-390,
100028,5000063,Closed,currency 1,-978,0,-659.0,-659.0,,0,276000.0,0.0,63000.0,0.0,Credit card,-1586,
100028,5000064,Active,currency 1,-331,0,553.0,,,0,143000.0,67000.0,11000.0,0.0,Credit card,-1504,
100029,5000065,Closed,currency 1,-545,0,-164.0,-164.0,,0,55000.0,0.0,8000.0,0.0,Consumer credit,-1460,
100029,5000066,Closed,currency 1,-273,0,583.0,583.0,4026.0,0,491000.0,0.0,168000.0,0.0,Consumer credit,-2145,
100031,5000067,Active,currency 1,-1049,0,-823.0,,,0,112000.0,67000.0,42000.0,0.0,Loan for business development,-1465,
100031,5000068,Active,currency 1,-1125,0,-922.0,,,0,121000.0,94000.0,10000.0,0.0,Consumer credit,-171,
100031,5000069,Active,currency 1,-224,0,1498.0,,,0,15000.0,7000.0,3000.0,0.0,Consumer credit,-467,
100031,5000070,Active,currency 1,-29,0,1353.0,,,0,46000.0,42000.0,7000.0,0.0,Credit card,-374,
100033,5000071,Active,currency 1,-517,0,979.0,,1714.0,0,67000.0,45000.0,19000.0,0.0,Consumer credit,-1124,
100034,5000072,Active,currency 1,-168,0,1535.0,,,0,428000.0,147000.0,13000.0,0.0,Car loan,-974,
100034,5000073,Closed,currency 1,-2093,0,-1501.0,-1501.0,,0,987000.0,0.0,311000.0,0.0,Consumer credit,-2352,
100036,5000074,Closed,currency 1,-1277,0,375.0,375.0,,0,237000.0,0.0,5000.0,0.0,Microloan,-2451,4100.0
100036,5000075,Closed,currency 1,-1861,0,-1499.0,-1499.0,,0,699000.0,0.0,227000.0,0.0,Consumer credit,-1272,31000.0
100036,5000076,Active,currency 1,-1884,0,-1682.0,,29113.0,0,235000.0,91000.0,94000.0,0.0,Loan for business development,-2214,
100037,5000077,Active,currency 1,-1293,0,-465.0,,43159.0,0,84000.0,19000.0,22000.0,0.0,Consumer credit,-1149,2800.0
100037,5000078,Active,currency 1,-1301,0,408.0,,,0,431000.0,268000.0,37000.0,0.0,Credit card,-1208,
100038,5000079,Active,currency 1,-552,0,975.0,,92.0,0,672000.0,156000.0,35000.0,0.0,Credit card,-2282,
100038,5000080,Closed,currency 1,-2270,0,-166.0,-166.0,,0,303000.0,0.0,21000.0,0.0,Car loan,-1462,
100038,5000081,Active,currency 1,-1664,0,-207.0,,,0,69000.0,8000.0,4000.0,0.0,Credit card,-1699,2100.0
100039,5000082,Active,currency 1,-460,0,-120.0,,,0,80000.0,59000.0,9000.0,0.0,Credit card,-1243,2500.0
100039,5000083,Closed,currency 1,-2077,0,-1385.0,-1385.0,,0,269000.0,0.0,40000.0,0.0,Consumer credit,-825,
100040,5000084,Active,currency 1,-847,0,287.0,,,0,125000.0,91000.0,12000.0,0.0,Consumer credit,-166,
100042,5000085,Active,currency 1,-2471,0,-404.0,,,0,216000.0,194000.0,23000.0,0.0,Credit card,-598,16700.0
100042,5000086,Closed,currency 1,-2723,0,-2530.0,-2530.0,1304.0,0,168000.0,0.0,61000.0,0.0,Consumer credit,-1284,6700.0
100042,5000087,Active,currency 1,-163,0,1857.0,,30469.0,0,160000.0,115000.0,38000.0,0.0,Consumer credit,-1020,6700.0
100044,5000088,Closed,currency 1,-1265,0,436.0,436.0,,0,795000.0,0.0,220000.0,0.0,Mortgage,-1815,
100044,5000089,Closed,currency 1,-783,0,489.0,489.0,,0,241000.0,0.0,43000.0,0.0,Consumer credit,-27,5000.0
100044,5000090,Active,currency 1,-333,0,1614.0,,,0,460000.0,53000.0,109000.0,0.0,Credit card,-2496,
100045,5000091,Closed,currency 1,-2301,0,-292.0,-292.0,,0,46000.0,0.0,13000.0,0.0,Credit card,-712,1200.0
100045,5000092,Closed,currency 1,-1420,0,-778.0,-778.0,,0,55000.0,0.0,13000.0,0.0,Consumer credit,-1778,
100045,5000093,Closed,currency 1,-1145,0,-537.0,-537.0,14775.0,0,178000.0,0.0,40000.0,0.0,Consumer credit,-1075,
100045,5000094,Closed,currency 1,-1508,0,-1118.0,-1118.0,,0,93000.0,0.0,15000.0,0.0,Consumer credit,-2142,
100045,5000095,Closed,currency 1,-2854,0,-2631.0,-2631.0,,0,216000.0,0.0,16000.0,0.0,Consumer credit,-1366,3800.0
100046,5000096,Active,currency 1,-1657,0,61.0,,,0,151000.0,89000.0,48000.0,0.0,Consumer credit,-633,
100046,5000097,Closed,currency 1,-2405,0,-1567.0,-1567.0,150.0,0,47000.0,0.0,12000.0,0.0,Credit card,-63,2000.0
100046,5000098,Closed,currency 1,-203,0,100.0,100.0,,0,71000.0,0.0,6000.0,0.0,Microloan,-1038,
100046,5000099,Active,currency 1,-1995,0,-1105.0,,,0,404000.0,260000.0,18000.0,0.0,Credit card,-580,8500.0
100046,5000100,Closed,currency 1,-1155,0,705.0,705.0,,0,108000.0,0.0,11000.0,0.0,Consumer credit,-725,
100046,5000101,Closed,currency 1,-2468,0,-2060.0,-2060.0,,0,255000.0,0.0,94000.0,0.0,Consumer credit,-1617,
100046,5000102,Closed,currency 1,-1742,0,334.0,334.0,2031.0,0,44000.0,0.0,3000.0,0.0,Consumer credit,-2383,
100047,5000103,Active,currency 1,-2577,0,-1758.0,,2900.0,0,36000.0,31000.0,1000.0,0.0,Credit card,-1122,
100047,5000104,Active,currency 1,-2725,0,-681.0,,,0,422000.0,150000.0,152000.0,0.0,Car loan,-134,
100047,5000105,Closed,currency 1,-1097,77,13.0,13.0,,0,218000.0,0.0,4000.0,10900.0,Consumer credit,-704,
100048,5000106,Active,currency 1,-2877,0,-2615.0,,,0,647000.0,384000.0,165000.0,0.0,Consumer credit,-929,
100048,5000107,Closed,currency 1,-1,0,983.0,983.0,,0,278000.0,0.0,32000.0,0.0,Consumer credit,-282,
100048,5000108,Closed,currency 1,-582,0,238.0,238.0,,0,72000.0,0.0,14000.0,0.0,Consumer credit,-618,
100048,5000109,Closed,currency 1,-426,0,1430.0,1430.0,962.0,0,331000.0,0.0,125000.0,0.0,Consumer credit,-2170,6800.0
100049,5000110,Closed,currency 1,-1970,0,-1410.0,-1410.0,,0,1027000.0,0.0,89000.0,0.0,Consumer credit,-1885,78100.0
100049,5000111,Active,currency 1,-291,0,93.0,,,0,473000.0,72000.0,178000.0,0.0,Microloan,-1728,
100050,5000112,Closed,currency 1,-1254,0,-924.0,-924.0,6139.0,0,387000.0,0.0,35000.0,0.0,Consumer credit,-2424,10000.0
100050,5000113,Active,currency 1,-1059,0,423.0,,309.0,0,78000.0,17000.0,5000.0,0.0,Credit card,-880,2700.0
100051,5000114,Closed,currency 1,-2023,0,-1614.0,-1614.0,,0,518000.0,0.0,110000.0,0.0,Consumer credit,-792,
100053,5000115,Closed,currency 1,-2715,0,-597.0,-597.0,,0,37000.0,0.0,12000.0,0.0,Consumer credit,-1392,
100053,5000116,Closed,currency 1,-2789,0,-2050.0,-2050.0,1977.0,0,572000.0,0.0,100000.0,0.0,Consumer credit,-603,10900.0
100053,5000117,Active,currency 1,-2710,0,-599.0,,,0,853000.0,94000.0,211000.0,0.0,Consumer credit,-242,18300.0
100053,5000118,Closed,currency 1,-2120,0,-297.0,-297.0,,0,164000.0,0.0,21000.0,0.0,Credit card,-2310,4300.0
100053,5000119,Closed,currency 1,-1636,0,440.0,440.0,25788.0,0,1512000.0,0.0,515000.0,0.0,Consumer credit,-1661,
100055,5000120,Closed,currency 1,-1666,0,-1027.0,-1027.0,5429.0,0,329000.0,0.0,22000.0,0.0,Consumer credit,-1017,
100055,5000121,Active,currency 1,-2033,0,-473.0,,,0,163000.0,30000.0,59000.0,0.0,Consumer credit,-273,
100055,5000122,Closed,currency 1,-86,0,1750.0,1750.0,,0,132000.0,0.0,10000.0,0.0,Consumer credit,-2468,4400.0
100055,5000123,Closed,currency 1,-696,0,392.0,392.0,,0,886000.0,0.0,322000.0,0.0,Credit card,-1880,
100056,5000124,Closed,currency 1,-1076,0,870.0,870.0,1428.0,0,2246000.0,0.0,314000.0,0.0,Another type of loan,-548,
100056,5000125,Closed,currency 1,-299,0,687.0,687.0,586.0,0,320000.0,0.0,2000.0,0.0,Car loan,-839,
100058,5000126,Active,currency 1,-2213,0,-1087.0,,4087.0,0,156000.0,107000.0,35000.0,0.0,Microloan,-1709,
100058,5000127,Active,currency 1,-1144,0,480.0,,,0,46000.0,40000.0,1000.0,0.0,Consumer credit,-464,
100058,5000128,Active,currency 1,-1162,0,888.0,,,0,235000.0,183000.0,87000.0,0.0,Consumer credit,-1190,
100059,5000129,Closed,currency 1,-641,0,1385.0,1385.0,,0,92000.0,0.0,7000.0,0.0,Consumer credit,-960,
100059,5000130,Active,currency 1,-2264,0,-1329.0,,,0,342000.0,195000.0,61000.0,0.0,Credit card,-694,
100059,5000131,Active,currency 1,-2231,0,-1977.0,,3917.0,0,928000.0,293000.0,77000.0,0.0,Consumer credit,-2227,
100059,5000132,Closed,currency 1,-323,0,1830.0,1830.0,,0,33000.0,0.0,13000.0,0.0,Consumer credit,-1842,1900.0
100060,5000133,Closed,currency 1,-2863,0,-2382.0,-2382.0,1251.0,0,340000.0,0.0,110000.0,0.0,Credit card,-748,
100060,5000134,Closed,currency 1,-783,0,1387.0,1387.0,,0,222000.0,0.0,60000.0,0.0,Consumer credit,-1201,
100060,5000135,Active,currency 1,-1977,0,-1076.0,,,0,95000.0,18000.0,4000.0,0.0,Consumer credit,-1919,
100060,5000136,Closed,currency 1,-2055,0,-1264.0,-1264.0,,0,183000.0,0.0,24000.0,0.0,Consumer credit,-1642,6700.0
100060,5000137,Closed,currency 1,-2872,0,-1082.0,-1082.0,9625.0,0,74000.0,0.0,23000.0,0.0,Consumer credit,-1261,
100060,5000138,Closed,currency 1,-1627,0,69.0,69.0,,0,254000.0,0.0,4000.0,0.0,Credit card,-1103,4800.0
100060,5000139,Closed,currency 1,-1138,0,-391.0,-391.0,,0,58000.0,0.0,1000.0,0.0,Credit card,-281,
100061,5000140,Closed,currency 1,-2204,0,-16.0,-16.0,6430.0,0,254000.0,0.0,38000.0,0.0,Consumer credit,-1753,
100061,5000141,Closed,currency 1,-2181,0,-1271.0,-1271.0,,0,273000.0,0.0,81000.0,0.0,Consumer credit,-493,6600.0
100061,5000142,Closed,currency 1,-192,0,101.0,101.0,1678.0,0,313000.0,0.0,53000.0,0.0,Consumer credit,-2321,
100061,5000143,Closed,currency 1,-2244,0,-1480.0,-1480.0,,0,72000.0,0.0,19000.0,0.0,Consumer credit,-369,
100062,5000144,Active,currency 1,-684,0,1316.0,,9876.0,0,168000.0,92000.0,47000.0,0.0,Consumer credit,-1537,4200.0
100062,5000145,Active,currency 1,-654,0,464.0,,4704.0,0,156000.0,125000.0,15000.0,0.0,Credit card,-2389,
100063,5000146,Active,currency 1,-2311,0,-1451.0,,1680.0,0,80000.0,59000.0,8000.0,0.0,Consumer credit,-4,
100063,5000147,Active,currency 1,-137,0,594.0,,6634.0,0,54000.0,48000.0,3000.0,0.0,Consumer credit,-1179,1800.0
100064,5000148,Closed,currency 1,-2368,0,-488.0,-488.0,,0,209000.0,0.0,2000.0,0.0,Credit card,-988,
100064,5000149,Active,currency 1,-2858,0,-1157.0,,5311.0,0,221000.0,72000.0,81000.0,0.0,Credit card,-2340,
100064,5000150,Active,currency 1,-1783,0,-1222.0,,,0,2252000.0,1569000.0,512000.0,0.0,Consumer credit,-231,
100065,5000151,Closed,currency 1,-646,0,88.0,88.0,,0,68000.0,0.0,23000.0,0.0,Consumer credit,-1509,2000.0
100065,5000152,Active,currency 1,-1278,0,-712.0,,,0,413000.0,113000.0,43000.0,0.0,Consumer credit,-1396,8000.0
100065,5000153,Closed,currency 1,-476,0,131.0,131.0,,0,352000.0,0.0,87000.0,0.0,Consumer credit,-413,7200.0
100065,5000154,Closed,currency 1,-2027,0,-1659.0,-1659.0,,0,190000.0,0.0,33000.0,0.0,Consumer credit,-1537,
100065,5000155,Closed,currency 1,-2485,0,-913.0,-913.0,,0,495000.0,0.0,196000.0,0.0,Microloan,-995,32500.0
100065,5000156,Closed,currency 1,-2108,0,-777.0,-777.0,3076.0,0,107000.0,0.0,16000.0,0.0,Credit card,-366,3300.0
100065,5000157,Closed,currency 1,-1416,0,-722.0,-722.0,7022.0,0,134000.0,0.0,32000.0,0.0,Consumer credit,-881,
100065,5000158,Closed,currency 1,-2331,0,-207.0,-207.0,,0,374000.0,0.0,33000.0,0.0,Credit card,-2468,
100066,5000159,Closed,currency 1,-253,0,539.0,539.0,,0,151000.0,0.0,54000.0,0.0,Consumer credit,-2365,
100067,5000160,Active,currency 1,-747,0,448.0,,,0,178000.0,109000.0,65000.0,0.0,Car loan,-2137,
100067,5000161,Active,currency 1,-2691,0,-1186.0,,163.0,0,106000.0,79000.0,23000.0,0.0,Consumer credit,-1894,
100068,5000162,Active,currency 1,-1856,0,-180.0,,,0,255000.0,225000.0,81000.0,0.0,Car loan,-337,
100068,5000163,Closed,currency 1,-315,0,566.0,566.0,102966.0,0,319000.0,0.0,4000.0,0.0,Consumer credit,-48,
100068,5000164,Closed,currency 1,-2180,0,-187.0,-187.0,,0,341000.0,0.0,135000.0,0.0,Consumer credit,-1352,
100069,5000165,Active,currency 1,-2706,0,-1646.0,,,0,40000.0,6000.0,7000.0,0.0,Consumer credit,-1352,
100071,5000166,Closed,currency 1,-633,0,1431.0,1431.0,,0,72000.0,0.0,2000.0,0.0,Credit card,-2437,
100071,5000167,Closed,currency 1,-2227,0,-604.0,-604.0,,0,71000.0,0.0,12000.0,0.0,Credit card,-1751,
100071,5000168,Closed,currency 1,-555,0,-105.0,-105.0,,0,60000.0,0.0,9000.0,0.0,Consumer credit,-1333,
100071,5000169,Active,currency 1,-1316,133,546.0,,,0,265000.0,212000.0,86000.0,13250.0,Credit card,-1988,
100071,5000170,Active,currency 1,-1760,0,-706.0,,,0,196000.0,37000.0,63000.0,0.0,Car loan,-2387,
100072,5000171,Closed,currency 1,-1946,0,153.0,153.0,,0,280000.0,0.0,25000.0,0.0,Credit card,-210,
100072,5000172,Closed,currency 1,-2331,0,-1791.0,-1791.0,,0,252000.0,0.0,36000.0,0.0,Consumer credit,-830,
100072,5000173,Closed,currency 1,-786,0,199.0,199.0,2365.0,0,39000.0,0.0,15000.0,0.0,Credit card,-2069,
100073,5000174,Active,currency 1,-1427,0,325.0,,16051.0,0,65000.0,60000.0,5000.0,0.0,Consumer credit,-2105,
100073,5000175,Active,currency 1,-618,0,440.0,,,1,307000.0,212000.0,119000.0,0.0,Consumer credit,-1872,
100073,5000176,Closed,currency 1,-2773,0,-2513.0,-2513.0,,0,152000.0,0.0,53000.0,0.0,Car loan,-535,2700.0
100073,5000177,Closed,currency 1,-1751,0,-151.0,-151.0,,0,41000.0,0.0,15000.0,0.0,Credit card,-1767,
100076,5000178,Active,currency 1,-483,0,856.0,,,0,935000.0,816000.0,164000.0,0.0,Consumer credit,-2391,
100076,5000179,Active,currency 1,-2674,0,-2204.0,,,0,351000.0,307000.0,73000.0,0.0,Consumer credit,-2443,
100076,5000180,Active,currency 1,-435,0,1272.0,,,0,180000.0,154000.0,42000.0,0.0,Consumer credit,-2390,
100077,5000181,Closed,currency 1,-2092,0,-1186.0,-1186.0,,0,284000.0,0.0,110000.0,0.0,Consumer credit,-2077,
100077,5000182,Closed,currency 1,-217,0,606.0,606.0,,0,433000.0,0.0,25000.0,0.0,Consumer credit,-1543,
100079,5000183,Closed,currency 1,-1277,0,138.0,138.0,,0,470000.0,0.0,132000.0,0.0,Consumer credit,-576,
100081,5000184,Closed,currency 1,-2353,0,-1916.0,-1916.0,,0,321000.0,0.0,43000.0,0.0,Loan for business development,-1024,
100082,5000185,Active,currency 1,-2202,0,-1312.0,,,0,29000.0,23000.0,9000.0,0.0,Consumer credit,-176,
100082,5000186,Closed,currency 1,-262,0,564.0,564.0,1677.0,0,303000.0,0.0,75000.0,0.0,Credit card,-1977,7500.0
100083,5000187,Active,currency 1,-1741,0,-833.0,,,0,241000.0,227000.0,16000.0,0.0,Car loan,-962,
100083,5000188,Closed,currency 1,-443,0,1378.0,1378.0,,0,128000.0,0.0,25000.0,0.0,Car loan,-1230,6200.0
100083,5000189,Active,currency 1,-1898,0,-1215.0,,8264.0,0,57000.0,19000.0,10000.0,0.0,Consumer credit,-1934,
100083,5000190,Closed,currency 1,-261,0,1813.0,1813.0,,0,35000.0,0.0,9000.0,0.0,Consumer credit,-671,
100083,5000191,Closed,currency 1,-2007,0,-1152.0,-1152.0,,0,311000.0,0.0,61000.0,0.0,Mortgage,-2056,
100084,5000192,Closed,currency 1,-1979,0,-823.0,-823.0,,0,1863000.0,0.0,615000.0,0.0,Consumer credit,-2292,
100084,5000193,Closed,currency 1,-1101,0,678.0,678.0,2235.0,0,255000.0,0.0,55000.0,0.0,Consumer credit,-1026,
100084,5000194,Closed,currency 1,-1270,0,473.0,473.0,4781.0,0,180000.0,0.0,65000.0,0.0,Consumer credit,-1722,4600.0
100086,5000195,Closed,currency 1,-2461,0,-2015.0,-2015.0,,0,322000.0,0.0,53000.0,0.0,Consumer credit,-2139,
100086,5000196,Closed,currency 1,-1075,0,912.0,912.0,,0,72000.0,0.0,15000.0,0.0,Consumer credit,-2028,
100086,5000197,Closed,currency 1,-371,0,337.0,337.0,,0,186000.0,0.0,29000.0,0.0,Consumer credit,-88,
100086,5000198,Closed,currency 1,-2509,0,-572.0,-572.0,,0,55000.0,0.0,12000.0,0.0,Consumer credit,-1545,
100086,5000199,Closed,currency 1,-85,0,1255.0,1255.0,,0,192000.0,0.0,57000.0,0.0,Another type of loan,-176,
100087,5000200,Closed,currency 1,-1275,0,655.0,655.0,,0,492000.0,0.0,68000.0,0.0,Consumer credit,-1474,
100087,5000201,Closed,currency 1,-2372,0,-943.0,-943.0,,0,493000.0,0.0,59000.0,0.0,Consumer credit,-398,
100087,5000202,Active,currency 1,-1124,0,1027.0,,,0,149000.0,98000.0,43000.0,0.0,Credit card,-269,
100087,5000203,Active,currency 1,-2681,0,-2379.0,,,0,100000.0,30000.0,8000.0,0.0,Consumer credit,-1021,
100088,5000204,Closed,currency 1,-1555,0,126.0,126.0,,0,46000.0,0.0,17000.0,0.0,Consumer credit,-1929,
100088,5000205,Closed,currency 1,-2045,0,-1783.0,-1783.0,4394.0,0,37000.0,0.0,14000.0,0.0,Consumer credit,-575,
100089,5000206,Closed,currency 1,-518,0,1296.0,1296.0,,0,412000.0,0.0,49000.0,0.0,Credit card,-318,7100.0
100089,5000207,Closed,currency 1,-85,0,293.0,293.0,,0,496000.0,0.0,30000.0,0.0,Credit card,-321,
100089,5000208,Closed,currency 1,-597,0,764.0,764.0,,0,16000.0,0.0,3000.0,0.0,Credit card,-2002,
100089,5000209,Closed,currency 1,-1394,0,95.0,95.0,4118.0,0,655000.0,0.0,73000.0,0.0,Credit card,-1756,
100089,5000210,Active,currency 1,-533,0,-10.0,,,0,104000.0,25000.0,1000.0,0.0,Microloan,-265,2800.0
100089,5000211,Active,currency 1,-1101,0,-144.0,,,0,258000.0,111000.0,30000.0,0.0,Credit card,-2105,
100090,5000212,Closed,currency 1,-1005,0,568.0,568.0,,0,56000.0,0.0,1000.0,0.0,Consumer credit,-2222,2500.0
100091,5000213,Closed,currency 1,-1551,0,-1362.0,-1362.0,,0,256000.0,0.0,73000.0,0.0,Consumer credit,-1415,
100091,5000214,Active,currency 1,-1714,0,-694.0,,,0,34000.0,16000.0,0.0,0.0,Consumer credit,-565,
100091,5000215,Active,currency 1,-2870,0,-1977.0,,,0,263000.0,111000.0,7000.0,0.0,Consumer credit,-1499,
100093,5000216,Closed,currency 1,-32,0,207.0,207.0,,0,17000.0,0.0,6000.0,0.0,Consumer credit,-2147,
100094,5000217,Closed,currency 1,-467,0,1338.0,1338.0,,0,363000.0,0.0,129000.0,0.0,Car loan,-772,8000.0
100094,5000218,Closed,currency 1,-2292,0,-373.0,-373.0,,0,121000.0,0.0,26000.0,0.0,Consumer credit,-327,
100094,5000219,Active,currency 1,-2476,153,-952.0,,,0,118000.0,109000.0,3000.0,5900.0,Credit card,-1887,
100096,5000220,Active,currency 1,-122,0,496.0,,5862.0,0,113000.0,55000.0,42000.0,0.0,Consumer credit,-349,
100096,5000221,Active,currency 1,-2272,79,-1046.0,,,0,368000.0,271000.0,142000.0,18400.0,Consumer credit,-225,
100097,5000222,Closed,currency 1,-509,0,1111.0,1111.0,1484.0,0,10000.0,0.0,2000.0,0.0,Credit card,-1869,
100097,5000223,Active,currency 1,-1318,0,-144.0,,,0,931000.0,368000.0,4000.0,0.0,Consumer credit,-948,
100098,5000224,Closed,currency 1,-1347,0,536.0,536.0,,0,728000.0,0.0,72000.0,0.0,Consumer credit,-2385,
100098,5000225,Closed,currency 1,-2333,0,-627.0,-627.0,4121.0,0,18000.0,0.0,2000.0,0.0,Consumer credit,-1418,
100098,5000226,Closed,currency 1,-2625,0,-967.0,-967.0,,0,188000.0,0.0,5000.0,0.0,Consumer credit,-2153,
100098,5000227,Closed,currency 1,-346,34,186.0,186.0,,0,35000.0,0.0,12000.0,1750.0,Credit card,-278,900.0
100099,5000228,Active,currency 1,-643,0,800.0,,,0,442000.0,329000.0,36000.0,0.0,Credit card,-1863,
100099,5000229,Active,currency 1,-1523,0,555.0,,,0,262000.0,119000.0,88000.0,0.0,Consumer credit,-2308,
100100,5000230,Active,currency 1,-303,56,924.0,,,0,357000.0,102000.0,96000.0,17850.0,Car loan,-15,
100100,5000231,Closed,currency 1,-2870,0,-1911.0,-1911.0,698.0,0,97000.0,0.0,4000.0,0.0,Consumer credit,-707,
100101,5000232,Active,currency 1,-613,0,613.0,,3443.0,0,14000.0,5000.0,2000.0,0.0,Mortgage,-2004,
100102,5000233,Closed,currency 1,-1807,0,-100.0,-100.0,,0,17000.0,0.0,6000.0,0.0,Credit card,-2318,
100102,5000234,Active,currency 1,-2359,0,-1094.0,,,0,432000.0,318000.0,113000.0,0.0,Consumer credit,-1457,7700.0
100102,5000235,Closed,currency 1,-2023,0,-1536.0,-1536.0,,0,114000.0,0.0,1000.0,0.0,Credit card,-2078,
100103,5000236,Active,currency 1,-614,0,381.0,,1975.0,0,24000.0,17000.0,8000.0,0.0,Microloan,-2461,700.0
100103,5000237,Closed,currency 1,-617,0,1300.0,1300.0,5662.0,0,100000.0,0.0,16000.0,0.0,Consumer credit,-1942,
100105,5000238,Closed,currency 1,-2753,0,-1695.0,-1695.0,,0,20000.0,0.0,2000.0,0.0,Car loan,-1494,
100105,5000239,Active,currency 1,-2809,0,-2439.0,,,0,608000.0,215000.0,215000.0,0.0,Consumer credit,-1175,
100105,5000240,Closed,currency 1,-542,0,-275.0,-275.0,,0,69000.0,0.0,12000.0,0.0,Consumer credit,-275,
100107,5000241,Closed,currency 1,-854,0,1276.0,1276.0,,0,240000.0,0.0,12000.0,0.0,Consumer credit,-858,
100107,5000242,Active,currency 1,-1044,89,747.0,,,0,164000.0,41000.0,48000.0,8200.0,Consumer credit,-954,4300.0
100107,5000243,Active,currency 1,-1258,0,106.0,,,0,1556000.0,532000.0,2000.0,0.0,Consumer credit,-480,
100107,5000244,Closed,currency 1,-513,0,75.0,75.0,,0,53000.0,0.0,2000.0,0.0,Credit card,-1961,1700.0
100109,5000245,Closed,currency 1,-629,0,-340.0,-340.0,,0,373000.0,0.0,27000.0,0.0,Consumer credit,-816,
100109,5000246,Active,currency 1,-771,0,239.0,,,0,101000.0,41000.0,17000.0,0.0,Consumer credit,-1311,
100110,5000247,Active,currency 1,-1871,0,-652.0,,,1,216000.0,90000.0,43000.0,0.0,Consumer credit,-1327,
100110,5000248,Active,currency 1,-1853,0,-102.0,,1732.0,0,118000.0,111000.0,17000.0,0.0,Microloan,-865,8400.0
100110,5000249,Closed,currency 1,-2545,0,-1041.0,-1041.0,,0,67000.0,0.0,11000.0,0.0,Consumer credit,-1382,
100112,5000250,Closed,currency 1,-1646,0,-1460.0,-1460.0,,0,926000.0,0.0,246000.0,0.0,Credit card,-786,
100112,5000251,Closed,currency 1,-1147,0,470.0,470.0,4687.0,0,106000.0,0.0,28000.0,0.0,Credit card,-929,
100113,5000252,Closed,currency 1,-2453,0,-2149.0,-2149.0,,0,64000.0,0.0,22000.0,0.0,Credit card,-1540,
100113,5000253,Closed,currency 1,-2760,0,-1438.0,-1438.0,326.0,0,18000.0,0.0,4000.0,0.0,Consumer credit,-1339,
100113,5000254,Active,currency 1,-301,0,1844.0,,,0,173000.0,134000.0,54000.0,0.0,Consumer credit,-654,2900.0
100114,5000255,Active,currency 1,-1164,0,190.0,,,0,1214000.0,659000.0,261000.0,0.0,Consumer credit,-1421,
100115,5000256,Closed,currency 1,-2863,0,-2570.0,-2570.0,,0,499000.0,0.0,196000.0,0.0,Consumer credit,-1793,25700.0
100115,5000257,Active,currency 1,-365,0,1584.0,,,0,206000.0,92000.0,78000.0,0.0,Consumer credit,-1785,
100115,5000258,Active,currency 1,-676,0,1504.0,,1597.0,0,246000.0,222000.0,12000.0,0.0,Consumer credit,-1866,
100115,5000259,Closed,currency 1,-2210,0,-1009.0,-1009.0,,0,146000.0,0.0,43000.0,0.0,Consumer credit,-2354,
100116,5000260,Closed,currency 1,-445,0,1030.0,1030.0,,0,34000.0,0.0,4000.0,0.0,Consumer credit,-2481,
100116,5000261,Active,currency 1,-694,0,1362.0,,,0,215000.0,44000.0,78000.0,0.0,Consumer credit,-2305,4900.0
100116,5000262,Active,currency 1,-1102,0,-869.0,,101279.0,0,102000.0,17000.0,31000.0,0.0,Consumer credit,-2394,3600.0
100116,5000263,Active,currency 1,-2002,0,-184.0,,,0,425000.0,364000.0,94000.0,0.0,Consumer credit,-268,
100117,5000264,Closed,currency 1,-2410,0,-488.0,-488.0,,0,1148000.0,0.0,319000.0,0.0,Credit card,-1860,
100118,5000265,Closed,currency 1,-868,0,801.0,801.0,,0,102000.0,0.0,37000.0,0.0,Consumer credit,-2425,
100119,5000266,Closed,currency 1,-1912,0,-371.0,-371.0,34292.0,0,79000.0,0.0,25000.0,0.0,Mortgage,-2177,
100119,5000267,Closed,currency 1,-1232,0,-204.0,-204.0,1493.0,0,130000.0,0.0,15000.0,0.0,Credit card,-1794,
100120,5000268,Closed,currency 1,-1946,0,35.0,35.0,2728.0,0,83000.0,0.0,21000.0,0.0,Consumer credit,-1500,
100120,5000269,Active,currency 1,-1466,0,218.0,,,0,613000.0,482000.0,205000.0,0.0,Consumer credit,-508,
100121,5000270,Closed,currency 1,-1181,5,-521.0,-521.0,32995.0,0,557000.0,0.0,197000.0,27850.0,Consumer credit,-889,17200.0
100121,5000271,Active,currency 1,-2546,0,-1001.0,,,0,66000.0,56000.0,2000.0,0.0,Consumer credit,-994,
100121,5000272,Active,currency 1,-1653,0,-1355.0,,,0,58000.0,40000.0,9000.0,0.0,Mortgage,-1583,
100121,5000273,Active,currency 1,-1449,0,-1062.0,,2768.0,0,75000.0,39000.0,3000.0,0.0,Consumer credit,-1199,
100122,5000274,Closed,currency 1,-782,0,131.0,131.0,,0,67000.0,0.0,15000.0,0.0,Consumer credit,-719,
100122,5000275,Closed,currency 1,-848,0,97.0,97.0,,0,267000.0,0.0,90000.0,0.0,Consumer credit,-732,12000.0
100122,5000276,Active,currency 1,-1784,0,-1040.0,,,0,267000.0,189000.0,44000.0,0.0,Consumer credit,-1032,
100123,5000277,Closed,currency 1,-459,0,1212.0,1212.0,,0,193000.0,0.0,16000.0,0.0,Consumer credit,-319,
100123,5000278,Closed,currency 1,-1089,179,214.0,214.0,12426.0,0,264000.0,0.0,38000.0,13200.0,Mortgage,-1380,
100123,5000279,Closed,currency 1,-959,0,522.0,522.0,,0,714000.0,0.0,184000.0,0.0,Consumer credit,-1506,19200.0
100125,5000280,Active,currency 1,-507,0,975.0,,,0,317000.0,223000.0,13000.0,0.0,Consumer credit,-608,13400.0
100125,5000281,Active,currency 1,-2154,0,-847.0,,,0,196000.0,98000.0,52000.0,0.0,Consumer credit,-2442,
100126,5000282,Active,currency 1,-2726,0,-1439.0,,4774.0,0,248000.0,150000.0,41000.0,0.0,Consumer credit,-549,
100126,5000283,Active,currency 1,-1235,0,-283.0,,,0,494000.0,183000.0,91000.0,0.0,Consumer credit,-2340,8700.0
100127,5000284,Closed,currency 1,-210,0,70.0,70.0,,0,839000.0,0.0,295000.0,0.0,Consumer credit,-2258,
100127,5000285,Closed,currency 1,-2234,0,-820.0,-820.0,5466.0,0,383000.0,0.0,123000.0,0.0,Consumer credit,-524,
100129,5000286,Active,currency 1,-1221,0,-584.0,,,0,786000.0,417000.0,84000.0,0.0,Credit card,-965,
100132,5000287,Closed,currency 1,-2279,0,-1963.0,-1963.0,1284.0,0,152000.0,0.0,15000.0,0.0,Credit card,-780,
100132,5000288,Active,currency 1,-2175,0,-1595.0,,,0,236000.0,89000.0,79000.0,0.0,Car loan,-1821,4800.0
100133,5000289,Active,currency 1,-704,0,181.0,,4909.0,0,73000.0,64000.0,11000.0,0.0,Consumer credit,-605,1300.0
100133,5000290,Closed,currency 1,-415,0,107.0,107.0,,0,252000.0,0.0,81000.0,0.0,Consumer credit,-2203,4600.0
100133,5000291,Closed,currency 1,-1255,0,506.0,506.0,1316.0,0,628000.0,0.0,91000.0,0.0,Consumer credit,-566,
100133,5000292,Active,currency 1,-540,0,427.0,,,0,12000.0,6000.0,3000.0,0.0,Credit card,-1436,
100134,5000293,Active,currency 1,-1432,0,-266.0,,,0,319000.0,85000.0,21000.0,0.0,Credit card,-1982,
100134,5000294,Closed,currency 1,-2214,0,-596.0,-596.0,,0,530000.0,0.0,18000.0,0.0,Consumer credit,-410,
100134,5000295,Closed,currency 1,-2829,0,-1846.0,-1846.0,9476.0,0,163000.0,0.0,9000.0,0.0,Consumer credit,-2069,
100135,5000296,Active,currency 1,-1599,0,-498.0,,914.0,0,151000.0,90000.0,2000.0,0.0,Consumer credit,-457,4300.0
100135,5000297,Closed,currency 1,-400,0,994.0,994.0,3012.0,0,466000.0,0.0,92000.0,0.0,Consumer credit,-1460,
100135,5000298,Closed,currency 1,-64,0,1316.0,1316.0,,0,479000.0,0.0,147000.0,0.0,Credit card,-1902,15100.0
100135,5000299,Closed,currency 1,-868,0,119.0,119.0,,0,230000.0,0.0,64000.0,0.0,Mortgage,-593,
100136,5000300,Closed,currency 1,-204,0,1141.0,1141.0,,0,103000.0,0.0,3000.0,0.0,Consumer credit,-1126,
100136,5000301,Active,currency 1,-1759,0,-1480.0,,4044.0,0,357000.0,113000.0,141000.0,0.0,Consumer credit,-1432,7400.0
100136,5000302,Active,currency 1,-1331,0,309.0,,,0,131000.0,29000.0,11000.0,0.0,Credit card,-1172,
100136,5000303,Closed,currency 1,-616,0,458.0,458.0,,0,168000.0,0.0,64000.0,0.0,Consumer credit,-1784,
100136,5000304,Closed,currency 1,-737,0,227.0,227.0,543.0,0,48000.0,0.0,6000.0,0.0,Consumer credit,-1730,
100137,5000305,Closed,currency 1,-1200,0,-189.0,-189.0,,0,279000.0,0.0,80000.0,0.0,Consumer credit,-1313,
100137,5000306,Closed,currency 1,-2695,0,-1272.0,-1272.0,,0,125000.0,0.0,12000.0,0.0,Consumer credit,-199,
100137,5000307,Closed,currency 1,-2598,0,-1947.0,-1947.0,,0,177000.0,0.0,48000.0,0.0,Credit card,-2357,
100137,5000308,Closed,currency 1,-60,0,173.0,173.0,,0,45000.0,0.0,5000.0,0.0,Credit card,-288,
100137,5000309,Active,currency 1,-2068,0,-1232.0,,1075.0,0,198000.0,87000.0,29000.0,0.0,Consumer credit,-1145,7800.0
100138,5000310,Closed,currency 1,-2425,0,-1542.0,-1542.0,,0,880000.0,0.0,130000.0,0.0,Mortgage,-721,15500.0
100139,5000311,Closed,currency 1,-1823,0,-78.0,-78.0,,0,59000.0,0.0,15000.0,0.0,Credit card,-1607,1300.0
100139,5000312,Closed,currency 1,-874,0,1031.0,1031.0,1282.0,0,501000.0,0.0,35000.0,0.0,Consumer credit,-2380,
100140,5000313,Active,currency 1,-2896,0,-1563.0,,,0,604000.0,515000.0,107000.0,0.0,Car loan,-797,
100140,5000314,Closed,currency 1,-363,0,615.0,615.0,,0,54000.0,0.0,5000.0,0.0,Consumer credit,-873,
100140,5000315,Closed,currency 1,-2726,0,-970.0,-970.0,,0,131000.0,0.0,6000.0,0.0,Credit card,-662,
100141,5000316,Closed,currency 1,-1188,0,-67.0,-67.0,,0,30000.0,0.0,3000.0,0.0,Consumer credit,-2203,
100141,5000317,Closed,currency 1,-692,0,16.0,16.0,,0,724000.0,0.0,11000.0,0.0,Mortgage,-1933,26600.0
100142,5000318,Closed,currency 1,-2791,0,-1489.0,-1489.0,,0,1437000.0,0.0,182000.0,0.0,Consumer credit,-1868,
100143,5000319,Active,currency 1,-389,0,1431.0,,19782.0,0,390000.0,103000.0,81000.0,0.0,Credit card,-1196,
100144,5000320,Closed,currency 1,-1735,0,-1532.0,-1532.0,,0,108000.0,0.0,4000.0,0.0,Consumer credit,-956,
100144,5000321,Closed,currency 1,-1118,0,-11.0,-11.0,,0,213000.0,0.0,4000.0,0.0,Consumer credit,-1549,
100144,5000322,Closed,currency 1,-607,0,936.0,936.0,,0,594000.0,0.0,80000.0,0.0,Credit card,-2147,
100146,5000323,Closed,currency 1,-21,0,321.0,321.0,,0,240000.0,0.0,19000.0,0.0,Credit card,-1730,
100146,5000324,Closed,currency 1,-1426,0,-189.0,-189.0,,0,1598000.0,0.0,367000.0,0.0,Consumer credit,-975,
100147,5000325,Closed,currency 1,-2761,0,-706.0,-706.0,,0,119000.0,0.0,45000.0,0.0,Consumer credit,-2082,
100147,5000326,Closed,currency 1,-414,0,116.0,116.0,13587.0,0,40000.0,0.0,0.0,0.0,Consumer credit,-1921,
100147,5000327,Closed,currency 1,-327,0,940.0,940.0,5059.0,0,129000.0,0.0,21000.0,0.0,Consumer credit,-846,
100148,5000328,Closed,currency 1,-564,0,1334.0,1334.0,,0,25000.0,0.0,4000.0,0.0,Mortgage,-1681,
100148,5000329,Active,currency 1,-610,0,860.0,,,0,227000.0,20000.0,71000.0,0.0,Consumer credit,-2162,
100148,5000330,Closed,currency 1,-1322,0,-1036.0,-1036.0,,0,48000.0,0.0,8000.0,0.0,Credit card,-1166,
100148,5000331,Closed,currency 1,-1819,0,281.0,281.0,,0,64000.0,0.0,9000.0,0.0,Consumer credit,-2261,
100149,5000332,Closed,currency 1,-89,0,1486.0,1486.0,,0,134000.0,0.0,5000.0,0.0,Credit card,-1172,
100149,5000333,Closed,currency 1,-2262,0,-729.0,-729.0,464.0,0,90000.0,0.0,8000.0,0.0,Consumer credit,-1132,3000.0
100151,5000334,Closed,currency 1,-1661,0,66.0,66.0,,0,128000.0,0.0,47000.0,0.0,Credit card,-1492,
100151,5000335,Closed,currency 1,-165,0,2011.0,2011.0,7359.0,0,408000.0,0.0,143000.0,0.0,Consumer credit,-822,
100152,5000336,Active,currency 1,-1272,0,-1040.0,,4309.0,0,124000.0,102000.0,38000.0,0.0,Consumer credit,-1312,
100152,5000337,Active,currency 1,-263,0,782.0,,1205.0,0,117000.0,72000.0,35000.0,0.0,Credit card,-1108,
100152,5000338,Active,currency 1,-1828,0,-1622.0,,1915.0,0,94000.0,56000.0,21000.0,0.0,Consumer credit,-2334,7000.0
100152,5000339,Active,currency 1,-1383,0,-503.0,,,0,486000.0,211000.0,168000.0,0.0,Consumer credit,-470,
100153,5000340,Active,currency 1,-1419,0,-183.0,,,0,201000.0,56000.0,71000.0,0.0,Consumer credit,-1567,
100153,5000341,Closed,currency 1,-2843,0,-2153.0,-2153.0,,0,290000.0,0.0,66000.0,0.0,Credit card,-308,
100154,5000342,Closed,currency 1,-677,0,769.0,769.0,,0,205000.0,0.0,37000.0,0.0,Consumer credit,-703,
100155,5000343,Closed,currency 1,-1363,0,624.0,624.0,,0,190000.0,0.0,26000.0,0.0,Consumer credit,-1677,
100155,5000344,Closed,currency 1,-1799,0,-20.0,-20.0,4100.0,0,218000.0,0.0,67000.0,0.0,Credit card,-2428,
100156,5000345,Closed,currency 1,-2440,0,-485.0,-485.0,13361.0,0,89000.0,0.0,35000.0,0.0,Credit card,-2267,2600.0
100156,5000346,Active,currency 1,-1385,0,-969.0,,140.0,0,68000.0,52000.0,16000.0,0.0,Credit card,-2359,4000.0
100157,5000347,Closed,currency 1,-106,0,114.0,114.0,19131.0,0,208000.0,0.0,72000.0,0.0,Consumer credit,-1124,
100157,5000348,Closed,currency 1,-2401,0,-1094.0,-1094.0,,0,1489000.0,0.0,218000.0,0.0,Consumer credit,-867,
100157,5000349,Closed,currency 1,-1582,0,-241.0,-241.0,,0,345000.0,0.0,98000.0,0.0,Consumer credit,-1387,
100158,5000350,Active,currency 1,-780,0,1197.0,,5944.0,0,262000.0,148000.0,64000.0,0.0,Credit card,-1396,4600.0
100158,5000351,Active,currency 1,-747,0,406.0,,,0,21000.0,15000.0,8000.0,0.0,Consumer credit,-1122,
100158,5000352,Active,currency 1,-1553,0,-343.0,,,0,84000.0,22000.0,19000.0,0.0,Credit card,-745,
100159,5000353,Active,currency 1,-487,0,1432.0,,,0,161000.0,41000.0,7000.0,0.0,Credit card,-750,
100159,5000354,Closed,currency 1,-1438,0,591.0,591.0,,0,586000.0,0.0,161000.0,0.0,Consumer credit,-2167,
100160,5000355,Closed,currency 1,-675,0,67.0,67.0,,0,229000.0,0.0,22000.0,0.0,Consumer credit,-2305,
100160,5000356,Active,currency 1,-673,0,612.0,,,0,100000.0,27000.0,20000.0,0.0,Car loan,-1251,
100160,5000357,Closed,currency 1,-750,0,164.0,164.0,2822.0,0,1616000.0,0.0,383000.0,0.0,Consumer credit,-2228,
100160,5000358,Active,currency 1,-2471,0,-521.0,,,0,51000.0,10000.0,18000.0,0.0,Consumer credit,-776,
100160,5000359,Active,currency 1,-2498,0,-1807.0,,,0,103000.0,70000.0,14000.0,0.0,Consumer credit,-319,
100161,5000360,Active,currency 1,-430,0,1091.0,,,0,745000.0,614000.0,267000.0,0.0,Consumer credit,-1507,
100161,5000361,Active,currency 1,-2614,0,-1220.0,,,0,49000.0,30000.0,3000.0,0.0,Consumer credit,-1572,
100161,5000362,Active,currency 1,-2035,0,36.0,,,0,132000.0,87000.0,53000.0,0.0,Consumer credit,-744,4600.0
100161,5000363,Closed,currency 1,-2846,0,-1662.0,-1662.0,,0,431000.0,0.0,157000.0,0.0,Consumer credit,-76,
100162,5000364,Closed,currency 1,-1176,0,-204.0,-204.0,,0,42000.0,0.0,13000.0,0.0,Consumer credit,-1690,
100162,5000365,Closed,currency 1,-1573,0,-140.0,-140.0,,0,63000.0,0.0,21000.0,0.0,Credit card,-492,
100162,5000366,Closed,currency 1,-1046,0,469.0,469.0,,0,814000.0,0.0,320000.0,0.0,Consumer credit,-2132,
100162,5000367,Active,currency 1,-962,0,178.0,,,0,399000.0,79000.0,107000.0,0.0,Consumer credit,-2388,14900.0
100162,5000368,Closed,currency 1,-1234,0,-755.0,-755.0,2537.0,0,32000.0,0.0,11000.0,0.0,Credit card,-261,
100162,5000369,Closed,currency 1,-203,0,198.0,198.0,,0,113000.0,0.0,5000.0,0.0,Car loan,-1052,
100162,5000370,Closed,currency 1,-1890,0,-263.0,-263.0,,0,252000.0,0.0,45000.0,0.0,Consumer credit,-463,
100163,5000371,Active,currency 1,-2444,0,-1013.0,,,0,13000.0,10000.0,1000.0,0.0,Credit card,-1469,
100163,5000372,Closed,currency 1,-2830,0,-1771.0,-1771.0,,0,145000.0,0.0,21000.0,0.0,Consumer credit,-1449,
100163,5000373,Closed,currency 1,-2036,0,22.0,22.0,13785.0,0,323000.0,0.0,1000.0,0.0,Consumer credit,-2227,
100165,5000374,Closed,currency 1,-1477,0,492.0,492.0,,0,75000.0,0.0,2000.0,0.0,Consumer credit,-1132,
100166,5000375,Closed,currency 1,-834,0,378.0,378.0,7401.0,0,406000.0,0.0,148000.0,0.0,Consumer credit,-99,
100166,5000376,Closed,currency 1,-540,0,79.0,79.0,,0,135000.0,0.0,2000.0,0.0,Consumer credit,-2079,
100167,5000377,Active,currency 1,-386,0,1636.0,,,0,133000.0,97000.0,1000.0,0.0,Credit card,-1239,
100167,5000378,Closed,currency 1,-1404,0,-117.0,-117.0,,0,797000.0,0.0,259000.0,0.0,Consumer credit,-2197,
100167,5000379,Active,currency 1,-2057,0,-1169.0,,,0,123000.0,65000.0,6000.0,0.0,Consumer credit,-186,
100167,5000380,Closed,currency 1,-1582,0,249.0,249.0,,0,582000.0,0.0,189000.0,0.0,Consumer credit,-1278,
100167,5000381,Closed,currency 1,-902,0,-411.0,-411.0,470.0,0,182000.0,0.0,30000.0,0.0,Consumer credit,-1367,
100168,5000382,Closed,currency 1,-1409,0,-1117.0,-1117.0,414.0,0,269000.0,0.0,97000.0,0.0,Consumer credit,-233,
100169,5000383,Closed,currency 1,-1154,0,160.0,160.0,,0,269000.0,0.0,97000.0,0.0,Consumer credit,-1718,
100170,5000384,Active,currency 1,-1709,94,-881.0,,,0,121000.0,23000.0,48000.0,6050.0,Credit card,-856,
100170,5000385,Closed,currency 1,-2180,0,-394.0,-394.0,,0,797000.0,0.0,159000.0,0.0,Credit card,-2392,
100170,5000386,Closed,currency 1,-1149,0,915.0,915.0,,0,27000.0,0.0,2000.0,0.0,Loan for business development,-2383,
100170,5000387,Active,currency 1,-845,0,1123.0,,,0,64000.0,15000.0,3000.0,0.0,Credit card,-1830,
100170,5000388,Active,currency 1,-1237,0,-1022.0,,,0,304000.0,258000.0,87000.0,0.0,Car loan,-1626,
100171,5000389,Active,currency 1,-650,0,1210.0,,,0,18000.0,4000.0,0.0,0.0,Mortgage,-1946,
100171,5000390,Active,currency 1,-751,0,1412.0,,,0,78000.0,12000.0,3000.0,0.0,Credit card,-42,
100172,5000391,Closed,currency 1,-1654,0,-923.0,-923.0,,0,203000.0,0.0,60000.0,0.0,Consumer credit,-408,
100172,5000392,Active,currency 1,-454,0,715.0,,,0,624000.0,505000.0,224000.0,0.0,Credit card,-151,
100172,5000393,Closed,currency 1,-2625,0,-710.0,-710.0,,0,44000.0,0.0,16000.0,0.0,Credit card,-2362,3200.0
100172,5000394,Active,currency 1,-2554,0,-1574.0,,,0,57000.0,49000.0,4000.0,0.0,Consumer credit,-2352,
100172,5000395,Active,currency 1,-489,0,429.0,,,0,25000.0,3000.0,8000.0,0.0,Credit card,-2089,
100173,5000396,Active,currency 1,-2824,0,-1229.0,,,0,429000.0,376000.0,136000.0,0.0,Credit card,-372,23700.0
100174,5000397,Active,currency 1,-1699,0,-52.0,,,0,185000.0,22000.0,46000.0,0.0,Consumer credit,-1412,
100174,5000398,Active,currency 1,-516,0,368.0,,,0,98000.0,31000.0,8000.0,0.0,Credit card,-169,
100175,5000399,Closed,currency 1,-1920,0,-1602.0,-1602.0,,0,124000.0,0.0,6000.0,0.0,Consumer credit,-355,4500.0
100176,5000400,Closed,currency 1,-973,0,381.0,381.0,,0,234000.0,0.0,40000.0,0.0,Credit card,-1101,
100176,5000401,Closed,currency 1,-1801,0,-953.0,-953.0,2855.0,0,62000.0,0.0,9000.0,0.0,Credit card,-427,
100177,5000402,Closed,currency 1,-33,0,1144.0,1144.0,,0,278000.0,0.0,6000.0,0.0,Another type of loan,-1535,
100177,5000403,Closed,currency 1,-1813,0,-1437.0,-1437.0,,0,342000.0,0.0,7000.0,0.0,Consumer credit,-1573,20900.0
100177,5000404,Closed,currency 1,-1768,0,-324.0,-324.0,,0,661000.0,0.0,236000.0,0.0,Consumer credit,-994,
100178,5000405,Closed,currency 1,-43,0,929.0,929.0,11080.0,0,134000.0,0.0,17000.0,0.0,Consumer credit,-67,
100178,5000406,Closed,currency 1,-1988,0,125.0,125.0,,0,124000.0,0.0,5000.0,0.0,Consumer credit,-931,
100178,5000407,Closed,currency 1,-1230,0,-825.0,-825.0,,0,322000.0,0.0,41000.0,0.0,Consumer credit,-2481,
100178,5000408,Closed,currency 1,-2569,0,-1461.0,-1461.0,,0,1063000.0,0.0,323000.0,0.0,Consumer credit,-2288,
100179,5000409,Active,currency 1,-1045,0,-185.0,,,0,186000.0,59000.0,20000.0,0.0,Consumer credit,-1126,
100179,5000410,Closed,currency 1,-2031,0,-1392.0,-1392.0,,0,75000.0,0.0,20000.0,0.0,Consumer credit,-2268,
100180,5000411,Closed,currency 1,-2284,0,-492.0,-492.0,,0,373000.0,0.0,49000.0,0.0,Consumer credit,-1936,
100181,5000412,Active,currency 1,-1672,0,-1402.0,,,0,390000.0,96000.0,42000.0,0.0,Credit card,-694,
100181,5000413,Closed,currency 1,-2782,0,-2063.0,-2063.0,,0,627000.0,0.0,46000.0,0.0,Consumer credit,-1269,
100181,5000414,Active,currency 1,-862,0,1316.0,,,0,48000.0,24000.0,15000.0,0.0,Consumer credit,-2397,
100181,5000415,Active,currency 1,-456,0,983.0,,,0,315000.0,180000.0,122000.0,0.0,Credit card,-76,7200.0
100182,5000416,Active,currency 1,-1648,0,-760.0,,,0,86000.0,27000.0,30000.0,0.0,Consumer credit,-1223,
100183,5000417,Closed,currency 1,-514,0,297.0,297.0,,0,993000.0,0.0,205000.0,0.0,Credit card,-558,
100183,5000418,Closed,currency 1,-709,0,139.0,139.0,6865.0,0,213000.0,0.0,65000.0,0.0,Credit card,-1293,
100183,5000419,Closed,currency 1,-2736,0,-1280.0,-1280.0,3079.0,0,139000.0,0.0,11000.0,0.0,Credit card,-1872,
100184,5000420,Closed,currency 1,-915,0,1062.0,1062.0,2377.0,0,68000.0,0.0,10000.0,0.0,Consumer credit,-5,
100184,5000421,Closed,currency 1,-450,0,152.0,152.0,,0,84000.0,0.0,28000.0,0.0,Consumer credit,-2088,
100184,5000422,Closed,currency 1,-125,0,983.0,983.0,,0,156000.0,0.0,25000.0,0.0,Consumer credit,-905,9500.0
100185,5000423,Closed,currency 1,-1565,0,-473.0,-473.0,,0,66000.0,0.0,0.0,0.0,Consumer credit,-1732,
100185,5000424,Closed,currency 1,-1250,0,-916.0,-916.0,,0,93000.0,0.0,4000.0,0.0,Credit card,-42,2900.0
100187,5000425,Active,currency 1,-1740,0,-1350.0,,,0,445000.0,128000.0,68000.0,0.0,Credit card,-324,13900.0
100187,5000426,Active,currency 1,-1321,0,161.0,,,0,65000.0,17000.0,19000.0,0.0,Consumer credit,-1291,
100187,5000427,Active,currency 1,-1414,0,-934.0,,,0,51000.0,28000.0,5000.0,0.0,Consumer credit,-101,
100189,5000428,Closed,currency 1,-1511,0,-373.0,-373.0,,0,411000.0,0.0,87000.0,0.0,Credit card,-748,
100189,5000429,Active,currency 1,-1479,0,-762.0,,,0,84000.0,43000.0,3000.0,0.0,Credit card,-348,
100189,5000430,Closed,currency 1,-1133,0,774.0,774.0,8342.0,0,226000.0,0.0,62000.0,0.0,Consumer credit,-733,
100189,5000431,Closed,currency 1,-2430,0,-451.0,-451.0,,0,446000.0,0.0,1000.0,0.0,Consumer credit,-1258,
100190,5000432,Active,currency 1,-2762,0,-993.0,,,0,291000.0,65000.0,70000.0,0.0,Consumer credit,-2027,
100190,5000433,Closed,currency 1,-1414,0,177.0,177.0,,0,4503000.0,0.0,280000.0,0.0,Consumer credit,-1831,
100190,5000434,Active,currency 1,-1199,0,345.0,,,0,66000.0,4000.0,6000.0,0.0,Consumer credit,-2328,1200.0
100190,5000435,Closed,currency 1,-2103,0,-1000.0,-1000.0,,0,126000.0,0.0,8000.0,0.0,Mortgage,-2334,
100191,5000436,Closed,currency 1,-2440,0,-1205.0,-1205.0,,0,171000.0,0.0,20000.0,0.0,Consumer credit,-2053,
100191,5000437,Closed,currency 1,-1390,0,-141.0,-141.0,,0,392000.0,0.0,26000.0,0.0,Credit card,-610,
100191,5000438,Closed,currency 1,-1283,0,-276.0,-276.0,,0,77000.0,0.0,25000.0,0.0,Consumer credit,-1810,2000.0
100191,5000439,Closed,currency 1,-917,0,1194.0,1194.0,,0,89000.0,0.0,9000.0,0.0,Consumer credit,-1960,
100191,5000440,Closed,currency 1,-520,0,112.0,112.0,,0,237000.0,0.0,6000.0,0.0,Consumer credit,-641,
100193,5000441,Closed,currency 1,-479,0,1414.0,1414.0,53012.0,0,212000.0,0.0,55000.0,0.0,Loan for business development,-767,
100193,5000442,Closed,currency 1,-1415,0,-645.0,-645.0,,0,81000.0,0.0,24000.0,0.0,Microloan,-1569,
100193,5000443,Active,currency 1,-2307,0,-475.0,,,0,811000.0,424000.0,290000.0,0.0,Credit card,-954,
100194,5000444,Active,currency 1,-929,0,539.0,,,0,1265000.0,634000.0,314000.0,0.0,Consumer credit,-2206,
100195,5000445,Closed,currency 1,-137,0,522.0,522.0,,0,21000.0,0.0,7000.0,0.0,Credit card,-2226,
100195,5000446,Closed,currency 1,-2098,0,-572.0,-572.0,1623.0,0,372000.0,0.0,66000.0,0.0,Consumer credit,-949,
100196,5000447,Closed,currency 1,-1221,0,-101.0,-101.0,,0,171000.0,0.0,24000.0,0.0,Consumer credit,-2307,10600.0
100197,5000448,Closed,currency 1,-850,0,-110.0,-110.0,511.0,0,1054000.0,0.0,31000.0,0.0,Consumer credit,-2165,
100199,5000449,Closed,currency 1,-2734,0,-793.0,-793.0,,0,724000.0,0.0,92000.0,0.0,Credit card,-1140,
100199,5000450,Closed,currency 1,-2107,0,-622.0,-622.0,,0,98000.0,0.0,34000.0,0.0,Credit card,-1054,
100199,5000451,Closed,currency 1,-162,0,581.0,581.0,,0,166000.0,0.0,34000.0,0.0,Consumer credit,-1685,7300.0
100199,5000452,Closed,currency 1,-814,88,335.0,335.0,2990.0,0,95000.0,0.0,8000.0,4750.0,Consumer credit,-1446,5300.0
100199,5000453,Closed,currency 1,-1982,0,-325.0,-325.0,,0,67000.0,0.0,26000.0,0.0,Consumer credit,-2353,
100200,5000454,Closed,currency 1,-2114,0,-119.0,-119.0,,0,471000.0,0.0,117000.0,0.0,Car loan,-2376,
100200,5000455,Active,currency 1,-1088,0,34.0,,8377.0,0,1171000.0,658000.0,317000.0,0.0,Consumer credit,-770,
100200,5000456,Closed,currency 1,-1351,0,-99.0,-99.0,,0,101000.0,0.0,36000.0,0.0,Consumer credit,-1648,2000.0
100200,5000457,Closed,currency 1,-1079,0,854.0,854.0,6271.0,0,144000.0,0.0,53000.0,0.0,Consumer credit,-2004,
100200,5000458,Active,currency 1,-1451,0,694.0,,,0,100000.0,70000.0,23000.0,0.0,Consumer credit,-1167,
100200,5000459,Closed,currency 1,-128,0,191.0,191.0,5914.0,0,86000.0,0.0,12000.0,0.0,Consumer credit,-322,
100202,5000460,Active,currency 1,-1770,0,-664.0,,,0,360000.0,211000.0,88000.0,0.0,Credit card,-279,
100202,5000461,Closed,currency 1,-894,0,1051.0,1051.0,3554.0,0,267000.0,0.0,97000.0,0.0,Consumer credit,-2338,
100202,5000462,Active,currency 1,-200,0,1023.0,,6750.0,0,34000.0,29000.0,11000.0,0.0,Consumer credit,-1271,
100202,5000463,Active,currency 1,-1968,0,-709.0,,,0,180000.0,12000.0,1000.0,0.0,Consumer credit,-2301,
100202,5000464,Closed,currency 1,-2466,0,-1787.0,-1787.0,,0,388000.0,0.0,72000.0,0.0,Consumer credit,-2123,
100203,5000465,Active,currency 1,-859,0,976.0,,,0,240000.0,98000.0,53000.0,0.0,Consumer credit,-593,
100203,5000466,Active,currency 1,-1330,0,-953.0,,,0,58000.0,46000.0,21000.0,0.0,Car loan,-1483,
100203,5000467,Closed,currency 1,-992,0,759.0,759.0,,0,80000.0,0.0,8000.0,0.0,Consumer credit,-253,2000.0
100203,5000468,Active,currency 1,-1811,0,-38.0,,,0,72000.0,65000.0,24000.0,0.0,Consumer credit,-60,
100203,5000469,Closed,currency 1,-695,0,1395.0,1395.0,1269.0,0,26000.0,0.0,5000.0,0.0,Consumer credit,-1101,
100204,5000470,Active,currency 1,-2376,0,-1552.0,,,0,111000.0,14000.0,14000.0,0.0,Consumer credit,-1625,
100205,5000471,Active,currency 1,-93,0,1223.0,,23474.0,0,53000.0,50000.0,2000.0,0.0,Consumer credit,-1249,
100205,5000472,Closed,currency 1,-348,0,293.0,293.0,,0,27000.0,0.0,1000.0,0.0,Consumer credit,-1050,
100205,5000473,Active,currency 1,-2809,0,-1945.0,,,0,566000.0,247000.0,159000.0,0.0,Consumer credit,-2158,
100206,5000474,Active,currency 1,-2860,0,-1967.0,,8484.0,0,53000.0,39000.0,3000.0,0.0,Credit card,-2354,
100207,5000475,Closed,currency 1,-1565,0,451.0,451.0,,0,53000.0,0.0,17000.0,0.0,Car loan,-166,
100207,5000476,Closed,currency 1,-291,0,1320.0,1320.0,,0,149000.0,0.0,46000.0,0.0,Consumer credit,-767,
100208,5000477,Closed,currency 1,-54,0,1310.0,1310.0,978.0,0,31000.0,0.0,2000.0,0.0,Consumer credit,-750,
100208,5000478,Closed,currency 1,-2118,0,-1651.0,-1651.0,,0,62000.0,0.0,7000.0,0.0,Consumer credit,-663,
100209,5000479,Active,currency 1,-466,0,-209.0,,2386.0,0,218000.0,40000.0,9000.0,0.0,Consumer credit,-2386,
100209,5000480,Closed,currency 1,-105,0,1803.0,1803.0,,0,181000.0,0.0,40000.0,0.0,Credit card,-462,
100210,5000481,Active,currency 1,-1132,0,748.0,,,0,481000.0,353000.0,176000.0,0.0,Consumer credit,-1194,
100210,5000482,Active,currency 1,-698,0,195.0,,,0,133000.0,7000.0,21000.0,0.0,Consumer credit,-2327,3200.0
100211,5000483,Closed,currency 1,-154,0,673.0,673.0,,0,182000.0,0.0,27000.0,0.0,Car loan,-1088,
100211,5000484,Closed,currency 1,-592,0,1354.0,1354.0,,0,90000.0,0.0,25000.0,0.0,Consumer credit,-1745,
100211,5000485,Closed,currency 1,-2714,0,-1154.0,-1154.0,5607.0,0,352000.0,0.0,56000.0,0.0,Credit card,-1348,
100211,5000486,Closed,currency 1,-122,0,211.0,211.0,,0,200000.0,0.0,33000.0,0.0,Consumer credit,-1967,
100211,5000487,Closed,currency 1,-2317,0,-2037.0,-2037.0,,0,372000.0,0.0,66000.0,0.0,Consumer credit,-1081,
100211,5000488,Closed,currency 1,-421,0,39.0,39.0,,0,797000.0,0.0,72000.0,0.0,Consumer credit,-1513,
100212,5000489,Closed,currency 1,-1352,0,338.0,338.0,,0,29000.0,0.0,5000.0,0.0,Consumer credit,-1598,
100213,5000490,Active,currency 1,-372,0,1138.0,,2799.0,0,202000.0,143000.0,41000.0,0.0,Mortgage,-2090,6800.0
100213,5000491,Active,currency 1,-773,0,-465.0,,4266.0,0,14000.0,9000.0,6000.0,0.0,Consumer credit,-105,
100213,5000492,Closed,currency 1,-1549,0,-208.0,-208.0,,0,708000.0,0.0,179000.0,0.0,Consumer credit,-1178,
100213,5000493,Closed,currency 1,-1755,0,-1428.0,-1428.0,911.0,0,76000.0,0.0,24000.0,0.0,Car loan,-845,
100214,5000494,Closed,currency 1,-840,0,877.0,877.0,,0,148000.0,0.0,26000.0,0.0,Credit card,-334,
100214,5000495,Closed,currency 1,-1871,0,-973.0,-973.0,,0,25000.0,0.0,3000.0,0.0,Consumer credit,-2485,600.0
100214,5000496,Closed,currency 1,-915,0,1270.0,1270.0,,0,91000.0,0.0,15000.0,0.0,Consumer credit,-2469,2400.0
100217,5000497,Active,currency 1,-2120,0,-960.0,,,0,175000.0,164000.0,29000.0,0.0,Consumer credit,-2234,5400.0
100217,5000498,Active,currency 1,-2771,0,-2406.0,,,0,218000.0,192000.0,67000.0,0.0,Mortgage,-686,
100217,5000499,Closed,currency 1,-189,87,1419.0,1419.0,278.0,0,1108000.0,0.0,156000.0,55400.0,Consumer credit,-2176,
100218,5000500,Active,currency 1,-2522,0,-495.0,,4769.0,0,272000.0,105000.0,26000.0,0.0,Credit card,-1140,
100218,5000501,Active,currency 1,-2235,0,-1634.0,,42585.0,0,249000.0,65000.0,63000.0,0.0,Consumer credit,-370,
100218,5000502,Closed,currency 1,-1528,0,-177.0,-177.0,,0,141000.0,0.0,10000.0,0.0,Credit card,-1464,
100219,5000503,Closed,currency 1,-1710,0,-999.0,-999.0,,0,136000.0,0.0,39000.0,0.0,Consumer credit,-1205,5900.0
100219,5000504,Closed,currency 1,-890,0,-642.0,-642.0,,0,140000.0,0.0,5000.0,0.0,Credit card,-2101,
100219,5000505,Active,currency 1,-2583,0,-1785.0,,,0,26000.0,14000.0,9000.0,0.0,Credit card,-1161,900.0
100219,5000506,Active,currency 1,-47,0,278.0,,,0,43000.0,3000.0,3000.0,0.0,Consumer credit,-706,
100220,5000507,Closed,currency 1,-1797,0,-1207.0,-1207.0,1461.0,0,116000.0,0.0,31000.0,0.0,Consumer credit,-341,
100220,5000508,Closed,currency 1,-2493,0,-1564.0,-1564.0,435.0,0,307000.0,0.0,2000.0,0.0,Credit card,-1444,
100220,5000509,Closed,currency 1,-666,0,1246.0,1246.0,,0,400000.0,0.0,132000.0,0.0,Consumer credit,-1058,
100221,5000510,Closed,currency 1,-1395,156,-1140.0,-1140.0,,0,174000.0,0.0,30000.0,8700.0,Consumer credit,-2397,
100221,5000511,Active,currency 1,-627,0,750.0,,,0,53000.0,31000.0,3000.0,0.0,Credit card,-410,2200.0
100221,5000512,Active,currency 1,-2066,0,-741.0,,,0,87000.0,65000.0,10000.0,0.0,Mortgage,-1563,3900.0
100221,5000513,Closed,currency 1,-1592,0,518.0,518.0,12541.0,0,749000.0,0.0,9000.0,0.0,Car loan,-1231,17500.0
100222,5000514,Closed,currency 1,-2307,0,-2071.0,-2071.0,,0,540000.0,0.0,98000.0,0.0,Consumer credit,-2339,
100223,5000515,Closed,currency 1,-1370,0,-190.0,-190.0,4056.0,0,117000.0,0.0,41000.0,0.0,Mortgage,-1028,
100224,5000516,Closed,currency 1,-232,0,771.0,771.0,2545.0,0,496000.0,0.0,94000.0,0.0,Credit card,-1897,9200.0
100224,5000517,Active,currency 1,-65,0,242.0,,,0,27000.0,13000.0,8000.0,0.0,Consumer credit,-1054,
100225,5000518,Closed,currency 1,-1683,0,143.0,143.0,,0,174000.0,0.0,25000.0,0.0,Consumer credit,-234,
100225,5000519,Closed,currency 1,-1103,0,668.0,668.0,,0,466000.0,0.0,132000.0,0.0,Consumer credit,-556,
100225,5000520,Closed,currency 1,-2857,0,-1511.0,-1511.0,,0,605000.0,0.0,108000.0,0.0,Credit card,-431,
100226,5000521,Active,currency 1,-1308,0,-170.0,,1693.0,0,179000.0,114000.0,1000.0,0.0,Consumer credit,-1776,
100226,5000522,Closed,currency 1,-2130,0,-1682.0,-1682.0,13037.0,0,169000.0,0.0,45000.0,0.0,Consumer credit,-1443,3700.0
100227,5000523,Closed,currency 1,-2173,0,-1009.0,-1009.0,,0,252000.0,0.0,85000.0,0.0,Consumer credit,-1506,7000.0
100227,5000524,Closed,currency 1,-149,0,1958.0,1958.0,,0,441000.0,0.0,35000.0,0.0,Consumer credit,-1982,19600.0
100227,5000525,Closed,currency 1,-1315,0,735.0,735.0,,0,147000.0,0.0,53000.0,0.0,Consumer credit,-728,
100227,5000526,Closed,currency 1,-1213,0,334.0,334.0,,0,51000.0,0.0,19000.0,0.0,Consumer credit,-704,
100228,5000527,Closed,currency 1,-904,0,-632.0,-632.0,816.0,0,27000.0,0.0,1000.0,0.0,Consumer credit,-1116,
100228,5000528,Closed,currency 1,-1870,0,-1290.0,-1290.0,,0,126000.0,0.0,0.0,0.0,Credit card,-2287,
100229,5000529,Closed,currency 1,-892,0,1273.0,1273.0,,0,140000.0,0.0,27000.0,0.0,Consumer credit,-1486,
100229,5000530,Closed,currency 1,-344,0,1054.0,1054.0,,0,635000.0,0.0,246000.0,0.0,Loan for business development,-865,39000.0
100229,5000531,Active,currency 1,-2272,0,-2002.0,,,0,86000.0,54000.0,25000.0,0.0,Car loan,-2277,
100230,5000532,Closed,currency 1,-2807,0,-2016.0,-2016.0,,0,42000.0,0.0,0.0,0.0,Credit card,-337,900.0
100230,5000533,Closed,currency 1,-1115,0,-260.0,-260.0,,0,33000.0,0.0,4000.0,0.0,Consumer credit,-710,
100230,5000534,Active,currency 1,-2499,0,-1631.0,,3570.0,0,2747000.0,643000.0,502000.0,0.0,Credit card,-2424,89100.0
100230,5000535,Closed,currency 1,-476,0,369.0,369.0,20196.0,0,8000.0,0.0,1000.0,0.0,Consumer credit,-2491,
100230,5000536,Closed,currency 1,-2142,161,-316.0,-316.0,,0,151000.0,0.0,14000.0,7550.0,Consumer credit,-1228,
100230,5000537,Active,currency 1,-82,0,1666.0,,,0,85000.0,48000.0,24000.0,0.0,Credit card,-1087,6500.0
100230,5000538,Closed,currency 1,-1154,0,880.0,880.0,12083.0,0,525000.0,0.0,81000.0,0.0,Consumer credit,-36,12500.0
100230,5000539,Closed,currency 1,-459,0,1203.0,1203.0,,0,516000.0,0.0,125000.0,0.0,Consumer credit,-2365,
100231,5000540,Active,currency 1,-974,0,-410.0,,1972.0,0,30000.0,22000.0,9000.0,0.0,Credit card,-1129,
100231,5000541,Active,currency 1,-548,0,708.0,,,0,912000.0,434000.0,82000.0,0.0,Consumer credit,-1517,
100231,5000542,Closed,currency 1,-551,0,896.0,896.0,548.0,0,148000.0,0.0,59000.0,0.0,Consumer credit,-713,
100232,5000543,Closed,currency 1,-2800,0,-932.0,-932.0,,0,56000.0,0.0,18000.0,0.0,Consumer credit,-1057,
100232,5000544,Closed,currency 1,-1022,0,-413.0,-413.0,,0,793000.0,0.0,187000.0,0.0,Consumer credit,-1276,
100232,5000545,Closed,currency 1,-1547,0,-202.0,-202.0,,0,333000.0,0.0,69000.0,0.0,Car loan,-2027,
100232,5000546,Closed,currency 1,-233,0,455.0,455.0,,0,134000.0,0.0,9000.0,0.0,Consumer credit,-729,
100232,5000547,Closed,currency 1,-1392,0,390.0,390.0,252.0,0,211000.0,0.0,40000.0,0.0,Consumer credit,-938,
100233,5000548,Closed,currency 1,-2202,0,-1243.0,-1243.0,,0,156000.0,0.0,5000.0,0.0,Consumer credit,-174,
100233,5000549,Closed,currency 1,-2849,0,-1591.0,-1591.0,4888.0,0,170000.0,0.0,56000.0,0.0,Consumer credit,-1193,12500.0
100233,5000550,Active,currency 1,-1140,0,-523.0,,2017.0,0,106000.0,95000.0,19000.0,0.0,Consumer credit,-1823,
100233,5000551,Closed,currency 1,-1531,0,-955.0,-955.0,,0,31000.0,0.0,12000.0,0.0,Consumer credit,-1414,1400.0
100233,5000552,Closed,currency 1,-1497,0,-296.0,-296.0,,0,880000.0,0.0,100000.0,0.0,Consumer credit,-1747,15500.0
100233,5000553,Closed,currency 1,-1492,0,-338.0,-338.0,,0,96000.0,0.0,9000.0,0.0,Mortgage,-68,2500.0
100233,5000554,Closed,currency 1,-1448,0,602.0,602.0,2586.0,0,135000.0,0.0,31000.0,0.0,Consumer credit,-407,4500.0
100233,5000555,Closed,currency 1,-39,0,1901.0,1901.0,,0,47000.0,0.0,6000.0,0.0,Consumer credit,-1952,1200.0
100234,5000556,Active,currency 1,-638,0,603.0,,,0,291000.0,250000.0,57000.0,0.0,Consumer credit,-563,
100234,5000557,Active,currency 1,-326,0,142.0,,,0,81000.0,50000.0,5000.0,0.0,Car loan,-394,
100234,5000558,Closed,currency 1,-416,0,776.0,776.0,,0,63000.0,0.0,19000.0,0.0,Car loan,-2466,
100235,5000559,Active,currency 1,-1251,0,-557.0,,3931.0,0,67000.0,30000.0,21000.0,0.0,Mortgage,-151,
100235,5000560,Closed,currency 1,-1562,0,633.0,633.0,,0,110000.0,0.0,19000.0,0.0,Consumer credit,-160,
100235,5000561,Active,currency 1,-2013,0,-1660.0,,10159.0,0,105000.0,41000.0,38000.0,0.0,Consumer credit,-982,
100237,5000562,Active,currency 1,-2121,0,-1429.0,,,0,27000.0,15000.0,6000.0,0.0,Credit card,-2063,
100238,5000563,Closed,currency 1,-1583,0,-1276.0,-1276.0,15840.0,0,831000.0,0.0,215000.0,0.0,Credit card,-1742,26300.0
100239,5000564,Closed,currency 1,-1108,0,382.0,382.0,,0,345000.0,0.0,108000.0,0.0,Consumer credit,-305,
100239,5000565,Closed,currency 1,-2425,0,-1270.0,-1270.0,,0,33000.0,0.0,12000.0,0.0,Consumer credit,-2464,
100240,5000566,Closed,currency 1,-897,0,1126.0,1126.0,,0,897000.0,0.0,126000.0,0.0,Another type of loan,-2387,
100240,5000567,Active,currency 1,-1851,0,-1652.0,,,0,324000.0,161000.0,13000.0,0.0,Loan for business development,-2437,10200.0
100240,5000568,Active,currency 1,-2437,0,-780.0,,,0,100000.0,80000.0,13000.0,0.0,Consumer credit,-397,
100241,5000569,Closed,currency 1,-2155,0,-941.0,-941.0,,0,268000.0,0.0,22000.0,0.0,Credit card,-2270,
100241,5000570,Closed,currency 1,-1856,0,-1434.0,-1434.0,15287.0,0,88000.0,0.0,26000.0,0.0,Consumer credit,-1468,
100241,5000571,Closed,currency 1,-1003,0,128.0,128.0,,0,165000.0,0.0,22000.0,0.0,Credit card,-40,6400.0
100243,5000572,Active,currency 1,-1774,0,92.0,,6292.0,0,78000.0,24000.0,9000.0,0.0,Credit card,-1520,
100243,5000573,Closed,currency 1,-321,0,1041.0,1041.0,,0,176000.0,0.0,50000.0,0.0,Credit card,-769,
100243,5000574,Active,currency 1,-1033,0,-705.0,,,0,156000.0,41000.0,35000.0,0.0,Credit card,-2334,
100243,5000575,Closed,currency 1,-2498,32,-1578.0,-1578.0,,0,559000.0,0.0,190000.0,27950.0,Consumer credit,-1477,16500.0
100243,5000576,Closed,currency 1,-2806,0,-1985.0,-1985.0,,0,177000.0,0.0,47000.0,0.0,Consumer credit,-293,4400.0
100243,5000577,Active,currency 1,-165,0,280.0,,,0,53000.0,40000.0,15000.0,0.0,Consumer credit,-1608,
100243,5000578,Active,currency 1,-151,0,520.0,,6837.0,0,184000.0,117000.0,69000.0,0.0,Consumer credit,-45,
100244,5000579,Closed,currency 1,-2204,0,-378.0,-378.0,,0,57000.0,0.0,16000.0,0.0,Consumer credit,-952,2300.0
100244,5000580,Closed,currency 1,-245,0,1839.0,1839.0,,0,110000.0,0.0,1000.0,0.0,Car loan,-197,
100244,5000581,Closed,currency 1,-777,0,541.0,541.0,3630.0,0,385000.0,0.0,23000.0,0.0,Car loan,-1849,
100245,5000582,Closed,currency 1,-814,0,1303.0,1303.0,,0,151000.0,0.0,33000.0,0.0,Consumer credit,-1105,
100245,5000583,Closed,currency 1,-1407,0,-102.0,-102.0,,0,152000.0,0.0,15000.0,0.0,Another type of loan,-250,7100.0
100245,5000584,Closed,currency 1,-42,0,1729.0,1729.0,10184.0,1,113000.0,0.0,22000.0,0.0,Car loan,-1925,
100246,5000585,Closed,currency 1,-1885,0,-1653.0,-1653.0,,0,203000.0,0.0,62000.0,0.0,Consumer credit,-1577,
100246,5000586,Closed,currency 1,-2235,0,-507.0,-507.0,,0,797000.0,0.0,286000.0,0.0,Mortgage,-1550,
100246,5000587,Active,currency 1,-260,0,507.0,,,0,146000.0,106000.0,19000.0,0.0,Consumer credit,-230,
100246,5000588,Closed,currency 1,-1779,0,-715.0,-715.0,,0,212000.0,0.0,61000.0,0.0,Consumer credit,-454,6400.0
100248,5000589,Active,currency 1,-705,0,1401.0,,,0,233000.0,127000.0,74000.0,0.0,Consumer credit,-988,
100248,5000590,Active,currency 1,-2567,0,-535.0,,,0,203000.0,24000.0,51000.0,0.0,Car loan,-279,9600.0
100248,5000591,Closed,currency 1,-2782,0,-1294.0,-1294.0,,0,128000.0,0.0,12000.0,0.0,Consumer credit,-1176,
100248,5000592,Closed,currency 1,-575,0,837.0,837.0,539.0,0,123000.0,0.0,15000.0,0.0,Credit card,-2332,
100248,5000593,Active,currency 1,-1551,175,-962.0,,,0,196000.0,60000.0,70000.0,9800.0,Consumer credit,-1550,
100249,5000594,Closed,currency 1,-2886,0,-1687.0,-1687.0,,0,218000.0,0.0,75000.0,0.0,Credit card,-1691,4100.0
100249,5000595,Active,currency 1,-2631,0,-1479.0,,2832.0,0,55000.0,16000.0,21000.0,0.0,Consumer credit,-265,1100.0
100249,5000596,Active,currency 1,-1701,0,-324.0,,,0,1569000.0,668000.0,169000.0,0.0,Consumer credit,-148,26900.0
100249,5000597,Closed,currency 1,-1833,0,311.0,311.0,,0,417000.0,0.0,68000.0,0.0,Credit card,-2400,
100250,5000598,Closed,currency 1,-2189,0,-1111.0,-1111.0,,1,205000.0,0.0,32000.0,0.0,Consumer credit,-2491,
100250,5000599,Active,currency 1,-1004,0,652.0,,,0,539000.0,75000.0,62000.0,0.0,Credit card,-402,
100250,5000600,Closed,currency 1,-812,0,761.0,761.0,,0,141000.0,0.0,11000.0,0.0,Credit card,-158,
100251,5000601,Active,currency 1,-1648,0,339.0,,17198.0,0,175000.0,66000.0,56000.0,0.0,Consumer credit,-828,
100251,5000602,Active,currency 1,-1282,0,235.0,,,0,570000.0,488000.0,162000.0,0.0,Consumer credit,-950,
100251,5000603,Closed,currency 1,-1465,0,-996.0,-996.0,,0,155000.0,0.0,8000.0,0.0,Consumer credit,-2353,
100251,5000604,Closed,currency 1,-1048,0,-160.0,-160.0,9691.0,0,393000.0,0.0,25000.0,0.0,Consumer credit,-2125,
100251,5000605,Closed,currency 1,-515,0,1318.0,1318.0,,0,334000.0,0.0,102000.0,0.0,Consumer credit,-625,8200.0
100252,5000606,Closed,currency 1,-892,0,701.0,701.0,30630.0,0,122000.0,0.0,23000.0,0.0,Credit card,-1863,3300.0
100252,5000607,Closed,currency 1,-2448,0,-581.0,-581.0,3980.0,0,1342000.0,0.0,109000.0,0.0,Credit card,-1714,
100253,5000608,Closed,currency 1,-1702,0,-899.0,-899.0,325.0,0,192000.0,0.0,59000.0,0.0,Consumer credit,-536,
100255,5000609,Active,currency 1,-2275,0,-609.0,,,0,180000.0,132000.0,72000.0,0.0,Credit card,-1415,
100255,5000610,Closed,currency 1,-2652,0,-842.0,-842.0,,0,208000.0,0.0,52000.0,0.0,Credit card,-1557,
100255,5000611,Active,currency 1,-48,0,1436.0,,,0,130000.0,51000.0,13000.0,0.0,Credit card,-214,7200.0
100255,5000612,Closed,currency 1,-2153,0,-986.0,-986.0,,0,100000.0,0.0,18000.0,0.0,Credit card,-999,
100255,5000613,Active,currency 1,-1513,0,317.0,,,0,636000.0,581000.0,126000.0,0.0,Consumer credit,-2116,
100256,5000614,Active,currency 1,-2442,0,-502.0,,15140.0,0,316000.0,166000.0,15000.0,0.0,Credit card,-158,
100257,5000615,Closed,currency 1,-1188,0,2.0,2.0,,0,190000.0,0.0,27000.0,0.0,Consumer credit,-1919,
100257,5000616,Closed,currency 1,-1257,0,261.0,261.0,,0,279000.0,0.0,96000.0,0.0,Consumer credit,-2028,
100257,5000617,Active,currency 1,-1764,0,-858.0,,,0,191000.0,77000.0,71000.0,0.0,Credit card,-1604,
100257,5000618,Active,currency 1,-1164,0,213.0,,,0,102000.0,44000.0,9000.0,0.0,Credit card,-681,
100258,5000619,Closed,currency 1,-2689,0,-2175.0,-2175.0,2810.0,0,84000.0,0.0,31000.0,0.0,Consumer credit,-266,1900.0
100258,5000620,Closed,currency 1,-671,0,-322.0,-322.0,,0,315000.0,0.0,52000.0,0.0,Mortgage,-1121,
100259,5000621,Closed,currency 1,-2429,0,-247.0,-247.0,,1,178000.0,0.0,27000.0,0.0,Credit card,-351,
100259,5000622,Closed,currency 1,-2595,0,-2066.0,-2066.0,,0,41000.0,0.0,7000.0,0.0,Credit card,-847,
100259,5000623,Closed,currency 1,-2302,0,-335.0,-335.0,,0,92000.0,0.0,31000.0,0.0,Credit card,-2302,
100259,5000624,Closed,currency 1,-2402,0,-1402.0,-1402.0,20261.0,0,32000.0,0.0,13000.0,0.0,Credit card,-314,
100260,5000625,Closed,currency 1,-723,0,223.0,223.0,,0,1963000.0,0.0,60000.0,0.0,Credit card,-2474,
100260,5000626,Active,currency 1,-2341,0,-1431.0,,,0,22000.0,6000.0,1000.0,0.0,Consumer credit,-1236,
100260,5000627,Closed,currency 1,-2030,0,-118.0,-118.0,,0,121000.0,0.0,39000.0,0.0,Credit card,-427,
100262,5000628,Active,currency 1,-2513,0,-2306.0,,,0,923000.0,709000.0,118000.0,0.0,Credit card,-158,
100262,5000629,Closed,currency 1,-1759,0,-1141.0,-1141.0,,0,535000.0,0.0,105000.0,0.0,Consumer credit,-1737,
100264,5000630,Active,currency 1,-1190,125,-491.0,,,0,812000.0,577000.0,199000.0,40600.0,Consumer credit,-1546,
100265,5000631,Closed,currency 1,-2715,0,-685.0,-685.0,12619.0,0,159000.0,0.0,5000.0,0.0,Consumer credit,-282,
100266,5000632,Closed,currency 1,-1718,0,-143.0,-143.0,5515.0,0,187000.0,0.0,41000.0,0.0,Credit card,-2176,
100266,5000633,Closed,currency 1,-623,0,1038.0,1038.0,,0,240000.0,0.0,5000.0,0.0,Consumer credit,-126,
100266,5000634,Active,currency 1,-805,0,-251.0,,3897.0,0,29000.0,10000.0,7000.0,0.0,Consumer credit,-2363,600.0
100266,5000635,Closed,currency 1,-1033,0,-729.0,-729.0,905.0,0,246000.0,0.0,45000.0,0.0,Credit card,-2407,
100267,5000636,Closed,currency 1,-1637,0,-64.0,-64.0,,0,1030000.0,0.0,372000.0,0.0,Microloan,-719,
100267,5000637,Active,currency 1,-539,0,515.0,,,0,46000.0,9000.0,6000.0,0.0,Consumer credit,-751,800.0
100267,5000638,Closed,currency 1,-763,0,1012.0,1012.0,,0,596000.0,0.0,104000.0,0.0,Car loan,-1082,
100267,5000639,Active,currency 1,-2224,0,-860.0,,,0,101000.0,66000.0,34000.0,0.0,Consumer credit,-396,4200.0
100267,5000640,Closed,currency 1,-1034,0,563.0,563.0,,0,133000.0,0.0,48000.0,0.0,Credit card,-2481,
100267,5000641,Closed,currency 1,-932,0,1024.0,1024.0,,0,639000.0,0.0,46000.0,0.0,Mortgage,-825,
100267,5000642,Closed,currency 1,-998,54,298.0,298.0,,0,329000.0,0.0,92000.0,16450.0,Credit card,-2232,9600.0
100268,5000643,Closed,currency 1,-2508,0,-1147.0,-1147.0,,0,78000.0,0.0,1000.0,0.0,Consumer credit,-453,
100268,5000644,Closed,currency 1,-742,0,57.0,57.0,,0,86000.0,0.0,13000.0,0.0,Car loan,-1945,
100268,5000645,Active,currency 1,-655,0,893.0,,2037.0,0,147000.0,52000.0,36000.0,0.0,Consumer credit,-604,
100268,5000646,Closed,currency 1,-520,0,1051.0,1051.0,,0,243000.0,0.0,24000.0,0.0,Consumer credit,-1898,
100268,5000647,Closed,currency 1,-1902,0,-144.0,-144.0,,0,232000.0,0.0,12000.0,0.0,Credit card,-1366,
100269,5000648,Closed,currency 1,-2743,78,-1851.0,-1851.0,,0,28000.0,0.0,11000.0,1400.0,Loan for business development,-1243,800.0
100269,5000649,Closed,currency 1,-120,0,1337.0,1337.0,,0,49000.0,0.0,19000.0,0.0,Car loan,-1164,
100269,5000650,Closed,currency 1,-603,0,981.0,981.0,,0,118000.0,0.0,37000.0,0.0,Consumer credit,-2484,
100271,5000651,Active,currency 1,-2517,0,-1325.0,,,0,1001000.0,672000.0,129000.0,0.0,Credit card,-400,
100271,5000652,Closed,currency 1,-2783,165,-2005.0,-2005.0,,0,137000.0,0.0,26000.0,6850.0,Another type of loan,-662,
100272,5000653,Active,currency 1,-352,0,598.0,,3581.0,0,132000.0,46000.0,34000.0,0.0,Credit card,-787,
100272,5000654,Active,currency 1,-373,0,1712.0,,,0,749000.0,63000.0,40000.0,0.0,Consumer credit,-2138,44800.0
100273,5000655,Closed,currency 1,-1532,0,-1182.0,-1182.0,,0,445000.0,0.0,176000.0,0.0,Car loan,-2188,
100274,5000656,Closed,currency 1,-2383,0,-1040.0,-1040.0,,0,281000.0,0.0,68000.0,0.0,Credit card,-1161,
100274,5000657,Active,currency 1,-1250,0,-438.0,,,0,25000.0,5000.0,8000.0,0.0,Consumer credit,-425,
100274,5000658,Active,currency 1,-1019,0,492.0,,11121.0,0,712000.0,218000.0,63000.0,0.0,Consumer credit,-552,32800.0
100274,5000659,Closed,currency 1,-917,0,-674.0,-674.0,,0,74000.0,0.0,18000.0,0.0,Consumer credit,-2174,2000.0
100274,5000660,Active,currency 1,-379,0,632.0,,1886.0,0,21000.0,12000.0,0.0,0.0,Consumer credit,-102,500.0
100275,5000661,Closed,currency 1,-2641,0,-2317.0,-2317.0,6222.0,0,560000.0,0.0,14000.0,0.0,Mortgage,-338,10600.0
100275,5000662,Active,currency 1,-2426,0,-1044.0,,278.0,0,914000.0,132000.0,270000.0,0.0,Consumer credit,-915,
100276,5000663,Closed,currency 1,-984,0,384.0,384.0,,0,34000.0,0.0,9000.0,0.0,Consumer credit,-2088,
100277,5000664,Active,currency 1,-1204,0,-833.0,,5554.0,0,107000.0,80000.0,34000.0,0.0,Consumer credit,-1493,3000.0
100277,5000665,Closed,currency 1,-796,0,738.0,738.0,,0,558000.0,0.0,2000.0,0.0,Consumer credit,-1726,17600.0
100277,5000666,Closed,currency 1,-462,0,1320.0,1320.0,,0,177000.0,0.0,58000.0,0.0,Credit card,-1867,
100278,5000667,Active,currency 1,-1986,0,-815.0,,,0,530000.0,426000.0,155000.0,0.0,Consumer credit,-724,
100278,5000668,Closed,currency 1,-2574,0,-676.0,-676.0,5515.0,0,2315000.0,0.0,309000.0,0.0,Consumer credit,-2391,46800.0
100279,5000669,Closed,currency 1,-1475,0,-657.0,-657.0,2832.0,0,213000.0,0.0,33000.0,0.0,Credit card,-952,
100279,5000670,Closed,currency 1,-1151,0,300.0,300.0,,0,73000.0,0.0,0.0,0.0,Consumer credit,-2116,
100279,5000671,Closed,currency 1,-492,0,273.0,273.0,,0,46000.0,0.0,13000.0,0.0,Consumer credit,-1129,1100.0
100280,5000672,Closed,currency 1,-1640,0,-1445.0,-1445.0,,0,201000.0,0.0,16000.0,0.0,Consumer credit,-1136,9400.0
100280,5000673,Closed,currency 1,-1925,0,-555.0,-555.0,2614.0,0,131000.0,0.0,8000.0,0.0,Mortgage,-792,3100.0
100280,5000674,Closed,currency 1,-2728,0,-1291.0,-1291.0,,0,338000.0,0.0,16000.0,0.0,Consumer credit,-1398,5900.0
100282,5000675,Closed,currency 1,-1639,0,-671.0,-671.0,8012.0,0,77000.0,0.0,0.0,0.0,Consumer credit,-2023,
100282,5000676,Closed,currency 1,-574,0,701.0,701.0,,0,364000.0,0.0,52000.0,0.0,Mortgage,-1800,
100282,5000677,Active,currency 1,-2220,0,-1256.0,,,0,152000.0,89000.0,5000.0,0.0,Credit card,-2154,
100282,5000678,Closed,currency 1,-2168,0,-272.0,-272.0,1559.0,0,117000.0,0.0,46000.0,0.0,Credit card,-1412,
100283,5000679,Closed,currency 1,-1884,0,-124.0,-124.0,,0,81000.0,0.0,27000.0,0.0,Consumer credit,-598,
100284,5000680,Closed,currency 1,-1255,0,-684.0,-684.0,,0,80000.0,0.0,10000.0,0.0,Consumer credit,-397,
100284,5000681,Active,currency 1,-2561,0,-2129.0,,,0,265000.0,163000.0,2000.0,0.0,Consumer credit,-470,6100.0
100284,5000682,Closed,currency 1,-2577,0,-2251.0,-2251.0,6706.0,0,502000.0,0.0,140000.0,0.0,Car loan,-1356,
100284,5000683,Closed,currency 1,-2439,0,-1833.0,-1833.0,,0,237000.0,0.0,16000.0,0.0,Consumer credit,-1020,
100284,5000684,Closed,currency 1,-2787,0,-857.0,-857.0,1768.0,0,838000.0,0.0,81000.0,0.0,Credit card,-2191,33700.0
100285,5000685,Closed,currency 1,-1190,0,447.0,447.0,,0,192000.0,0.0,49000.0,0.0,Consumer credit,-1151,
100285,5000686,Closed,currency 1,-1454,0,692.0,692.0,,0,159000.0,0.0,49000.0,0.0,Consumer credit,-938,
100285,5000687,Active,currency 1,-1468,0,-917.0,,1171.0,0,38000.0,30000.0,0.0,0.0,Consumer credit,-1459,700.0
100285,5000688,Closed,currency 1,-985,0,725.0,725.0,6285.0,0,128000.0,0.0,17000.0,0.0,Credit card,-1019,
100286,5000689,Active,currency 1,-125,0,115.0,,,0,292000.0,164000.0,34000.0,0.0,Consumer credit,-821,
100286,5000690,Closed,currency 1,-31,0,296.0,296.0,,0,174000.0,0.0,10000.0,0.0,Consumer credit,-594,
100286,5000691,Active,currency 1,-452,0,68.0,,,0,2972000.0,947000.0,376000.0,0.0,Consumer credit,-2058,
100286,5000692,Active,currency 1,-2525,0,-924.0,,,0,354000.0,32000.0,29000.0,0.0,Consumer credit,-649,
100286,5000693,Closed,currency 1,-1521,0,278.0,278.0,1214.0,0,197000.0,0.0,38000.0,0.0,Consumer credit,-1466,
100286,5000694,Closed,currency 1,-1144,0,-945.0,-945.0,,0,245000.0,0.0,2000.0,0.0,Mortgage,-2078,
100289,5000695,Active,currency 1,-2028,0,-1521.0,,3669.0,0,168000.0,16000.0,29000.0,0.0,Credit card,-1494,
100289,5000696,Active,currency 1,-2179,0,-1717.0,,1303.0,0,42000.0,22000.0,15000.0,0.0,Consumer credit,-879,
100289,5000697,Closed,currency 1,-1365,0,-706.0,-706.0,,0,184000.0,0.0,59000.0,0.0,Consumer credit,-1735,
100289,5000698,Active,currency 1,-1076,0,-868.0,,6190.0,0,196000.0,135000.0,66000.0,0.0,Consumer credit,-1669,5500.0
100289,5000699,Active,currency 1,-2139,0,-1625.0,,2883.0,0,133000.0,64000.0,46000.0,0.0,Credit card,-1624,
100290,5000700,Closed,currency 1,-2769,0,-2012.0,-2012.0,,0,129000.0,0.0,26000.0,0.0,Credit card,-1140,2800.0
100290,5000701,Closed,currency 1,-1926,0,-885.0,-885.0,21818.0,0,52000.0,0.0,8000.0,0.0,Consumer credit,-1669,
100291,5000702,Closed,currency 1,-1033,0,139.0,139.0,,0,557000.0,0.0,126000.0,0.0,Credit card,-1367,
100291,5000703,Closed,currency 1,-1944,0,-1599.0,-1599.0,19045.0,0,450000.0,0.0,43000.0,0.0,Consumer credit,-1620,16900.0
100291,5000704,Closed,currency 1,-52,0,638.0,638.0,,0,210000.0,0.0,35000.0,0.0,Microloan,-2084,
100291,5000705,Active,currency 1,-55,0,535.0,,,0,85000.0,15000.0,20000.0,0.0,Credit card,-2462,
100291,5000706,Closed,currency 1,-442,0,1308.0,1308.0,,0,28000.0,0.0,3000.0,0.0,Consumer credit,-1039,
100291,5000707,Closed,currency 1,-2030,0,134.0,134.0,462.0,0,356000.0,0.0,51000.0,0.0,Consumer credit,-451,
100292,5000708,Active,currency 1,-499,0,16.0,,,0,108000.0,72000.0,23000.0,0.0,Consumer credit,-2022,3100.0
100293,5000709,Closed,currency 1,-1991,0,-1615.0,-1615.0,,0,589000.0,0.0,79000.0,0.0,Consumer credit,-1401,
100294,5000710,Closed,currency 1,-2769,0,-1541.0,-1541.0,,0,375000.0,0.0,128000.0,0.0,Credit card,-2339,
100294,5000711,Active,currency 1,-901,0,625.0,,,0,1090000.0,638000.0,267000.0,0.0,Credit card,-1289,
100294,5000712,Closed,currency 1,-2603,0,-1546.0,-1546.0,,0,525000.0,0.0,55000.0,0.0,Consumer credit,-1699,
100295,5000713,Closed,currency 1,-234,0,1731.0,1731.0,,0,75000.0,0.0,10000.0,0.0,Microloan,-2497,1500.0
100297,5000714,Closed,currency 1,-2894,0,-2661.0,-2661.0,1714.0,0,91000.0,0.0,24000.0,0.0,Consumer credit,-1243,
100297,5000715,Active,currency 1,-1165,0,200.0,,,0,78000.0,67000.0,12000.0,0.0,Consumer credit,-943,
100298,5000716,Closed,currency 1,-2468,0,-558.0,-558.0,,0,468000.0,0.0,73000.0,0.0,Consumer credit,-2124,
100300,5000717,Closed,currency 1,-2684,0,-2494.0,-2494.0,2684.0,0,879000.0,0.0,127000.0,0.0,Consumer credit,-1183,
100300,5000718,Active,currency 1,-1912,0,141.0,,,0,13000.0,4000.0,5000.0,0.0,Consumer credit,-746,
100300,5000719,Closed,currency 1,-814,0,83.0,83.0,,0,214000.0,0.0,38000.0,0.0,Consumer credit,-990,
100300,5000720,Closed,currency 1,-298,0,418.0,418.0,,0,148000.0,0.0,10000.0,0.0,Consumer credit,-328,
100300,5000721,Closed,currency 1,-2507,0,-1642.0,-1642.0,,0,631000.0,0.0,99000.0,0.0,Consumer credit,-568,
100300,5000722,Closed,currency 1,-2501,0,-583.0,-583.0,,0,161000.0,0.0,35000.0,0.0,Consumer credit,-49,
100302,5000723,Closed,currency 1,-986,0,460.0,460.0,2231.0,0,352000.0,0.0,77000.0,0.0,Mortgage,-2472,
100302,5000724,Closed,currency 1,-1888,0,-346.0,-346.0,,0,55000.0,0.0,19000.0,0.0,Consumer credit,-1253,1100.0
100302,5000725,Closed,currency 1,-1247,0,69.0,69.0,,0,89000.0,0.0,26000.0,0.0,Consumer credit,-826,
100303,5000726,Closed,currency 1,-1074,167,18.0,18.0,,0,209000.0,0.0,53000.0,10450.0,Consumer credit,-275,4200.0
100303,5000727,Closed,currency 1,-1027,0,-39.0,-39.0,,0,158000.0,0.0,8000.0,0.0,Consumer credit,-2161,
100303,5000728,Closed,currency 1,-2669,0,-936.0,-936.0,3045.0,0,52000.0,0.0,18000.0,0.0,Consumer credit,-1614,1400.0
100304,5000729,Closed,currency 1,-1234,0,-955.0,-955.0,,0,166000.0,0.0,66000.0,0.0,Consumer credit,-852,
100304,5000730,Closed,currency 1,-180,0,1492.0,1492.0,,0,28000.0,0.0,8000.0,0.0,Consumer credit,-1692,
100305,5000731,Active,currency 1,-1333,0,-372.0,,1838.0,0,90000.0,9000.0,13000.0,0.0,Car loan,-72,
100305,5000732,Closed,currency 1,-1717,0,355.0,355.0,,0,386000.0,0.0,82000.0,0.0,Consumer credit,-2353,
100305,5000733,Closed,currency 1,-1919,0,-901.0,-901.0,,0,123000.0,0.0,8000.0,0.0,Consumer credit,-486,
100306,5000734,Active,currency 1,-624,0,974.0,,,0,71000.0,62000.0,24000.0,0.0,Credit card,-1465,
100306,5000735,Closed,currency 1,-484,0,819.0,819.0,,0,118000.0,0.0,5000.0,0.0,Another type of loan,-1897,
100307,5000736,Active,currency 1,-2780,0,-1712.0,,,0,396000.0,218000.0,11000.0,0.0,Credit card,-1874,
100308,5000737,Active,currency 1,-1789,0,-955.0,,,0,74000.0,55000.0,13000.0,0.0,Credit card,-1668,
100308,5000738,Closed,currency 1,-692,0,1281.0,1281.0,412.0,0,29000.0,0.0,9000.0,0.0,Credit card,-2469,
100308,5000739,Closed,currency 1,-2736,0,-2017.0,-2017.0,,0,60000.0,0.0,6000.0,0.0,Consumer credit,-35,
100308,5000740,Closed,currency 1,-384,7,1256.0,1256.0,,0,198000.0,0.0,66000.0,9900.0,Consumer credit,-985,
100309,5000741,Active,currency 1,-885,0,201.0,,,0,306000.0,74000.0,24000.0,0.0,Consumer credit,-143,
100309,5000742,Active,currency 1,-204,0,474.0,,,0,108000.0,72000.0,33000.0,0.0,Consumer credit,-579,
100309,5000743,Closed,currency 1,-1413,0,-410.0,-410.0,1666.0,0,56000.0,0.0,7000.0,0.0,Credit card,-2113,1200.0
100310,5000744,Active,currency 1,-1954,0,-770.0,,,0,159000.0,56000.0,36000.0,0.0,Consumer credit,-2477,
100311,5000745,Closed,currency 1,-386,143,558.0,558.0,,0,156000.0,0.0,16000.0,7800.0,Consumer credit,-2139,
100311,5000746,Closed,currency 1,-599,0,62.0,62.0,,0,494000.0,0.0,137000.0,0.0,Credit card,-800,
100312,5000747,Closed,currency 1,-800,0,-246.0,-246.0,,0,837000.0,0.0,254000.0,0.0,Credit card,-2196,18600.0
100312,5000748,Closed,currency 1,-524,0,1240.0,1240.0,,0,413000.0,0.0,76000.0,0.0,Consumer credit,-1941,
100313,5000749,Active,currency 1,-27,0,366.0,,,0,833000.0,240000.0,112000.0,0.0,Consumer credit,-1598,
100313,5000750,Active,currency 1,-987,0,824.0,,,0,295000.0,176000.0,53000.0,0.0,Credit card,-1298,
100313,5000751,Active,currency 1,-793,0,772.0,,6015.0,0,1137000.0,401000.0,336000.0,0.0,Car loan,-1826,
100314,5000752,Closed,currency 1,-2232,0,-764.0,-764.0,,0,74000.0,0.0,12000.0,0.0,Consumer credit,-1580,1500.0
100314,5000753,Active,currency 1,-802,0,1238.0,,,0,102000.0,96000.0,36000.0,0.0,Credit card,-465,2000.0
100314,5000754,Active,currency 1,-429,0,1407.0,,,0,62000.0,22000.0,16000.0,0.0,Consumer credit,-158,
100314,5000755,Active,currency 1,-2566,0,-887.0,,,0,120000.0,68000.0,19000.0,0.0,Car loan,-1729,
100316,5000756,Active,currency 1,-285,0,1833.0,,,0,442000.0,306000.0,20000.0,0.0,Consumer credit,-914,12700.0
100316,5000757,Active,currency 1,-1068,0,-721.0,,,0,70000.0,41000.0,18000.0,0.0,Consumer credit,-791,
100317,5000758,Closed,currency 1,-1237,0,-379.0,-379.0,,0,63000.0,0.0,5000.0,0.0,Consumer credit,-1763,2900.0
100317,5000759,Closed,currency 1,-2430,0,-1108.0,-1108.0,14564.0,0,361000.0,0.0,82000.0,0.0,Consumer credit,-1016,
100317,5000760,Closed,currency 1,-2408,0,-540.0,-540.0,,0,673000.0,0.0,225000.0,0.0,Consumer credit,-2061,13200.0
100319,5000761,Closed,currency 1,-2726,0,-1360.0,-1360.0,,0,12000.0,0.0,3000.0,0.0,Credit card,-1233,800.0
100319,5000762,Closed,currency 1,-1535,0,-562.0,-562.0,,0,183000.0,0.0,39000.0,0.0,Credit card,-1904,
100319,5000763,Active,currency 1,-1202,0,-220.0,,1997.0,0,410000.0,379000.0,128000.0,0.0,Consumer credit,-841,
100319,5000764,Active,currency 1,-1767,0,-48.0,,,0,173000.0,141000.0,68000.0,0.0,Credit card,-468,
100319,5000765,Closed,currency 1,-2580,0,-714.0,-714.0,6237.0,0,1643000.0,0.0,383000.0,0.0,Mortgage,-1110,
100319,5000766,Active,currency 1,-2103,0,-1315.0,,,0,300000.0,125000.0,21000.0,0.0,Credit card,-743,
100321,5000767,Closed,currency 1,-2465,0,-409.0,-409.0,,0,83000.0,0.0,9000.0,0.0,Credit card,-2080,
100321,5000768,Closed,currency 1,-295,0,-25.0,-25.0,,0,4914000.0,0.0,92000.0,0.0,Consumer credit,-1613,
100321,5000769,Active,currency 1,-1324,0,-32.0,,1406.0,0,1005000.0,183000.0,320000.0,0.0,Consumer credit,-689,
100321,5000770,Closed,currency 1,-2058,0,-340.0,-340.0,2635.0,0,261000.0,0.0,34000.0,0.0,Car loan,-888,4600.0
100322,5000771,Closed,currency 1,-1971,0,-1336.0,-1336.0,,0,106000.0,0.0,31000.0,0.0,Consumer credit,-1640,
100322,5000772,Active,currency 1,-2798,0,-2131.0,,,0,229000.0,107000.0,63000.0,0.0,Mortgage,-2008,
100322,5000773,Closed,currency 1,-2740,0,-836.0,-836.0,5529.0,0,51000.0,0.0,12000.0,0.0,Consumer credit,-2164,
100323,5000774,Active,currency 1,-1128,0,887.0,,,0,38000.0,24000.0,5000.0,0.0,Consumer credit,-1503,
100324,5000775,Closed,currency 1,-2195,0,-1184.0,-1184.0,,0,114000.0,0.0,41000.0,0.0,Car loan,-570,
100324,5000776,Active,currency 1,-108,0,1650.0,,,0,392000.0,71000.0,34000.0,0.0,Consumer credit,-913,6800.0
100324,5000777,Closed,currency 1,-2434,0,-1715.0,-1715.0,4689.0,0,48000.0,0.0,12000.0,0.0,Consumer credit,-1446,
100324,5000778,Active,currency 1,-1453,0,473.0,,6382.0,0,292000.0,193000.0,95000.0,0.0,Credit card,-1757,
100325,5000779,Closed,currency 1,-1461,0,-1165.0,-1165.0,,0,185000.0,0.0,10000.0,0.0,Consumer credit,-2255,
100325,5000780,Closed,currency 1,-82,0,494.0,494.0,3599.0,0,686000.0,0.0,232000.0,0.0,Consumer credit,-1818,
100326,5000781,Active,currency 1,-1077,0,-777.0,,,0,178000.0,139000.0,6000.0,0.0,Consumer credit,-931,
100327,5000782,Active,currency 1,-1503,0,-1173.0,,,0,205000.0,50000.0,34000.0,0.0,Consumer credit,-430,
100329,5000783,Closed,currency 1,-621,0,1572.0,1572.0,,0,405000.0,0.0,73000.0,0.0,Consumer credit,-1656,
100329,5000784,Closed,currency 1,-1171,0,-124.0,-124.0,,0,300000.0,0.0,22000.0,0.0,Consumer credit,-2,11300.0
100330,5000785,Active,currency 1,-1502,0,593.0,,,0,95000.0,55000.0,24000.0,0.0,Consumer credit,-158,
100331,5000786,Active,currency 1,-489,0,1043.0,,,0,141000.0,80000.0,3000.0,0.0,Consumer credit,-771,
100331,5000787,Closed,currency 1,-2826,0,-1479.0,-1479.0,,0,326000.0,0.0,119000.0,0.0,Loan for business development,-495,
100331,5000788,Closed,currency 1,-763,0,-29.0,-29.0,,0,27000.0,0.0,7000.0,0.0,Car loan,-344,1200.0
100332,5000789,Closed,currency 1,-413,0,1127.0,1127.0,,0,309000.0,0.0,10000.0,0.0,Consumer credit,-645,5900.0
100332,5000790,Active,currency 1,-606,0,1073.0,,,0,902000.0,561000.0,133000.0,0.0,Consumer credit,-2393,
100332,5000791,Closed,currency 1,-925,0,942.0,942.0,,0,86000.0,0.0,27000.0,0.0,Consumer credit,-2457,
100336,5000792,Closed,currency 1,-1150,0,-667.0,-667.0,,0,263000.0,0.0,9000.0,0.0,Consumer credit,-957,
100337,5000793,Closed,currency 1,-732,0,359.0,359.0,,0,334000.0,0.0,69000.0,0.0,Consumer credit,-1382,7100.0
100337,5000794,Closed,currency 1,-1150,0,-516.0,-516.0,,0,419000.0,0.0,127000.0,0.0,Consumer credit,-2407,
100337,5000795,Closed,currency 1,-975,0,1127.0,1127.0,,0,334000.0,0.0,62000.0,0.0,Consumer credit,-16,23800.0
100338,5000796,Active,currency 1,-197,0,1079.0,,,0,60000.0,6000.0,14000.0,0.0,Consumer credit,-22,
100338,5000797,Active,currency 1,-958,0,395.0,,,0,270000.0,77000.0,11000.0,0.0,Credit card,-2297,7700.0
100340,5000798,Closed,currency 1,-1490,0,-962.0,-962.0,,0,214000.0,0.0,31000.0,0.0,Consumer credit,-1029,
100340,5000799,Active,currency 1,-1572,0,-709.0,,,0,15000.0,3000.0,1000.0,0.0,Consumer credit,-1002,
100340,5000800,Closed,currency 1,-181,0,1307.0,1307.0,,0,173000.0,0.0,43000.0,0.0,Another type of loan,-1472,
100341,5000801,Closed,currency 1,-2733,26,-2376.0,-2376.0,,0,2871000.0,0.0,427000.0,143550.0,Consumer credit,-2319,
100341,5000802,Active,currency 1,-2555,0,-1856.0,,,0,40000.0,16000.0,10000.0,0.0,Consumer credit,-1241,900.0
100342,5000803,Closed,currency 1,-408,0,132.0,132.0,,0,82000.0,0.0,27000.0,0.0,Credit card,-1556,1700.0
100342,5000804,Closed,currency 1,-2024,0,-1005.0,-1005.0,,0,317000.0,0.0,24000.0,0.0,Microloan,-1623,
100342,5000805,Active,currency 1,-797,132,1115.0,,,0,139000.0,52000.0,34000.0,6950.0,Consumer credit,-545,3600.0
100343,5000806,Closed,currency 1,-1019,0,-403.0,-403.0,,0,777000.0,0.0,37000.0,0.0,Credit card,-1116,
100343,5000807,Active,currency 1,-1109,0,-55.0,,4927.0,0,158000.0,52000.0,59000.0,0.0,Credit card,-199,
100344,5000808,Closed,currency 1,-471,0,1279.0,1279.0,,0,487000.0,0.0,185000.0,0.0,Consumer credit,-462,19600.0
100344,5000809,Active,currency 1,-1466,0,619.0,,,0,249000.0,56000.0,44000.0,0.0,Microloan,-1940,
100345,5000810,Active,currency 1,-2241,0,-220.0,,5858.0,0,278000.0,210000.0,28000.0,0.0,Consumer credit,-1522,5500.0
100345,5000811,Closed,currency 1,-2743,0,-2516.0,-2516.0,3223.0,0,30000.0,0.0,10000.0,0.0,Consumer credit,-873,
100345,5000812,Closed,currency 1,-158,0,813.0,813.0,,0,91000.0,0.0,10000.0,0.0,Credit card,-1281,
100346,5000813,Closed,currency 1,-20,16,1269.0,1269.0,,0,124000.0,0.0,27000.0,6200.0,Consumer credit,-1548,
100346,5000814,Closed,currency 1,-1627,0,-335.0,-335.0,,0,903000.0,0.0,237000.0,0.0,Credit card,-1284,
100346,5000815,Closed,currency 1,-2599,0,-872.0,-872.0,,0,73000.0,0.0,6000.0,0.0,Car loan,-343,2900.0
100347,5000816,Closed,currency 1,-885,0,-58.0,-58.0,459.0,0,136000.0,0.0,34000.0,0.0,Consumer credit,-109,
100347,5000817,Closed,currency 1,-2339,0,-1401.0,-1401.0,,0,179000.0,0.0,56000.0,0.0,Credit card,-2257,
100347,5000818,Active,currency 1,-351,0,1674.0,,2862.0,0,325000.0,186000.0,49000.0,0.0,Consumer credit,-1784,
100347,5000819,Closed,currency 1,-743,0,-11.0,-11.0,,0,338000.0,0.0,50000.0,0.0,Credit card,-1400,5700.0
100347,5000820,Closed,currency 1,-889,0,-55.0,-55.0,,0,2722000.0,0.0,703000.0,0.0,Credit card,-7,
100347,5000821,Closed,currency 1,-1593,0,86.0,86.0,,0,114000.0,0.0,1000.0,0.0,Mortgage,-391,
100348,5000822,Active,currency 1,-1989,0,-203.0,,,0,222000.0,138000.0,23000.0,0.0,Consumer credit,-1597,
100348,5000823,Active,currency 1,-1251,0,807.0,,891.0,0,118000.0,68000.0,2000.0,0.0,Consumer credit,-56,
100350,5000824,Closed,currency 1,-217,91,214.0,214.0,,0,52000.0,0.0,6000.0,2600.0,Consumer credit,-2407,
100351,5000825,Active,currency 1,-2404,0,-1578.0,,,0,93000.0,8000.0,22000.0,0.0,Credit card,-2154,
100351,5000826,Closed,currency 1,-2017,0,-1085.0,-1085.0,20765.0,0,112000.0,0.0,8000.0,0.0,Credit card,-1553,8500.0
100351,5000827,Closed,currency 1,-2651,0,-2141.0,-2141.0,10449.0,0,86000.0,0.0,29000.0,0.0,Consumer credit,-158,
100351,5000828,Closed,currency 1,-835,0,1009.0,1009.0,,0,48000.0,0.0,17000.0,0.0,Consumer credit,-1524,3000.0
100352,5000829,Closed,currency 1,-1245,0,-398.0,-398.0,,0,211000.0,0.0,62000.0,0.0,Consumer credit,-1862,
100353,5000830,Closed,currency 1,-726,0,395.0,395.0,11071.0,0,311000.0,0.0,98000.0,0.0,Credit card,-2335,
100353,5000831,Active,currency 1,-407,0,522.0,,,0,25000.0,5000.0,8000.0,0.0,Consumer credit,-1311,700.0
100354,5000832,Closed,currency 1,-541,0,477.0,477.0,,0,170000.0,0.0,32000.0,0.0,Consumer credit,-2308,4500.0
100354,5000833,Closed,currency 1,-2392,0,-386.0,-386.0,,0,191000.0,0.0,25000.0,0.0,Consumer credit,-2167,
100355,5000834,Closed,currency 1,-1472,0,-1126.0,-1126.0,,0,226000.0,0.0,56000.0,0.0,Consumer credit,-2349,
100355,5000835,Closed,currency 1,-1191,0,-864.0,-864.0,,0,214000.0,0.0,52000.0,0.0,Credit card,-157,
100356,5000836,Closed,currency 1,-485,0,-209.0,-209.0,,0,38000.0,0.0,1000.0,0.0,Credit card,-2453,
100357,5000837,Closed,currency 1,-1769,0,-1154.0,-1154.0,1830.0,0,134000.0,0.0,44000.0,0.0,Consumer credit,-957,
100357,5000838,Active,currency 1,-1680,0,-287.0,,,0,83000.0,19000.0,23000.0,0.0,Consumer credit,-1348,
100357,5000839,Closed,currency 1,-2750,0,-1489.0,-1489.0,,0,379000.0,0.0,112000.0,0.0,Consumer credit,-2401,
100358,5000840,Closed,currency 1,-2658,0,-1458.0,-1458.0,17638.0,0,48000.0,0.0,2000.0,0.0,Consumer credit,-1649,
100359,5000841,Active,currency 1,-1313,0,-323.0,,10441.0,0,124000.0,16000.0,32000.0,0.0,Credit card,-1403,
100359,5000842,Active,currency 1,-2101,0,-1909.0,,,0,24000.0,12000.0,4000.0,0.0,Consumer credit,-1665,500.0
100359,5000843,Active,currency 1,-577,0,1592.0,,,0,139000.0,78000.0,3000.0,0.0,Car loan,-985,
100360,5000844,Closed,currency 1,-1893,0,-172.0,-172.0,,0,91000.0,0.0,28000.0,0.0,Credit card,-514,
100360,5000845,Active,currency 1,-2242,0,-237.0,,,0,1289000.0,121000.0,188000.0,0.0,Consumer credit,-1300,
100360,5000846,Active,currency 1,-1836,0,-334.0,,,0,56000.0,11000.0,14000.0,0.0,Consumer credit,-1371,3200.0
100360,5000847,Active,currency 1,-881,0,-20.0,,,0,131000.0,19000.0,38000.0,0.0,Consumer credit,-1752,
100361,5000848,Active,currency 1,-2599,0,-1055.0,,5360.0,0,242000.0,175000.0,22000.0,0.0,Microloan,-860,
100361,5000849,Closed,currency 1,-631,0,859.0,859.0,,0,52000.0,0.0,18000.0,0.0,Consumer credit,-1293,
100361,5000850,Active,currency 1,-2599,0,-2151.0,,,0,982000.0,495000.0,336000.0,0.0,Microloan,-839,
100361,5000851,Closed,currency 1,-1338,0,-1113.0,-1113.0,48896.0,0,1185000.0,0.0,182000.0,0.0,Credit card,-1809,20100.0
100363,5000852,Active,currency 1,-1950,0,-1093.0,,,0,345000.0,193000.0,7000.0,0.0,Consumer credit,-446,
100363,5000853,Closed,currency 1,-279,0,1460.0,1460.0,18291.0,0,200000.0,0.0,43000.0,0.0,Consumer credit,-1714,
100364,5000854,Active,currency 1,-2285,0,-1190.0,,,0,161000.0,72000.0,59000.0,0.0,Credit card,-868,
100364,5000855,Closed,currency 1,-55,0,1452.0,1452.0,8001.0,0,174000.0,0.0,64000.0,0.0,Credit card,-1793,
100365,5000856,Active,currency 1,-2604,0,-473.0,,,0,347000.0,51000.0,113000.0,0.0,Credit card,-1347,
100365,5000857,Closed,currency 1,-1793,0,-1125.0,-1125.0,,0,23000.0,0.0,4000.0,0.0,Consumer credit,-441,1300.0
100366,5000858,Closed,currency 1,-727,0,-127.0,-127.0,,0,56000.0,0.0,17000.0,0.0,Credit card,-1563,1100.0
100366,5000859,Closed,currency 1,-110,0,1705.0,1705.0,,0,635000.0,0.0,117000.0,0.0,Consumer credit,-1432,
100366,5000860,Closed,currency 1,-1373,0,-666.0,-666.0,521.0,0,118000.0,0.0,39000.0,0.0,Consumer credit,-154,
100366,5000861,Active,currency 1,-2006,0,-1541.0,,,0,286000.0,251000.0,12000.0,0.0,Consumer credit,-1871,6300.0
100366,5000862,Active,currency 1,-863,0,911.0,,1170.0,0,309000.0,23000.0,42000.0,0.0,Consumer credit,-351,
100366,5000863,Closed,currency 1,-299,0,804.0,804.0,,0,222000.0,0.0,43000.0,0.0,Consumer credit,-372,
100366,5000864,Active,currency 1,-1446,0,214.0,,6571.0,0,61000.0,46000.0,4000.0,0.0,Credit card,-1758,1200.0
100366,5000865,Active,currency 1,-533,0,292.0,,526.0,0,182000.0,126000.0,39000.0,0.0,Consumer credit,-2384,
100368,5000866,Closed,currency 1,-2085,0,-1708.0,-1708.0,1416.0,0,1070000.0,0.0,426000.0,0.0,Credit card,-1950,
100368,5000867,Active,currency 1,-2084,0,-1124.0,,,0,169000.0,34000.0,61000.0,0.0,Consumer credit,-1779,
100368,5000868,Closed,currency 1,-532,0,-96.0,-96.0,,0,5000.0,0.0,1000.0,0.0,Consumer credit,-648,
100368,5000869,Closed,currency 1,-55,0,1010.0,1010.0,,0,39000.0,0.0,12000.0,0.0,Credit card,-1736,
100369,5000870,Closed,currency 1,-1193,5,352.0,352.0,,0,203000.0,0.0,52000.0,10150.0,Consumer credit,-2103,
100369,5000871,Active,currency 1,-784,0,-444.0,,,0,57000.0,39000.0,4000.0,0.0,Credit card,-492,
100370,5000872,Closed,currency 1,-840,0,858.0,858.0,2904.0,0,76000.0,0.0,2000.0,0.0,Mortgage,-1454,
100370,5000873,Closed,currency 1,-2788,0,-2224.0,-2224.0,23869.0,0,614000.0,0.0,232000.0,0.0,Car loan,-490,12000.0
100370,5000874,Active,currency 1,-2510,0,-2022.0,,,0,203000.0,147000.0,58000.0,0.0,Consumer credit,-1760,
100372,5000875,Active,currency 1,-187,0,243.0,,,0,153000.0,45000.0,18000.0,0.0,Consumer credit,-913,
100372,5000876,Active,currency 1,-2827,0,-993.0,,4383.0,0,588000.0,555000.0,120000.0,0.0,Credit card,-817,13700.0
100372,5000877,Closed,currency 1,-2006,0,-516.0,-516.0,1322.0,0,243000.0,0.0,12000.0,0.0,Credit card,-2426,
100373,5000878,Active,currency 1,-2378,0,-216.0,,8811.0,0,379000.0,327000.0,29000.0,0.0,Consumer credit,-1280,
100374,5000879,Closed,currency 1,-1983,0,-341.0,-341.0,3440.0,0,32000.0,0.0,11000.0,0.0,Car loan,-2467,
100374,5000880,Closed,currency 1,-946,0,232.0,232.0,,0,86000.0,0.0,28000.0,0.0,Consumer credit,-702,
100374,5000881,Active,currency 1,-1609,0,-588.0,,1266.0,0,313000.0,179000.0,46000.0,0.0,Credit card,-2399,
100375,5000882,Closed,currency 1,-1543,0,-1195.0,-1195.0,,0,145000.0,0.0,23000.0,0.0,Consumer credit,-1448,
100375,5000883,Closed,currency 1,-1785,0,-432.0,-432.0,,0,96000.0,0.0,15000.0,0.0,Car loan,-1129,
100375,5000884,Closed,currency 1,-2216,0,-1777.0,-1777.0,,0,174000.0,0.0,8000.0,0.0,Consumer credit,-1629,
100376,5000885,Active,currency 1,-2092,0,-1439.0,,,0,67000.0,53000.0,5000.0,0.0,Consumer credit,-2148,
100376,5000886,Closed,currency 1,-1755,0,-548.0,-548.0,,0,30000.0,0.0,9000.0,0.0,Car loan,-3,
100378,5000887,Active,currency 1,-1808,0,-1319.0,,,0,159000.0,55000.0,35000.0,0.0,Credit card,-206,
100379,5000888,Closed,currency 1,-1900,0,-754.0,-754.0,,0,303000.0,0.0,91000.0,0.0,Car loan,-288,
100379,5000889,Active,currency 1,-556,0,1325.0,,1488.0,0,369000.0,111000.0,75000.0,0.0,Consumer credit,-676,
100379,5000890,Active,currency 1,-864,0,-319.0,,,0,54000.0,35000.0,21000.0,0.0,Consumer credit,-1760,
100379,5000891,Closed,currency 1,-2813,0,-1268.0,-1268.0,,0,30000.0,0.0,6000.0,0.0,Consumer credit,-208,
100380,5000892,Closed,currency 1,-2061,0,-653.0,-653.0,,0,606000.0,0.0,192000.0,0.0,Consumer credit,-287,
100380,5000893,Active,currency 1,-278,0,1489.0,,,0,35000.0,10000.0,5000.0,0.0,Consumer credit,-325,
100382,5000894,Active,currency 1,-301,0,1618.0,,,0,213000.0,193000.0,14000.0,0.0,Credit card,-753,
100383,5000895,Closed,currency 1,-1768,0,-1079.0,-1079.0,,0,425000.0,0.0,133000.0,0.0,Consumer credit,-1053,8700.0
100386,5000896,Closed,currency 1,-812,0,777.0,777.0,,0,1176000.0,0.0,418000.0,0.0,Consumer credit,-357,49600.0
100386,5000897,Active,currency 1,-2500,0,-1085.0,,,0,94000.0,33000.0,12000.0,0.0,Consumer credit,-1784,
100387,5000898,Closed,currency 1,-404,0,106.0,106.0,,0,334000.0,0.0,104000.0,0.0,Credit card,-993,
100387,5000899,Active,currency 1,-1854,0,-1153.0,,10140.0,0,509000.0,135000.0,43000.0,0.0,Consumer credit,-1265,
100387,5000900,Active,currency 1,-2683,0,-1048.0,,,0,75000.0,60000.0,1000.0,0.0,Consumer credit,-596,1600.0
100387,5000901,Active,currency 1,-1187,0,727.0,,3776.0,0,15000.0,13000.0,4000.0,0.0,Car loan,-470,
100387,5000902,Closed,currency 1,-2070,0,-1120.0,-1120.0,,0,93000.0,0.0,9000.0,0.0,Consumer credit,-2176,
100387,5000903,Active,currency 1,-265,0,1932.0,,,0,453000.0,112000.0,177000.0,0.0,Consumer credit,-2494,9700.0
100388,5000904,Closed,currency 1,-2365,0,-535.0,-535.0,,0,167000.0,0.0,65000.0,0.0,Credit card,-1198,
100389,5000905,Closed,currency 1,-1575,0,149.0,149.0,,0,45000.0,0.0,6000.0,0.0,Consumer credit,-1113,
100389,5000906,Closed,currency 1,-1275,0,-1089.0,-1089.0,3638.0,0,80000.0,0.0,27000.0,0.0,Consumer credit,-2297,
100390,5000907,Closed,currency 1,-1569,0,-987.0,-987.0,637.0,0,165000.0,0.0,56000.0,0.0,Consumer credit,-2049,
100390,5000908,Active,currency 1,-2339,0,-1429.0,,,0,311000.0,17000.0,67000.0,0.0,Consumer credit,-702,9500.0
100390,5000909,Active,currency 1,-701,0,1063.0,,,0,154000.0,48000.0,24000.0,0.0,Credit card,-1715,
100390,5000910,Active,currency 1,-1974,0,-330.0,,,0,123000.0,28000.0,9000.0,0.0,Consumer credit,-73,
100390,5000911,Closed,currency 1,-732,0,-412.0,-412.0,,0,419000.0,0.0,12000.0,0.0,Consumer credit,-776,
100391,5000912,Active,currency 1,-940,0,-96.0,,,0,18000.0,13000.0,3000.0,0.0,Loan for business development,-1495,
100391,5000913,Active,currency 1,-9,0,2155.0,,1442.0,0,563000.0,288000.0,159000.0,0.0,Car loan,-830,
100392,5000914,Closed,currency 1,-180,0,1782.0,1782.0,,0,155000.0,0.0,14000.0,0.0,Credit card,-1027,4400.0
100392,5000915,Closed,currency 1,-2828,0,-2395.0,-2395.0,,0,446000.0,0.0,115000.0,0.0,Consumer credit,-974,
100392,5000916,Closed,currency 1,-714,0,121.0,121.0,,0,52000.0,0.0,17000.0,0.0,Credit card,-1334,
100392,5000917,Active,currency 1,-1603,0,-1046.0,,,0,89000.0,80000.0,22000.0,0.0,Consumer credit,-1132,
100393,5000918,Active,currency 1,-608,0,-95.0,,,0,144000.0,87000.0,46000.0,0.0,Consumer credit,-2396,
100394,5000919,Closed,currency 1,-2792,0,-2567.0,-2567.0,,0,432000.0,0.0,20000.0,0.0,Credit card,-739,18400.0
100394,5000920,Closed,currency 1,-1610,0,-1277.0,-1277.0,41625.0,0,262000.0,0.0,67000.0,0.0,Consumer credit,-189,
100394,5000921,Closed,currency 1,-911,0,532.0,532.0,,0,134000.0,0.0,47000.0,0.0,Credit card,-1483,
100394,5000922,Active,currency 1,-1399,0,786.0,,2896.0,0,341000.0,40000.0,28000.0,0.0,Credit card,-235,
100395,5000923,Active,currency 1,-1615,0,17.0,,,0,520000.0,429000.0,191000.0,0.0,Credit card,-2141,
100396,5000924,Closed,currency 1,-1452,0,484.0,484.0,8462.0,0,101000.0,0.0,30000.0,0.0,Consumer credit,-1103,
100396,5000925,Closed,currency 1,-1268,0,815.0,815.0,,0,79000.0,0.0,13000.0,0.0,Consumer credit,-1587,
100396,5000926,Active,currency 1,-2815,24,-1339.0,,,0,172000.0,77000.0,52000.0,8600.0,Credit card,-838,3900.0
100396,5000927,Active,currency 1,-652,0,-118.0,,,0,340000.0,249000.0,109000.0,0.0,Credit card,-1643,5700.0
100396,5000928,Closed,currency 1,-870,0,243.0,243.0,,0,643000.0,0.0,232000.0,0.0,Credit card,-1779,
100397,5000929,Closed,currency 1,-1087,0,1009.0,1009.0,,0,198000.0,0.0,40000.0,0.0,Consumer credit,-1786,4100.0
100397,5000930,Closed,currency 1,-1301,0,-707.0,-707.0,,0,170000.0,0.0,42000.0,0.0,Consumer credit,-2000,
100397,5000931,Closed,currency 1,-2487,0,-678.0,-678.0,16507.0,0,34000.0,0.0,5000.0,0.0,Credit card,-1704,600.0
100397,5000932,Active,currency 1,-1272,0,-855.0,,,0,99000.0,29000.0,29000.0,0.0,Consumer credit,-999,
100397,5000933,Closed,currency 1,-1885,0,-352.0,-352.0,,0,94000.0,0.0,7000.0,0.0,Consumer credit,-2110,1800.0
100397,5000934,Closed,currency 1,-254,0,627.0,627.0,14190.0,0,262000.0,0.0,26000.0,0.0,Consumer credit,-2057,
100399,5000935,Active,currency 1,-548,0,370.0,,,0,248000.0,132000.0,59000.0,0.0,Consumer credit,-1666,
100399,5000936,Closed,currency 1,-438,0,1073.0,1073.0,,0,185000.0,0.0,11000.0,0.0,Microloan,-2009,
100399,5000937,Closed,currency 1,-620,0,-360.0,-360.0,,0,70000.0,0.0,4000.0,0.0,Consumer credit,-1485,
100399,5000938,Closed,currency 1,-1504,0,308.0,308.0,,0,113000.0,0.0,45000.0,0.0,Consumer credit,-1109,
100400,5000939,Closed,currency 1,-573,0,273.0,273.0,,0,24000.0,0.0,3000.0,0.0,Consumer credit,-2324,
100400,5000940,Closed,currency 1,-2121,0,-544.0,-544.0,797.0,0,307000.0,0.0,23000.0,0.0,Credit card,-2459,10200.0
100400,5000941,Active,currency 1,-2830,0,-1601.0,,,0,139000.0,40000.0,35000.0,0.0,Consumer credit,-1203,
100400,5000942,Closed,currency 1,-2438,0,-1572.0,-1572.0,,0,305000.0,0.0,115000.0,0.0,Consumer credit,-2184,25000.0
100401,5000943,Closed,currency 1,-876,0,877.0,877.0,15953.0,0,1006000.0,0.0,74000.0,0.0,Consumer credit,-2358,
100401,5000944,Closed,currency 1,-1353,0,-1076.0,-1076.0,,0,1336000.0,0.0,159000.0,0.0,Consumer credit,-830,31100.0
100402,5000945,Active,currency 1,-57,0,1078.0,,,0,134000.0,68000.0,12000.0,0.0,Credit card,-2409,6000.0
100402,5000946,Closed,currency 1,-1214,0,-471.0,-471.0,,0,431000.0,0.0,86000.0,0.0,Credit card,-443,
100402,5000947,Closed,currency 1,-1775,0,-917.0,-917.0,3154.0,0,17000.0,0.0,5000.0,0.0,Consumer credit,-2089,
100402,5000948,Closed,currency 1,-183,0,585.0,585.0,,0,45000.0,0.0,17000.0,0.0,Credit card,-299,
100403,5000949,Closed,currency 1,-2818,0,-2233.0,-2233.0,,0,54000.0,0.0,10000.0,0.0,Consumer credit,-2063,
100403,5000950,Closed,currency 1,-2279,0,-1430.0,-1430.0,,0,29000.0,0.0,0.0,0.0,Mortgage,-2368,
100404,5000951,Closed,currency 1,-684,0,1419.0,1419.0,,0,139000.0,0.0,7000.0,0.0,Consumer credit,-1452,2500.0
100404,5000952,Closed,currency 1,-831,0,-509.0,-509.0,,0,1162000.0,0.0,323000.0,0.0,Consumer credit,-2428,
100404,5000953,Closed,currency 1,-1166,0,-55.0,-55.0,,0,65000.0,0.0,13000.0,0.0,Consumer credit,-4,
100404,5000954,Active,currency 1,-1837,0,-1621.0,,,0,155000.0,16000.0,40000.0,0.0,Consumer credit,-862,2900.0
100405,5000955,Closed,currency 1,-1361,0,-654.0,-654.0,,0,781000.0,0.0,77000.0,0.0,Consumer credit,-2212,
100406,5000956,Closed,currency 1,-516,0,256.0,256.0,501.0,0,481000.0,0.0,167000.0,0.0,Credit card,-1428,
100406,5000957,Closed,currency 1,-796,0,-442.0,-442.0,,0,184000.0,0.0,50000.0,0.0,Credit card,-752,
100406,5000958,Closed,currency 1,-645,0,1316.0,1316.0,,0,79000.0,0.0,18000.0,0.0,Consumer credit,-1324,1900.0
100407,5000959,Closed,currency 1,-491,0,1309.0,1309.0,,0,362000.0,0.0,35000.0,0.0,Mortgage,-1941,
100407,5000960,Closed,currency 1,-2479,45,-1581.0,-1581.0,,0,432000.0,0.0,88000.0,21600.0,Consumer credit,-91,10500.0
100407,5000961,Closed,currency 1,-1937,0,-882.0,-882.0,,0,253000.0,0.0,63000.0,0.0,Credit card,-2367,
100408,5000962,Closed,currency 1,-1345,0,-821.0,-821.0,,0,1113000.0,0.0,46000.0,0.0,Credit card,-2144,
100408,5000963,Closed,currency 1,-60,0,1366.0,1366.0,,0,52000.0,0.0,11000.0,0.0,Credit card,-1552,
100408,5000964,Closed,currency 1,-93,0,1761.0,1761.0,1347.0,0,200000.0,0.0,47000.0,0.0,Microloan,-1964,
100410,5000965,Active,currency 1,-1514,0,-1099.0,,,0,62000.0,56000.0,7000.0,0.0,Consumer credit,-661,
100410,5000966,Closed,currency 1,-718,0,573.0,573.0,,0,607000.0,0.0,94000.0,0.0,Consumer credit,-15,
100410,5000967,Closed,currency 1,-2229,0,-609.0,-609.0,,1,176000.0,0.0,21000.0,0.0,Credit card,-2233,
100411,5000968,Closed,currency 1,-873,0,-691.0,-691.0,,0,56000.0,0.0,11000.0,0.0,Car loan,-2351,
100411,5000969,Active,currency 1,-1372,0,613.0,,,0,79000.0,70000.0,21000.0,0.0,Credit card,-289,1400.0
100411,5000970,Closed,currency 1,-2271,0,-1787.0,-1787.0,,0,114000.0,0.0,41000.0,0.0,Credit card,-1422,
100411,5000971,Active,currency 1,-2769,0,-1697.0,,,1,112000.0,28000.0,5000.0,0.0,Consumer credit,-2124,
100411,5000972,Active,currency 1,-30,0,368.0,,,0,161000.0,43000.0,19000.0,0.0,Consumer credit,-94,
100411,5000973,Closed,currency 1,-1985,0,61.0,61.0,,0,58000.0,0.0,13000.0,0.0,Consumer credit,-1755,
100412,5000974,Closed,currency 1,-1924,0,-1234.0,-1234.0,,0,420000.0,0.0,149000.0,0.0,Credit card,-2288,
100412,5000975,Active,currency 1,-124,0,497.0,,530.0,0,527000.0,252000.0,47000.0,0.0,Consumer credit,-1446,11500.0
100412,5000976,Closed,currency 1,-1604,0,-537.0,-537.0,,0,127000.0,0.0,6000.0,0.0,Consumer credit,-1786,5300.0
100413,5000977,Closed,currency 1,-776,0,-243.0,-243.0,,0,1443000.0,0.0,215000.0,0.0,Consumer credit,-1243,
100413,5000978,Closed,currency 1,-2892,0,-2395.0,-2395.0,,0,296000.0,0.0,70000.0,0.0,Credit card,-999,
100413,5000979,Active,currency 1,-1588,0,-1394.0,,,0,29000.0,17000.0,3000.0,0.0,Credit card,-2069,
100414,5000980,Closed,currency 1,-2639,0,-698.0,-698.0,455.0,0,276000.0,0.0,40000.0,0.0,Consumer credit,-257,
100414,5000981,Closed,currency 1,-596,0,-317.0,-317.0,,0,169000.0,0.0,43000.0,0.0,Consumer credit,-1035,
100414,5000982,Closed,currency 1,-313,0,367.0,367.0,,0,1984000.0,0.0,475000.0,0.0,Consumer credit,-869,
100414,5000983,Active,currency 1,-1111,0,685.0,,9099.0,0,123000.0,95000.0,37000.0,0.0,Consumer credit,-2477,
100415,5000984,Closed,currency 1,-932,0,132.0,132.0,,0,167000.0,0.0,30000.0,0.0,Consumer credit,-1309,
100415,5000985,Closed,currency 1,-1053,0,1089.0,1089.0,,0,233000.0,0.0,44000.0,0.0,Credit card,-1649,
100415,5000986,Closed,currency 1,-2893,0,-1224.0,-1224.0,,0,98000.0,0.0,29000.0,0.0,Credit card,-1466,
100415,5000987,Closed,currency 1,-1696,117,445.0,445.0,,0,451000.0,0.0,37000.0,22550.0,Consumer credit,-504,
100416,5000988,Closed,currency 1,-2487,0,-1275.0,-1275.0,,0,76000.0,0.0,11000.0,0.0,Credit card,-2418,
100416,5000989,Closed,currency 1,-2007,0,-1202.0,-1202.0,,0,1519000.0,0.0,486000.0,0.0,Consumer credit,-583,
100416,5000990,Active,currency 1,-2363,0,-274.0,,,0,357000.0,165000.0,30000.0,0.0,Credit card,-821,
100417,5000991,Active,currency 1,-1185,0,750.0,,,0,244000.0,121000.0,45000.0,0.0,Consumer credit,-2158,4300.0
100417,5000992,Active,currency 1,-628,0,1296.0,,,0,57000.0,37000.0,1000.0,0.0,Credit card,-1827,
100419,5000993,Closed,currency 1,-1558,0,80.0,80.0,,0,30000.0,0.0,4000.0,0.0,Consumer credit,-1670,
100420,5000994,Active,currency 1,-1136,0,-886.0,,,0,145000.0,38000.0,57000.0,0.0,Credit card,-2483,
100420,5000995,Closed,currency 1,-1281,0,-854.0,-854.0,,0,906000.0,0.0,344000.0,0.0,Consumer credit,-1232,16000.0
100422,5000996,Closed,currency 1,-2674,0,-1123.0,-1123.0,9886.0,0,150000.0,0.0,38000.0,0.0,Consumer credit,-1232,
100425,5000997,Active,currency 1,-2381,0,-854.0,,7159.0,0,153000.0,134000.0,52000.0,0.0,Consumer credit,-1597,
100425,5000998,Closed,currency 1,-1919,0,123.0,123.0,,0,420000.0,0.0,64000.0,0.0,Consumer credit,-1902,
100425,5000999,Active,currency 1,-348,0,969.0,,253633.0,0,145000.0,94000.0,27000.0,0.0,Consumer credit,-1312,
100427,5001000,Closed,currency 1,-2484,0,-1165.0,-1165.0,,0,228000.0,0.0,23000.0,0.0,Car loan,-533,
100428,5001001,Closed,currency 1,-980,0,578.0,578.0,364.0,0,308000.0,0.0,71000.0,0.0,Consumer credit,-131,
100429,5001002,Closed,currency 1,-1133,0,65.0,65.0,,0,276000.0,0.0,39000.0,0.0,Consumer credit,-1983,
100429,5001003,Closed,currency 1,-1002,0,8.0,8.0,2213.0,0,1093000.0,0.0,358000.0,0.0,Consumer credit,-255,
100429,5001004,Closed,currency 1,-477,0,368.0,368.0,,0,94000.0,0.0,37000.0,0.0,Consumer credit,-755,
100429,5001005,Closed,currency 1,-2707,0,-1793.0,-1793.0,,0,31000.0,0.0,2000.0,0.0,Credit card,-862,
100430,5001006,Closed,currency 1,-2183,0,-141.0,-141.0,,0,29000.0,0.0,5000.0,0.0,Consumer credit,-116,
100430,5001007,Closed,currency 1,-1812,0,-254.0,-254.0,,0,226000.0,0.0,43000.0,0.0,Credit card,-880,
100430,5001008,Active,currency 1,-230,0,1018.0,,,0,423000.0,211000.0,108000.0,0.0,Consumer credit,-1135,
100430,5001009,Active,currency 1,-280,0,1147.0,,,0,96000.0,16000.0,8000.0,0.0,Consumer credit,-321,
100431,5001010,Closed,currency 1,-1596,0,-1178.0,-1178.0,,0,156000.0,0.0,22000.0,0.0,Consumer credit,-207,
100431,5001011,Closed,currency 1,-2737,0,-1351.0,-1351.0,,0,172000.0,0.0,25000.0,0.0,Credit card,-921,
100431,5001012,Closed,currency 1,-671,0,499.0,499.0,12397.0,0,299000.0,0.0,18000.0,0.0,Consumer credit,-226,
100432,5001013,Active,currency 1,-1558,0,558.0,,,0,228000.0,172000.0,64000.0,0.0,Credit card,-2275,
100432,5001014,Active,currency 1,-1723,0,-1048.0,,,0,476000.0,95000.0,144000.0,0.0,Credit card,-451,13000.0
100432,5001015,Closed,currency 1,-2192,0,-1959.0,-1959.0,,0,123000.0,0.0,38000.0,0.0,Consumer credit,-2063,8500.0
100433,5001016,Active,currency 1,-2253,0,-1386.0,,,0,130000.0,86000.0,21000.0,0.0,Credit card,-352,
100433,5001017,Active,currency 1,-536,0,1165.0,,,0,836000.0,397000.0,185000.0,0.0,Credit card,-216,
100433,5001018,Closed,currency 1,-2283,0,-453.0,-453.0,,0,324000.0,0.0,64000.0,0.0,Credit card,-460,
100433,5001019,Closed,currency 1,-1510,0,-838.0,-838.0,2251.0,0,382000.0,0.0,44000.0,0.0,Credit card,-950,
100434,5001020,Closed,currency 1,-1292,0,-989.0,-989.0,,0,234000.0,0.0,3000.0,0.0,Consumer credit,-199,
100434,5001021,Active,currency 1,-2843,0,-1023.0,,,0,13000.0,3000.0,1000.0,0.0,Credit card,-2375,
100434,5001022,Closed,currency 1,-2592,0,-1786.0,-1786.0,,0,537000.0,0.0,14000.0,0.0,Credit card,-1187,
100434,5001023,Active,currency 1,-1545,0,-731.0,,,0,147000.0,16000.0,57000.0,0.0,Consumer credit,-307,
100435,5001024,Closed,currency 1,-2502,0,-1903.0,-1903.0,,0,222000.0,0.0,23000.0,0.0,Credit card,-1296,6400.0
100435,5001025,Active,currency 1,-2195,0,-2011.0,,,0,529000.0,423000.0,171000.0,0.0,Consumer credit,-1153,11900.0
100435,5001026,Closed,currency 1,-1740,0,-1514.0,-1514.0,,0,792000.0,0.0,225000.0,0.0,Consumer credit,-255,
100436,5001027,Closed,currency 1,-144,0,1667.0,1667.0,,0,357000.0,0.0,57000.0,0.0,Consumer credit,-868,
100437,5001028,Active,currency 1,-2113,0,-936.0,,,0,416000.0,282000.0,104000.0,0.0,Credit card,-2177,
100438,5001029,Active,currency 1,-443,0,611.0,,,0,291000.0,64000.0,57000.0,0.0,Consumer credit,-9,
100438,5001030,Active,currency 1,-1819,0,-257.0,,,0,444000.0,181000.0,127000.0,0.0,Credit card,-1034,
100438,5001031,Closed,currency 1,-1630,0,-808.0,-808.0,,0,36000.0,0.0,4000.0,0.0,Mortgage,-1663,
100439,5001032,Closed,currency 1,-1939,0,-1014.0,-1014.0,,0,181000.0,0.0,40000.0,0.0,Credit card,-776,
100439,5001033,Active,currency 1,-1281,0,-335.0,,,0,230000.0,78000.0,39000.0,0.0,Credit card,-2196,
100439,5001034,Active,currency 1,-148,0,1365.0,,,0,37000.0,12000.0,0.0,0.0,Consumer credit,-1069,1000.0
100439,5001035,Active,currency 1,-1836,0,-570.0,,,0,168000.0,76000.0,20000.0,0.0,Loan for business development,-1349,
100439,5001036,Closed,currency 1,-430,0,1398.0,1398.0,,0,809000.0,0.0,30000.0,0.0,Credit card,-517,
100440,5001037,Closed,currency 1,-115,0,226.0,226.0,,0,72000.0,0.0,23000.0,0.0,Consumer credit,-1201,4400.0
100440,5001038,Active,currency 1,-280,0,78.0,,,0,82000.0,72000.0,25000.0,0.0,Mortgage,-1971,1600.0
100440,5001039,Closed,currency 1,-1354,0,272.0,272.0,1191.0,0,199000.0,0.0,53000.0,0.0,Mortgage,-459,5800.0
100441,5001040,Closed,currency 1,-434,0,1038.0,1038.0,,0,150000.0,0.0,3000.0,0.0,Car loan,-2033,
100441,5001041,Closed,currency 1,-20,0,2173.0,2173.0,,0,591000.0,0.0,20000.0,0.0,Consumer credit,-2480,23500.0
100441,5001042,Closed,currency 1,-2835,0,-1484.0,-1484.0,7284.0,0,68000.0,0.0,21000.0,0.0,Loan for business development,-2448,1700.0
100441,5001043,Active,currency 1,-1872,0,-5.0,,,0,87000.0,35000.0,20000.0,0.0,Consumer credit,-1214,
100441,5001044,Active,currency 1,-1119,58,1015.0,,46110.0,0,95000.0,34000.0,20000.0,4750.0,Consumer credit,-1326,
100441,5001045,Closed,currency 1,-1750,0,-923.0,-923.0,,0,2521000.0,0.0,415000.0,0.0,Loan for business development,-2344,
100441,5001046,Active,currency 1,-561,0,1372.0,,,0,217000.0,33000.0,22000.0,0.0,Consumer credit,-743,10700.0
100442,5001047,Closed,currency 1,-2140,0,-1728.0,-1728.0,15289.0,0,21000.0,0.0,7000.0,0.0,Consumer credit,-1201,800.0
100443,5001048,Closed,currency 1,-403,0,1267.0,1267.0,,0,390000.0,0.0,7000.0,0.0,Consumer credit,-2047,
100443,5001049,Closed,currency 1,-1292,0,-874.0,-874.0,6515.0,0,34000.0,0.0,12000.0,0.0,Car loan,-1741,
100443,5001050,Closed,currency 1,-2834,0,-1671.0,-1671.0,,0,115000.0,0.0,19000.0,0.0,Consumer credit,-1093,3700.0
100443,5001051,Closed,currency 1,-413,0,1146.0,1146.0,,0,327000.0,0.0,11000.0,0.0,Credit card,-2027,19400.0
100443,5001052,Closed,currency 1,-1063,0,568.0,568.0,,0,109000.0,0.0,4000.0,0.0,Consumer credit,-991,5700.0
100444,5001053,Active,currency 1,-784,0,-592.0,,,0,245000.0,209000.0,45000.0,0.0,Consumer credit,-2278,
100444,5001054,Active,currency 1,-415,0,665.0,,5986.0,0,130000.0,33000.0,49000.0,0.0,Credit card,-2319,
100444,5001055,Closed,currency 1,-571,0,937.0,937.0,,0,287000.0,0.0,55000.0,0.0,Consumer credit,-1796,
100444,5001056,Active,currency 1,-2365,0,-861.0,,,0,20000.0,18000.0,5000.0,0.0,Car loan,-1958,
100445,5001057,Closed,currency 1,-2135,0,-125.0,-125.0,1795.0,0,1401000.0,0.0,158000.0,0.0,Consumer credit,-594,
100445,5001058,Active,currency 1,-2831,0,-2381.0,,707.0,0,44000.0,32000.0,6000.0,0.0,Consumer credit,-1339,
100446,5001059,Active,currency 1,-21,0,1227.0,,,0,136000.0,36000.0,44000.0,0.0,Mortgage,-2083,
100446,5001060,Closed,currency 1,-2100,0,-1169.0,-1169.0,,0,23000.0,0.0,2000.0,0.0,Consumer credit,-2403,
100446,5001061,Closed,currency 1,-1183,0,127.0,127.0,,0,1173000.0,0.0,98000.0,0.0,Consumer credit,-1739,
100446,5001062,Closed,currency 1,-2681,0,-2442.0,-2442.0,,0,131000.0,0.0,15000.0,0.0,Consumer credit,-221,4600.0
100447,5001063,Closed,currency 1,-1937,0,222.0,222.0,,0,147000.0,0.0,48000.0,0.0,Consumer credit,-2305,
100447,5001064,Closed,currency 1,-713,0,882.0,882.0,1569.0,0,256000.0,0.0,67000.0,0.0,Consumer credit,-927,
100447,5001065,Active,currency 1,-1682,0,-868.0,,,0,124000.0,37000.0,28000.0,0.0,Consumer credit,-568,
100447,5001066,Active,currency 1,-604,0,335.0,,,0,431000.0,228000.0,100000.0,0.0,Consumer credit,-151,31800.0
100448,5001067,Closed,currency 1,-2422,0,-2224.0,-2224.0,1309.0,0,54000.0,0.0,5000.0,0.0,Consumer credit,-1417,
100448,5001068,Active,currency 1,-1544,0,-350.0,,,0,237000.0,211000.0,33000.0,0.0,Consumer credit,-1397,5800.0
100449,5001069,Active,currency 1,-405,0,1024.0,,6206.0,0,851000.0,228000.0,66000.0,0.0,Credit card,-75,
100449,5001070,Active,currency 1,-2398,0,-915.0,,,0,98000.0,83000.0,37000.0,0.0,Consumer credit,-285,
100449,5001071,Closed,currency 1,-490,0,-130.0,-130.0,,0,37000.0,0.0,8000.0,0.0,Consumer credit,-1935,
100449,5001072,Active,currency 1,-2475,0,-439.0,,,0,1192000.0,373000.0,134000.0,0.0,Credit card,-352,
100450,5001073,Closed,currency 1,-2490,0,-1784.0,-1784.0,773.0,0,132000.0,0.0,34000.0,0.0,Consumer credit,-708,
100450,5001074,Active,currency 1,-2788,156,-795.0,,,0,108000.0,28000.0,41000.0,5400.0,Consumer credit,-2195,
100450,5001075,Closed,currency 1,-881,78,-588.0,-588.0,37430.0,0,308000.0,0.0,2000.0,15400.0,Car loan,-1442,
100450,5001076,Active,currency 1,-2816,0,-2537.0,,,0,173000.0,90000.0,23000.0,0.0,Consumer credit,-2370,
100450,5001077,Closed,currency 1,-892,53,62.0,62.0,,0,166000.0,0.0,46000.0,8300.0,Credit card,-2400,
100451,5001078,Closed,currency 1,-939,0,1117.0,1117.0,1221.0,0,120000.0,0.0,2000.0,0.0,Mortgage,-35,3500.0
100453,5001079,Active,currency 1,-1102,0,-560.0,,,0,267000.0,50000.0,95000.0,0.0,Consumer credit,-1008,19000.0
100453,5001080,Closed,currency 1,-667,0,1483.0,1483.0,,0,135000.0,0.0,22000.0,0.0,Credit card,-686,
100453,5001081,Closed,currency 1,-2524,0,-652.0,-652.0,,0,356000.0,0.0,52000.0,0.0,Consumer credit,-1658,
100453,5001082,Closed,currency 1,-580,0,196.0,196.0,,0,63000.0,0.0,5000.0,0.0,Credit card,-2414,
100453,5001083,Closed,currency 1,-899,0,1218.0,1218.0,,0,100000.0,0.0,6000.0,0.0,Consumer credit,-708,2000.0
100454,5001084,Active,currency 1,-255,0,-49.0,,,0,177000.0,59000.0,34000.0,0.0,Consumer credit,-1668,
100456,5001085,Closed,currency 1,-2117,0,-913.0,-913.0,,0,91000.0,0.0,7000.0,0.0,Consumer credit,-373,
100456,5001086,Closed,currency 1,-2636,0,-2154.0,-2154.0,860.0,0,24000.0,0.0,6000.0,0.0,Consumer credit,-1461,
100456,5001087,Closed,currency 1,-2527,0,-2020.0,-2020.0,,0,99000.0,0.0,3000.0,0.0,Car loan,-927,
100457,5001088,Closed,currency 1,-1092,0,87.0,87.0,,0,24000.0,0.0,0.0,0.0,Consumer credit,-196,
100458,5001089,Active,currency 1,-2834,0,-1443.0,,,0,127000.0,50000.0,33000.0,0.0,Consumer credit,-789,
100458,5001090,Closed,currency 1,-1989,0,-866.0,-866.0,8329.0,0,60000.0,0.0,7000.0,0.0,Consumer credit,-779,
100459,5001091,Closed,currency 1,-2616,0,-1262.0,-1262.0,,0,100000.0,0.0,34000.0,0.0,Credit card,-193,
100459,5001092,Active,currency 1,-2094,0,-623.0,,,0,60000.0,30000.0,19000.0,0.0,Credit card,-937,
100459,5001093,Closed,currency 1,-2706,0,-526.0,-526.0,,0,113000.0,0.0,17000.0,0.0,Consumer credit,-2369,
100459,5001094,Closed,currency 1,-2118,0,-1773.0,-1773.0,,0,42000.0,0.0,1000.0,0.0,Consumer credit,-1995,900.0
100459,5001095,Closed,currency 1,-2024,0,-393.0,-393.0,10264.0,0,182000.0,0.0,48000.0,0.0,Consumer credit,-2460,
100459,5001096,Closed,currency 1,-2499,0,-1645.0,-1645.0,2334.0,0,229000.0,0.0,55000.0,0.0,Loan for business development,-838,
100460,5001097,Closed,currency 1,-2823,0,-2263.0,-2263.0,,0,1263000.0,0.0,395000.0,0.0,Consumer credit,-285,32400.0
100460,5001098,Closed,currency 1,-1609,0,-915.0,-915.0,,0,77000.0,0.0,21000.0,0.0,Consumer credit,-225,3400.0
100460,5001099,Closed,currency 1,-981,0,699.0,699.0,29753.0,0,164000.0,0.0,46000.0,0.0,Car loan,-862,
100463,5001100,Closed,currency 1,-2726,0,-1748.0,-1748.0,,0,70000.0,0.0,27000.0,0.0,Consumer credit,-1234,1400.0
100463,5001101,Closed,currency 1,-191,0,198.0,198.0,11820.0,0,1064000.0,0.0,10000.0,0.0,Consumer credit,-1134,
100463,5001102,Closed,currency 1,-2530,0,-869.0,-869.0,,0,633000.0,0.0,135000.0,0.0,Credit card,-649,20900.0
100463,5001103,Active,currency 1,-2264,0,-1890.0,,24482.0,0,161000.0,135000.0,6000.0,0.0,Consumer credit,-62,
100463,5001104,Active,currency 1,-1205,0,976.0,,,0,51000.0,21000.0,16000.0,0.0,Microloan,-1323,2300.0
100463,5001105,Closed,currency 1,-483,0,-40.0,-40.0,,0,568000.0,0.0,209000.0,0.0,Car loan,-487,
100465,5001106,Closed,currency 1,-1368,0,-416.0,-416.0,,0,174000.0,0.0,49000.0,0.0,Consumer credit,-2058,
100465,5001107,Closed,currency 1,-2039,0,-1038.0,-1038.0,,0,379000.0,0.0,10000.0,0.0,Consumer credit,-1793,8500.0
100466,5001108,Active,currency 1,-187,0,1821.0,,,0,141000.0,121000.0,0.0,0.0,Consumer credit,-2126,
100466,5001109,Closed,currency 1,-360,19,369.0,369.0,,0,546000.0,0.0,192000.0,27300.0,Consumer credit,-581,11200.0
100466,5001110,Active,currency 1,-1737,0,-1194.0,,,0,162000.0,87000.0,37000.0,0.0,Credit card,-1852,2800.0
100467,5001111,Closed,currency 1,-1712,0,-926.0,-926.0,14240.0,0,95000.0,0.0,30000.0,0.0,Consumer credit,-2283,
100467,5001112,Closed,currency 1,-1540,0,-891.0,-891.0,,0,354000.0,0.0,103000.0,0.0,Consumer credit,-1476,
100468,5001113,Active,currency 1,-301,0,361.0,,1453.0,0,28000.0,26000.0,6000.0,0.0,Credit card,-438,
100468,5001114,Closed,currency 1,-1965,0,-313.0,-313.0,,0,223000.0,0.0,1000.0,0.0,Consumer credit,-1405,5600.0
100468,5001115,Closed,currency 1,-1727,0,275.0,275.0,,0,277000.0,0.0,13000.0,0.0,Consumer credit,-1235,
100469,5001116,Closed,currency 1,-2174,0,-1970.0,-1970.0,,0,122000.0,0.0,17000.0,0.0,Car loan,-1545,
100469,5001117,Closed,currency 1,-784,0,1106.0,1106.0,1225.0,0,128000.0,0.0,18000.0,0.0,Microloan,-473,
100470,5001118,Closed,currency 1,-1063,56,696.0,696.0,,0,11000.0,0.0,2000.0,550.0,Car loan,-174,
100470,5001119,Closed,currency 1,-73,0,780.0,780.0,12926.0,0,1821000.0,0.0,714000.0,0.0,Consumer credit,-556,
100470,5001120,Closed,currency 1,-231,0,917.0,917.0,2783.0,0,29000.0,0.0,7000.0,0.0,Car loan,-2188,
100471,5001121,Active,currency 1,-1095,0,-92.0,,,0,371000.0,200000.0,123000.0,0.0,Car loan,-123,
100471,5001122,Closed,currency 1,-1240,0,856.0,856.0,,0,116000.0,0.0,9000.0,0.0,Consumer credit,-2496,2400.0
100471,5001123,Closed,currency 1,-1350,0,-612.0,-612.0,,0,302000.0,0.0,3000.0,0.0,Consumer credit,-763,
100473,5001124,Closed,currency 1,-2699,0,-2252.0,-2252.0,,0,147000.0,0.0,11000.0,0.0,Credit card,-956,
100474,5001125,Closed,currency 1,-881,0,562.0,562.0,,0,155000.0,0.0,40000.0,0.0,Credit card,-820,
100474,5001126,Active,currency 1,-1609,0,-855.0,,,0,241000.0,22000.0,30000.0,0.0,Consumer credit,-1273,
100474,5001127,Active,currency 1,-584,0,1289.0,,,0,142000.0,104000.0,53000.0,0.0,Consumer credit,-2159,
100474,5001128,Closed,currency 1,-920,0,882.0,882.0,,0,359000.0,0.0,14000.0,0.0,Consumer credit,-1049,18600.0
100474,5001129,Active,currency 1,-625,0,1307.0,,1947.0,0,312000.0,133000.0,117000.0,0.0,Consumer credit,-1610,12200.0
100474,5001130,Closed,currency 1,-1375,0,-447.0,-447.0,,0,193000.0,0.0,20000.0,0.0,Consumer credit,-670,
100474,5001131,Closed,currency 1,-1162,0,-601.0,-601.0,,0,103000.0,0.0,39000.0,0.0,Credit card,-2415,
100476,5001132,Active,currency 1,-39,0,1944.0,,,0,85000.0,42000.0,13000.0,0.0,Consumer credit,-247,
100476,5001133,Closed,currency 1,-849,0,867.0,867.0,,0,89000.0,0.0,15000.0,0.0,Car loan,-1334,
100476,5001134,Active,currency 1,-2506,0,-966.0,,,0,1453000.0,542000.0,273000.0,0.0,Credit card,-1989,
100476,5001135,Active,currency 1,-1882,0,-1025.0,,,0,50000.0,30000.0,1000.0,0.0,Consumer credit,-499,
100476,5001136,Active,currency 1,-2805,90,-757.0,,,0,32000.0,9000.0,10000.0,1600.0,Consumer credit,-420,600.0
100476,5001137,Closed,currency 1,-2614,0,-1051.0,-1051.0,,0,281000.0,0.0,65000.0,0.0,Consumer credit,-2013,
100478,5001138,Closed,currency 1,-1888,0,-989.0,-989.0,4402.0,0,108000.0,0.0,38000.0,0.0,Consumer credit,-568,4700.0
100478,5001139,Closed,currency 1,-766,0,-125.0,-125.0,,0,124000.0,0.0,40000.0,0.0,Consumer credit,-1921,3700.0
100478,5001140,Closed,currency 1,-257,0,1333.0,1333.0,,0,257000.0,0.0,55000.0,0.0,Consumer credit,-10,17700.0
100479,5001141,Closed,currency 1,-2600,0,-453.0,-453.0,,0,21000.0,0.0,1000.0,0.0,Consumer credit,-865,
100480,5001142,Active,currency 1,-19,0,725.0,,,0,270000.0,253000.0,42000.0,0.0,Consumer credit,-185,
100481,5001143,Active,currency 1,-2069,0,-814.0,,2096.0,0,357000.0,289000.0,64000.0,0.0,Credit card,-1319,7000.0
100481,5001144,Closed,currency 1,-169,0,46.0,46.0,,1,43000.0,0.0,4000.0,0.0,Consumer credit,-1385,
100481,5001145,Closed,currency 1,-2606,0,-651.0,-651.0,,0,244000.0,0.0,70000.0,0.0,Credit card,-1807,
100483,5001146,Active,currency 1,-532,0,1644.0,,,0,63000.0,20000.0,21000.0,0.0,Consumer credit,-495,1100.0
100483,5001147,Closed,currency 1,-1383,0,248.0,248.0,27358.0,0,193000.0,0.0,43000.0,0.0,Mortgage,-398,3500.0
100483,5001148,Closed,currency 1,-68,0,1391.0,1391.0,,0,135000.0,0.0,19000.0,0.0,Consumer credit,-2384,3900.0
100483,5001149,Active,currency 1,-727,0,-1.0,,,0,75000.0,43000.0,11000.0,0.0,Credit card,-1783,
100484,5001150,Closed,currency 1,-2683,0,-1109.0,-1109.0,,0,122000.0,0.0,41000.0,0.0,Consumer credit,-992,
100484,5001151,Closed,currency 1,-1069,0,823.0,823.0,,0,327000.0,0.0,80000.0,0.0,Consumer credit,-1465,
100485,5001152,Closed,currency 1,-1051,0,-121.0,-121.0,28777.0,0,103000.0,0.0,27000.0,0.0,Credit card,-2317,
100485,5001153,Active,currency 1,-494,0,1494.0,,,0,325000.0,94000.0,116000.0,0.0,Consumer credit,-291,
100486,5001154,Closed,currency 1,-1816,0,-501.0,-501.0,2555.0,0,215000.0,0.0,41000.0,0.0,Consumer credit,-1321,
100488,5001155,Closed,currency 1,-2086,0,-1033.0,-1033.0,,0,183000.0,0.0,34000.0,0.0,Consumer credit,-2269,
100488,5001156,Closed,currency 1,-2420,0,-1818.0,-1818.0,,0,1509000.0,0.0,490000.0,0.0,Credit card,-1053,
100488,5001157,Active,currency 1,-2029,0,-11.0,,2938.0,0,68000.0,58000.0,8000.0,0.0,Consumer credit,-714,
100488,5001158,Active,currency 1,-1796,103,145.0,,,0,356000.0,102000.0,64000.0,17800.0,Credit card,-1369,
100489,5001159,Closed,currency 1,-2664,0,-751.0,-751.0,2208.0,0,91000.0,0.0,18000.0,0.0,Consumer credit,-2371,1500.0
100489,5001160,Active,currency 1,-1598,0,-129.0,,,0,181000.0,104000.0,50000.0,0.0,Consumer credit,-1476,
100489,5001161,Active,currency 1,-853,0,624.0,,,0,81000.0,50000.0,3000.0,0.0,Consumer credit,-1001,
100489,5001162,Closed,currency 1,-1235,0,287.0,287.0,,0,44000.0,0.0,8000.0,0.0,Consumer credit,-740,
100489,5001163,Active,currency 1,-2369,0,-1822.0,,,0,70000.0,14000.0,18000.0,0.0,Car loan,-1172,
100490,5001164,Closed,currency 1,-1913,0,-659.0,-659.0,11070.0,0,147000.0,0.0,36000.0,0.0,Consumer credit,-2347,
100490,5001165,Closed,currency 1,-77,81,810.0,810.0,,0,65000.0,0.0,12000.0,3250.0,Consumer credit,-2414,3800.0
100490,5001166,Closed,currency 1,-2292,0,-728.0,-728.0,,0,111000.0,0.0,15000.0,0.0,Consumer credit,-1714,
100490,5001167,Active,currency 1,-209,0,1286.0,,,0,113000.0,20000.0,11000.0,0.0,Consumer credit,-324,8600.0
100491,5001168,Closed,currency 1,-13,0,637.0,637.0,,0,216000.0,0.0,74000.0,0.0,Consumer credit,-1600,4400.0
100491,5001169,Active,currency 1,-422,0,-57.0,,,0,188000.0,126000.0,28000.0,0.0,Consumer credit,-2198,
100491,5001170,Active,currency 1,-423,0,185.0,,467.0,0,81000.0,9000.0,28000.0,0.0,Consumer credit,-1275,1800.0
100491,5001171,Closed,currency 1,-1654,0,-1200.0,-1200.0,,0,266000.0,0.0,57000.0,0.0,Credit card,-211,
100492,5001172,Closed,currency 1,-1568,54,553.0,553.0,,0,53000.0,0.0,16000.0,2650.0,Consumer credit,-1573,2300.0
100492,5001173,Active,currency 1,-2209,0,-622.0,,,0,89000.0,61000.0,35000.0,0.0,Consumer credit,-598,
100492,5001174,Active,currency 1,-1242,0,-410.0,,,0,460000.0,94000.0,61000.0,0.0,Consumer credit,-285,
100493,5001175,Closed,currency 1,-1194,0,-912.0,-912.0,5035.0,0,220000.0,0.0,27000.0,0.0,Credit card,-2374,
100493,5001176,Active,currency 1,-1093,0,-729.0,,,0,78000.0,16000.0,1000.0,0.0,Consumer credit,-486,
100493,5001177,Closed,currency 1,-703,0,1137.0,1137.0,,0,253000.0,0.0,48000.0,0.0,Mortgage,-1710,
100493,5001178,Closed,currency 1,-1764,0,63.0,63.0,,0,656000.0,0.0,15000.0,0.0,Credit card,-1353,31900.0
100493,5001179,Closed,currency 1,-2316,0,-1273.0,-1273.0,,0,1835000.0,0.0,437000.0,0.0,Consumer credit,-651,
100493,5001180,Active,currency 1,-2602,0,-2119.0,,32938.0,0,30000.0,11000.0,8000.0,0.0,Consumer credit,-1463,
100494,5001181,Closed,currency 1,-1161,0,796.0,796.0,5263.0,0,650000.0,0.0,204000.0,0.0,Consumer credit,-1442,
100494,5001182,Closed,currency 1,-2138,0,-736.0,-736.0,9816.0,0,416000.0,0.0,144000.0,0.0,Car loan,-257,
100494,5001183,Closed,currency 1,-1152,0,427.0,427.0,,0,123000.0,0.0,21000.0,0.0,Credit card,-712,
100496,5001184,Closed,currency 1,-1644,0,13.0,13.0,,0,297000.0,0.0,41000.0,0.0,Consumer credit,-449,11300.0
100496,5001185,Closed,currency 1,-2116,0,-1055.0,-1055.0,2209.0,0,571000.0,0.0,28000.0,0.0,Credit card,-1127,
100496,5001186,Closed,currency 1,-887,0,1183.0,1183.0,2689.0,0,1772000.0,0.0,204000.0,0.0,Credit card,-1078,
100499,5001187,Closed,currency 1,-395,0,53.0,53.0,,0,241000.0,0.0,22000.0,0.0,Consumer credit,-255,8800.0
100499,5001188,Closed,currency 1,-2495,0,-490.0,-490.0,,0,338000.0,0.0,4000.0,0.0,Credit card,-344,
100499,5001189,Active,currency 1,-1964,0,208.0,,,0,776000.0,220000.0,137000.0,0.0,Consumer credit,-838,
100499,5001190,Closed,currency 1,-134,0,1144.0,1144.0,25535.0,0,105000.0,0.0,30000.0,0.0,Consumer credit,-2413,
100499,5001191,Closed,currency 1,-2026,0,-261.0,-261.0,,0,645000.0,0.0,209000.0,0.0,Consumer credit,-3,
100500,5001192,Closed,currency 1,-863,0,505.0,505.0,,0,156000.0,0.0,8000.0,0.0,Consumer credit,-1282,
100500,5001193,Closed,currency 1,-2352,0,-904.0,-904.0,,0,62000.0,0.0,3000.0,0.0,Credit card,-679,1600.0
100500,5001194,Active,currency 1,-1070,0,96.0,,,0,492000.0,220000.0,93000.0,0.0,Consumer credit,-1598,
100501,5001195,Active,currency 1,-1699,0,-188.0,,,0,135000.0,120000.0,8000.0,0.0,Car loan,-2144,
100501,5001196,Active,currency 1,-2665,90,-1265.0,,,0,132000.0,114000.0,6000.0,6600.0,Consumer credit,-541,
100501,5001197,Closed,currency 1,-1840,47,-1084.0,-1084.0,,0,248000.0,0.0,1000.0,12400.0,Mortgage,-1221,8700.0
100501,5001198,Closed,currency 1,-781,0,1383.0,1383.0,3706.0,0,198000.0,0.0,7000.0,0.0,Credit card,-1990,
100501,5001199,Closed,currency 1,-2578,0,-1189.0,-1189.0,35362.0,0,123000.0,0.0,11000.0,0.0,Consumer credit,-2317,4100.0
100502,5001200,Closed,currency 1,-379,0,1529.0,1529.0,705.0,0,136000.0,0.0,35000.0,0.0,Loan for business development,-2264,
100502,5001201,Closed,currency 1,-2549,0,-1687.0,-1687.0,,0,344000.0,0.0,102000.0,0.0,Credit card,-1291,
100502,5001202,Active,currency 1,-712,0,211.0,,,0,347000.0,272000.0,92000.0,0.0,Car loan,-249,
100503,5001203,Closed,currency 1,-1001,0,543.0,543.0,,0,1145000.0,0.0,227000.0,0.0,Credit card,-789,
100503,5001204,Closed,currency 1,-1649,0,-286.0,-286.0,,0,192000.0,0.0,58000.0,0.0,Mortgage,-1225,3500.0
100503,5001205,Closed,currency 1,-1974,0,209.0,209.0,7144.0,0,43000.0,0.0,11000.0,0.0,Credit card,-1115,1100.0
100503,5001206,Closed,currency 1,-2015,0,-1792.0,-1792.0,,0,97000.0,0.0,30000.0,0.0,Consumer credit,-553,1800.0
100504,5001207,Closed,currency 1,-281,0,1794.0,1794.0,,0,359000.0,0.0,25000.0,0.0,Consumer credit,-257,
100504,5001208,Closed,currency 1,-1349,0,-851.0,-851.0,,0,480000.0,0.0,62000.0,0.0,Car loan,-476,
100504,5001209,Active,currency 1,-2627,0,-1259.0,,,0,516000.0,481000.0,107000.0,0.0,Mortgage,-218,
100504,5001210,Closed,currency 1,-376,0,696.0,696.0,,0,20000.0,0.0,7000.0,0.0,Credit card,-879,
100505,5001211,Closed,currency 1,-2379,0,-257.0,-257.0,,0,1391000.0,0.0,442000.0,0.0,Consumer credit,-1380,
100506,5001212,Active,currency 1,-2257,0,-1931.0,,,0,112000.0,41000.0,41000.0,0.0,Consumer credit,-161,4000.0
100506,5001213,Closed,currency 1,-1757,0,-889.0,-889.0,,0,140000.0,0.0,52000.0,0.0,Consumer credit,-704,
100508,5001214,Closed,currency 1,-2099,0,-111.0,-111.0,,0,372000.0,0.0,67000.0,0.0,Credit card,-217,
100509,5001215,Closed,currency 1,-312,0,102.0,102.0,,0,1164000.0,0.0,237000.0,0.0,Credit card,-1058,
100509,5001216,Closed,currency 1,-1487,0,259.0,259.0,2499.0,0,2237000.0,0.0,539000.0,0.0,Consumer credit,-729,80600.0
100509,5001217,Active,currency 1,-2133,0,-1544.0,,4320.0,0,445000.0,305000.0,30000.0,0.0,Consumer credit,-2460,
100510,5001218,Closed,currency 1,-2845,0,-1829.0,-1829.0,,0,132000.0,0.0,34000.0,0.0,Consumer credit,-405,2600.0
100510,5001219,Closed,currency 1,-2268,0,-1716.0,-1716.0,16950.0,0,182000.0,0.0,37000.0,0.0,Credit card,-541,
100510,5001220,Closed,currency 1,-1567,0,433.0,433.0,1930.0,0,76000.0,0.0,15000.0,0.0,Consumer credit,-930,
100510,5001221,Closed,currency 1,-2269,0,-938.0,-938.0,2766.0,0,241000.0,0.0,35000.0,0.0,Consumer credit,-658,
100511,5001222,Active,currency 1,-689,0,223.0,,,0,253000.0,110000.0,77000.0,0.0,Car loan,-858,
100511,5001223,Active,currency 1,-1348,0,-894.0,,,0,280000.0,261000.0,9000.0,0.0,Consumer credit,-1654,5900.0
100512,5001224,Closed,currency 1,-105,0,83.0,83.0,,0,252000.0,0.0,31000.0,0.0,Credit card,-1355,
100513,5001225,Active,currency 1,-1580,0,501.0,,,0,54000.0,25000.0,13000.0,0.0,Consumer credit,-248,
100513,5001226,Active,currency 1,-243,0,684.0,,,0,68000.0,6000.0,24000.0,0.0,Credit card,-2076,
100513,5001227,Closed,currency 1,-2217,0,-616.0,-616.0,,0,837000.0,0.0,316000.0,0.0,Consumer credit,-578,
100513,5001228,Active,currency 1,-2189,0,-1858.0,,1130.0,0,184000.0,93000.0,16000.0,0.0,Consumer credit,-1614,
100513,5001229,Active,currency 1,-2035,0,-979.0,,,0,83000.0,5000.0,14000.0,0.0,Consumer credit,-2247,5900.0
100513,5001230,Closed,currency 1,-753,0,165.0,165.0,,0,101000.0,0.0,33000.0,0.0,Consumer credit,-23,
100513,5001231,Active,currency 1,-538,0,1304.0,,9116.0,0,356000.0,207000.0,139000.0,0.0,Consumer credit,-2295,
100513,5001232,Active,currency 1,-704,0,453.0,,,0,766000.0,666000.0,52000.0,0.0,Consumer credit,-769,
100516,5001233,Closed,currency 1,-2620,0,-882.0,-882.0,,0,211000.0,0.0,17000.0,0.0,Consumer credit,-676,
100516,5001234,Closed,currency 1,-995,0,-51.0,-51.0,,0,56000.0,0.0,1000.0,0.0,Consumer credit,-1845,2100.0
100516,5001235,Closed,currency 1,-2416,0,-724.0,-724.0,3055.0,0,696000.0,0.0,209000.0,0.0,Car loan,-2008,20800.0
100516,5001236,Closed,currency 1,-1087,0,469.0,469.0,,0,90000.0,0.0,16000.0,0.0,Consumer credit,-1979,
100517,5001237,Active,currency 1,-571,0,75.0,,,0,36000.0,33000.0,12000.0,0.0,Consumer credit,-527,
100517,5001238,Active,currency 1,-432,0,-153.0,,1242.0,0,121000.0,25000.0,18000.0,0.0,Credit card,-1977,
100517,5001239,Active,currency 1,-335,0,1176.0,,,0,454000.0,422000.0,50000.0,0.0,Credit card,-367,
100518,5001240,Active,currency 1,-718,0,-416.0,,,0,532000.0,193000.0,118000.0,0.0,Credit card,-1886,
100518,5001241,Closed,currency 1,-2587,0,-2079.0,-2079.0,,0,238000.0,0.0,8000.0,0.0,Consumer credit,-1972,
100519,5001242,Active,currency 1,-1920,0,-1438.0,,,0,161000.0,153000.0,27000.0,0.0,Credit card,-1014,
100520,5001243,Closed,currency 1,-2363,0,-333.0,-333.0,5573.0,0,223000.0,0.0,57000.0,0.0,Consumer credit,-1393,
100522,5001244,Closed,currency 1,-2507,0,-1617.0,-1617.0,,0,138000.0,0.0,53000.0,0.0,Consumer credit,-1245,
100522,5001245,Closed,currency 1,-1962,0,-1586.0,-1586.0,,0,651000.0,0.0,107000.0,0.0,Consumer credit,-1950,
100523,5001246,Closed,currency 1,-1983,0,-1612.0,-1612.0,,0,258000.0,0.0,40000.0,0.0,Car loan,-645,13900.0
100523,5001247,Closed,currency 1,-601,0,418.0,418.0,,0,102000.0,0.0,18000.0,0.0,Microloan,-2471,4800.0
100524,5001248,Active,currency 1,-305,0,164.0,,,0,389000.0,23000.0,21000.0,0.0,Credit card,-1120,
100524,5001249,Closed,currency 1,-11,0,501.0,501.0,,0,112000.0,0.0,19000.0,0.0,Consumer credit,-217,2500.0
100524,5001250,Active,currency 1,-1667,0,-1137.0,,,0,360000.0,257000.0,15000.0,0.0,Consumer credit,-1548,19000.0
100524,5001251,Closed,currency 1,-121,0,2002.0,2002.0,,0,362000.0,0.0,120000.0,0.0,Credit card,-647,
100525,5001252,Active,currency 1,-210,0,345.0,,,0,23000.0,14000.0,9000.0,0.0,Consumer credit,-2212,
100525,5001253,Active,currency 1,-1662,0,-1425.0,,,0,37000.0,7000.0,5000.0,0.0,Consumer credit,-1025,
100525,5001254,Closed,currency 1,-761,0,541.0,541.0,1429.0,0,39000.0,0.0,2000.0,0.0,Consumer credit,-927,
100525,5001255,Closed,currency 1,-1437,0,-145.0,-145.0,,0,129000.0,0.0,48000.0,0.0,Credit card,-2402,
100525,5001256,Active,currency 1,-270,0,1694.0,,,0,574000.0,114000.0,67000.0,0.0,Consumer credit,-885,13000.0
100526,5001257,Closed,currency 1,-2326,0,-763.0,-763.0,10138.0,0,283000.0,0.0,75000.0,0.0,Consumer credit,-1154,
100528,5001258,Closed,currency 1,-2456,0,-821.0,-821.0,,0,41000.0,0.0,16000.0,0.0,Mortgage,-1773,1100.0
100528,5001259,Closed,currency 1,-1070,0,852.0,852.0,631.0,0,557000.0,0.0,93000.0,0.0,Credit card,-764,
100528,5001260,Active,currency 1,-1888,0,-1387.0,,,0,152000.0,21000.0,36000.0,0.0,Consumer credit,-2111,
100528,5001261,Active,currency 1,-1027,0,-142.0,,,0,99000.0,56000.0,9000.0,0.0,Consumer credit,-1337,
100529,5001262,Closed,currency 1,-788,0,-422.0,-422.0,789.0,0,1160000.0,0.0,396000.0,0.0,Consumer credit,-1267,24900.0
100529,5001263,Closed,currency 1,-1245,0,-798.0,-798.0,,0,104000.0,0.0,0.0,0.0,Consumer credit,-1240,
100530,5001264,Closed,currency 1,-1166,0,280.0,280.0,,0,437000.0,0.0,145000.0,0.0,Credit card,-1937,15000.0
100530,5001265,Active,currency 1,-1577,0,-254.0,,,0,89000.0,22000.0,12000.0,0.0,Consumer credit,-814,6100.0
100530,5001266,Closed,currency 1,-2066,0,-1874.0,-1874.0,,0,73000.0,0.0,16000.0,0.0,Consumer credit,-943,
100530,5001267,Closed,currency 1,-2562,0,-2016.0,-2016.0,,0,761000.0,0.0,187000.0,0.0,Consumer credit,-1804,14400.0
100530,5001268,Active,currency 1,-1061,0,545.0,,,0,339000.0,73000.0,42000.0,0.0,Consumer credit,-1005,
100530,5001269,Closed,currency 1,-1191,0,-700.0,-700.0,9787.0,0,150000.0,0.0,58000.0,0.0,Consumer credit,-584,
100531,5001270,Active,currency 1,-2291,0,-1995.0,,,0,308000.0,130000.0,102000.0,0.0,Consumer credit,-1440,16700.0
100531,5001271,Closed,currency 1,-272,0,1312.0,1312.0,,0,52000.0,0.0,17000.0,0.0,Consumer credit,-437,
100531,5001272,Closed,currency 1,-962,0,856.0,856.0,,0,333000.0,0.0,60000.0,0.0,Consumer credit,-1871,
100531,5001273,Closed,currency 1,-1617,0,374.0,374.0,,0,33000.0,0.0,0.0,0.0,Consumer credit,-574,
100531,5001274,Closed,currency 1,-1709,0,311.0,311.0,5649.0,0,483000.0,0.0,93000.0,0.0,Car loan,-1072,
100531,5001275,Active,currency 1,-2169,0,-955.0,,,0,239000.0,60000.0,7000.0,0.0,Credit card,-829,
100531,5001276,Closed,currency 1,-2275,0,-1153.0,-1153.0,,0,342000.0,0.0,121000.0,0.0,Consumer credit,-394,
100531,5001277,Closed,currency 1,-1891,0,-1294.0,-1294.0,,0,3689000.0,0.0,561000.0,0.0,Car loan,-1622,285300.0
100532,5001278,Active,currency 1,-353,0,1054.0,,,0,80000.0,40000.0,29000.0,0.0,Consumer credit,-972,
100533,5001279,Closed,currency 1,-1364,0,-335.0,-335.0,,0,162000.0,0.0,51000.0,0.0,Consumer credit,-197,
100533,5001280,Closed,currency 1,-2278,46,-468.0,-468.0,,0,531000.0,0.0,117000.0,26550.0,Car loan,-591,14300.0
100533,5001281,Closed,currency 1,-1798,0,110.0,110.0,4936.0,0,147000.0,0.0,36000.0,0.0,Consumer credit,-590,
100533,5001282,Active,currency 1,-839,0,711.0,,2230.0,0,162000.0,89000.0,21000.0,0.0,Consumer credit,-2476,
100534,5001283,Active,currency 1,-2859,0,-699.0,,,0,189000.0,20000.0,54000.0,0.0,Credit card,-432,
100534,5001284,Closed,currency 1,-56,0,729.0,729.0,6049.0,0,15000.0,0.0,4000.0,0.0,Consumer credit,-1999,
100534,5001285,Closed,currency 1,-557,0,-64.0,-64.0,,0,180000.0,0.0,57000.0,0.0,Consumer credit,-2186,3100.0
100534,5001286,Closed,currency 1,-1682,0,94.0,94.0,2261.0,0,93000.0,0.0,33000.0,0.0,Consumer credit,-235,
100534,5001287,Closed,currency 1,-132,0,692.0,692.0,,0,272000.0,0.0,47000.0,0.0,Consumer credit,-991,8200.0
100534,5001288,Closed,currency 1,-2565,0,-768.0,-768.0,,0,210000.0,0.0,4000.0,0.0,Consumer credit,-75,8800.0
100536,5001289,Closed,currency 1,-1232,0,165.0,165.0,,0,1227000.0,0.0,379000.0,0.0,Consumer credit,-1170,62700.0
100537,5001290,Closed,currency 1,-952,0,322.0,322.0,,0,43000.0,0.0,4000.0,0.0,Car loan,-409,
100537,5001291,Closed,currency 1,-905,0,403.0,403.0,665.0,0,104000.0,0.0,33000.0,0.0,Consumer credit,-1199,
100537,5001292,Closed,currency 1,-2886,0,-1622.0,-1622.0,2312.0,1,584000.0,0.0,118000.0,0.0,Consumer credit,-2326,
100538,5001293,Closed,currency 1,-1403,0,414.0,414.0,7215.0,0,755000.0,0.0,54000.0,0.0,Consumer credit,-2200,
100538,5001294,Active,currency 1,-407,0,1190.0,,7416.0,0,2129000.0,326000.0,461000.0,0.0,Consumer credit,-1378,
100539,5001295,Active,currency 1,-2390,0,-2201.0,,38554.0,0,747000.0,391000.0,293000.0,0.0,Credit card,-194,
100539,5001296,Closed,currency 1,-1498,0,106.0,106.0,,0,117000.0,0.0,30000.0,0.0,Consumer credit,-2014,4500.0
100540,5001297,Closed,currency 1,-2091,0,-1048.0,-1048.0,,0,83000.0,0.0,16000.0,0.0,Credit card,-1165,3200.0
100540,5001298,Closed,currency 1,-329,0,460.0,460.0,,0,24000.0,0.0,3000.0,0.0,Credit card,-326,
100540,5001299,Active,currency 1,-361,0,1781.0,,6716.0,0,173000.0,30000.0,65000.0,0.0,Consumer credit,-993,
100541,5001300,Active,currency 1,-1770,0,370.0,,,0,134000.0,32000.0,15000.0,0.0,Consumer credit,-872,
100541,5001301,Closed,currency 1,-1526,0,-439.0,-439.0,27265.0,0,110000.0,0.0,31000.0,0.0,Consumer credit,-1796,
100541,5001302,Closed,currency 1,-1376,0,-903.0,-903.0,,0,580000.0,0.0,56000.0,0.0,Credit card,-1622,
100542,5001303,Active,currency 1,-1158,0,-100.0,,,0,504000.0,107000.0,170000.0,0.0,Consumer credit,-225,21400.0
100542,5001304,Closed,currency 1,-1343,0,216.0,216.0,,0,322000.0,0.0,107000.0,0.0,Car loan,-428,9700.0
100543,5001305,Active,currency 1,-1491,0,-1015.0,,,0,449000.0,287000.0,171000.0,0.0,Consumer credit,-2489,
100543,5001306,Closed,currency 1,-2624,0,-1094.0,-1094.0,1953.0,0,238000.0,0.0,31000.0,0.0,Another type of loan,-105,6000.0
100544,5001307,Active,currency 1,-2521,0,-475.0,,,0,255000.0,168000.0,95000.0,0.0,Consumer credit,-1246,
100545,5001308,Closed,currency 1,-1279,0,871.0,871.0,,0,200000.0,0.0,28000.0,0.0,Consumer credit,-1979,
100546,5001309,Active,currency 1,-50,0,790.0,,6089.0,0,358000.0,21000.0,83000.0,0.0,Microloan,-668,7700.0
100547,5001310,Active,currency 1,-817,0,-145.0,,,0,137000.0,35000.0,6000.0,0.0,Credit card,-875,3100.0
100547,5001311,Active,currency 1,-2695,0,-2275.0,,,0,197000.0,171000.0,35000.0,0.0,Consumer credit,-992,
100548,5001312,Closed,currency 1,-2594,0,-1360.0,-1360.0,6375.0,0,186000.0,0.0,9000.0,0.0,Consumer credit,-418,13200.0
100548,5001313,Closed,currency 1,-2121,0,-980.0,-980.0,,0,504000.0,0.0,44000.0,0.0,Consumer credit,-1757,
100548,5001314,Active,currency 1,-320,156,990.0,,,0,179000.0,126000.0,46000.0,8950.0,Credit card,-1919,
100548,5001315,Active,currency 1,-1493,0,-714.0,,,0,13000.0,5000.0,4000.0,0.0,Credit card,-1761,
100549,5001316,Closed,currency 1,-1861,0,-1487.0,-1487.0,,0,334000.0,0.0,33000.0,0.0,Consumer credit,-1977,
100549,5001317,Active,currency 1,-163,0,1593.0,,,0,186000.0,104000.0,61000.0,0.0,Mortgage,-2358,
100549,5001318,Closed,currency 1,-1468,0,-571.0,-571.0,15340.0,0,59000.0,0.0,5000.0,0.0,Car loan,-1554,2500.0
100549,5001319,Closed,currency 1,-650,0,759.0,759.0,681.0,0,676000.0,0.0,93000.0,0.0,Consumer credit,-1027,
100549,5001320,Closed,currency 1,-2843,0,-1514.0,-1514.0,966.0,0,81000.0,0.0,31000.0,0.0,Credit card,-1211,
100550,5001321,Closed,currency 1,-319,0,1290.0,1290.0,1012.0,0,219000.0,0.0,28000.0,0.0,Credit card,-1029,
100550,5001322,Closed,currency 1,-2476,0,-740.0,-740.0,,0,1185000.0,0.0,227000.0,0.0,Credit card,-2033,
100550,5001323,Active,currency 1,-1744,0,-897.0,,,0,51000.0,12000.0,11000.0,0.0,Consumer credit,-324,
100550,5001324,Active,currency 1,-2665,0,-1521.0,,56507.0,0,294000.0,44000.0,54000.0,0.0,Credit card,-2365,
100551,5001325,Closed,currency 1,-1297,0,-780.0,-780.0,,0,136000.0,0.0,3000.0,0.0,Consumer credit,-2465,
100551,5001326,Closed,currency 1,-2403,0,-330.0,-330.0,6522.0,0,99000.0,0.0,35000.0,0.0,Consumer credit,-1912,
100551,5001327,Closed,currency 1,-2630,0,-1025.0,-1025.0,1511.0,0,295000.0,0.0,1000.0,0.0,Consumer credit,-552,
100551,5001328,Closed,currency 1,-2493,0,-2304.0,-2304.0,,0,1471000.0,0.0,235000.0,0.0,Consumer credit,-306,
100553,5001329,Closed,currency 1,-570,0,535.0,535.0,,0,152000.0,0.0,43000.0,0.0,Consumer credit,-1628,
100553,5001330,Closed,currency 1,-2083,0,66.0,66.0,,0,133000.0,0.0,1000.0,0.0,Consumer credit,-2090,6200.0
100553,5001331,Closed,currency 1,-942,0,882.0,882.0,,0,44000.0,0.0,6000.0,0.0,Consumer credit,-675,1000.0
100553,5001332,Active,currency 1,-1600,168,-930.0,,1572.0,0,355000.0,280000.0,7000.0,17750.0,Credit card,-1478,
100554,5001333,Closed,currency 1,-2884,0,-803.0,-803.0,8577.0,0,43000.0,0.0,17000.0,0.0,Consumer credit,-1557,
100554,5001334,Closed,currency 1,-1982,0,-1398.0,-1398.0,,0,146000.0,0.0,22000.0,0.0,Consumer credit,-211,
100554,5001335,Closed,currency 1,-59,0,1410.0,1410.0,14270.0,0,247000.0,0.0,37000.0,0.0,Consumer credit,-2314,
100555,5001336,Active,currency 1,-1504,0,512.0,,2276.0,0,65000.0,9000.0,20000.0,0.0,Credit card,-1381,
100555,5001337,Active,currency 1,-239,0,182.0,,,0,34000.0,12000.0,13000.0,0.0,Consumer credit,-689,
100555,5001338,Closed,currency 1,-1322,0,649.0,649.0,4583.0,0,1947000.0,0.0,632000.0,0.0,Consumer credit,-2053,
100555,5001339,Active,currency 1,-298,0,592.0,,553.0,0,87000.0,19000.0,19000.0,0.0,Car loan,-1355,
100555,5001340,Closed,currency 1,-1825,0,-799.0,-799.0,154.0,0,2817000.0,0.0,666000.0,0.0,Consumer credit,-757,74600.0
100557,5001341,Closed,currency 1,-1825,0,-60.0,-60.0,,0,478000.0,0.0,174000.0,0.0,Credit card,-657,
100557,5001342,Active,currency 1,-53,0,449.0,,1754.0,0,57000.0,19000.0,18000.0,0.0,Consumer credit,-2034,
100558,5001343,Closed,currency 1,-1428,0,-868.0,-868.0,5829.0,0,64000.0,0.0,5000.0,0.0,Credit card,-454,
100558,5001344,Closed,currency 1,-1163,0,304.0,304.0,,0,394000.0,0.0,62000.0,0.0,Car loan,-916,13000.0
100558,5001345,Closed,currency 1,-511,0,127.0,127.0,11815.0,0,389000.0,0.0,9000.0,0.0,Consumer credit,-2199,
100558,5001346,Closed,currency 1,-1384,0,567.0,567.0,5534.0,0,409000.0,0.0,120000.0,0.0,Consumer credit,-1686,16300.0
100559,5001347,Closed,currency 1,-1955,0,-193.0,-193.0,7462.0,0,1407000.0,0.0,347000.0,0.0,Consumer credit,-1482,
100559,5001348,Active,currency 1,-406,0,174.0,,,0,96000.0,89000.0,35000.0,0.0,Consumer credit,-259,4600.0
100559,5001349,Active,currency 1,-2799,0,-1171.0,,,0,56000.0,19000.0,6000.0,0.0,Credit card,-925,
100559,5001350,Closed,currency 1,-836,0,1233.0,1233.0,,0,249000.0,0.0,0.0,0.0,Consumer credit,-1349,
100559,5001351,Closed,currency 1,-2411,0,-2039.0,-2039.0,,0,113000.0,0.0,16000.0,0.0,Car loan,-837,
100560,5001352,Active,currency 1,-2810,0,-772.0,,,0,80000.0,40000.0,14000.0,0.0,Credit card,-2319,
100560,5001353,Closed,currency 1,-2657,0,-985.0,-985.0,,0,428000.0,0.0,51000.0,0.0,Consumer credit,-2203,
100560,5001354,Closed,currency 1,-2153,0,-1834.0,-1834.0,,0,1114000.0,0.0,209000.0,0.0,Mortgage,-1899,21700.0
100560,5001355,Closed,currency 1,-2307,0,-884.0,-884.0,,0,21000.0,0.0,6000.0,0.0,Credit card,-1050,400.0
100561,5001356,Active,currency 1,-2374,0,-1509.0,,,0,165000.0,71000.0,8000.0,0.0,Mortgage,-208,
100561,5001357,Active,currency 1,-2213,0,-824.0,,,0,311000.0,33000.0,27000.0,0.0,Car loan,-735,
100561,5001358,Closed,currency 1,-1622,0,-31.0,-31.0,,0,149000.0,0.0,13000.0,0.0,Consumer credit,-1754,
100561,5001359,Closed,currency 1,-676,0,-209.0,-209.0,,0,208000.0,0.0,53000.0,0.0,Credit card,-6,
100562,5001360,Active,currency 1,-1763,0,-420.0,,,0,231000.0,168000.0,15000.0,0.0,Credit card,-496,
100562,5001361,Closed,currency 1,-1753,0,-589.0,-589.0,,0,110000.0,0.0,28000.0,0.0,Consumer credit,-1443,
100562,5001362,Closed,currency 1,-2491,0,-777.0,-777.0,,0,52000.0,0.0,7000.0,0.0,Car loan,-2115,1000.0
100563,5001363,Active,currency 1,-1712,0,-1163.0,,1345.0,0,250000.0,218000.0,83000.0,0.0,Consumer credit,-1876,
100563,5001364,Closed,currency 1,-1576,0,-1282.0,-1282.0,,0,709000.0,0.0,46000.0,0.0,Consumer credit,-2020,12500.0
100563,5001365,Active,currency 1,-2593,0,-988.0,,,0,275000.0,238000.0,15000.0,0.0,Credit card,-198,
100564,5001366,Active,currency 1,-851,0,-550.0,,,0,299000.0,51000.0,13000.0,0.0,Credit card,-635,
100564,5001367,Closed,currency 1,-2714,0,-1938.0,-1938.0,,0,638000.0,0.0,200000.0,0.0,Consumer credit,-548,
100565,5001368,Closed,currency 1,-170,0,444.0,444.0,2384.0,0,49000.0,0.0,10000.0,0.0,Mortgage,-85,
100565,5001369,Closed,currency 1,-2025,0,-162.0,-162.0,3235.0,0,278000.0,0.0,0.0,0.0,Consumer credit,-991,9100.0
100565,5001370,Closed,currency 1,-1704,0,-140.0,-140.0,87113.0,1,678000.0,0.0,24000.0,0.0,Consumer credit,-1447,
100566,5001371,Active,currency 1,-430,0,282.0,,,0,9000.0,5000.0,0.0,0.0,Credit card,-2081,
100566,5001372,Closed,currency 1,-288,0,-53.0,-53.0,1507.0,1,182000.0,0.0,11000.0,0.0,Car loan,-1317,3300.0
100566,5001373,Active,currency 1,-930,0,1269.0,,,0,207000.0,68000.0,6000.0,0.0,Consumer credit,-2252,3500.0
100567,5001374,Closed,currency 1,-245,0,1288.0,1288.0,,0,174000.0,0.0,12000.0,0.0,Consumer credit,-73,2900.0
100567,5001375,Closed,currency 1,-95,0,831.0,831.0,12000.0,0,732000.0,0.0,251000.0,0.0,Credit card,-1134,
100568,5001376,Closed,currency 1,-1964,0,-207.0,-207.0,,0,224000.0,0.0,2000.0,0.0,Car loan,-323,
100568,5001377,Active,currency 1,-2710,0,-816.0,,31523.0,0,70000.0,54000.0,0.0,0.0,Credit card,-1936,
100568,5001378,Active,currency 1,-733,0,-140.0,,,0,259000.0,54000.0,94000.0,0.0,Credit card,-107,
100568,5001379,Closed,currency 1,-2032,0,-1157.0,-1157.0,,0,108000.0,0.0,4000.0,0.0,Consumer credit,-67,
100569,5001380,Closed,currency 1,-1155,0,-28.0,-28.0,,0,47000.0,0.0,10000.0,0.0,Credit card,-1987,
100569,5001381,Closed,currency 1,-1090,0,-630.0,-630.0,,0,334000.0,0.0,34000.0,0.0,Consumer credit,-2034,
100569,5001382,Active,currency 1,-273,0,477.0,,,0,52000.0,25000.0,18000.0,0.0,Consumer credit,-1062,1200.0
100571,5001383,Closed,currency 1,-650,0,244.0,244.0,6511.0,1,40000.0,0.0,3000.0,0.0,Credit card,-559,1000.0
100571,5001384,Closed,currency 1,-1824,0,-637.0,-637.0,,0,68000.0,0.0,7000.0,0.0,Consumer credit,-2400,2800.0
100571,5001385,Closed,currency 1,-2263,0,-1052.0,-1052.0,,0,430000.0,0.0,152000.0,0.0,Consumer credit,-496,22400.0
100572,5001386,Closed,currency 1,-906,0,-170.0,-170.0,,0,463000.0,0.0,102000.0,0.0,Consumer credit,-213,
100573,5001387,Active,currency 1,-2896,0,-742.0,,1249.0,0,122000.0,72000.0,47000.0,0.0,Credit card,-1870,
100573,5001388,Closed,currency 1,-439,0,817.0,817.0,,0,156000.0,0.0,48000.0,0.0,Credit card,-897,
100574,5001389,Closed,currency 1,-2318,0,-2132.0,-2132.0,13507.0,0,377000.0,0.0,35000.0,0.0,Credit card,-524,24400.0
100574,5001390,Closed,currency 1,-844,0,1050.0,1050.0,,0,1148000.0,0.0,383000.0,0.0,Consumer credit,-318,
100574,5001391,Active,currency 1,-1674,0,-173.0,,,0,95000.0,24000.0,33000.0,0.0,Consumer credit,-996,
100575,5001392,Active,currency 1,-522,0,845.0,,,0,167000.0,81000.0,28000.0,0.0,Consumer credit,-895,
100575,5001393,Closed,currency 1,-119,0,190.0,190.0,1425.0,0,68000.0,0.0,6000.0,0.0,Consumer credit,-954,
100576,5001394,Active,currency 1,-1948,0,-1618.0,,1852.0,0,144000.0,106000.0,27000.0,0.0,Mortgage,-990,
100576,5001395,Closed,currency 1,-283,0,147.0,147.0,,0,1078000.0,0.0,339000.0,0.0,Microloan,-297,23900.0
100577,5001396,Closed,currency 1,-2739,0,-1671.0,-1671.0,621.0,0,1124000.0,0.0,423000.0,0.0,Consumer credit,-643,
100577,5001397,Closed,currency 1,-1806,0,-1464.0,-1464.0,920.0,0,89000.0,0.0,30000.0,0.0,Credit card,-2331,
100578,5001398,Closed,currency 1,-1670,0,-379.0,-379.0,,0,11000.0,0.0,2000.0,0.0,Consumer credit,-1663,
100578,5001399,Closed,currency 1,-185,0,133.0,133.0,,0,339000.0,0.0,21000.0,0.0,Consumer credit,-1261,
100578,5001400,Closed,currency 1,-841,0,939.0,939.0,,0,74000.0,0.0,2000.0,0.0,Microloan,-1160,
100579,5001401,Closed,currency 1,-1019,0,-357.0,-357.0,,0,482000.0,0.0,15000.0,0.0,Consumer credit,-647,
100582,5001402,Closed,currency 1,-855,0,891.0,891.0,12084.0,0,246000.0,0.0,68000.0,0.0,Consumer credit,-714,7900.0
100582,5001403,Closed,currency 1,-1199,0,857.0,857.0,,1,108000.0,0.0,6000.0,0.0,Car loan,-1335,
100582,5001404,Closed,currency 1,-1937,0,81.0,81.0,,0,148000.0,0.0,46000.0,0.0,Credit card,-1322,
100582,5001405,Active,currency 1,-898,0,1079.0,,,0,415000.0,22000.0,142000.0,0.0,Credit card,-216,15300.0
100582,5001406,Closed,currency 1,-1950,0,-1752.0,-1752.0,,0,103000.0,0.0,11000.0,0.0,Consumer credit,-1360,
100584,5001407,Closed,currency 1,-651,0,772.0,772.0,,0,117000.0,0.0,15000.0,0.0,Consumer credit,-268,
100584,5001408,Closed,currency 1,-2042,0,-702.0,-702.0,5560.0,0,505000.0,0.0,63000.0,0.0,Credit card,-951,
100584,5001409,Closed,currency 1,-1766,0,-873.0,-873.0,935.0,0,107000.0,0.0,23000.0,0.0,Credit card,-894,
100587,5001410,Closed,currency 1,-778,0,1219.0,1219.0,81187.0,0,45000.0,0.0,16000.0,0.0,Credit card,-736,1100.0
100587,5001411,Closed,currency 1,-1859,0,114.0,114.0,,0,285000.0,0.0,6000.0,0.0,Consumer credit,-2144,
100587,5001412,Active,currency 1,-2498,0,-812.0,,,0,521000.0,305000.0,26000.0,0.0,Loan for business development,-1258,
100588,5001413,Closed,currency 1,-2328,0,-1058.0,-1058.0,,0,908000.0,0.0,313000.0,0.0,Loan for business development,-1469,
100588,5001414,Closed,currency 1,-2451,0,-453.0,-453.0,,0,479000.0,0.0,175000.0,0.0,Consumer credit,-1648,
100588,5001415,Active,currency 1,-1143,0,-465.0,,,0,16000.0,7000.0,4000.0,0.0,Consumer credit,-1486,
100588,5001416,Active,currency 1,-1389,0,192.0,,,0,119000.0,30000.0,43000.0,0.0,Consumer credit,-480,
100589,5001417,Closed,currency 1,-1497,0,-408.0,-408.0,11101.0,0,286000.0,0.0,71000.0,0.0,Consumer credit,-733,4900.0
100589,5001418,Closed,currency 1,-2542,0,-418.0,-418.0,1646.0,0,22000.0,0.0,2000.0,0.0,Car loan,-761,
100589,5001419,Active,currency 1,-101,0,936.0,,,0,365000.0,129000.0,33000.0,0.0,Consumer credit,-435,
100589,5001420,Closed,currency 1,-224,0,1588.0,1588.0,,0,42000.0,0.0,10000.0,0.0,Credit card,-42,
100590,5001421,Closed,currency 1,-1803,0,-979.0,-979.0,3656.0,0,338000.0,0.0,74000.0,0.0,Credit card,-2259,
100590,5001422,Active,currency 1,-2380,0,-1916.0,,,0,108000.0,60000.0,19000.0,0.0,Car loan,-1598,2100.0
100590,5001423,Active,currency 1,-1926,0,-1318.0,,,0,123000.0,116000.0,45000.0,0.0,Car loan,-392,
100590,5001424,Active,currency 1,-2477,0,-1079.0,,,0,194000.0,93000.0,6000.0,0.0,Consumer credit,-738,5000.0
100590,5001425,Closed,currency 1,-1066,0,422.0,422.0,5199.0,0,138000.0,0.0,41000.0,0.0,Consumer credit,-1247,3100.0
100590,5001426,Active,currency 1,-436,0,988.0,,,0,213000.0,181000.0,5000.0,0.0,Credit card,-1388,
100592,5001427,Active,currency 1,-1822,0,-497.0,,27146.0,0,18000.0,4000.0,2000.0,0.0,Mortgage,-188,
100592,5001428,Closed,currency 1,-701,0,79.0,79.0,,0,502000.0,0.0,200000.0,0.0,Consumer credit,-1662,
100592,5001429,Active,currency 1,-2122,0,-1808.0,,2728.0,0,343000.0,155000.0,97000.0,0.0,Consumer credit,-1572,
100592,5001430,Closed,currency 1,-296,0,1700.0,1700.0,,0,2210000.0,0.0,499000.0,0.0,Consumer credit,-479,61000.0
100594,5001431,Closed,currency 1,-1090,0,964.0,964.0,,0,271000.0,0.0,100000.0,0.0,Consumer credit,-1772,
100595,5001432,Active,currency 1,-1915,170,101.0,,,0,272000.0,179000.0,83000.0,13600.0,Another type of loan,-2139,
100595,5001433,Active,currency 1,-2113,0,-1481.0,,,0,148000.0,51000.0,35000.0,0.0,Credit card,-818,
100595,5001434,Closed,currency 1,-2713,0,-1196.0,-1196.0,,0,66000.0,0.0,11000.0,0.0,Consumer credit,-2168,
100596,5001435,Closed,currency 1,-2386,0,-378.0,-378.0,,0,281000.0,0.0,28000.0,0.0,Consumer credit,-1333,
100597,5001436,Closed,currency 1,-96,0,459.0,459.0,5042.0,0,464000.0,0.0,1000.0,0.0,Credit card,-2318,19900.0
100597,5001437,Closed,currency 1,-1986,0,-722.0,-722.0,,0,992000.0,0.0,10000.0,0.0,Credit card,-2033,
100597,5001438,Closed,currency 1,-683,0,890.0,890.0,1596.0,0,544000.0,0.0,176000.0,0.0,Car loan,-534,
100597,5001439,Closed,currency 1,-1809,0,256.0,256.0,,0,142000.0,0.0,31000.0,0.0,Consumer credit,-218,
100598,5001440,Closed,currency 1,-2562,0,-719.0,-719.0,,0,192000.0,0.0,36000.0,0.0,Consumer credit,-2220,
100598,5001441,Closed,currency 1,-2196,0,-1513.0,-1513.0,4520.0,0,223000.0,0.0,78000.0,0.0,Credit card,-931,
100598,5001442,Closed,currency 1,-1828,0,-346.0,-346.0,9252.0,0,54000.0,0.0,1000.0,0.0,Consumer credit,-2406,
100598,5001443,Active,currency 1,-2879,0,-2250.0,,,0,243000.0,148000.0,63000.0,0.0,Consumer credit,-1527,
100599,5001444,Active,currency 1,-475,0,585.0,,,0,77000.0,60000.0,6000.0,0.0,Car loan,-1765,
100600,5001445,Active,currency 1,-2436,157,-2168.0,,,0,247000.0,125000.0,42000.0,12350.0,Credit card,-1598,
100600,5001446,Active,currency 1,-1781,0,118.0,,7633.0,0,208000.0,163000.0,17000.0,0.0,Car loan,-416,
100600,5001447,Closed,currency 1,-2140,0,-1343.0,-1343.0,,0,59000.0,0.0,10000.0,0.0,Consumer credit,-828,
100600,5001448,Closed,currency 1,-2223,0,-891.0,-891.0,9441.0,0,58000.0,0.0,11000.0,0.0,Consumer credit,-1970,
100601,5001449,Closed,currency 1,-394,0,843.0,843.0,6101.0,0,56000.0,0.0,21000.0,0.0,Consumer credit,-1363,
100601,5001450,Closed,currency 1,-201,0,1665.0,1665.0,,0,33000.0,0.0,3000.0,0.0,Credit card,-564,
100602,5001451,Closed,currency 1,-236,0,1705.0,1705.0,,0,560000.0,0.0,172000.0,0.0,Credit card,-1071,28400.0
100603,5001452,Active,currency 1,-2740,0,-1701.0,,2391.0,0,294000.0,17000.0,71000.0,0.0,Consumer credit,-2154,
100603,5001453,Closed,currency 1,-2041,0,-1629.0,-1629.0,,0,367000.0,0.0,43000.0,0.0,Consumer credit,-1480,8900.0
100604,5001454,Closed,currency 1,-308,0,1744.0,1744.0,,0,132000.0,0.0,47000.0,0.0,Credit card,-509,2900.0
100604,5001455,Closed,currency 1,-1643,0,-739.0,-739.0,12824.0,0,610000.0,0.0,208000.0,0.0,Consumer credit,-1107,
100605,5001456,Closed,currency 1,-1148,179,584.0,584.0,8036.0,0,1409000.0,0.0,512000.0,70450.0,Credit card,-2466,
100605,5001457,Closed,currency 1,-2261,0,-1781.0,-1781.0,35500.0,0,182000.0,0.0,47000.0,0.0,Consumer credit,-329,
100606,5001458,Closed,currency 1,-2402,0,-1878.0,-1878.0,,0,82000.0,0.0,17000.0,0.0,Credit card,-1264,
100606,5001459,Closed,currency 1,-894,0,1033.0,1033.0,,0,184000.0,0.0,31000.0,0.0,Consumer credit,-1728,7100.0
100606,5001460,Closed,currency 1,-1649,0,234.0,234.0,3123.0,0,36000.0,0.0,2000.0,0.0,Consumer credit,-2249,
100607,5001461,Active,currency 1,-1009,0,627.0,,1977.0,0,2692000.0,1976000.0,171000.0,0.0,Consumer credit,-1263,
100608,5001462,Closed,currency 1,-2032,0,-855.0,-855.0,,0,1068000.0,0.0,224000.0,0.0,Credit card,-1038,
100608,5001463,Closed,currency 1,-2477,0,-512.0,-512.0,2583.0,0,515000.0,0.0,109000.0,0.0,Consumer credit,-1809,
100609,5001464,Closed,currency 1,-2030,0,-576.0,-576.0,,0,124000.0,0.0,26000.0,0.0,Credit card,-2388,
100609,5001465,Closed,currency 1,-1514,0,434.0,434.0,30643.0,0,419000.0,0.0,54000.0,0.0,Credit card,-1498,9800.0
100609,5001466,Active,currency 1,-1128,0,448.0,,,0,356000.0,165000.0,62000.0,0.0,Loan for business development,-217,
100610,5001467,Closed,currency 1,-29,0,623.0,623.0,,0,559000.0,0.0,10000.0,0.0,Credit card,-1475,
100610,5001468,Closed,currency 1,-304,0,265.0,265.0,,0,321000.0,0.0,76000.0,0.0,Consumer credit,-1528,
100610,5001469,Active,currency 1,-2838,0,-1276.0,,,0,187000.0,114000.0,39000.0,0.0,Consumer credit,-2314,
100610,5001470,Active,currency 1,-1520,0,627.0,,2021.0,0,960000.0,863000.0,257000.0,0.0,Consumer credit,-2294,
100611,5001471,Closed,currency 1,-661,0,509.0,509.0,,0,253000.0,0.0,52000.0,0.0,Consumer credit,-2141,
100611,5001472,Closed,currency 1,-427,0,1287.0,1287.0,,0,201000.0,0.0,45000.0,0.0,Credit card,-1627,
100612,5001473,Active,currency 1,-1145,0,100.0,,,0,167000.0,27000.0,65000.0,0.0,Loan for business development,-646,
100612,5001474,Closed,currency 1,-381,0,1760.0,1760.0,,0,41000.0,0.0,9000.0,0.0,Consumer credit,-1408,
100613,5001475,Closed,currency 1,-1456,0,646.0,646.0,,0,32000.0,0.0,12000.0,0.0,Credit card,-142,
100613,5001476,Active,currency 1,-1739,0,-8.0,,8113.0,0,195000.0,119000.0,42000.0,0.0,Consumer credit,-431,6500.0
100613,5001477,Active,currency 1,-1663,0,-1063.0,,,0,153000.0,46000.0,4000.0,0.0,Consumer credit,-1018,
100614,5001478,Closed,currency 1,-2254,0,-707.0,-707.0,1080.0,0,85000.0,0.0,8000.0,0.0,Credit card,-587,
100614,5001479,Active,currency 1,-1919,0,-265.0,,3001.0,0,20000.0,2000.0,4000.0,0.0,Consumer credit,-1572,
100614,5001480,Closed,currency 1,-1765,0,-462.0,-462.0,13184.0,0,49000.0,0.0,17000.0,0.0,Consumer credit,-2177,
100617,5001481,Active,currency 1,-329,0,800.0,,,0,89000.0,37000.0,28000.0,0.0,Credit card,0,
100617,5001482,Active,currency 1,-2423,0,-518.0,,12170.0,0,428000.0,323000.0,22000.0,0.0,Consumer credit,-1585,
100617,5001483,Closed,currency 1,-2811,0,-2036.0,-2036.0,,0,199000.0,0.0,78000.0,0.0,Car loan,-1433,
100618,5001484,Closed,currency 1,-1641,0,-717.0,-717.0,,0,418000.0,0.0,26000.0,0.0,Consumer credit,-212,16500.0
100618,5001485,Active,currency 1,-1697,0,-468.0,,,0,56000.0,46000.0,10000.0,0.0,Consumer credit,-322,
100618,5001486,Active,currency 1,-48,0,829.0,,,0,164000.0,95000.0,59000.0,0.0,Credit card,-1142,
100618,5001487,Closed,currency 1,-147,0,1212.0,1212.0,,0,261000.0,0.0,57000.0,0.0,Consumer credit,-319,
100619,5001488,Closed,currency 1,-1505,118,-446.0,-446.0,,0,58000.0,0.0,8000.0,2900.0,Consumer credit,-1163,
100619,5001489,Active,currency 1,-2037,0,-1804.0,,,0,37000.0,32000.0,8000.0,0.0,Credit card,-1647,
100619,5001490,Active,currency 1,-376,0,1100.0,,,0,107000.0,68000.0,7000.0,0.0,Consumer credit,-1860,
100621,5001491,Closed,currency 1,-158,0,1611.0,1611.0,,0,539000.0,0.0,30000.0,0.0,Consumer credit,-1393,
100621,5001492,Active,currency 1,-1408,0,215.0,,,0,1941000.0,729000.0,129000.0,0.0,Consumer credit,-1777,
100621,5001493,Active,currency 1,-2847,0,-1239.0,,77.0,0,608000.0,462000.0,30000.0,0.0,Consumer credit,-492,
100621,5001494,Closed,currency 1,-1146,0,-517.0,-517.0,,0,181000.0,0.0,8000.0,0.0,Car loan,-1641,
100621,5001495,Closed,currency 1,-1976,0,-207.0,-207.0,,0,255000.0,0.0,54000.0,0.0,Consumer credit,-2397,5200.0
100621,5001496,Closed,currency 1,-1984,0,160.0,160.0,,0,156000.0,0.0,38000.0,0.0,Consumer credit,-664,3000.0
100621,5001497,Closed,currency 1,-2631,0,-1249.0,-1249.0,1336.0,0,55000.0,0.0,19000.0,0.0,Consumer credit,-2387,2700.0
100622,5001498,Active,currency 1,-2097,0,-1899.0,,,0,192000.0,94000.0,60000.0,0.0,Consumer credit,-1098,4400.0
100622,5001499,Closed,currency 1,-525,0,906.0,906.0,,0,188000.0,0.0,35000.0,0.0,Credit card,-1544,3700.0
100623,5001500,Closed,currency 1,-309,0,1859.0,1859.0,,0,54000.0,0.0,13000.0,0.0,Consumer credit,-1179,2500.0
100623,5001501,Closed,currency 1,-340,0,769.0,769.0,,0,14000.0,0.0,2000.0,0.0,Credit card,-519,
100623,5001502,Closed,currency 1,-1473,0,-605.0,-605.0,,0,889000.0,0.0,150000.0,0.0,Consumer credit,-269,
100624,5001503,Closed,currency 1,-1925,0,-344.0,-344.0,,0,33000.0,0.0,13000.0,0.0,Credit card,-1490,1100.0
100624,5001504,Closed,currency 1,-236,0,244.0,244.0,,0,33000.0,0.0,3000.0,0.0,Microloan,-2138,1600.0
100624,5001505,Closed,currency 1,-1996,0,-1135.0,-1135.0,,0,58000.0,0.0,19000.0,0.0,Consumer credit,-2447,
100624,5001506,Closed,currency 1,-2275,0,-1677.0,-1677.0,,0,110000.0,0.0,39000.0,0.0,Consumer credit,-536,4100.0
100624,5001507,Closed,currency 1,-1604,0,-961.0,-961.0,2304.0,0,56000.0,0.0,14000.0,0.0,Consumer credit,-2460,
100624,5001508,Active,currency 1,-1586,0,-1044.0,,,0,114000.0,65000.0,32000.0,0.0,Credit card,-2037,
100624,5001509,Closed,currency 1,-1065,0,378.0,378.0,,0,385000.0,0.0,4000.0,0.0,Consumer credit,-1251,
100625,5001510,Closed,currency 1,-269,0,1100.0,1100.0,,0,139000.0,0.0,5000.0,0.0,Consumer credit,-332,
100625,5001511,Closed,currency 1,-1176,46,928.0,928.0,,0,2138000.0,0.0,669000.0,106900.0,Consumer credit,-57,
100625,5001512,Closed,currency 1,-2633,0,-1595.0,-1595.0,,0,99000.0,0.0,6000.0,0.0,Consumer credit,-397,
100625,5001513,Active,currency 1,-1527,0,-955.0,,,0,230000.0,212000.0,17000.0,0.0,Credit card,-1744,8800.0
100626,5001514,Closed,currency 1,-52,0,146.0,146.0,,0,166000.0,0.0,23000.0,0.0,Consumer credit,-411,
100626,5001515,Closed,currency 1,-1262,0,-633.0,-633.0,,0,240000.0,0.0,22000.0,0.0,Consumer credit,-1698,
100626,5001516,Closed,currency 1,-2759,0,-2525.0,-2525.0,,0,104000.0,0.0,2000.0,0.0,Credit card,-97,
100626,5001517,Active,currency 1,-1779,0,-702.0,,,0,284000.0,242000.0,108000.0,0.0,Credit card,-1500,
100627,5001518,Closed,currency 1,-644,0,-22.0,-22.0,,0,13000.0,0.0,3000.0,0.0,Consumer credit,-1829,
100627,5001519,Closed,currency 1,-1668,0,520.0,520.0,,0,720000.0,0.0,260000.0,0.0,Consumer credit,-1883,
100627,5001520,Active,currency 1,-237,0,967.0,,,0,1002000.0,360000.0,272000.0,0.0,Consumer credit,-2363,
100627,5001521,Closed,currency 1,-113,0,1725.0,1725.0,849.0,0,922000.0,0.0,215000.0,0.0,Credit card,-519,
100627,5001522,Closed,currency 1,-288,0,933.0,933.0,,0,52000.0,0.0,20000.0,0.0,Consumer credit,-888,
100627,5001523,Closed,currency 1,-1301,0,-810.0,-810.0,1201.0,0,591000.0,0.0,143000.0,0.0,Credit card,-2306,33900.0
100629,5001524,Active,currency 1,-1927,0,-1424.0,,755.0,0,221000.0,138000.0,18000.0,0.0,Credit card,-147,
100629,5001525,Closed,currency 1,-1390,0,711.0,711.0,8756.0,0,47000.0,0.0,3000.0,0.0,Consumer credit,-1336,1700.0
100629,5001526,Closed,currency 1,-1348,0,-1017.0,-1017.0,9827.0,0,24000.0,0.0,5000.0,0.0,Consumer credit,-2179,
100630,5001527,Closed,currency 1,-722,0,1030.0,1030.0,,0,124000.0,0.0,0.0,0.0,Credit card,-1590,7900.0
100630,5001528,Active,currency 1,-2316,0,-940.0,,1885.0,0,72000.0,57000.0,25000.0,0.0,Consumer credit,-1063,
100631,5001529,Active,currency 1,-769,0,49.0,,,0,287000.0,173000.0,3000.0,0.0,Consumer credit,-2383,
100631,5001530,Active,currency 1,-303,0,809.0,,,0,123000.0,100000.0,0.0,0.0,Consumer credit,-1725,2500.0
100631,5001531,Active,currency 1,-273,8,1422.0,,,0,202000.0,63000.0,42000.0,10100.0,Consumer credit,-799,
100632,5001532,Closed,currency 1,-2277,0,-1139.0,-1139.0,,0,71000.0,0.0,13000.0,0.0,Consumer credit,-273,
100632,5001533,Active,currency 1,-966,0,-781.0,,,0,365000.0,75000.0,3000.0,0.0,Consumer credit,-550,
100632,5001534,Closed,currency 1,-2377,0,-1120.0,-1120.0,830.0,0,91000.0,0.0,11000.0,0.0,Consumer credit,-1280,
100632,5001535,Closed,currency 1,-213,0,1832.0,1832.0,,0,34000.0,0.0,13000.0,0.0,Consumer credit,-1101,2300.0
100632,5001536,Closed,currency 1,-693,0,364.0,364.0,,0,38000.0,0.0,2000.0,0.0,Consumer credit,-1625,
100632,5001537,Closed,currency 1,-1665,52,-1050.0,-1050.0,,0,161000.0,0.0,32000.0,8050.0,Mortgage,-299,
100632,5001538,Closed,currency 1,-1338,0,16.0,16.0,,0,216000.0,0.0,41000.0,0.0,Consumer credit,-280,
100633,5001539,Closed,currency 1,-2050,0,-724.0,-724.0,1924.0,0,115000.0,0.0,45000.0,0.0,Another type of loan,-2352,
100633,5001540,Active,currency 1,-197,0,67.0,,,0,471000.0,418000.0,127000.0,0.0,Another type of loan,-1211,
100633,5001541,Closed,currency 1,-2598,0,-426.0,-426.0,,0,72000.0,0.0,13000.0,0.0,Credit card,-1177,
100633,5001542,Closed,currency 1,-2046,115,-1408.0,-1408.0,,0,177000.0,0.0,6000.0,8850.0,Another type of loan,-1439,
100634,5001543,Closed,currency 1,-108,0,1375.0,1375.0,18230.0,0,363000.0,0.0,43000.0,0.0,Consumer credit,-1357,
100634,5001544,Closed,currency 1,-1949,0,-1603.0,-1603.0,,0,120000.0,0.0,40000.0,0.0,Credit card,-1742,3700.0
100638,5001545,Closed,currency 1,-2651,0,-1014.0,-1014.0,,0,906000.0,0.0,217000.0,0.0,Consumer credit,-2359,31400.0
100638,5001546,Active,currency 1,-2213,0,-839.0,,,0,205000.0,33000.0,23000.0,0.0,Consumer credit,-1616,
100639,5001547,Closed,currency 1,-1294,0,676.0,676.0,,0,121000.0,0.0,43000.0,0.0,Consumer credit,-338,
100640,5001548,Closed,currency 1,-2386,0,-1090.0,-1090.0,,0,71000.0,0.0,4000.0,0.0,Consumer credit,-2462,
100641,5001549,Active,currency 1,-2176,0,-401.0,,6315.0,0,359000.0,80000.0,132000.0,0.0,Credit card,-2328,6600.0
100641,5001550,Closed,currency 1,-1061,0,308.0,308.0,,0,665000.0,0.0,76000.0,0.0,Consumer credit,-865,
100641,5001551,Closed,currency 1,-2841,0,-1915.0,-1915.0,,0,53000.0,0.0,11000.0,0.0,Consumer credit,-1857,
100641,5001552,Closed,currency 1,-2538,0,-1051.0,-1051.0,,0,467000.0,0.0,146000.0,0.0,Credit card,-2277,
100642,5001553,Closed,currency 1,-569,0,304.0,304.0,,0,166000.0,0.0,60000.0,0.0,Consumer credit,-588,6500.0
100642,5001554,Active,currency 1,-2498,0,-1183.0,,,0,360000.0,317000.0,88000.0,0.0,Credit card,-794,13300.0
100643,5001555,Closed,currency 1,-2663,0,-2320.0,-2320.0,,0,381000.0,0.0,34000.0,0.0,Consumer credit,-2152,
100643,5001556,Closed,currency 1,-2442,0,-2197.0,-2197.0,,0,2113000.0,0.0,196000.0,0.0,Consumer credit,-1348,
100643,5001557,Closed,currency 1,-51,0,1738.0,1738.0,,0,77000.0,0.0,20000.0,0.0,Consumer credit,-695,
100643,5001558,Closed,currency 1,-2771,0,-2183.0,-2183.0,990.0,0,35000.0,0.0,3000.0,0.0,Consumer credit,-370,700.0
100644,5001559,Closed,currency 1,-470,0,669.0,669.0,152.0,0,790000.0,0.0,236000.0,0.0,Consumer credit,-1538,
100644,5001560,Closed,currency 1,-2347,0,-508.0,-508.0,,0,259000.0,0.0,42000.0,0.0,Credit card,-1345,
100644,5001561,Closed,currency 1,-405,0,1279.0,1279.0,9179.0,0,396000.0,0.0,123000.0,0.0,Credit card,-203,
100646,5001562,Closed,currency 1,-600,0,-71.0,-71.0,,0,918000.0,0.0,105000.0,0.0,Consumer credit,-2234,
100646,5001563,Active,currency 1,-2517,20,-1328.0,,12793.0,0,127000.0,96000.0,10000.0,6350.0,Credit card,-1112,
100646,5001564,Closed,currency 1,-1440,0,368.0,368.0,,0,119000.0,0.0,11000.0,0.0,Credit card,-1811,
100646,5001565,Active,currency 1,-531,0,1090.0,,,0,85000.0,5000.0,25000.0,0.0,Consumer credit,-2137,3000.0
100646,5001566,Closed,currency 1,-1785,0,-1424.0,-1424.0,10688.0,0,2178000.0,0.0,827000.0,0.0,Consumer credit,-713,
100647,5001567,Active,currency 1,-1744,0,-754.0,,,0,399000.0,259000.0,29000.0,0.0,Consumer credit,-93,
100647,5001568,Closed,currency 1,-2382,0,-1741.0,-1741.0,4830.0,0,73000.0,0.0,13000.0,0.0,Credit card,-1950,
100647,5001569,Closed,currency 1,-1952,0,-1275.0,-1275.0,,0,139000.0,0.0,3000.0,0.0,Credit card,-22,5100.0
100647,5001570,Closed,currency 1,-2709,0,-1424.0,-1424.0,5920.0,0,1077000.0,0.0,34000.0,0.0,Another type of loan,-2407,76600.0
100648,5001571,Active,currency 1,-2740,0,-2535.0,,,0,1793000.0,192000.0,188000.0,0.0,Consumer credit,-1180,
100648,5001572,Closed,currency 1,-1773,0,-284.0,-284.0,,0,178000.0,0.0,71000.0,0.0,Consumer credit,-1161,
100648,5001573,Active,currency 1,-2814,0,-2213.0,,,0,1003000.0,427000.0,115000.0,0.0,Consumer credit,-2369,
100648,5001574,Closed,currency 1,-2570,0,-1590.0,-1590.0,1041.0,0,297000.0,0.0,67000.0,0.0,Credit card,-2128,
100649,5001575,Closed,currency 1,-2374,0,-1855.0,-1855.0,,0,203000.0,0.0,67000.0,0.0,Consumer credit,-1181,
100649,5001576,Active,currency 1,-85,0,1069.0,,,0,16000.0,5000.0,5000.0,0.0,Mortgage,-1837,1200.0
100649,5001577,Active,currency 1,-776,0,530.0,,,0,33000.0,10000.0,2000.0,0.0,Credit card,-3,2200.0
100649,5001578,Active,currency 1,-2502,0,-1492.0,,3924.0,0,257000.0,98000.0,58000.0,0.0,Credit card,-1462,
100649,5001579,Active,currency 1,-1813,0,-1503.0,,,0,88000.0,45000.0,18000.0,0.0,Consumer credit,-1418,
100649,5001580,Closed,currency 1,-2167,0,-1863.0,-1863.0,1677.0,0,113000.0,0.0,44000.0,0.0,Mortgage,-1398,
100649,5001581,Closed,currency 1,-190,0,1339.0,1339.0,,0,180000.0,0.0,17000.0,0.0,Consumer credit,-234,
100649,5001582,Closed,currency 1,-573,0,277.0,277.0,,0,329000.0,0.0,43000.0,0.0,Consumer credit,-2021,
100650,5001583,Active,currency 1,-1092,0,289.0,,3537.0,0,242000.0,168000.0,54000.0,0.0,Consumer credit,-2129,
100650,5001584,Active,currency 1,-826,0,-373.0,,,0,18000.0,7000.0,0.0,0.0,Credit card,-1956,
100650,5001585,Active,currency 1,-236,0,1747.0,,,0,1782000.0,294000.0,429000.0,0.0,Consumer credit,-1841,
100650,5001586,Closed,currency 1,-1784,0,245.0,245.0,,0,102000.0,0.0,8000.0,0.0,Credit card,-1658,
100650,5001587,Closed,currency 1,-2229,0,-846.0,-846.0,,0,41000.0,0.0,6000.0,0.0,Credit card,-300,
100651,5001588,Closed,currency 1,-2546,175,-447.0,-447.0,5385.0,0,43000.0,0.0,10000.0,2150.0,Credit card,-340,1000.0
100652,5001589,Closed,currency 1,-641,0,661.0,661.0,1886.0,0,48000.0,0.0,10000.0,0.0,Consumer credit,-2127,1300.0
100652,5001590,Closed,currency 1,-1945,0,-1665.0,-1665.0,,0,155000.0,0.0,2000.0,0.0,Loan for business development,-1766,
100652,5001591,Closed,currency 1,-2474,0,-1548.0,-1548.0,,0,123000.0,0.0,42000.0,0.0,Consumer credit,-2048,
100652,5001592,Active,currency 1,-2786,0,-1986.0,,,0,1173000.0,606000.0,57000.0,0.0,Consumer credit,-882,
100652,5001593,Closed,currency 1,-1030,0,1066.0,1066.0,,0,113000.0,0.0,9000.0,0.0,Consumer credit,0,2300.0
100654,5001594,Closed,currency 1,-378,0,84.0,84.0,3668.0,0,15000.0,0.0,5000.0,0.0,Consumer credit,-952,
100655,5001595,Closed,currency 1,-2143,118,-289.0,-289.0,,0,179000.0,0.0,2000.0,8950.0,Credit card,-208,4100.0
100655,5001596,Closed,currency 1,-1173,0,130.0,130.0,,0,974000.0,0.0,368000.0,0.0,Credit card,-1317,
100655,5001597,Closed,currency 1,-2781,0,-2580.0,-2580.0,,0,2213000.0,0.0,443000.0,0.0,Consumer credit,-432,43800.0
100655,5001598,Active,currency 1,-1439,0,190.0,,1586.0,0,91000.0,28000.0,19000.0,0.0,Consumer credit,-1658,3700.0
100655,5001599,Closed,currency 1,-1771,0,-1095.0,-1095.0,,0,495000.0,0.0,95000.0,0.0,Consumer credit,-1867,
100655,5001600,Closed,currency 1,-1749,0,212.0,212.0,,0,431000.0,0.0,47000.0,0.0,Credit card,-1103,
100656,5001601,Closed,currency 1,-1498,0,-180.0,-180.0,,0,158000.0,0.0,7000.0,0.0,Consumer credit,-415,12000.0
100658,5001602,Closed,currency 1,-458,0,1108.0,1108.0,,0,108000.0,0.0,40000.0,0.0,Credit card,-937,5500.0
100658,5001603,Active,currency 1,-2323,0,-1542.0,,1304.0,0,236000.0,197000.0,7000.0,0.0,Credit card,-2248,
100658,5001604,Closed,currency 1,-832,0,181.0,181.0,,0,62000.0,0.0,16000.0,0.0,Consumer credit,-357,
100658,5001605,Closed,currency 1,-655,0,-343.0,-343.0,,0,188000.0,0.0,41000.0,0.0,Consumer credit,-1905,6300.0
100659,5001606,Active,currency 1,-347,0,680.0,,8579.0,0,909000.0,92000.0,239000.0,0.0,Loan for business development,-1692,38300.0
100660,5001607,Active,currency 1,-1079,0,183.0,,215.0,0,1135000.0,389000.0,210000.0,0.0,Consumer credit,-1184,
100661,5001608,Active,currency 1,-1389,0,-249.0,,,0,58000.0,42000.0,20000.0,0.0,Consumer credit,-1719,
100661,5001609,Closed,currency 1,-2018,0,-926.0,-926.0,344.0,0,163000.0,0.0,27000.0,0.0,Mortgage,-1945,
100661,5001610,Closed,currency 1,-2464,115,-1248.0,-1248.0,,0,275000.0,0.0,11000.0,13750.0,Consumer credit,-470,
100662,5001611,Closed,currency 1,-2296,0,-801.0,-801.0,,0,603000.0,0.0,145000.0,0.0,Credit card,-1813,41700.0
100663,5001612,Closed,currency 1,-2234,0,-1877.0,-1877.0,,0,56000.0,0.0,19000.0,0.0,Car loan,-792,
100663,5001613,Closed,currency 1,-83,0,1561.0,1561.0,,0,136000.0,0.0,48000.0,0.0,Loan for business development,-2377,3100.0
100663,5001614,Closed,currency 1,-1317,0,699.0,699.0,14095.0,0,22000.0,0.0,3000.0,0.0,Consumer credit,-1286,
100664,5001615,Active,currency 1,-1932,0,-1557.0,,,0,480000.0,132000.0,55000.0,0.0,Car loan,-2076,
100665,5001616,Closed,currency 1,-11,0,250.0,250.0,,0,859000.0,0.0,329000.0,0.0,Credit card,-1447,64400.0
100666,5001617,Closed,currency 1,-1559,0,-182.0,-182.0,11815.0,0,4132000.0,0.0,780000.0,0.0,Consumer credit,-1132,
100668,5001618,Active,currency 1,-1147,0,-719.0,,14428.0,0,100000.0,51000.0,33000.0,0.0,Loan for business development,-1864,2300.0
100670,5001619,Closed,currency 1,-613,0,20.0,20.0,,0,40000.0,0.0,10000.0,0.0,Credit card,-1323,
100670,5001620,Closed,currency 1,-941,0,-220.0,-220.0,,0,732000.0,0.0,225000.0,0.0,Consumer credit,-701,
100671,5001621,Closed,currency 1,-1139,0,155.0,155.0,7805.0,0,50000.0,0.0,15000.0,0.0,Credit card,-1822,
100671,5001622,Closed,currency 1,-459,0,-117.0,-117.0,,0,38000.0,0.0,12000.0,0.0,Consumer credit,-2208,
100672,5001623,Active,currency 1,-1876,84,-962.0,,,0,41000.0,17000.0,16000.0,2050.0,Consumer credit,-847,
100672,5001624,Closed,currency 1,-2735,0,-963.0,-963.0,,0,222000.0,0.0,40000.0,0.0,Microloan,-1578,
100672,5001625,Closed,currency 1,-1194,0,761.0,761.0,,0,66000.0,0.0,6000.0,0.0,Credit card,-394,
100672,5001626,Active,currency 1,-2522,0,-1632.0,,,0,2710000.0,2369000.0,138000.0,0.0,Consumer credit,-324,
100672,5001627,Closed,currency 1,-2557,0,-1889.0,-1889.0,,0,194000.0,0.0,77000.0,0.0,Microloan,-2239,
100672,5001628,Active,currency 1,-307,0,-57.0,,21784.0,0,321000.0,63000.0,72000.0,0.0,Mortgage,-934,
100674,5001629,Active,currency 1,-1185,147,910.0,,,0,39000.0,35000.0,11000.0,1950.0,Consumer credit,-2334,
100674,5001630,Closed,currency 1,-1002,0,-755.0,-755.0,79304.0,0,92000.0,0.0,20000.0,0.0,Consumer credit,-1639,1900.0
100675,5001631,Closed,currency 1,-860,0,1058.0,1058.0,,0,233000.0,0.0,64000.0,0.0,Consumer credit,-367,8400.0
100676,5001632,Active,currency 1,-2770,0,-842.0,,6159.0,0,100000.0,9000.0,9000.0,0.0,Microloan,-2042,
100677,5001633,Active,currency 1,-358,0,1833.0,,,0,102000.0,32000.0,29000.0,0.0,Consumer credit,-351,
100677,5001634,Active,currency 1,-502,0,930.0,,,0,193000.0,142000.0,71000.0,0.0,Consumer credit,-354,
100677,5001635,Active,currency 1,-1183,0,826.0,,,0,143000.0,37000.0,14000.0,0.0,Consumer credit,-803,
100677,5001636,Active,currency 1,-2539,0,-2144.0,,,0,600000.0,185000.0,203000.0,0.0,Credit card,-167,14900.0
100677,5001637,Active,currency 1,-2180,0,-269.0,,,0,25000.0,2000.0,5000.0,0.0,Credit card,-1436,
100678,5001638,Active,currency 1,-1149,0,312.0,,,0,249000.0,116000.0,84000.0,0.0,Consumer credit,-1705,
100678,5001639,Closed,currency 1,-1090,0,-621.0,-621.0,149.0,0,263000.0,0.0,53000.0,0.0,Credit card,-1590,
100678,5001640,Active,currency 1,-1106,12,-403.0,,,0,132000.0,122000.0,20000.0,6600.0,Consumer credit,-232,2300.0
100678,5001641,Closed,currency 1,-2401,0,-1126.0,-1126.0,,0,197000.0,0.0,78000.0,0.0,Consumer credit,-1358,
100679,5001642,Closed,currency 1,-665,0,-407.0,-407.0,1138.0,0,84000.0,0.0,23000.0,0.0,Consumer credit,-267,
100682,5001643,Active,currency 1,-2372,0,-1238.0,,,0,397000.0,37000.0,56000.0,0.0,Consumer credit,-1199,
100682,5001644,Closed,currency 1,-755,0,1307.0,1307.0,,0,358000.0,0.0,45000.0,0.0,Another type of loan,-838,
100682,5001645,Closed,currency 1,-1021,0,623.0,623.0,,0,805000.0,0.0,15000.0,0.0,Mortgage,-2048,
100682,5001646,Closed,currency 1,-209,0,1182.0,1182.0,,0,118000.0,0.0,7000.0,0.0,Credit card,-1957,
100683,5001647,Active,currency 1,-442,0,1093.0,,,0,174000.0,121000.0,67000.0,0.0,Consumer credit,-1309,7600.0
100683,5001648,Active,currency 1,-2387,0,-1086.0,,,0,200000.0,122000.0,2000.0,0.0,Loan for business development,-883,
100685,5001649,Closed,currency 1,-688,0,631.0,631.0,5459.0,0,236000.0,0.0,39000.0,0.0,Consumer credit,-2416,
100685,5001650,Closed,currency 1,-1816,0,-1606.0,-1606.0,3669.0,0,480000.0,0.0,16000.0,0.0,Consumer credit,-688,
100685,5001651,Closed,currency 1,-2355,0,-1654.0,-1654.0,,0,601000.0,0.0,74000.0,0.0,Loan for business development,-1023,
100685,5001652,Closed,currency 1,-1728,0,115.0,115.0,,0,68000.0,0.0,23000.0,0.0,Consumer credit,-559,1200.0
100686,5001653,Closed,currency 1,-369,0,596.0,596.0,,0,53000.0,0.0,9000.0,0.0,Consumer credit,-1296,
100686,5001654,Active,currency 1,-2242,0,-248.0,,,0,238000.0,157000.0,84000.0,0.0,Mortgage,-1153,
100686,5001655,Closed,currency 1,-1815,0,106.0,106.0,1076.0,0,424000.0,0.0,113000.0,0.0,Credit card,-1704,
100686,5001656,Closed,currency 1,-925,0,-386.0,-386.0,,0,312000.0,0.0,48000.0,0.0,Mortgage,-666,
100686,5001657,Closed,currency 1,-1219,0,648.0,648.0,11109.0,0,13000.0,0.0,2000.0,0.0,Consumer credit,-1516,200.0
100686,5001658,Closed,currency 1,-1775,0,-1242.0,-1242.0,,0,180000.0,0.0,71000.0,0.0,Consumer credit,-1827,
100687,5001659,Closed,currency 1,-580,0,463.0,463.0,,0,142000.0,0.0,8000.0,0.0,Loan for business development,-1516,
100688,5001660,Closed,currency 1,-2839,0,-2415.0,-2415.0,,0,43000.0,0.0,11000.0,0.0,Consumer credit,-977,1800.0
100688,5001661,Closed,currency 1,-378,0,1080.0,1080.0,,0,560000.0,0.0,142000.0,0.0,Car loan,-1094,12800.0
100688,5001662,Active,currency 1,-1343,0,-345.0,,335.0,0,336000.0,280000.0,130000.0,0.0,Another type of loan,-335,
100688,5001663,Closed,currency 1,-2687,0,-1408.0,-1408.0,,0,245000.0,0.0,46000.0,0.0,Credit card,-1497,8100.0
100688,5001664,Closed,currency 1,-2790,0,-759.0,-759.0,,0,84000.0,0.0,5000.0,0.0,Consumer credit,-1491,
100689,5001665,Active,currency 1,-2492,0,-1470.0,,,0,64000.0,52000.0,3000.0,0.0,Consumer credit,-2224,
100689,5001666,Closed,currency 1,-1496,0,-1148.0,-1148.0,,0,22000.0,0.0,3000.0,0.0,Consumer credit,-169,500.0
100689,5001667,Closed,currency 1,-2462,0,-578.0,-578.0,,0,80000.0,0.0,20000.0,0.0,Consumer credit,-2383,
100690,5001668,Active,currency 1,-1348,0,-24.0,,,0,299000.0,109000.0,37000.0,0.0,Consumer credit,-1668,22800.0
100690,5001669,Closed,currency 1,-2847,0,-2329.0,-2329.0,,0,94000.0,0.0,5000.0,0.0,Consumer credit,-1386,5800.0
100690,5001670,Active,currency 1,-947,0,149.0,,,0,316000.0,216000.0,91000.0,0.0,Consumer credit,-1211,
100690,5001671,Closed,currency 1,-1552,0,-564.0,-564.0,,0,201000.0,0.0,27000.0,0.0,Consumer credit,-1890,
100691,5001672,Active,currency 1,-1814,0,-57.0,,,0,21000.0,13000.0,8000.0,0.0,Consumer credit,-645,500.0
100691,5001673,Closed,currency 1,-2243,0,-1651.0,-1651.0,,0,65000.0,0.0,26000.0,0.0,Credit card,-1306,
100691,5001674,Closed,currency 1,-871,0,615.0,615.0,2114.0,0,46000.0,0.0,18000.0,0.0,Credit card,-1272,
100691,5001675,Closed,currency 1,-1494,0,-895.0,-895.0,,1,217000.0,0.0,56000.0,0.0,Consumer credit,-1826,
100691,5001676,Closed,currency 1,-619,0,960.0,960.0,3014.0,0,236000.0,0.0,83000.0,0.0,Consumer credit,-2421,
100691,5001677,Closed,currency 1,-1137,0,-934.0,-934.0,,0,64000.0,0.0,19000.0,0.0,Consumer credit,-2015,
100692,5001678,Closed,currency 1,-759,0,-264.0,-264.0,,0,112000.0,0.0,26000.0,0.0,Consumer credit,-503,
100692,5001679,Closed,currency 1,-766,0,569.0,569.0,16213.0,0,88000.0,0.0,24000.0,0.0,Consumer credit,-1495,2100.0
100692,5001680,Closed,currency 1,-476,0,193.0,193.0,,0,368000.0,0.0,106000.0,0.0,Another type of loan,-752,
100692,5001681,Closed,currency 1,-2496,0,-1327.0,-1327.0,,0,415000.0,0.0,33000.0,0.0,Consumer credit,-2178,9600.0
100692,5001682,Closed,currency 1,-999,0,540.0,540.0,,0,357000.0,0.0,122000.0,0.0,Credit card,-143,
100692,5001683,Closed,currency 1,-138,0,183.0,183.0,7546.0,0,47000.0,0.0,2000.0,0.0,Credit card,-2443,
100692,5001684,Active,currency 1,-1399,0,212.0,,,0,308000.0,41000.0,118000.0,0.0,Consumer credit,-16,
100693,5001685,Closed,currency 1,-1594,0,359.0,359.0,,0,91000.0,0.0,27000.0,0.0,Consumer credit,-890,
100693,5001686,Closed,currency 1,-199,0,1889.0,1889.0,,0,75000.0,0.0,4000.0,0.0,Consumer credit,-1493,
100694,5001687,Active,currency 1,-1142,0,996.0,,3764.0,0,1196000.0,938000.0,120000.0,0.0,Consumer credit,-929,22900.0
100694,5001688,Closed,currency 1,-2289,0,-1054.0,-1054.0,,0,443000.0,0.0,80000.0,0.0,Microloan,-904,
100694,5001689,Active,currency 1,-2148,0,-1109.0,,,0,948000.0,373000.0,310000.0,0.0,Consumer credit,-1704,
100694,5001690,Closed,currency 1,-1535,0,-1289.0,-1289.0,1816.0,0,319000.0,0.0,106000.0,0.0,Consumer credit,-290,26000.0
100695,5001691,Closed,currency 1,-2662,0,-863.0,-863.0,,0,403000.0,0.0,44000.0,0.0,Consumer credit,-1304,
100697,5001692,Closed,currency 1,-1130,0,200.0,200.0,,0,631000.0,0.0,202000.0,0.0,Credit card,-2329,
100697,5001693,Closed,currency 1,-2000,0,-568.0,-568.0,,0,405000.0,0.0,156000.0,0.0,Credit card,-1796,9000.0
100697,5001694,Closed,currency 1,-2776,0,-1860.0,-1860.0,,0,42000.0,0.0,0.0,0.0,Consumer credit,-2019,900.0
100697,5001695,Active,currency 1,-429,0,15.0,,,0,84000.0,60000.0,24000.0,0.0,Mortgage,-1817,
100697,5001696,Closed,currency 1,-1325,0,690.0,690.0,2961.0,0,17000.0,0.0,1000.0,0.0,Credit card,-355,
100697,5001697,Closed,currency 1,-1203,0,-82.0,-82.0,,0,65000.0,0.0,14000.0,0.0,Another type of loan,-465,
100698,5001698,Active,currency 1,-823,0,-228.0,,,0,292000.0,65000.0,2000.0,0.0,Credit card,-678,
100698,5001699,Active,currency 1,-494,0,702.0,,,0,77000.0,22000.0,20000.0,0.0,Credit card,-779,
100698,5001700,Closed,currency 1,-2089,0,-1381.0,-1381.0,2211.0,0,56000.0,0.0,9000.0,0.0,Credit card,-294,
100700,5001701,Active,currency 1,-1817,0,-889.0,,,0,311000.0,126000.0,26000.0,0.0,Consumer credit,-1155,
100700,5001702,Active,currency 1,-1796,0,-1356.0,,1297.0,0,219000.0,147000.0,85000.0,0.0,Consumer credit,-1136,
100701,5001703,Closed,currency 1,-675,0,757.0,757.0,4364.0,0,124000.0,0.0,4000.0,0.0,Consumer credit,-477,
100701,5001704,Closed,currency 1,-2302,0,-770.0,-770.0,,0,182000.0,0.0,54000.0,0.0,Consumer credit,-1547,
100703,5001705,Closed,currency 1,-2104,0,-357.0,-357.0,1937.0,0,338000.0,0.0,29000.0,0.0,Consumer credit,-1310,
100703,5001706,Active,currency 1,-307,0,816.0,,,0,56000.0,48000.0,4000.0,0.0,Mortgage,-1432,1700.0
100703,5001707,Closed,currency 1,-1877,0,-828.0,-828.0,111323.0,0,161000.0,0.0,59000.0,0.0,Credit card,-320,
100703,5001708,Active,currency 1,-2672,0,-1388.0,,,0,133000.0,86000.0,7000.0,0.0,Consumer credit,-348,
100704,5001709,Active,currency 1,-602,0,-114.0,,8831.0,0,185000.0,161000.0,27000.0,0.0,Credit card,-1495,
100704,5001710,Closed,currency 1,-888,0,562.0,562.0,2074.0,0,603000.0,0.0,23000.0,0.0,Consumer credit,-1669,
100704,5001711,Closed,currency 1,-2254,0,-67.0,-67.0,,0,61000.0,0.0,8000.0,0.0,Consumer credit,-834,
100705,5001712,Active,currency 1,-2170,0,-793.0,,,0,85000.0,9000.0,28000.0,0.0,Consumer credit,-1557,
100705,5001713,Closed,currency 1,-847,0,151.0,151.0,901.0,0,158000.0,0.0,55000.0,0.0,Consumer credit,-288,8100.0
100705,5001714,Closed,currency 1,-1093,0,-234.0,-234.0,,0,697000.0,0.0,265000.0,0.0,Consumer credit,-308,
100705,5001715,Closed,currency 1,-489,0,27.0,27.0,,0,213000.0,0.0,1000.0,0.0,Consumer credit,-2404,5600.0
100705,5001716,Closed,currency 1,-2000,0,-709.0,-709.0,,0,133000.0,0.0,50000.0,0.0,Consumer credit,-1940,
100706,5001717,Closed,currency 1,-2511,0,-1389.0,-1389.0,,0,59000.0,0.0,21000.0,0.0,Consumer credit,-1665,
100706,5001718,Closed,currency 1,-2886,0,-1125.0,-1125.0,,0,61000.0,0.0,14000.0,0.0,Consumer credit,-1591,
100706,5001719,Active,currency 1,-2704,0,-2134.0,,,0,62000.0,41000.0,13000.0,0.0,Credit card,-1265,
100706,5001720,Closed,currency 1,-2539,0,-1348.0,-1348.0,1293.0,0,61000.0,0.0,6000.0,0.0,Consumer credit,-1073,
100706,5001721,Closed,currency 1,-1595,0,-438.0,-438.0,,0,185000.0,0.0,3000.0,0.0,Consumer credit,-601,
100707,5001722,Closed,currency 1,-1849,0,-1644.0,-1644.0,16921.0,0,2575000.0,0.0,386000.0,0.0,Credit card,-946,
100707,5001723,Closed,currency 1,-895,0,0.0,0.0,7055.0,0,66000.0,0.0,5000.0,0.0,Credit card,-1469,1200.0
100708,5001724,Closed,currency 1,-2640,0,-2441.0,-2441.0,,0,336000.0,0.0,42000.0,0.0,Credit card,-1406,
100708,5001725,Closed,currency 1,-1586,0,-1211.0,-1211.0,9717.0,0,81000.0,0.0,16000.0,0.0,Credit card,-837,
100708,5001726,Closed,currency 1,-1469,0,-4.0,-4.0,,0,599000.0,0.0,143000.0,0.0,Credit card,-1052,
100709,5001727,Closed,currency 1,-2552,0,-1624.0,-1624.0,,0,207000.0,0.0,67000.0,0.0,Credit card,-1987,
100709,5001728,Active,currency 1,-102,0,1422.0,,,0,30000.0,7000.0,6000.0,0.0,Consumer credit,-254,
100709,5001729,Closed,currency 1,-913,0,-523.0,-523.0,,0,101000.0,0.0,22000.0,0.0,Consumer credit,-1261,
100709,5001730,Closed,currency 1,-2568,0,-1695.0,-1695.0,2623.0,0,114000.0,0.0,23000.0,0.0,Consumer credit,-1410,
100709,5001731,Active,currency 1,-1487,0,-737.0,,,0,147000.0,17000.0,14000.0,0.0,Credit card,-839,
100712,5001732,Closed,currency 1,-1486,0,-1123.0,-1123.0,795.0,0,383000.0,0.0,150000.0,0.0,Consumer credit,-1203,
100712,5001733,Closed,currency 1,-1926,0,-971.0,-971.0,,0,83000.0,0.0,5000.0,0.0,Consumer credit,-1628,3800.0
100712,5001734,Closed,currency 1,-595,0,1293.0,1293.0,,0,171000.0,0.0,27000.0,0.0,Consumer credit,-307,
100712,5001735,Closed,currency 1,-632,103,552.0,552.0,,0,88000.0,0.0,20000.0,4400.0,Consumer credit,-1712,
100712,5001736,Closed,currency 1,-1309,0,-712.0,-712.0,,0,685000.0,0.0,212000.0,0.0,Consumer credit,-1308,
100712,5001737,Closed,currency 1,-1660,0,245.0,245.0,,0,654000.0,0.0,243000.0,0.0,Credit card,-1995,
100713,5001738,Closed,currency 1,-2245,0,-1469.0,-1469.0,,0,264000.0,0.0,57000.0,0.0,Credit card,-234,
100714,5001739,Closed,currency 1,-2040,0,-1014.0,-1014.0,,0,12000.0,0.0,0.0,0.0,Consumer credit,-582,
100714,5001740,Closed,currency 1,-2291,0,-1175.0,-1175.0,,0,95000.0,0.0,27000.0,0.0,Credit card,-390,3300.0
100714,5001741,Closed,currency 1,-2309,0,-447.0,-447.0,,0,667000.0,0.0,72000.0,0.0,Consumer credit,-2154,
100716,5001742,Active,currency 1,-619,0,506.0,,35017.0,0,246000.0,168000.0,93000.0,0.0,Car loan,-1977,
100716,5001743,Closed,currency 1,-2532,0,-371.0,-371.0,,0,88000.0,0.0,9000.0,0.0,Mortgage,-2212,
100716,5001744,Active,currency 1,-2181,0,-794.0,,,0,155000.0,75000.0,37000.0,0.0,Credit card,-793,
100717,5001745,Active,currency 1,-2524,0,-747.0,,4446.0,0,66000.0,46000.0,4000.0,0.0,Consumer credit,-613,
100720,5001746,Closed,currency 1,-207,0,541.0,541.0,,0,96000.0,0.0,8000.0,0.0,Consumer credit,-1066,
100720,5001747,Closed,currency 1,-2145,0,-1542.0,-1542.0,,0,207000.0,0.0,39000.0,0.0,Consumer credit,-1220,
100723,5001748,Active,currency 1,-2050,52,-1569.0,,3986.0,0,41000.0,24000.0,1000.0,2050.0,Car loan,-2326,1300.0
100723,5001749,Active,currency 1,-465,0,1218.0,,,0,30000.0,13000.0,6000.0,0.0,Credit card,-1878,
100723,5001750,Closed,currency 1,-1330,0,370.0,370.0,,0,717000.0,0.0,159000.0,0.0,Credit card,-2232,26800.0
100724,5001751,Closed,currency 1,-1750,0,-787.0,-787.0,,0,823000.0,0.0,206000.0,0.0,Consumer credit,-710,
100724,5001752,Closed,currency 1,-2820,0,-1849.0,-1849.0,,0,78000.0,0.0,29000.0,0.0,Consumer credit,-1474,5300.0
100724,5001753,Closed,currency 1,-516,0,-301.0,-301.0,,0,21000.0,0.0,4000.0,0.0,Credit card,-2480,400.0
100724,5001754,Closed,currency 1,-1156,0,326.0,326.0,,0,44000.0,0.0,10000.0,0.0,Car loan,-2289,
100726,5001755,Closed,currency 1,-2482,0,-658.0,-658.0,293.0,0,1484000.0,0.0,209000.0,0.0,Car loan,-783,
100727,5001756,Closed,currency 1,-2273,145,-647.0,-647.0,,0,457000.0,0.0,107000.0,22850.0,Credit card,-1781,22100.0
100727,5001757,Active,currency 1,-706,0,-403.0,,,0,63000.0,44000.0,5000.0,0.0,Credit card,-1443,2000.0
100727,5001758,Closed,currency 1,-599,0,-48.0,-48.0,,0,170000.0,0.0,6000.0,0.0,Mortgage,-1484,
100727,5001759,Closed,currency 1,-1537,0,276.0,276.0,,0,337000.0,0.0,33000.0,0.0,Credit card,-304,
100728,5001760,Active,currency 1,-732,0,150.0,,,0,300000.0,183000.0,11000.0,0.0,Consumer credit,-1812,
100728,5001761,Active,currency 1,-1979,0,-612.0,,,0,691000.0,366000.0,180000.0,0.0,Consumer credit,-211,
100728,5001762,Closed,currency 1,-655,0,-370.0,-370.0,2548.0,0,277000.0,0.0,69000.0,0.0,Consumer credit,-516,
100729,5001763,Closed,currency 1,-2298,0,-1698.0,-1698.0,,0,206000.0,0.0,38000.0,0.0,Credit card,-39,
100729,5001764,Closed,currency 1,-1239,0,89.0,89.0,,0,88000.0,0.0,14000.0,0.0,Consumer credit,-940,
100730,5001765,Closed,currency 1,-192,0,1888.0,1888.0,,0,276000.0,0.0,29000.0,0.0,Credit card,-564,
100730,5001766,Active,currency 1,-848,0,232.0,,,0,230000.0,164000.0,17000.0,0.0,Consumer credit,-1379,4100.0
100731,5001767,Active,currency 1,-1797,0,-361.0,,,0,79000.0,53000.0,13000.0,0.0,Consumer credit,-1888,3800.0
100731,5001768,Closed,currency 1,-1235,0,-418.0,-418.0,3180.0,0,36000.0,0.0,13000.0,0.0,Consumer credit,-1743,
100731,5001769,Closed,currency 1,-1695,0,-1238.0,-1238.0,,0,124000.0,0.0,5000.0,0.0,Credit card,-1119,
100731,5001770,Active,currency 1,-1962,0,205.0,,,0,363000.0,322000.0,107000.0,0.0,Consumer credit,-2176,
100731,5001771,Active,currency 1,-2597,0,-702.0,,,0,310000.0,20000.0,49000.0,0.0,Consumer credit,-2376,21000.0
100731,5001772,Closed,currency 1,-1507,0,-137.0,-137.0,,0,56000.0,0.0,18000.0,0.0,Credit card,-508,
100731,5001773,Closed,currency 1,-680,0,198.0,198.0,,0,44000.0,0.0,5000.0,0.0,Consumer credit,-1233,2400.0
100732,5001774,Closed,currency 1,-2145,0,-1395.0,-1395.0,2530.0,0,396000.0,0.0,93000.0,0.0,Credit card,-204,
100732,5001775,Closed,currency 1,-807,0,807.0,807.0,,0,95000.0,0.0,36000.0,0.0,Consumer credit,-1356,
100733,5001776,Closed,currency 1,-2602,0,-761.0,-761.0,,0,1015000.0,0.0,73000.0,0.0,Consumer credit,-1497,
100733,5001777,Closed,currency 1,-1641,0,-909.0,-909.0,,0,809000.0,0.0,292000.0,0.0,Consumer credit,-2471,
100733,5001778,Closed,currency 1,-1524,0,-525.0,-525.0,9974.0,0,28000.0,0.0,8000.0,0.0,Mortgage,-2173,
100735,5001779,Active,currency 1,-1447,0,-601.0,,,0,165000.0,69000.0,56000.0,0.0,Consumer credit,-2309,4600.0
100735,5001780,Closed,currency 1,-2603,0,-1637.0,-1637.0,3398.0,0,458000.0,0.0,36000.0,0.0,Consumer credit,-329,
100735,5001781,Active,currency 1,-2697,0,-1157.0,,,0,197000.0,28000.0,15000.0,0.0,Consumer credit,-1711,
100736,5001782,Closed,currency 1,-203,0,969.0,969.0,3209.0,0,135000.0,0.0,25000.0,0.0,Consumer credit,-1597,
100739,5001783,Active,currency 1,-1880,113,-550.0,,,0,342000.0,309000.0,61000.0,17100.0,Consumer credit,-1289,
100739,5001784,Active,currency 1,-528,0,556.0,,,0,85000.0,47000.0,33000.0,0.0,Consumer credit,-664,
100740,5001785,Closed,currency 1,-2420,0,-1602.0,-1602.0,,0,393000.0,0.0,68000.0,0.0,Consumer credit,-1916,8200.0
100740,5001786,Active,currency 1,-1166,0,-299.0,,,0,592000.0,354000.0,140000.0,0.0,Credit card,-541,
100740,5001787,Active,currency 1,-1302,0,-454.0,,,0,17000.0,2000.0,0.0,0.0,Mortgage,-925,
100740,5001788,Closed,currency 1,-1411,0,726.0,726.0,,0,471000.0,0.0,152000.0,0.0,Credit card,-782,
100741,5001789,Closed,currency 1,-2456,0,-509.0,-509.0,,0,130000.0,0.0,12000.0,0.0,Consumer credit,-1429,
100741,5001790,Closed,currency 1,-2212,0,-1644.0,-1644.0,,0,107000.0,0.0,14000.0,0.0,Consumer credit,-914,
100741,5001791,Closed,currency 1,-2185,0,-977.0,-977.0,108580.0,0,62000.0,0.0,16000.0,0.0,Consumer credit,-1359,
100741,5001792,Closed,currency 1,-80,0,152.0,152.0,,0,184000.0,0.0,58000.0,0.0,Loan for business development,-1682,
100741,5001793,Closed,currency 1,-1030,0,489.0,489.0,2487.0,0,57000.0,0.0,4000.0,0.0,Credit card,-1908,
100741,5001794,Closed,currency 1,-2526,0,-1477.0,-1477.0,,0,73000.0,0.0,4000.0,0.0,Consumer credit,-2078,
100741,5001795,Closed,currency 1,-2403,0,-284.0,-284.0,,0,23000.0,0.0,3000.0,0.0,Consumer credit,-285,1600.0
100741,5001796,Closed,currency 1,-1879,0,-1658.0,-1658.0,,0,82000.0,0.0,6000.0,0.0,Consumer credit,-539,
100743,5001797,Closed,currency 1,-976,0,-568.0,-568.0,,0,117000.0,0.0,2000.0,0.0,Consumer credit,-1983,
100743,5001798,Closed,currency 1,-1510,0,340.0,340.0,2965.0,0,33000.0,0.0,1000.0,0.0,Consumer credit,-1537,1000.0
100744,5001799,Closed,currency 1,-1889,59,-1692.0,-1692.0,,0,1832000.0,0.0,237000.0,91600.0,Credit card,-2215,143800.0
100744,5001800,Closed,currency 1,-2112,0,-392.0,-392.0,,0,142000.0,0.0,35000.0,0.0,Consumer credit,-1515,7200.0
100744,5001801,Closed,currency 1,-1198,0,731.0,731.0,435.0,0,261000.0,0.0,89000.0,0.0,Consumer credit,-513,
100744,5001802,Closed,currency 1,-598,0,1298.0,1298.0,57984.0,0,99000.0,0.0,24000.0,0.0,Consumer credit,-2252,3500.0
100745,5001803,Closed,currency 1,-1108,0,-546.0,-546.0,3777.0,0,1042000.0,0.0,366000.0,0.0,Credit card,-1685,
100745,5001804,Closed,currency 1,-1014,0,720.0,720.0,,0,45000.0,0.0,9000.0,0.0,Consumer credit,-599,1700.0
100745,5001805,Closed,currency 1,-2721,0,-876.0,-876.0,,0,628000.0,0.0,164000.0,0.0,Consumer credit,-1171,
100745,5001806,Closed,currency 1,-290,0,1106.0,1106.0,,0,316000.0,0.0,63000.0,0.0,Consumer credit,-1114,21400.0
100745,5001807,Closed,currency 1,-768,0,745.0,745.0,,0,76000.0,0.0,4000.0,0.0,Consumer credit,-1340,
100745,5001808,Closed,currency 1,-1636,0,-955.0,-955.0,,0,2667000.0,0.0,793000.0,0.0,Consumer credit,-1114,
100745,5001809,Active,currency 1,-2045,0,-1301.0,,,0,360000.0,321000.0,37000.0,0.0,Consumer credit,-1691,
100746,5001810,Active,currency 1,-2143,0,-1002.0,,,0,668000.0,302000.0,184000.0,0.0,Credit card,-1730,
100747,5001811,Closed,currency 1,-521,0,-167.0,-167.0,29360.0,0,966000.0,0.0,272000.0,0.0,Consumer credit,-1637,
100747,5001812,Active,currency 1,-886,0,1110.0,,,0,2112000.0,407000.0,690000.0,0.0,Consumer credit,-2215,61300.0
100747,5001813,Active,currency 1,-2095,0,-1600.0,,,0,173000.0,161000.0,40000.0,0.0,Consumer credit,-248,
100748,5001814,Closed,currency 1,-1141,0,512.0,512.0,,0,94000.0,0.0,31000.0,0.0,Consumer credit,-13,
100749,5001815,Closed,currency 1,-1272,0,544.0,544.0,251.0,0,538000.0,0.0,202000.0,0.0,Mortgage,-2362,
100749,5001816,Closed,currency 1,-909,0,442.0,442.0,,0,320000.0,0.0,67000.0,0.0,Car loan,-1861,
100749,5001817,Active,currency 1,-496,0,967.0,,,0,306000.0,246000.0,36000.0,0.0,Microloan,-447,6200.0
100749,5001818,Closed,currency 1,-916,0,-176.0,-176.0,,0,414000.0,0.0,102000.0,0.0,Consumer credit,-2258,
100749,5001819,Active,currency 1,-2191,0,-1552.0,,,0,148000.0,67000.0,29000.0,0.0,Car loan,-1591,4100.0
100749,5001820,Closed,currency 1,-924,0,-177.0,-177.0,,0,199000.0,0.0,58000.0,0.0,Credit card,-1218,
100752,5001821,Closed,currency 1,-2030,0,-228.0,-228.0,,0,18000.0,0.0,3000.0,0.0,Car loan,-306,
100752,5001822,Closed,currency 1,-1596,0,-448.0,-448.0,5365.0,0,287000.0,0.0,67000.0,0.0,Consumer credit,-436,
100752,5001823,Closed,currency 1,-284,0,996.0,996.0,,0,61000.0,0.0,21000.0,0.0,Credit card,-2295,
100753,5001824,Closed,currency 1,-1036,0,469.0,469.0,,0,37000.0,0.0,8000.0,0.0,Credit card,-1438,
100753,5001825,Closed,currency 1,-1122,0,-82.0,-82.0,,0,210000.0,0.0,16000.0,0.0,Credit card,-756,
100753,5001826,Closed,currency 1,-2259,0,-576.0,-576.0,,0,855000.0,0.0,2000.0,0.0,Consumer credit,-592,
100754,5001827,Closed,currency 1,-1179,0,-108.0,-108.0,,0,374000.0,0.0,100000.0,0.0,Consumer credit,-1899,
100754,5001828,Closed,currency 1,-2294,0,-298.0,-298.0,,0,760000.0,0.0,215000.0,0.0,Consumer credit,-1126,
100754,5001829,Closed,currency 1,-787,0,74.0,74.0,,0,281000.0,0.0,96000.0,0.0,Consumer credit,-1178,
100754,5001830,Closed,currency 1,-1083,0,667.0,667.0,,0,120000.0,0.0,38000.0,0.0,Credit card,-1902,
100754,5001831,Closed,currency 1,-2772,0,-1140.0,-1140.0,,0,15000.0,0.0,3000.0,0.0,Credit card,-1715,
100754,5001832,Active,currency 1,-650,0,-267.0,,,0,89000.0,7000.0,9000.0,0.0,Consumer credit,-2383,
100755,5001833,Active,currency 1,-332,0,1404.0,,,0,271000.0,238000.0,99000.0,0.0,Credit card,-1426,
100755,5001834,Active,currency 1,-1939,0,-1323.0,,1022.0,0,939000.0,286000.0,134000.0,0.0,Consumer credit,-781,16500.0
100755,5001835,Active,currency 1,-2402,0,-2185.0,,,0,781000.0,273000.0,78000.0,0.0,Consumer credit,-2036,52800.0
100755,5001836,Active,currency 1,-1286,0,664.0,,54912.0,0,14000.0,11000.0,1000.0,0.0,Microloan,-1619,
100755,5001837,Closed,currency 1,-807,0,315.0,315.0,,0,269000.0,0.0,3000.0,0.0,Consumer credit,-1016,6300.0
100756,5001838,Closed,currency 1,-1973,0,33.0,33.0,,0,203000.0,0.0,80000.0,0.0,Consumer credit,-648,
100756,5001839,Closed,currency 1,-538,0,790.0,790.0,,0,22000.0,0.0,4000.0,0.0,Credit card,-891,
100756,5001840,Active,currency 1,-1761,0,-1407.0,,,0,525000.0,336000.0,151000.0,0.0,Consumer credit,-1650,
100757,5001841,Active,currency 1,-2673,0,-1822.0,,,0,442000.0,96000.0,57000.0,0.0,Consumer credit,-374,11400.0
100757,5001842,Closed,currency 1,-769,0,836.0,836.0,,0,58000.0,0.0,15000.0,0.0,Consumer credit,-1779,
100759,5001843,Active,currency 1,-2421,0,-965.0,,,0,108000.0,60000.0,38000.0,0.0,Consumer credit,-746,
100759,5001844,Closed,currency 1,-109,0,1707.0,1707.0,,0,843000.0,0.0,35000.0,0.0,Consumer credit,-2406,
100759,5001845,Active,currency 1,-1707,0,-1048.0,,,0,55000.0,48000.0,0.0,0.0,Consumer credit,-236,1200.0
100760,5001846,Active,currency 1,-1922,0,-542.0,,395.0,0,50000.0,5000.0,12000.0,0.0,Credit card,-191,
100761,5001847,Active,currency 1,-1999,0,-690.0,,16136.0,0,96000.0,65000.0,33000.0,0.0,Consumer credit,-2485,4100.0
100762,5001848,Closed,currency 1,-1877,0,-1456.0,-1456.0,,0,121000.0,0.0,12000.0,0.0,Car loan,-2242,2400.0
100762,5001849,Closed,currency 1,-1782,0,135.0,135.0,,0,31000.0,0.0,3000.0,0.0,Consumer credit,-1545,
100762,5001850,Closed,currency 1,-1747,0,-1161.0,-1161.0,12424.0,0,1496000.0,0.0,369000.0,0.0,Credit card,-1641,
100762,5001851,Closed,currency 1,-2224,0,-885.0,-885.0,3330.0,0,1283000.0,0.0,165000.0,0.0,Credit card,-2035,22900.0
100762,5001852,Active,currency 1,-1344,0,-193.0,,,0,175000.0,77000.0,34000.0,0.0,Consumer credit,-338,
100762,5001853,Active,currency 1,-29,0,1925.0,,,0,40000.0,36000.0,9000.0,0.0,Consumer credit,-215,
100764,5001854,Closed,currency 1,-301,0,1513.0,1513.0,,0,48000.0,0.0,2000.0,0.0,Credit card,-1747,
100764,5001855,Closed,currency 1,-1490,0,-508.0,-508.0,,0,412000.0,0.0,18000.0,0.0,Credit card,-1681,
100764,5001856,Closed,currency 1,-2304,0,-2007.0,-2007.0,,0,2385000.0,0.0,404000.0,0.0,Microloan,-69,
100765,5001857,Closed,currency 1,-1082,0,-195.0,-195.0,,0,527000.0,0.0,12000.0,0.0,Credit card,-1401,
100766,5001858,Closed,currency 1,-2790,0,-1770.0,-1770.0,,0,100000.0,0.0,12000.0,0.0,Consumer credit,-1394,3000.0
100766,5001859,Active,currency 1,-1545,0,-1294.0,,,0,191000.0,124000.0,1000.0,0.0,Credit card,-1211,
100767,5001860,Closed,currency 1,-1610,0,-1066.0,-1066.0,40777.0,0,39000.0,0.0,4000.0,0.0,Consumer credit,-2028,1000.0
100767,5001861,Closed,currency 1,-1646,0,71.0,71.0,,0,1304000.0,0.0,257000.0,0.0,Consumer credit,-1014,
100770,5001862,Closed,currency 1,-284,0,1192.0,1192.0,,0,116000.0,0.0,33000.0,0.0,Consumer credit,-1612,2000.0
100771,5001863,Active,currency 1,-337,0,553.0,,2903.0,0,52000.0,20000.0,19000.0,0.0,Credit card,-1183,
100771,5001864,Active,currency 1,-312,0,485.0,,,0,157000.0,78000.0,9000.0,0.0,Consumer credit,-1587,
100771,5001865,Active,currency 1,-477,0,1314.0,,1275.0,0,354000.0,212000.0,14000.0,0.0,Credit card,-442,
100771,5001866,Closed,currency 1,-984,0,1006.0,1006.0,,0,204000.0,0.0,62000.0,0.0,Consumer credit,-127,10000.0
100771,5001867,Closed,currency 1,-1697,0,-1211.0,-1211.0,4963.0,0,1823000.0,0.0,148000.0,0.0,Consumer credit,-213,
100771,5001868,Active,currency 1,-13,0,300.0,,672.0,0,362000.0,323000.0,103000.0,0.0,Consumer credit,-1446,
100771,5001869,Active,currency 1,-814,0,1194.0,,,1,118000.0,56000.0,9000.0,0.0,Loan for business development,-276,
100771,5001870,Closed,currency 1,-1558,0,-1272.0,-1272.0,2290.0,0,37000.0,0.0,3000.0,0.0,Consumer credit,-154,
100772,5001871,Active,currency 1,-1223,0,701.0,,,0,212000.0,17000.0,70000.0,0.0,Consumer credit,-2381,
100773,5001872,Closed,currency 1,-2765,0,-750.0,-750.0,,0,88000.0,0.0,4000.0,0.0,Consumer credit,-847,
100773,5001873,Closed,currency 1,-1430,0,-216.0,-216.0,,0,117000.0,0.0,20000.0,0.0,Consumer credit,-1135,
100773,5001874,Active,currency 1,-521,0,685.0,,,0,26000.0,3000.0,9000.0,0.0,Car loan,-60,
100774,5001875,Active,currency 1,-644,0,363.0,,,0,201000.0,122000.0,20000.0,0.0,Consumer credit,-2201,
100774,5001876,Active,currency 1,-529,0,1524.0,,5127.0,0,535000.0,228000.0,108000.0,0.0,Credit card,-989,
100775,5001877,Active,currency 1,-1429,0,-50.0,,,0,849000.0,743000.0,226000.0,0.0,Credit card,-1946,
100775,5001878,Closed,currency 1,-2374,0,-736.0,-736.0,,0,452000.0,0.0,98000.0,0.0,Car loan,-262,
100776,5001879,Closed,currency 1,-1691,0,-769.0,-769.0,,0,44000.0,0.0,10000.0,0.0,Consumer credit,-2297,
100776,5001880,Closed,currency 1,-656,0,1530.0,1530.0,,0,700000.0,0.0,109000.0,0.0,Consumer credit,-1293,
100776,5001881,Active,currency 1,-1263,0,-89.0,,,0,279000.0,18000.0,46000.0,0.0,Consumer credit,-853,
100778,5001882,Active,currency 1,-766,0,1340.0,,12947.0,0,545000.0,242000.0,162000.0,0.0,Consumer credit,-239,
100778,5001883,Active,currency 1,-214,0,439.0,,,0,63000.0,34000.0,6000.0,0.0,Credit card,-930,
100778,5001884,Closed,currency 1,-227,0,446.0,446.0,,0,45000.0,0.0,15000.0,0.0,Consumer credit,-1835,
100778,5001885,Closed,currency 1,-2552,0,-2006.0,-2006.0,7506.0,0,126000.0,0.0,12000.0,0.0,Consumer credit,-366,
100780,5001886,Closed,currency 1,-2065,0,-1474.0,-1474.0,,0,192000.0,0.0,22000.0,0.0,Consumer credit,-1791,
100780,5001887,Active,currency 1,-1435,0,-1082.0,,,0,540000.0,364000.0,193000.0,0.0,Consumer credit,-1249,17700.0
100780,5001888,Closed,currency 1,-845,0,590.0,590.0,20698.0,0,526000.0,0.0,196000.0,0.0,Car loan,-471,
100780,5001889,Active,currency 1,-216,0,1338.0,,,0,109000.0,51000.0,14000.0,0.0,Consumer credit,-1966,
100780,5001890,Closed,currency 1,-1950,0,-538.0,-538.0,,0,84000.0,0.0,12000.0,0.0,Consumer credit,-236,
100781,5001891,Active,currency 1,-1301,0,568.0,,,0,166000.0,46000.0,22000.0,0.0,Consumer credit,-1060,3600.0
100781,5001892,Closed,currency 1,-184,0,1355.0,1355.0,,0,338000.0,0.0,16000.0,0.0,Consumer credit,-752,
100782,5001893,Active,currency 1,-2674,0,-883.0,,,0,131000.0,123000.0,36000.0,0.0,Credit card,-2041,10900.0
100782,5001894,Active,currency 1,-2617,0,-2424.0,,4619.0,0,704000.0,622000.0,13000.0,0.0,Consumer credit,-701,17800.0
100782,5001895,Closed,currency 1,-1404,0,275.0,275.0,1234.0,0,273000.0,0.0,44000.0,0.0,Credit card,-342,
100783,5001896,Closed,currency 1,-1357,0,-982.0,-982.0,4556.0,0,265000.0,0.0,72000.0,0.0,Consumer credit,-505,
100783,5001897,Closed,currency 1,-983,0,-109.0,-109.0,,0,994000.0,0.0,108000.0,0.0,Credit card,-833,
100783,5001898,Closed,currency 1,-398,0,332.0,332.0,,0,118000.0,0.0,9000.0,0.0,Car loan,-2113,
100784,5001899,Closed,currency 1,-1762,0,-1429.0,-1429.0,,0,94000.0,0.0,28000.0,0.0,Consumer credit,-2027,
100784,5001900,Closed,currency 1,-89,0,1401.0,1401.0,,0,274000.0,0.0,92000.0,0.0,Credit card,-1863,
100784,5001901,Closed,currency 1,-621,0,426.0,426.0,671.0,0,551000.0,0.0,17000.0,0.0,Consumer credit,-507,
100784,5001902,Active,currency 1,-2858,0,-2197.0,,,0,148000.0,24000.0,46000.0,0.0,Car loan,-693,
100785,5001903,Closed,currency 1,-31,0,874.0,874.0,,0,1077000.0,0.0,354000.0,0.0,Credit card,-549,
100786,5001904,Closed,currency 1,-267,0,1856.0,1856.0,988.0,0,185000.0,0.0,50000.0,0.0,Credit card,-501,
100786,5001905,Closed,currency 1,-2456,0,-1954.0,-1954.0,,0,420000.0,0.0,38000.0,0.0,Credit card,-1456,7500.0
100787,5001906,Active,currency 1,-2234,0,-542.0,,,0,152000.0,121000.0,2000.0,0.0,Consumer credit,-2003,
100790,5001907,Closed,currency 1,-1595,0,-264.0,-264.0,663.0,0,302000.0,0.0,35000.0,0.0,Credit card,-1086,5400.0
100790,5001908,Active,currency 1,-928,95,-592.0,,9687.0,0,140000.0,71000.0,12000.0,7000.0,Consumer credit,-1481,3300.0
100790,5001909,Closed,currency 1,-1031,0,523.0,523.0,,0,175000.0,0.0,5000.0,0.0,Car loan,-498,
100793,5001910,Closed,currency 1,-2674,0,-2287.0,-2287.0,,0,89000.0,0.0,30000.0,0.0,Consumer credit,-925,
100794,5001911,Closed,currency 1,-1500,0,-1225.0,-1225.0,,0,469000.0,0.0,23000.0,0.0,Consumer credit,-1478,7900.0
100794,5001912,Active,currency 1,-2579,0,-617.0,,23346.0,0,5010000.0,3083000.0,1889000.0,0.0,Consumer credit,-119,
100796,5001913,Active,currency 1,-923,0,947.0,,3538.0,0,208000.0,190000.0,2000.0,0.0,Consumer credit,-1615,
100798,5001914,Closed,currency 1,-1115,0,553.0,553.0,,0,86000.0,0.0,13000.0,0.0,Consumer credit,-1628,6500.0
100798,5001915,Active,currency 1,-2853,0,-678.0,,,0,380000.0,235000.0,141000.0,0.0,Consumer credit,-1864,
100798,5001916,Active,currency 1,-2391,0,-1448.0,,410.0,0,82000.0,11000.0,6000.0,0.0,Consumer credit,-1398,
100798,5001917,Active,currency 1,-486,0,1009.0,,,0,349000.0,165000.0,125000.0,0.0,Consumer credit,-449,
100798,5001918,Closed,currency 1,-1411,0,-765.0,-765.0,,0,366000.0,0.0,15000.0,0.0,Consumer credit,-1711,
100798,5001919,Active,currency 1,-2134,0,-370.0,,,0,352000.0,177000.0,10000.0,0.0,Consumer credit,-393,16500.0
100799,5001920,Closed,currency 1,-1104,0,793.0,793.0,,0,331000.0,0.0,86000.0,0.0,Consumer credit,-1216,9200.0
100800,5001921,Active,currency 1,-747,0,1206.0,,,0,136000.0,73000.0,32000.0,0.0,Mortgage,-539,4500.0
100800,5001922,Closed,currency 1,-70,0,355.0,355.0,,0,685000.0,0.0,115000.0,0.0,Consumer credit,-338,14500.0
100800,5001923,Active,currency 1,-407,0,1034.0,,,0,225000.0,205000.0,57000.0,0.0,Consumer credit,-1590,
100801,5001924,Active,currency 1,-2273,0,-891.0,,,0,749000.0,323000.0,279000.0,0.0,Car loan,-2120,
100801,5001925,Closed,currency 1,-2795,0,-1580.0,-1580.0,4475.0,0,18000.0,0.0,6000.0,0.0,Credit card,-2138,
100801,5001926,Closed,currency 1,-78,0,1222.0,1222.0,,0,1492000.0,0.0,509000.0,0.0,Consumer credit,-2211,26300.0
100802,5001927,Closed,currency 1,-2070,0,-1605.0,-1605.0,,0,174000.0,0.0,0.0,0.0,Consumer credit,-2324,
100802,5001928,Closed,currency 1,-1222,0,-38.0,-38.0,,0,105000.0,0.0,16000.0,0.0,Consumer credit,-849,
100805,5001929,Closed,currency 1,-579,0,792.0,792.0,960.0,0,284000.0,0.0,36000.0,0.0,Credit card,-454,
100805,5001930,Active,currency 1,-445,0,1300.0,,2449.0,0,627000.0,496000.0,69000.0,0.0,Credit card,-1705,
100806,5001931,Closed,currency 1,-2134,0,-1571.0,-1571.0,,0,46000.0,0.0,0.0,0.0,Consumer credit,-2010,
100806,5001932,Active,currency 1,-1270,0,-183.0,,,0,71000.0,65000.0,23000.0,0.0,Consumer credit,-511,
100807,5001933,Closed,currency 1,-2887,0,-844.0,-844.0,,0,428000.0,0.0,61000.0,0.0,Consumer credit,-2143,
100808,5001934,Closed,currency 1,-106,0,862.0,862.0,,0,10000.0,0.0,3000.0,0.0,Credit card,-2012,
100808,5001935,Active,currency 1,-893,0,164.0,,,0,98000.0,59000.0,23000.0,0.0,Consumer credit,-1984,
100808,5001936,Closed,currency 1,-2252,0,-134.0,-134.0,,0,319000.0,0.0,62000.0,0.0,Credit card,-2258,11900.0
100808,5001937,Active,currency 1,-1457,0,-654.0,,,0,361000.0,301000.0,95000.0,0.0,Loan for business development,-2235,
100809,5001938,Closed,currency 1,-1453,0,-487.0,-487.0,,0,113000.0,0.0,7000.0,0.0,Consumer credit,-1133,
100809,5001939,Closed,currency 1,-824,0,-554.0,-554.0,,0,246000.0,0.0,34000.0,0.0,Credit card,-1095,
100809,5001940,Closed,currency 1,-2528,0,-1438.0,-1438.0,,0,766000.0,0.0,256000.0,0.0,Consumer credit,-1882,
100809,5001941,Closed,currency 1,-1736,0,-906.0,-906.0,3982.0,0,215000.0,0.0,8000.0,0.0,Another type of loan,-439,
100810,5001942,Active,currency 1,-1900,0,190.0,,,0,243000.0,179000.0,61000.0,0.0,Consumer credit,-1572,
100811,5001943,Closed,currency 1,-837,0,489.0,489.0,,0,60000.0,0.0,21000.0,0.0,Credit card,-1912,1000.0
100811,5001944,Closed,currency 1,-1704,0,314.0,314.0,8293.0,0,96000.0,0.0,33000.0,0.0,Consumer credit,-1517,
100813,5001945,Closed,currency 1,-1131,0,595.0,595.0,,0,421000.0,0.0,21000.0,0.0,Consumer credit,-1029,
100813,5001946,Active,currency 1,-881,0,816.0,,,0,594000.0,333000.0,177000.0,0.0,Consumer credit,-961,
100813,5001947,Closed,currency 1,-333,0,1297.0,1297.0,,0,105000.0,0.0,21000.0,0.0,Credit card,-1685,
100813,5001948,Closed,currency 1,-1847,0,-850.0,-850.0,,0,376000.0,0.0,110000.0,0.0,Consumer credit,-457,10100.0
100813,5001949,Active,currency 1,-1499,0,-1282.0,,,0,1051000.0,241000.0,288000.0,0.0,Credit card,-1717,
100814,5001950,Closed,currency 1,-2010,0,-722.0,-722.0,,0,295000.0,0.0,66000.0,0.0,Credit card,-2139,
100814,5001951,Active,currency 1,-2197,0,-1911.0,,,0,403000.0,360000.0,98000.0,0.0,Consumer credit,-353,
100814,5001952,Active,currency 1,-583,0,351.0,,1912.0,0,186000.0,150000.0,29000.0,0.0,Consumer credit,-1151,
100815,5001953,Closed,currency 1,-2895,0,-1385.0,-1385.0,,0,111000.0,0.0,28000.0,0.0,Consumer credit,-28,
100815,5001954,Active,currency 1,-2074,0,-480.0,,,0,547000.0,211000.0,161000.0,0.0,Consumer credit,-906,
100815,5001955,Closed,currency 1,-381,0,576.0,576.0,,0,107000.0,0.0,6000.0,0.0,Consumer credit,-2328,3500.0
100816,5001956,Active,currency 1,-1381,0,-7.0,,,0,226000.0,28000.0,63000.0,0.0,Credit card,-1601,9700.0
100817,5001957,Active,currency 1,-859,0,-318.0,,761.0,0,312000.0,57000.0,70000.0,0.0,Car loan,-2111,
100817,5001958,Active,currency 1,-2332,44,-2089.0,,,0,18000.0,4000.0,3000.0,900.0,Consumer credit,-1589,
100817,5001959,Closed,currency 1,-29,0,923.0,923.0,12844.0,0,397000.0,0.0,131000.0,0.0,Credit card,-1728,
100818,5001960,Active,currency 1,-2164,0,-1388.0,,,0,1164000.0,465000.0,168000.0,0.0,Consumer credit,-2036,
100818,5001961,Active,currency 1,-1154,0,-98.0,,3837.0,0,552000.0,197000.0,16000.0,0.0,Consumer credit,-1394,
100818,5001962,Closed,currency 1,-1735,0,-1297.0,-1297.0,1179.0,0,479000.0,0.0,157000.0,0.0,Consumer credit,-368,
100818,5001963,Closed,currency 1,-530,0,1087.0,1087.0,,0,274000.0,0.0,81000.0,0.0,Consumer credit,-1145,11700.0
100818,5001964,Closed,currency 1,-1464,0,322.0,322.0,,0,363000.0,0.0,103000.0,0.0,Car loan,-921,
100819,5001965,Active,currency 1,-2112,0,-1227.0,,,0,254000.0,39000.0,10000.0,0.0,Car loan,-152,
100819,5001966,Active,currency 1,-306,0,1722.0,,,0,157000.0,27000.0,30000.0,0.0,Consumer credit,-260,
100819,5001967,Active,currency 1,-649,0,740.0,,,0,307000.0,258000.0,41000.0,0.0,Car loan,-1449,7200.0
100821,5001968,Active,currency 1,-1361,0,827.0,,,0,195000.0,181000.0,7000.0,0.0,Credit card,-757,
100821,5001969,Closed,currency 1,-895,0,230.0,230.0,2540.0,0,79000.0,0.0,9000.0,0.0,Consumer credit,-78,2800.0
100823,5001970,Active,currency 1,-2225,0,-1576.0,,3701.0,0,1443000.0,307000.0,474000.0,0.0,Credit card,-608,25300.0
100823,5001971,Active,currency 1,-2479,0,-1905.0,,,0,130000.0,64000.0,51000.0,0.0,Consumer credit,-2417,
100823,5001972,Closed,currency 1,-741,0,1332.0,1332.0,2042.0,1,105000.0,0.0,32000.0,0.0,Consumer credit,-1162,
100824,5001973,Closed,currency 1,-1819,0,259.0,259.0,2374.0,0,182000.0,0.0,63000.0,0.0,Consumer credit,-2200,
100824,5001974,Closed,currency 1,-1200,0,-782.0,-782.0,,0,924000.0,0.0,62000.0,0.0,Credit card,-1950,
100824,5001975,Closed,currency 1,-827,0,-238.0,-238.0,4907.0,0,187000.0,0.0,47000.0,0.0,Consumer credit,-1873,
100825,5001976,Active,currency 1,-940,0,-134.0,,,0,49000.0,28000.0,13000.0,0.0,Consumer credit,-2277,
100825,5001977,Closed,currency 1,-1204,0,-172.0,-172.0,,0,548000.0,0.0,20000.0,0.0,Consumer credit,-1155,
100825,5001978,Closed,currency 1,-451,0,-7.0,-7.0,2595.0,0,450000.0,0.0,121000.0,0.0,Consumer credit,-2360,
100826,5001979,Closed,currency 1,-61,0,882.0,882.0,,0,26000.0,0.0,3000.0,0.0,Credit card,-911,
100826,5001980,Closed,currency 1,-757,0,476.0,476.0,,0,41000.0,0.0,12000.0,0.0,Consumer credit,-1850,
100826,5001981,Closed,currency 1,-1073,22,730.0,730.0,2208.0,0,141000.0,0.0,5000.0,7050.0,Consumer credit,-1482,2400.0
100826,5001982,Closed,currency 1,-1016,0,-828.0,-828.0,,0,147000.0,0.0,20000.0,0.0,Consumer credit,-1260,
100826,5001983,Closed,currency 1,-2328,0,-1712.0,-1712.0,,0,1809000.0,0.0,333000.0,0.0,Consumer credit,-1285,
100829,5001984,Closed,currency 1,-170,0,262.0,262.0,517.0,0,177000.0,0.0,8000.0,0.0,Consumer credit,-1227,
100829,5001985,Active,currency 1,-362,0,18.0,,,0,260000.0,19000.0,71000.0,0.0,Credit card,-127,
100829,5001986,Closed,currency 1,-75,0,417.0,417.0,,0,110000.0,0.0,14000.0,0.0,Credit card,-978,
100830,5001987,Active,currency 1,-2313,0,-1850.0,,,0,103000.0,62000.0,22000.0,0.0,Consumer credit,-490,6300.0
100830,5001988,Closed,currency 1,-1622,0,-979.0,-979.0,,0,236000.0,0.0,44000.0,0.0,Credit card,-2039,
100830,5001989,Closed,currency 1,-1074,0,-540.0,-540.0,,0,336000.0,0.0,42000.0,0.0,Credit card,-1812,7600.0
100830,5001990,Active,currency 1,-110,0,1335.0,,,0,1042000.0,437000.0,316000.0,0.0,Consumer credit,-1073,
100830,5001991,Active,currency 1,-2446,0,-851.0,,,0,1240000.0,317000.0,242000.0,0.0,Credit card,-1480,
100831,5001992,Active,currency 1,-1624,0,343.0,,,0,253000.0,131000.0,41000.0,0.0,Car loan,-1519,
100832,5001993,Closed,currency 1,-1021,0,389.0,389.0,,0,297000.0,0.0,71000.0,0.0,Consumer credit,-667,
100833,5001994,Closed,currency 1,-68,0,2069.0,2069.0,30502.0,0,589000.0,0.0,79000.0,0.0,Credit card,-683,
100833,5001995,Closed,currency 1,-494,0,128.0,128.0,,0,145000.0,0.0,45000.0,0.0,Consumer credit,-1840,8100.0
100833,5001996,Active,currency 1,-2681,0,-758.0,,,0,58000.0,28000.0,17000.0,0.0,Credit card,-817,
100833,5001997,Active,currency 1,-1933,0,-98.0,,871.0,0,285000.0,262000.0,44000.0,0.0,Consumer credit,-2231,10700.0
100834,5001998,Active,currency 1,-1557,0,-605.0,,,0,218000.0,69000.0,66000.0,0.0,Microloan,-2497,7400.0
100834,5001999,Closed,currency 1,-554,0,880.0,880.0,,0,219000.0,0.0,58000.0,0.0,Consumer credit,-2331,13400.0
100834,5002000,Closed,currency 1,-2263,0,-380.0,-380.0,,0,53000.0,0.0,3000.0,0.0,Credit card,-1283,
100834,5002001,Active,currency 1,-497,0,1051.0,,2271.0,0,170000.0,106000.0,12000.0,0.0,Consumer credit,-204,
100834,5002002,Active,currency 1,-1087,0,-91.0,,,0,109000.0,79000.0,12000.0,0.0,Credit card,-2403,
100834,5002003,Closed,currency 1,-41,0,371.0,371.0,22424.0,0,339000.0,0.0,125000.0,0.0,Consumer credit,-1812,
100835,5002004,Closed,currency 1,-1261,0,-116.0,-116.0,,0,260000.0,0.0,81000.0,0.0,Consumer credit,-2376,20400.0
100835,5002005,Closed,currency 1,-901,0,1215.0,1215.0,,0,122000.0,0.0,1000.0,0.0,Consumer credit,-525,
100835,5002006,Active,currency 1,-190,0,274.0,,,0,55000.0,27000.0,13000.0,0.0,Credit card,-2331,
100835,5002007,Active,currency 1,-107,0,565.0,,,0,54000.0,29000.0,4000.0,0.0,Consumer credit,-2297,1000.0
100836,5002008,Active,currency 1,-1141,0,197.0,,2883.0,0,1162000.0,611000.0,192000.0,0.0,Consumer credit,-1862,
100836,5002009,Closed,currency 1,-310,0,1097.0,1097.0,,0,59000.0,0.0,0.0,0.0,Consumer credit,-1331,
100839,5002010,Active,currency 1,-1143,0,-528.0,,45941.0,0,387000.0,118000.0,26000.0,0.0,Consumer credit,-2191,9700.0
100839,5002011,Closed,currency 1,-2428,0,-1294.0,-1294.0,1424.0,0,213000.0,0.0,36000.0,0.0,Consumer credit,-1136,
100839,5002012,Active,currency 1,-2811,0,-1866.0,,,0,39000.0,19000.0,15000.0,0.0,Another type of loan,-1626,800.0
100839,5002013,Closed,currency 1,-2469,0,-1757.0,-1757.0,121.0,0,257000.0,0.0,63000.0,0.0,Consumer credit,-1387,8800.0
100840,5002014,Closed,currency 1,-1033,0,59.0,59.0,,0,211000.0,0.0,17000.0,0.0,Consumer credit,-2351,
100840,5002015,Closed,currency 1,-2622,20,-2388.0,-2388.0,,0,291000.0,0.0,57000.0,14550.0,Consumer credit,-78,
100840,5002016,Active,currency 1,-2037,0,-1342.0,,,0,51000.0,10000.0,1000.0,0.0,Credit card,-1511,
100840,5002017,Closed,currency 1,-272,0,1761.0,1761.0,,0,23000.0,0.0,4000.0,0.0,Credit card,-503,400.0
100841,5002018,Closed,currency 1,-1492,0,-658.0,-658.0,3275.0,0,175000.0,0.0,37000.0,0.0,Car loan,-460,5200.0
100841,5002019,Active,currency 1,-591,0,1542.0,,,0,120000.0,39000.0,21000.0,0.0,Consumer credit,-917,4900.0
100842,5002020,Closed,currency 1,-1746,0,-518.0,-518.0,1362.0,0,980000.0,0.0,35000.0,0.0,Credit card,-1394,
100842,5002021,Closed,currency 1,-1836,0,-330.0,-330.0,,0,314000.0,0.0,113000.0,0.0,Consumer credit,-2161,
100844,5002022,Active,currency 1,-1387,0,354.0,,,0,733000.0,48000.0,135000.0,0.0,Microloan,-389,
100844,5002023,Closed,currency 1,-1710,0,-672.0,-672.0,6375.0,0,837000.0,0.0,43000.0,0.0,Consumer credit,-1298,41700.0
100845,5002024,Active,currency 1,-1597,0,181.0,,,0,1049000.0,276000.0,76000.0,0.0,Credit card,-2179,
100845,5002025,Closed,currency 1,-1991,0,110.0,110.0,,0,142000.0,0.0,36000.0,0.0,Microloan,-448,6100.0
100847,5002026,Closed,currency 1,-2565,0,-518.0,-518.0,,0,430000.0,0.0,120000.0,0.0,Credit card,-652,
100847,5002027,Closed,currency 1,-2357,0,-962.0,-962.0,,0,172000.0,0.0,46000.0,0.0,Consumer credit,-273,10100.0
100848,5002028,Active,currency 1,-1707,0,-775.0,,,0,752000.0,273000.0,275000.0,0.0,Consumer credit,-1774,
100848,5002029,Active,currency 1,-2024,0,-227.0,,,0,1388000.0,981000.0,160000.0,0.0,Credit card,-194,
100848,5002030,Active,currency 1,-655,0,285.0,,18852.0,0,237000.0,225000.0,85000.0,0.0,Consumer credit,-1724,
100848,5002031,Closed,currency 1,-16,44,1975.0,1975.0,,0,1095000.0,0.0,329000.0,54750.0,Consumer credit,-377,
100850,5002032,Closed,currency 1,-1836,0,-244.0,-244.0,,0,118000.0,0.0,9000.0,0.0,Consumer credit,-1764,
100850,5002033,Closed,currency 1,-2092,0,-1730.0,-1730.0,,0,220000.0,0.0,61000.0,0.0,Credit card,-1440,6900.0
100850,5002034,Closed,currency 1,-1908,0,-903.0,-903.0,,0,337000.0,0.0,73000.0,0.0,Car loan,-222,
100851,5002035,Closed,currency 1,-1471,0,-880.0,-880.0,,0,81000.0,0.0,22000.0,0.0,Consumer credit,-1338,
100851,5002036,Active,currency 1,-1562,0,-152.0,,2321.0,0,51000.0,48000.0,2000.0,0.0,Loan for business development,-306,
100851,5002037,Closed,currency 1,-2721,0,-613.0,-613.0,,0,144000.0,0.0,37000.0,0.0,Microloan,-1025,
100852,5002038,Active,currency 1,-444,0,172.0,,33311.0,0,287000.0,97000.0,39000.0,0.0,Consumer credit,-1926,
100852,5002039,Closed,currency 1,-2071,0,-1616.0,-1616.0,,0,117000.0,0.0,32000.0,0.0,Microloan,-1817,
100852,5002040,Active,currency 1,-2395,0,-486.0,,,0,160000.0,119000.0,63000.0,0.0,Credit card,-35,
100853,5002041,Closed,currency 1,-92,0,686.0,686.0,,0,162000.0,0.0,13000.0,0.0,Consumer credit,-925,
100853,5002042,Closed,currency 1,-758,0,518.0,518.0,,0,38000.0,0.0,14000.0,0.0,Mortgage,-2293,700.0
100853,5002043,Active,currency 1,-32,0,1162.0,,,0,41000.0,9000.0,1000.0,0.0,Mortgage,-707,1200.0
100854,5002044,Closed,currency 1,-1605,0,-88.0,-88.0,6479.0,0,89000.0,0.0,24000.0,0.0,Credit card,-1769,
100854,5002045,Closed,currency 1,-2444,0,-854.0,-854.0,,0,220000.0,0.0,15000.0,0.0,Loan for business development,-820,
100854,5002046,Closed,currency 1,-1924,0,-733.0,-733.0,,0,615000.0,0.0,31000.0,0.0,Credit card,-421,18100.0
100854,5002047,Closed,currency 1,-1333,0,-648.0,-648.0,43864.0,0,53000.0,0.0,21000.0,0.0,Consumer credit,-418,
100856,5002048,Active,currency 1,-2664,0,-1727.0,,200.0,0,31000.0,4000.0,1000.0,0.0,Consumer credit,-48,
100856,5002049,Closed,currency 1,-2428,0,-927.0,-927.0,4146.0,0,893000.0,0.0,0.0,0.0,Mortgage,-257,20000.0
100857,5002050,Closed,currency 1,-2308,0,-705.0,-705.0,635.0,0,692000.0,0.0,100000.0,0.0,Another type of loan,-315,
100857,5002051,Closed,currency 1,-2800,0,-1217.0,-1217.0,,0,142000.0,0.0,37000.0,0.0,Consumer credit,-506,
100858,5002052,Active,currency 1,-1254,0,-670.0,,,0,82000.0,29000.0,11000.0,0.0,Consumer credit,-1410,
100859,5002053,Closed,currency 1,-1591,16,280.0,280.0,,0,719000.0,0.0,127000.0,35950.0,Credit card,-177,
100859,5002054,Closed,currency 1,-2666,0,-1729.0,-1729.0,,0,1247000.0,0.0,498000.0,0.0,Credit card,-1327,
100860,5002055,Closed,currency 1,-2549,0,-2104.0,-2104.0,,0,103000.0,0.0,2000.0,0.0,Consumer credit,-2293,
100860,5002056,Active,currency 1,-2315,0,-152.0,,,0,119000.0,19000.0,46000.0,0.0,Consumer credit,-1747,
100860,5002057,Closed,currency 1,-608,0,-38.0,-38.0,2747.0,0,72000.0,0.0,8000.0,0.0,Consumer credit,-256,2000.0
100860,5002058,Active,currency 1,-88,0,1396.0,,,0,178000.0,15000.0,53000.0,0.0,Consumer credit,-1582,
100860,5002059,Active,currency 1,-1569,0,360.0,,,0,256000.0,108000.0,54000.0,0.0,Consumer credit,-1699,
100861,5002060,Closed,currency 1,-1063,0,-437.0,-437.0,,0,194000.0,0.0,42000.0,0.0,Consumer credit,-2258,
100862,5002061,Closed,currency 1,-289,0,1052.0,1052.0,,0,70000.0,0.0,5000.0,0.0,Credit card,-516,
100863,5002062,Closed,currency 1,-839,0,161.0,161.0,,0,445000.0,0.0,103000.0,0.0,Credit card,-2081,
100863,5002063,Active,currency 1,-762,0,-245.0,,,0,66000.0,30000.0,5000.0,0.0,Car loan,-2472,
100863,5002064,Closed,currency 1,-423,0,488.0,488.0,1416.0,0,237000.0,0.0,1000.0,0.0,Consumer credit,-2213,
100863,5002065,Closed,currency 1,-70,0,178.0,178.0,,0,23000.0,0.0,1000.0,0.0,Consumer credit,-841,
100863,5002066,Closed,currency 1,-489,0,81.0,81.0,21718.0,0,241000.0,0.0,47000.0,0.0,Credit card,-428,
100863,5002067,Closed,currency 1,-628,0,581.0,581.0,,0,102000.0,0.0,19000.0,0.0,Consumer credit,-2080,
100863,5002068,Active,currency 1,-202,0,433.0,,9316.0,0,1800000.0,641000.0,59000.0,0.0,Consumer credit,-1042,53300.0
100864,5002069,Closed,currency 1,-390,0,1382.0,1382.0,,0,101000.0,0.0,34000.0,0.0,Consumer credit,-1784,2000.0
100864,5002070,Closed,currency 1,-2790,120,-2114.0,-2114.0,,0,482000.0,0.0,75000.0,24100.0,Consumer credit,-1671,
100864,5002071,Active,currency 1,-446,0,748.0,,3785.0,0,72000.0,42000.0,1000.0,0.0,Consumer credit,-2446,5700.0
100864,5002072,Closed,currency 1,-1069,0,-549.0,-549.0,11769.0,0,609000.0,0.0,136000.0,0.0,Credit card,-572,
100865,5002073,Closed,currency 1,-518,0,1307.0,1307.0,9513.0,0,35000.0,0.0,3000.0,0.0,Consumer credit,-1236,
100866,5002074,Closed,currency 1,-274,0,224.0,224.0,,0,155000.0,0.0,18000.0,0.0,Consumer credit,-460,
100866,5002075,Closed,currency 1,-708,0,1419.0,1419.0,,0,32000.0,0.0,12000.0,0.0,Consumer credit,-176,900.0
100866,5002076,Active,currency 1,-2448,0,-494.0,,,0,119000.0,60000.0,18000.0,0.0,Microloan,-768,
100867,5002077,Closed,currency 1,-490,0,-162.0,-162.0,,0,10000.0,0.0,3000.0,0.0,Consumer credit,-1558,
100867,5002078,Closed,currency 1,-1024,0,653.0,653.0,,0,728000.0,0.0,197000.0,0.0,Consumer credit,-225,
100867,5002079,Closed,currency 1,-2012,0,-1501.0,-1501.0,,0,271000.0,0.0,38000.0,0.0,Consumer credit,-732,
100868,5002080,Closed,currency 1,-2057,0,-385.0,-385.0,,0,62000.0,0.0,23000.0,0.0,Consumer credit,-1925,
100868,5002081,Active,currency 1,-352,0,1457.0,,,0,117000.0,38000.0,38000.0,0.0,Credit card,-646,2000.0
100869,5002082,Closed,currency 1,-2609,0,-2394.0,-2394.0,,0,212000.0,0.0,41000.0,0.0,Car loan,-592,
100869,5002083,Active,currency 1,-870,0,-522.0,,562.0,0,153000.0,23000.0,28000.0,0.0,Credit card,-808,8800.0
100870,5002084,Closed,currency 1,-1129,0,-684.0,-684.0,13499.0,0,144000.0,0.0,51000.0,0.0,Consumer credit,-1531,
100870,5002085,Closed,currency 1,-1224,0,948.0,948.0,,0,1044000.0,0.0,315000.0,0.0,Loan for business development,-1742,38000.0
100870,5002086,Closed,currency 1,-2565,0,-929.0,-929.0,,0,1668000.0,0.0,262000.0,0.0,Car loan,-1632,56800.0
100870,5002087,Closed,currency 1,-202,0,804.0,804.0,,0,184000.0,0.0,41000.0,0.0,Credit card,-1328,
100870,5002088,Closed,currency 1,-2880,0,-2569.0,-2569.0,229.0,0,109000.0,0.0,37000.0,0.0,Consumer credit,-1850,5500.0
100870,5002089,Closed,currency 1,-2131,0,-22.0,-22.0,,0,405000.0,0.0,2000.0,0.0,Consumer credit,-238,
100871,5002090,Active,currency 1,-186,0,269.0,,,0,1192000.0,1009000.0,357000.0,0.0,Consumer credit,-437,
100871,5002091,Closed,currency 1,-1001,0,-187.0,-187.0,6250.0,0,461000.0,0.0,47000.0,0.0,Credit card,-1641,31300.0
100871,5002092,Closed,currency 1,-2614,0,-875.0,-875.0,430.0,0,1069000.0,0.0,27000.0,0.0,Consumer credit,-1486,
100872,5002093,Active,currency 1,-2522,0,-2141.0,,,0,19000.0,6000.0,3000.0,0.0,Car loan,-2099,
100872,5002094,Active,currency 1,-1823,0,-878.0,,,0,306000.0,221000.0,54000.0,0.0,Consumer credit,-1379,
100872,5002095,Active,currency 1,-1113,0,-841.0,,,0,121000.0,28000.0,29000.0,0.0,Credit card,-1583,
100873,5002096,Closed,currency 1,-1795,0,-612.0,-612.0,,0,66000.0,0.0,2000.0,0.0,Consumer credit,-1275,
100873,5002097,Active,currency 1,-754,0,-254.0,,,0,8000.0,0.0,2000.0,0.0,Consumer credit,-2266,
100873,5002098,Active,currency 1,-1935,0,-1363.0,,3469.0,0,929000.0,383000.0,37000.0,0.0,Consumer credit,-1200,
100873,5002099,Closed,currency 1,-726,0,-185.0,-185.0,,0,566000.0,0.0,204000.0,0.0,Consumer credit,-2431,
100873,5002100,Closed,currency 1,-1481,0,418.0,418.0,,0,877000.0,0.0,256000.0,0.0,Consumer credit,-1617,
100875,5002101,Active,currency 1,-817,0,-632.0,,,0,34000.0,32000.0,10000.0,0.0,Consumer credit,-769,600.0
100875,5002102,Active,currency 1,-2703,0,-2015.0,,,0,382000.0,73000.0,113000.0,0.0,Consumer credit,-50,
100875,5002103,Active,currency 1,-2203,0,-1977.0,,,0,376000.0,275000.0,52000.0,0.0,Credit card,-459,
100877,5002104,Closed,currency 1,-1232,0,-835.0,-835.0,,0,160000.0,0.0,51000.0,0.0,Credit card,-490,4500.0
100877,5002105,Closed,currency 1,-1430,0,-525.0,-525.0,10505.0,0,21000.0,0.0,1000.0,0.0,Consumer credit,-1430,
100877,5002106,Closed,currency 1,-1917,0,216.0,216.0,,0,74000.0,0.0,25000.0,0.0,Consumer credit,-1529,2600.0
100877,5002107,Active,currency 1,-2877,0,-1745.0,,788.0,0,375000.0,119000.0,44000.0,0.0,Consumer credit,-1892,
100877,5002108,Active,currency 1,-363,0,778.0,,1724.0,0,261000.0,111000.0,8000.0,0.0,Credit card,-902,
100879,5002109,Closed,currency 1,-1713,0,-147.0,-147.0,,0,278000.0,0.0,96000.0,0.0,Credit card,-2013,
100880,5002110,Closed,currency 1,-149,0,98.0,98.0,,0,7000.0,0.0,2000.0,0.0,Consumer credit,-2496,
100881,5002111,Closed,currency 1,-268,0,1190.0,1190.0,,0,242000.0,0.0,64000.0,0.0,Consumer credit,-1054,
100881,5002112,Active,currency 1,-2260,0,-619.0,,,0,113000.0,8000.0,2000.0,0.0,Consumer credit,-76,
100882,5002113,Closed,currency 1,-1596,30,-1244.0,-1244.0,,0,116000.0,0.0,11000.0,5800.0,Consumer credit,-1746,
100882,5002114,Closed,currency 1,-1880,0,-814.0,-814.0,,0,60000.0,0.0,23000.0,0.0,Consumer credit,-1288,
100882,5002115,Closed,currency 1,-2588,0,-2298.0,-2298.0,,0,38000.0,0.0,1000.0,0.0,Consumer credit,-1949,
100882,5002116,Closed,currency 1,-1709,0,-109.0,-109.0,,0,112000.0,0.0,14000.0,0.0,Credit card,-889,
100882,5002117,Active,currency 1,-2024,0,-1499.0,,1925.0,0,732000.0,642000.0,230000.0,0.0,Consumer credit,-1943,
100882,5002118,Closed,currency 1,-2539,0,-381.0,-381.0,,0,239000.0,0.0,83000.0,0.0,Consumer credit,-17,18200.0
100883,5002119,Active,currency 1,-1739,0,436.0,,1200.0,0,87000.0,59000.0,4000.0,0.0,Consumer credit,-1209,
100883,5002120,Closed,currency 1,-2629,0,-937.0,-937.0,,0,488000.0,0.0,152000.0,0.0,Credit card,-1754,
100883,5002121,Active,currency 1,-1169,48,-516.0,,,0,563000.0,362000.0,103000.0,28150.0,Consumer credit,-1951,
100884,5002122,Active,currency 1,-1585,0,522.0,,,0,205000.0,130000.0,40000.0,0.0,Consumer credit,-2011,5800.0
100885,5002123,Closed,currency 1,-2872,0,-2204.0,-2204.0,,0,140000.0,0.0,32000.0,0.0,Credit card,-733,
100885,5002124,Active,currency 1,-950,0,521.0,,,0,135000.0,84000.0,1000.0,0.0,Car loan,-1419,3300.0
100885,5002125,Active,currency 1,-1766,0,-492.0,,2418.0,0,16000.0,6000.0,0.0,0.0,Mortgage,-1022,400.0
100885,5002126,Closed,currency 1,-2006,0,-1583.0,-1583.0,,0,634000.0,0.0,88000.0,0.0,Consumer credit,-1287,
100887,5002127,Closed,currency 1,-844,0,816.0,816.0,,0,1411000.0,0.0,55000.0,0.0,Microloan,-1812,
100887,5002128,Closed,currency 1,-1149,0,649.0,649.0,,0,59000.0,0.0,23000.0,0.0,Credit card,-689,
100888,5002129,Closed,currency 1,-2017,0,-92.0,-92.0,,0,157000.0,0.0,1000.0,0.0,Car loan,-2431,
100888,5002130,Closed,currency 1,-1498,0,-433.0,-433.0,2852.0,0,228000.0,0.0,75000.0,0.0,Consumer credit,-1383,
100889,5002131,Closed,currency 1,-2133,0,-1472.0,-1472.0,,0,38000.0,0.0,1000.0,0.0,Credit card,-217,
100889,5002132,Closed,currency 1,-1441,0,-734.0,-734.0,,0,23000.0,0.0,1000.0,0.0,Consumer credit,-1436,
100889,5002133,Active,currency 1,-851,0,686.0,,2244.0,0,253000.0,138000.0,80000.0,0.0,Consumer credit,-558,
100889,5002134,Closed,currency 1,-1256,0,536.0,536.0,,0,1000000.0,0.0,351000.0,0.0,Consumer credit,-1903,
100890,5002135,Closed,currency 1,-1542,0,-249.0,-249.0,546.0,0,136000.0,0.0,39000.0,0.0,Consumer credit,-315,
100890,5002136,Active,currency 1,-1637,0,-672.0,,,0,34000.0,23000.0,2000.0,0.0,Consumer credit,-1218,
100890,5002137,Closed,currency 1,-2802,0,-1597.0,-1597.0,,0,56000.0,0.0,6000.0,0.0,Consumer credit,-871,1000.0
100891,5002138,Active,currency 1,-1176,0,997.0,,9425.0,0,308000.0,168000.0,94000.0,0.0,Consumer credit,-192,
100891,5002139,Closed,currency 1,-1696,0,250.0,250.0,,0,179000.0,0.0,28000.0,0.0,Car loan,-566,
100891,5002140,Closed,currency 1,-2410,0,-588.0,-588.0,,0,58000.0,0.0,19000.0,0.0,Credit card,-509,4000.0
100892,5002141,Active,currency 1,-903,0,458.0,,,0,33000.0,18000.0,7000.0,0.0,Car loan,-2472,
100892,5002142,Active,currency 1,-254,0,1003.0,,,0,2172000.0,655000.0,447000.0,0.0,Credit card,-2061,
100894,5002143,Active,currency 1,-1371,0,411.0,,,0,178000.0,47000.0,70000.0,0.0,Mortgage,-2109,
100894,5002144,Closed,currency 1,-1274,0,514.0,514.0,,0,62000.0,0.0,24000.0,0.0,Credit card,-1511,3200.0
100894,5002145,Closed,currency 1,-1820,0,296.0,296.0,,0,255000.0,0.0,90000.0,0.0,Credit card,-2495,
100896,5002146,Closed,currency 1,-1063,0,835.0,835.0,3117.0,0,119000.0,0.0,12000.0,0.0,Consumer credit,-954,
100896,5002147,Closed,currency 1,-2767,0,-1173.0,-1173.0,,0,45000.0,0.0,9000.0,0.0,Credit card,-2048,2600.0
100896,5002148,Active,currency 1,-2757,0,-954.0,,,0,309000.0,177000.0,31000.0,0.0,Car loan,-1148,7600.0
100897,5002149,Closed,currency 1,-2753,0,-1912.0,-1912.0,581.0,0,735000.0,0.0,186000.0,0.0,Another type of loan,-1759,
100897,5002150,Closed,currency 1,-1819,0,113.0,113.0,,0,167000.0,0.0,7000.0,0.0,Credit card,-631,5400.0
100897,5002151,Active,currency 1,-161,106,103.0,,8521.0,0,101000.0,14000.0,23000.0,5050.0,Consumer credit,-1047,
100897,5002152,Closed,currency 1,-2855,0,-1196.0,-1196.0,,0,52000.0,0.0,3000.0,0.0,Consumer credit,-1392,
100898,5002153,Closed,currency 1,-1814,0,-676.0,-676.0,,0,173000.0,0.0,56000.0,0.0,Consumer credit,-1516,
100899,5002154,Closed,currency 1,-414,0,636.0,636.0,,0,140000.0,0.0,28000.0,0.0,Consumer credit,-2333,
100899,5002155,Closed,currency 1,-1385,0,153.0,153.0,830.0,0,96000.0,0.0,34000.0,0.0,Consumer credit,-1709,
100899,5002156,Closed,currency 1,-606,0,1081.0,1081.0,754.0,0,67000.0,0.0,24000.0,0.0,Microloan,-630,
100899,5002157,Closed,currency 1,-2638,0,-2147.0,-2147.0,,0,23000.0,0.0,1000.0,0.0,Mortgage,-1610,
100900,5002158,Active,currency 1,-2309,0,-754.0,,,0,53000.0,28000.0,1000.0,0.0,Consumer credit,-2325,
100900,5002159,Active,currency 1,-239,0,489.0,,,0,391000.0,251000.0,108000.0,0.0,Credit card,-1395,
100900,5002160,Closed,currency 1,-939,0,1003.0,1003.0,,0,175000.0,0.0,17000.0,0.0,Consumer credit,-1111,6000.0
100900,5002161,Closed,currency 1,-911,0,203.0,203.0,,0,110000.0,0.0,8000.0,0.0,Consumer credit,-1914,
100901,5002162,Closed,currency 1,-372,0,1792.0,1792.0,,0,54000.0,0.0,16000.0,0.0,Consumer credit,-539,
100902,5002163,Closed,currency 1,-1339,0,-560.0,-560.0,,0,175000.0,0.0,29000.0,0.0,Car loan,-768,
100903,5002164,Closed,currency 1,-2275,0,-1401.0,-1401.0,,0,324000.0,0.0,108000.0,0.0,Consumer credit,-1673,6500.0
100905,5002165,Closed,currency 1,-1811,0,283.0,283.0,,0,1292000.0,0.0,32000.0,0.0,Consumer credit,-290,
100905,5002166,Closed,currency 1,-341,0,1485.0,1485.0,702.0,0,38000.0,0.0,5000.0,0.0,Consumer credit,-2031,700.0
100907,5002167,Closed,currency 1,-2386,0,-526.0,-526.0,,0,86000.0,0.0,30000.0,0.0,Consumer credit,-834,
100907,5002168,Closed,currency 1,-1302,0,-909.0,-909.0,,1,532000.0,0.0,159000.0,0.0,Credit card,-1934,
100908,5002169,Closed,currency 1,-1605,0,103.0,103.0,10837.0,0,427000.0,0.0,48000.0,0.0,Microloan,-2480,23400.0
100908,5002170,Closed,currency 1,-1226,0,195.0,195.0,,0,632000.0,0.0,9000.0,0.0,Credit card,-1106,43300.0
100908,5002171,Closed,currency 1,-1306,0,-391.0,-391.0,,0,315000.0,0.0,121000.0,0.0,Consumer credit,-1298,
100909,5002172,Closed,currency 1,-1005,0,654.0,654.0,,0,167000.0,0.0,60000.0,0.0,Consumer credit,-463,2800.0
100909,5002173,Active,currency 1,-1529,0,608.0,,,0,199000.0,149000.0,32000.0,0.0,Consumer credit,-116,
100909,5002174,Active,currency 1,-509,0,-18.0,,14024.0,0,608000.0,396000.0,97000.0,0.0,Mortgage,-2062,
100909,5002175,Closed,currency 1,-1496,0,10.0,10.0,,0,216000.0,0.0,69000.0,0.0,Consumer credit,-284,5800.0
100910,5002176,Active,currency 1,-1613,0,-1389.0,,,0,234000.0,192000.0,42000.0,0.0,Consumer credit,-703,
100910,5002177,Active,currency 1,-960,0,-562.0,,32645.0,0,502000.0,440000.0,186000.0,0.0,Consumer credit,-610,
100911,5002178,Closed,currency 1,-1717,0,-210.0,-210.0,,0,261000.0,0.0,59000.0,0.0,Consumer credit,-1028,
100911,5002179,Closed,currency 1,-1508,0,-1194.0,-1194.0,,0,22000.0,0.0,1000.0,0.0,Credit card,-1005,
100912,5002180,Closed,currency 1,-580,0,1447.0,1447.0,,0,87000.0,0.0,9000.0,0.0,Credit card,-994,1600.0
100912,5002181,Closed,currency 1,-752,0,53.0,53.0,,0,119000.0,0.0,24000.0,0.0,Consumer credit,-1162,3400.0
100912,5002182,Active,currency 1,-962,0,-340.0,,,0,2295000.0,364000.0,511000.0,0.0,Consumer credit,-2438,64900.0
100912,5002183,Active,currency 1,-197,0,1972.0,,,0,486000.0,438000.0,22000.0,0.0,Consumer credit,-1732,
100912,5002184,Active,currency 1,-990,0,167.0,,,0,161000.0,152000.0,2000.0,0.0,Consumer credit,-1152,5400.0
100913,5002185,Closed,currency 1,-2440,0,-634.0,-634.0,,0,1186000.0,0.0,90000.0,0.0,Consumer credit,-1306,
100913,5002186,Closed,currency 1,-1195,0,-38.0,-38.0,,0,87000.0,0.0,19000.0,0.0,Consumer credit,-114,
100913,5002187,Closed,currency 1,-2699,0,-1908.0,-1908.0,1012.0,0,77000.0,0.0,1000.0,0.0,Consumer credit,-307,
100914,5002188,Closed,currency 1,-1989,0,-572.0,-572.0,,0,805000.0,0.0,180000.0,0.0,Credit card,-1108,
100914,5002189,Active,currency 1,-2128,0,-899.0,,,0,366000.0,271000.0,84000.0,0.0,Consumer credit,-2292,
100914,5002190,Active,currency 1,-1691,0,-1480.0,,,0,814000.0,751000.0,157000.0,0.0,Mortgage,-1817,
100914,5002191,Closed,currency 1,-207,0,1742.0,1742.0,425.0,0,478000.0,0.0,190000.0,0.0,Consumer credit,-2462,
100915,5002192,Closed,currency 1,-2341,0,-1646.0,-1646.0,,0,233000.0,0.0,82000.0,0.0,Consumer credit,-434,
100916,5002193,Closed,currency 1,-95,0,538.0,538.0,,0,193000.0,0.0,42000.0,0.0,Mortgage,-1718,7700.0
100916,5002194,Closed,currency 1,-650,0,1503.0,1503.0,,0,101000.0,0.0,0.0,0.0,Consumer credit,-2182,6800.0
100916,5002195,Active,currency 1,-798,0,-236.0,,,0,103000.0,54000.0,12000.0,0.0,Car loan,-980,
100916,5002196,Closed,currency 1,-353,0,1300.0,1300.0,,0,124000.0,0.0,48000.0,0.0,Consumer credit,-431,3400.0
100917,5002197,Closed,currency 1,-295,0,1655.0,1655.0,36643.0,0,410000.0,0.0,141000.0,0.0,Consumer credit,-988,
100918,5002198,Closed,currency 1,-1641,0,-189.0,-189.0,37349.0,0,368000.0,0.0,33000.0,0.0,Consumer credit,-370,
100918,5002199,Active,currency 1,-1109,0,-904.0,,,0,302000.0,89000.0,37000.0,0.0,Consumer credit,-76,
100918,5002200,Active,currency 1,-2732,0,-718.0,,,0,21000.0,15000.0,2000.0,0.0,Consumer credit,-821,400.0
100919,5002201,Closed,currency 1,-752,0,1166.0,1166.0,348.0,0,362000.0,0.0,116000.0,0.0,Credit card,-1503,
100920,5002202,Closed,currency 1,-1515,0,-377.0,-377.0,1238.0,0,61000.0,0.0,5000.0,0.0,Credit card,-2078,
100920,5002203,Active,currency 1,-2899,0,-924.0,,,0,99000.0,44000.0,7000.0,0.0,Consumer credit,-1315,1700.0
100922,5002204,Closed,currency 1,-1073,0,1092.0,1092.0,,0,125000.0,0.0,47000.0,0.0,Consumer credit,-1012,
100922,5002205,Active,currency 1,-1157,0,702.0,,,0,383000.0,132000.0,19000.0,0.0,Car loan,-355,
100923,5002206,Closed,currency 1,-1184,0,-136.0,-136.0,20678.0,0,165000.0,0.0,64000.0,0.0,Car loan,-690,
100923,5002207,Active,currency 1,-1129,0,-409.0,,,0,155000.0,132000.0,36000.0,0.0,Credit card,-1376,
100923,5002208,Active,currency 1,-1687,0,-515.0,,,0,613000.0,556000.0,25000.0,0.0,Credit card,-629,42400.0
100923,5002209,Closed,currency 1,-1470,0,-674.0,-674.0,7698.0,0,270000.0,0.0,99000.0,0.0,Consumer credit,-1012,5100.0
100924,5002210,Closed,currency 1,-2278,0,-1372.0,-1372.0,12286.0,0,534000.0,0.0,206000.0,0.0,Consumer credit,-1631,
100924,5002211,Closed,currency 1,-1627,0,-492.0,-492.0,,0,205000.0,0.0,37000.0,0.0,Consumer credit,-2064,
100924,5002212,Closed,currency 1,-761,0,1062.0,1062.0,1922.0,0,891000.0,0.0,348000.0,0.0,Mortgage,-2085,
100925,5002213,Active,currency 1,-2734,0,-1788.0,,,0,151000.0,65000.0,7000.0,0.0,Consumer credit,-2007,
100925,5002214,Active,currency 1,-485,0,600.0,,,0,446000.0,88000.0,24000.0,0.0,Consumer credit,-2176,23300.0
100925,5002215,Active,currency 1,-2245,0,-138.0,,,0,170000.0,66000.0,46000.0,0.0,Consumer credit,-649,
100926,5002216,Closed,currency 1,-683,0,1106.0,1106.0,,0,265000.0,0.0,44000.0,0.0,Consumer credit,-2495,
100926,5002217,Closed,currency 1,-1023,0,-154.0,-154.0,,0,75000.0,0.0,5000.0,0.0,Consumer credit,-2042,
100927,5002218,Active,currency 1,-773,0,-185.0,,,0,215000.0,182000.0,39000.0,0.0,Consumer credit,-1870,
100927,5002219,Active,currency 1,-2400,0,-2117.0,,2170.0,0,372000.0,122000.0,74000.0,0.0,Consumer credit,-1159,20900.0
100927,5002220,Active,currency 1,-1852,0,-903.0,,,0,373000.0,352000.0,81000.0,0.0,Credit card,-85,9700.0
100927,5002221,Closed,currency 1,-953,0,-515.0,-515.0,1172.0,0,474000.0,0.0,77000.0,0.0,Consumer credit,-1804,
100927,5002222,Active,currency 1,-1939,0,-721.0,,,0,292000.0,124000.0,22000.0,0.0,Consumer credit,-2377,13400.0
100927,5002223,Closed,currency 1,-2483,0,-332.0,-332.0,,0,24000.0,0.0,7000.0,0.0,Consumer credit,-1240,
100929,5002224,Closed,currency 1,-1293,0,747.0,747.0,,0,500000.0,0.0,29000.0,0.0,Credit card,-679,11400.0
100929,5002225,Closed,currency 1,-2349,0,-774.0,-774.0,7175.0,0,167000.0,0.0,58000.0,0.0,Consumer credit,-2157,
100929,5002226,Closed,currency 1,-696,0,335.0,335.0,,0,633000.0,0.0,232000.0,0.0,Consumer credit,-1922,20400.0
100930,5002227,Active,currency 1,-905,0,519.0,,,0,291000.0,115000.0,23000.0,0.0,Credit card,-529,
100930,5002228,Closed,currency 1,-1428,0,-417.0,-417.0,,0,370000.0,0.0,105000.0,0.0,Consumer credit,-234,9900.0
100931,5002229,Active,currency 1,-140,0,143.0,,2340.0,0,204000.0,184000.0,59000.0,0.0,Credit card,-2297,
100931,5002230,Closed,currency 1,-330,0,1218.0,1218.0,,0,114000.0,0.0,40000.0,0.0,Consumer credit,-2332,3300.0
100931,5002231,Active,currency 1,-2855,0,-985.0,,,0,193000.0,87000.0,39000.0,0.0,Credit card,-1591,
100931,5002232,Closed,currency 1,-932,0,906.0,906.0,,0,473000.0,0.0,135000.0,0.0,Consumer credit,-59,23700.0
100932,5002233,Closed,currency 1,-1539,0,-116.0,-116.0,1165.0,0,661000.0,0.0,31000.0,0.0,Credit card,-1646,
100932,5002234,Closed,currency 1,-2029,0,23.0,23.0,,0,22000.0,0.0,4000.0,0.0,Credit card,-2280,
100933,5002235,Closed,currency 1,-306,0,1557.0,1557.0,1099.0,0,1295000.0,0.0,516000.0,0.0,Consumer credit,-451,
100933,5002236,Closed,currency 1,-178,0,158.0,158.0,,0,372000.0,0.0,3000.0,0.0,Credit card,-1843,9400.0
100933,5002237,Active,currency 1,-1516,0,-1037.0,,3968.0,0,322000.0,152000.0,51000.0,0.0,Consumer credit,-625,
100934,5002238,Active,currency 1,-849,0,-567.0,,,0,84000.0,31000.0,11000.0,0.0,Consumer credit,-1684,1500.0
100935,5002239,Active,currency 1,-2882,0,-2348.0,,17408.0,0,605000.0,536000.0,124000.0,0.0,Consumer credit,-1554,
100935,5002240,Closed,currency 1,-202,0,409.0,409.0,,0,95000.0,0.0,24000.0,0.0,Car loan,-82,1700.0
100937,5002241,Closed,currency 1,-1976,0,-1047.0,-1047.0,,0,35000.0,0.0,6000.0,0.0,Car loan,-881,
100937,5002242,Active,currency 1,-2775,0,-2534.0,,17130.0,0,377000.0,96000.0,93000.0,0.0,Consumer credit,-2074,
100937,5002243,Closed,currency 1,-1720,0,-1434.0,-1434.0,1329.0,0,43000.0,0.0,0.0,0.0,Credit card,-1387,700.0
100937,5002244,Closed,currency 1,-1495,0,-1222.0,-1222.0,,0,32000.0,0.0,9000.0,0.0,Credit card,-2471,
100939,5002245,Active,currency 1,-2858,0,-1297.0,,298.0,0,34000.0,6000.0,0.0,0.0,Mortgage,-1870,600.0
100940,5002246,Active,currency 1,-1906,0,-1154.0,,,0,110000.0,38000.0,23000.0,0.0,Microloan,-1357,
100940,5002247,Active,currency 1,-2451,0,-1769.0,,,0,84000.0,57000.0,23000.0,0.0,Consumer credit,-1577,6500.0
100940,5002248,Closed,currency 1,-2369,0,-229.0,-229.0,9287.0,0,12000.0,0.0,2000.0,0.0,Consumer credit,-83,
100940,5002249,Closed,currency 1,-2804,0,-921.0,-921.0,4329.0,0,47000.0,0.0,1000.0,0.0,Consumer credit,-1590,
100941,5002250,Closed,currency 1,-1833,0,-1563.0,-1563.0,6133.0,0,216000.0,0.0,2000.0,0.0,Consumer credit,-279,
100941,5002251,Active,currency 1,-2279,0,-953.0,,8248.0,0,5649000.0,1365000.0,1539000.0,0.0,Credit card,-2338,
100941,5002252,Closed,currency 1,-2549,0,-1605.0,-1605.0,,0,293000.0,0.0,7000.0,0.0,Credit card,-2047,7300.0
100941,5002253,Closed,currency 1,-332,0,-23.0,-23.0,,0,260000.0,0.0,19000.0,0.0,Consumer credit,-950,
100942,5002254,Closed,currency 1,-613,0,212.0,212.0,,0,148000.0,0.0,38000.0,0.0,Consumer credit,-2470,
100942,5002255,Closed,currency 1,-2315,0,-1571.0,-1571.0,,0,505000.0,0.0,55000.0,0.0,Consumer credit,-559,
100942,5002256,Closed,currency 1,-229,0,1944.0,1944.0,15036.0,0,86000.0,0.0,32000.0,0.0,Credit card,-2234,
100943,5002257,Closed,currency 1,-2254,16,-971.0,-971.0,,0,642000.0,0.0,254000.0,32100.0,Consumer credit,-107,34400.0
100944,5002258,Active,currency 1,-2251,0,-1802.0,,,0,143000.0,26000.0,16000.0,0.0,Consumer credit,-2357,4500.0
100944,5002259,Active,currency 1,-2733,0,-2458.0,,,0,963000.0,526000.0,94000.0,0.0,Consumer credit,-1609,44900.0
100945,5002260,Active,currency 1,-1643,0,532.0,,,0,282000.0,143000.0,105000.0,0.0,Consumer credit,-1726,
100945,5002261,Active,currency 1,-2641,0,-1985.0,,,0,267000.0,168000.0,62000.0,0.0,Credit card,-663,
100945,5002262,Active,currency 1,-2883,0,-1040.0,,,0,255000.0,42000.0,86000.0,0.0,Consumer credit,-2487,
100945,5002263,Active,currency 1,-2764,2,-969.0,,30669.0,0,73000.0,69000.0,0.0,3650.0,Credit card,-2395,
100945,5002264,Active,currency 1,-717,0,-179.0,,,0,196000.0,126000.0,27000.0,0.0,Credit card,-1383,
100946,5002265,Active,currency 1,-2853,0,-2413.0,,,0,288000.0,123000.0,86000.0,0.0,Credit card,-342,
100946,5002266,Active,currency 1,-27,0,1608.0,,,0,17000.0,13000.0,1000.0,0.0,Consumer credit,-817,
100946,5002267,Closed,currency 1,-1097,0,-526.0,-526.0,1547.0,0,17000.0,0.0,6000.0,0.0,Credit card,-1696,
100947,5002268,Closed,currency 1,-382,0,1276.0,1276.0,,0,478000.0,0.0,32000.0,0.0,Credit card,-1042,12500.0
100947,5002269,Active,currency 1,-2332,0,-820.0,,,0,348000.0,296000.0,132000.0,0.0,Car loan,-1514,
100947,5002270,Active,currency 1,-1278,0,-313.0,,,0,83000.0,48000.0,22000.0,0.0,Consumer credit,-567,
100948,5002271,Closed,currency 1,-1334,0,-580.0,-580.0,,0,428000.0,0.0,66000.0,0.0,Consumer credit,-1446,34300.0
100949,5002272,Active,currency 1,-186,0,700.0,,,0,62000.0,58000.0,23000.0,0.0,Consumer credit,-1285,
100949,5002273,Active,currency 1,-1874,0,-195.0,,,0,140000.0,104000.0,37000.0,0.0,Consumer credit,-1157,5100.0
100949,5002274,Active,currency 1,-60,0,1483.0,,,0,46000.0,41000.0,8000.0,0.0,Consumer credit,-2291,
100950,5002275,Closed,currency 1,-1502,0,-371.0,-371.0,,0,46000.0,0.0,7000.0,0.0,Microloan,-197,1200.0
100950,5002276,Closed,currency 1,-2738,0,-2390.0,-2390.0,2634.0,0,90000.0,0.0,16000.0,0.0,Consumer credit,-2209,
100950,5002277,Closed,currency 1,-2672,0,-2134.0,-2134.0,,0,271000.0,0.0,21000.0,0.0,Consumer credit,-2270,5000.0
100950,5002278,Closed,currency 1,-2248,0,-905.0,-905.0,,0,308000.0,0.0,14000.0,0.0,Credit card,-1692,
100950,5002279,Closed,currency 1,-1628,0,-694.0,-694.0,,0,303000.0,0.0,55000.0,0.0,Credit card,-134,10200.0
100950,5002280,Closed,currency 1,-235,0,942.0,942.0,,0,297000.0,0.0,96000.0,0.0,Credit card,-499,
100952,5002281,Active,currency 1,-1075,0,790.0,,,0,69000.0,12000.0,21000.0,0.0,Credit card,-2118,
100952,5002282,Closed,currency 1,-313,0,1573.0,1573.0,,0,258000.0,0.0,74000.0,0.0,Consumer credit,-2176,
100952,5002283,Closed,currency 1,-173,0,1868.0,1868.0,32276.0,0,698000.0,0.0,151000.0,0.0,Credit card,-954,
100953,5002284,Closed,currency 1,-41,0,1870.0,1870.0,,0,134000.0,0.0,17000.0,0.0,Credit card,-2369,
100953,5002285,Closed,currency 1,-1594,0,-1022.0,-1022.0,1380.0,0,82000.0,0.0,0.0,0.0,Consumer credit,-22,
100953,5002286,Active,currency 1,-735,0,1150.0,,1450.0,0,2704000.0,272000.0,615000.0,0.0,Consumer credit,-1832,67000.0
100953,5002287,Closed,currency 1,-2246,0,-182.0,-182.0,1081.0,1,86000.0,0.0,29000.0,0.0,Consumer credit,-297,
100954,5002288,Closed,currency 1,-2617,0,-1211.0,-1211.0,,0,111000.0,0.0,3000.0,0.0,Consumer credit,-1755,2300.0
100954,5002289,Active,currency 1,-1831,0,-21.0,,5233.0,0,57000.0,9000.0,10000.0,0.0,Consumer credit,-1165,
100954,5002290,Closed,currency 1,-2421,0,-1999.0,-1999.0,,0,364000.0,0.0,43000.0,0.0,Consumer credit,-2402,
100954,5002291,Active,currency 1,-1632,0,-42.0,,,0,73000.0,9000.0,3000.0,0.0,Consumer credit,-1031,
100954,5002292,Closed,currency 1,-2341,0,-1610.0,-1610.0,,0,643000.0,0.0,150000.0,0.0,Car loan,-2209,
100954,5002293,Active,currency 1,-98,0,1613.0,,,0,24000.0,22000.0,9000.0,0.0,Credit card,-2034,
100955,5002294,Closed,currency 1,-1877,0,-776.0,-776.0,7301.0,0,533000.0,0.0,192000.0,0.0,Credit card,-1174,
100955,5002295,Active,currency 1,-2316,0,-1977.0,,,0,669000.0,349000.0,266000.0,0.0,Credit card,-1673,
100955,5002296,Closed,currency 1,-2765,0,-659.0,-659.0,615.0,1,43000.0,0.0,7000.0,0.0,Consumer credit,-1719,
100955,5002297,Closed,currency 1,-1084,0,-368.0,-368.0,,0,41000.0,0.0,1000.0,0.0,Consumer credit,-326,
100955,5002298,Active,currency 1,-61,0,512.0,,,0,491000.0,248000.0,160000.0,0.0,Mortgage,-1124,
100956,5002299,Closed,currency 1,-1493,0,-783.0,-783.0,,0,90000.0,0.0,20000.0,0.0,Credit card,-200,6300.0
100956,5002300,Closed,currency 1,-1644,0,-236.0,-236.0,,0,40000.0,0.0,9000.0,0.0,Consumer credit,-502,
100957,5002301,Active,currency 1,-2214,0,-909.0,,14866.0,0,200000.0,86000.0,15000.0,0.0,Consumer credit,-206,
100957,5002302,Closed,currency 1,-1510,79,573.0,573.0,,0,156000.0,0.0,7000.0,7800.0,Consumer credit,-1167,
100957,5002303,Closed,currency 1,-2609,0,-2048.0,-2048.0,,0,78000.0,0.0,27000.0,0.0,Credit card,-940,
100958,5002304,Closed,currency 1,-1295,0,-242.0,-242.0,,0,338000.0,0.0,48000.0,0.0,Car loan,-1156,
100958,5002305,Active,currency 1,-2290,0,-1656.0,,,0,2599000.0,2163000.0,564000.0,0.0,Consumer credit,-2221,
100959,5002306,Closed,currency 1,-2318,0,-1371.0,-1371.0,,0,1243000.0,0.0,219000.0,0.0,Credit card,-1441,
100959,5002307,Closed,currency 1,-2015,0,147.0,147.0,1005.0,0,266000.0,0.0,4000.0,0.0,Credit card,-2084,
100959,5002308,Closed,currency 1,-1714,0,171.0,171.0,,0,27000.0,0.0,5000.0,0.0,Consumer credit,-1483,
100959,5002309,Closed,currency 1,-373,0,1122.0,1122.0,7409.0,0,338000.0,0.0,8000.0,0.0,Consumer credit,-1361,
100960,5002310,Active,currency 1,-2278,0,-272.0,,,0,140000.0,65000.0,45000.0,0.0,Consumer credit,-1634,
100960,5002311,Closed,currency 1,-2172,0,-200.0,-200.0,3910.0,0,82000.0,0.0,5000.0,0.0,Consumer credit,-2448,
100961,5002312,Closed,currency 1,-2183,0,-667.0,-667.0,,0,318000.0,0.0,96000.0,0.0,Consumer credit,-1375,
100961,5002313,Active,currency 1,-1418,0,310.0,,,0,142000.0,122000.0,50000.0,0.0,Consumer credit,-118,
100961,5002314,Closed,currency 1,-1468,0,629.0,629.0,5884.0,0,50000.0,0.0,14000.0,0.0,Consumer credit,-2437,
100961,5002315,Closed,currency 1,-291,0,1545.0,1545.0,,1,305000.0,0.0,8000.0,0.0,Consumer credit,-1230,
100962,5002316,Closed,currency 1,-1884,0,-440.0,-440.0,,0,22000.0,0.0,6000.0,0.0,Consumer credit,-28,
100962,5002317,Active,currency 1,-2646,0,-2343.0,,,0,107000.0,91000.0,12000.0,0.0,Credit card,-1528,
100962,5002318,Active,currency 1,-2159,0,-1590.0,,2495.0,0,195000.0,44000.0,35000.0,0.0,Consumer credit,-2167,
100962,5002319,Active,currency 1,-238,0,612.0,,,0,216000.0,171000.0,36000.0,0.0,Consumer credit,-1363,
100962,5002320,Closed,currency 1,-110,0,1321.0,1321.0,,0,25000.0,0.0,2000.0,0.0,Consumer credit,-1637,
100962,5002321,Closed,currency 1,-2165,0,-1078.0,-1078.0,3614.0,0,228000.0,0.0,25000.0,0.0,Mortgage,-1886,6000.0
100964,5002322,Closed,currency 1,-1581,0,-1182.0,-1182.0,1143.0,0,222000.0,0.0,33000.0,0.0,Credit card,-1504,
100964,5002323,Closed,currency 1,-2309,0,-2015.0,-2015.0,,0,121000.0,0.0,11000.0,0.0,Consumer credit,-1124,
100964,5002324,Active,currency 1,-2229,0,-985.0,,2978.0,0,194000.0,172000.0,6000.0,0.0,Consumer credit,-2472,9400.0
100964,5002325,Closed,currency 1,-1411,0,719.0,719.0,,0,203000.0,0.0,2000.0,0.0,Credit card,-1353,7700.0
100964,5002326,Closed,currency 1,-1975,0,-458.0,-458.0,,0,143000.0,0.0,6000.0,0.0,Consumer credit,-885,
100964,5002327,Closed,currency 1,-2032,0,-167.0,-167.0,276.0,0,249000.0,0.0,69000.0,0.0,Credit card,-292,
100965,5002328,Active,currency 1,-2408,0,-952.0,,,0,56000.0,38000.0,7000.0,0.0,Consumer credit,-1417,
100965,5002329,Active,currency 1,-870,0,1027.0,,,0,1198000.0,521000.0,261000.0,0.0,Consumer credit,-1856,29800.0
100966,5002330,Closed,currency 1,-2274,0,-734.0,-734.0,49655.0,0,523000.0,0.0,127000.0,0.0,Consumer credit,-1570,
100966,5002331,Closed,currency 1,-1388,0,628.0,628.0,,0,84000.0,0.0,27000.0,0.0,Consumer credit,-2270,2200.0
100966,5002332,Closed,currency 1,-1574,0,-896.0,-896.0,5094.0,0,226000.0,0.0,5000.0,0.0,Consumer credit,-216,
100968,5002333,Closed,currency 1,-959,0,671.0,671.0,8851.0,0,152000.0,0.0,20000.0,0.0,Mortgage,-2181,
100968,5002334,Closed,currency 1,-1173,0,517.0,517.0,,0,107000.0,0.0,39000.0,0.0,Consumer credit,-1422,
100968,5002335,Active,currency 1,-1241,0,-405.0,,8932.0,0,878000.0,631000.0,66000.0,0.0,Consumer credit,-1263,37300.0
100968,5002336,Closed,currency 1,-2748,0,-1056.0,-1056.0,,0,77000.0,0.0,11000.0,0.0,Credit card,-100,
100969,5002337,Closed,currency 1,-1480,0,-835.0,-835.0,,0,441000.0,0.0,80000.0,0.0,Consumer credit,-1921,10300.0
100970,5002338,Closed,currency 1,-2132,0,-627.0,-627.0,482.0,0,542000.0,0.0,4000.0,0.0,Consumer credit,-824,
100972,5002339,Active,currency 1,-1787,0,-1578.0,,6623.0,0,16000.0,10000.0,2000.0,0.0,Consumer credit,-596,700.0
100972,5002340,Closed,currency 1,-398,0,1084.0,1084.0,,0,645000.0,0.0,88000.0,0.0,Consumer credit,-2347,
100972,5002341,Closed,currency 1,-2510,0,-1883.0,-1883.0,,0,249000.0,0.0,44000.0,0.0,Consumer credit,-464,
100972,5002342,Active,currency 1,-2640,0,-1559.0,,341.0,0,64000.0,18000.0,25000.0,0.0,Credit card,-1818,
100972,5002343,Closed,currency 1,-1364,0,-334.0,-334.0,,0,542000.0,0.0,164000.0,0.0,Credit card,-932,12000.0
100973,5002344,Closed,currency 1,-497,0,1416.0,1416.0,,0,65000.0,0.0,26000.0,0.0,Consumer credit,-2272,
100973,5002345,Closed,currency 1,-680,0,893.0,893.0,6459.0,0,70000.0,0.0,6000.0,0.0,Consumer credit,-991,1400.0
100973,5002346,Closed,currency 1,-1450,0,390.0,390.0,10560.0,0,381000.0,0.0,138000.0,0.0,Credit card,-585,
100974,5002347,Active,currency 1,-1947,0,-76.0,,24305.0,0,418000.0,335000.0,124000.0,0.0,Credit card,-2022,
100974,5002348,Active,currency 1,-230,0,1111.0,,,0,378000.0,82000.0,71000.0,0.0,Consumer credit,-619,
100974,5002349,Closed,currency 1,-843,0,763.0,763.0,,0,175000.0,0.0,57000.0,0.0,Consumer credit,-2309,
100974,5002350,Closed,currency 1,-2475,114,-494.0,-494.0,20415.0,0,120000.0,0.0,26000.0,6000.0,Credit card,-39,
100975,5002351,Active,currency 1,-145,0,1322.0,,,0,104000.0,85000.0,40000.0,0.0,Consumer credit,-992,
100975,5002352,Closed,currency 1,-466,0,1643.0,1643.0,,0,385000.0,0.0,117000.0,0.0,Microloan,-444,
100976,5002353,Closed,currency 1,-332,0,637.0,637.0,,0,557000.0,0.0,185000.0,0.0,Consumer credit,-2440,
100976,5002354,Closed,currency 1,-421,0,251.0,251.0,,0,156000.0,0.0,4000.0,0.0,Mortgage,-1498,
100977,5002355,Active,currency 1,-2595,0,-428.0,,,0,191000.0,128000.0,27000.0,0.0,Consumer credit,-2262,
100977,5002356,Active,currency 1,-739,0,-325.0,,,0,109000.0,102000.0,12000.0,0.0,Consumer credit,-1459,
100977,5002357,Closed,currency 1,-1212,0,499.0,499.0,,0,331000.0,0.0,105000.0,0.0,Consumer credit,-2208,
100977,5002358,Active,currency 1,-1420,0,-7.0,,7961.0,0,101000.0,6000.0,32000.0,0.0,Consumer credit,-2471,
100977,5002359,Closed,currency 1,-2198,0,-1562.0,-1562.0,,0,368000.0,0.0,10000.0,0.0,Consumer credit,-593,
100978,5002360,Active,currency 1,-1147,0,486.0,,,0,70000.0,14000.0,20000.0,0.0,Consumer credit,-412,
100978,5002361,Active,currency 1,-1519,0,248.0,,15076.0,0,62000.0,16000.0,15000.0,0.0,Consumer credit,-2112,
100978,5002362,Active,currency 1,-2266,0,-1927.0,,,0,2629000.0,2285000.0,628000.0,0.0,Loan for business development,-2002,67400.0
100978,5002363,Active,currency 1,-2882,0,-1096.0,,40329.0,1,269000.0,123000.0,54000.0,0.0,Credit card,-168,
100979,5002364,Closed,currency 1,-2541,0,-869.0,-869.0,,0,169000.0,0.0,67000.0,0.0,Consumer credit,-113,5700.0
100979,5002365,Active,currency 1,-703,0,-471.0,,561.0,0,100000.0,36000.0,24000.0,0.0,Microloan,-352,
100979,5002366,Closed,currency 1,-2892,0,-2504.0,-2504.0,24775.0,0,250000.0,0.0,6000.0,0.0,Consumer credit,-63,
100979,5002367,Closed,currency 1,-2300,0,-692.0,-692.0,,0,325000.0,0.0,127000.0,0.0,Credit card,-1874,
100979,5002368,Closed,currency 1,-2181,0,-374.0,-374.0,1904.0,0,132000.0,0.0,21000.0,0.0,Consumer credit,-1928,8800.0
100979,5002369,Active,currency 1,-983,0,-108.0,,,0,184000.0,77000.0,72000.0,0.0,Consumer credit,-758,
100982,5002370,Closed,currency 1,-372,0,985.0,985.0,,0,309000.0,0.0,18000.0,0.0,Credit card,-1661,
100982,5002371,Closed,currency 1,-1644,0,-537.0,-537.0,6107.0,0,94000.0,0.0,24000.0,0.0,Consumer credit,-2105,
100983,5002372,Closed,currency 1,-1878,0,249.0,249.0,5893.0,0,91000.0,0.0,28000.0,0.0,Consumer credit,-805,
100983,5002373,Closed,currency 1,-806,0,60.0,60.0,10306.0,0,46000.0,0.0,10000.0,0.0,Car loan,-569,800.0
100984,5002374,Active,currency 1,-2644,0,-1677.0,,,0,265000.0,197000.0,41000.0,0.0,Credit card,-146,
100985,5002375,Active,currency 1,-1506,0,-1108.0,,,0,233000.0,129000.0,52000.0,0.0,Consumer credit,-526,
100985,5002376,Active,currency 1,-1650,0,-676.0,,,0,94000.0,8000.0,26000.0,0.0,Consumer credit,-1967,2500.0
100985,5002377,Closed,currency 1,-1282,0,740.0,740.0,,0,346000.0,0.0,14000.0,0.0,Consumer credit,-1513,
100986,5002378,Closed,currency 1,-2167,0,-741.0,-741.0,,0,82000.0,0.0,16000.0,0.0,Consumer credit,-1288,
100986,5002379,Active,currency 1,-2557,0,-2341.0,,,0,149000.0,29000.0,46000.0,0.0,Mortgage,-1264,2700.0
100986,5002380,Active,currency 1,-2616,0,-1710.0,,,0,60000.0,10000.0,12000.0,0.0,Another type of loan,-1499,
100987,5002381,Active,currency 1,-595,0,1417.0,,,0,299000.0,112000.0,28000.0,0.0,Consumer credit,-1741,
100987,5002382,Closed,currency 1,-728,7,28.0,28.0,,0,53000.0,0.0,9000.0,2650.0,Consumer credit,-1489,
100987,5002383,Closed,currency 1,-1886,0,-249.0,-249.0,,0,560000.0,0.0,135000.0,0.0,Car loan,-766,
100989,5002384,Active,currency 1,-691,0,812.0,,,0,113000.0,67000.0,18000.0,0.0,Consumer credit,-113,
100990,5002385,Closed,currency 1,-2360,0,-851.0,-851.0,3417.0,0,88000.0,0.0,31000.0,0.0,Consumer credit,-815,
100991,5002386,Active,currency 1,-456,0,1462.0,,,0,526000.0,248000.0,172000.0,0.0,Consumer credit,-250,
100991,5002387,Closed,currency 1,-2596,0,-2247.0,-2247.0,,0,602000.0,0.0,141000.0,0.0,Credit card,-977,12200.0
100992,5002388,Active,currency 1,-2848,0,-1606.0,,,0,114000.0,20000.0,9000.0,0.0,Credit card,-715,
100992,5002389,Closed,currency 1,-1019,0,896.0,896.0,2446.0,0,206000.0,0.0,2000.0,0.0,Consumer credit,-1320,
100993,5002390,Closed,currency 1,-615,0,688.0,688.0,4846.0,0,682000.0,0.0,228000.0,0.0,Consumer credit,-91,13000.0
100993,5002391,Active,currency 1,-951,0,-307.0,,4062.0,0,314000.0,57000.0,65000.0,0.0,Consumer credit,-1555,
100993,5002392,Active,currency 1,-1223,0,345.0,,,0,4922000.0,3527000.0,496000.0,0.0,Consumer credit,-569,
100995,5002393,Closed,currency 1,-964,0,1090.0,1090.0,,0,346000.0,0.0,27000.0,0.0,Car loan,-1505,
100995,5002394,Closed,currency 1,-2351,0,-1090.0,-1090.0,,0,52000.0,0.0,16000.0,0.0,Consumer credit,-1355,1100.0
100995,5002395,Active,currency 1,-349,0,374.0,,,0,391000.0,361000.0,72000.0,0.0,Consumer credit,-2133,16700.0
100997,5002396,Closed,currency 1,-96,0,127.0,127.0,,0,45000.0,0.0,2000.0,0.0,Consumer credit,-1851,
100997,5002397,Closed,currency 1,-1741,0,-931.0,-931.0,2049.0,0,69000.0,0.0,15000.0,0.0,Car loan,-559,1700.0
100998,5002398,Closed,currency 1,-2509,0,-1866.0,-1866.0,,0,395000.0,0.0,141000.0,0.0,Consumer credit,-885,
100998,5002399,Active,currency 1,-2765,0,-2055.0,,,0,400000.0,339000.0,26000.0,0.0,Credit card,-1034,7700.0
100998,5002400,Active,currency 1,-1836,0,-1550.0,,,0,161000.0,11000.0,50000.0,0.0,Consumer credit,-749,
100998,5002401,Closed,currency 1,-1698,0,-228.0,-228.0,,0,437000.0,0.0,18000.0,0.0,Consumer credit,-2430,
100998,5002402,Closed,currency 1,-144,0,821.0,821.0,,0,159000.0,0.0,45000.0,0.0,Consumer credit,-411,4000.0
101000,5002403,Closed,currency 1,-2291,0,-1708.0,-1708.0,6764.0,0,238000.0,0.0,14000.0,0.0,Consumer credit,-1538,
101000,5002404,Closed,currency 1,-96,0,2077.0,2077.0,,0,92000.0,0.0,19000.0,0.0,Consumer credit,-1709,
101000,5002405,Closed,currency 1,-2016,0,14.0,14.0,,0,90000.0,0.0,3000.0,0.0,Consumer credit,-1983,
101000,5002406,Active,currency 1,-2899,0,-2430.0,,,0,40000.0,33000.0,1000.0,0.0,Credit card,-678,
101000,5002407,Active,currency 1,-1135,0,257.0,,,0,84000.0,30000.0,26000.0,0.0,Mortgage,-1301,1400.0
101000,5002408,Active,currency 1,-443,0,-132.0,,,0,211000.0,199000.0,31000.0,0.0,Consumer credit,-28,
101001,5002409,Closed,currency 1,-2224,0,-510.0,-510.0,14516.0,0,2513000.0,0.0,697000.0,0.0,Consumer credit,-606,
101001,5002410,Closed,currency 1,-371,0,715.0,715.0,,0,491000.0,0.0,148000.0,0.0,Consumer credit,-1274,
101001,5002411,Closed,currency 1,-1647,0,-1345.0,-1345.0,51863.0,0,96000.0,0.0,22000.0,0.0,Consumer credit,-731,
101001,5002412,Active,currency 1,-81,0,109.0,,,0,682000.0,68000.0,224000.0,0.0,Consumer credit,-2323,
101002,5002413,Closed,currency 1,-855,0,1016.0,1016.0,,0,193000.0,0.0,29000.0,0.0,Consumer credit,-10,
101002,5002414,Active,currency 1,-1532,0,353.0,,,0,340000.0,182000.0,125000.0,0.0,Consumer credit,-452,
101002,5002415,Closed,currency 1,-2578,0,-2163.0,-2163.0,,0,91000.0,0.0,2000.0,0.0,Credit card,-2213,
101003,5002416,Closed,currency 1,-2805,0,-2561.0,-2561.0,1063.0,0,30000.0,0.0,6000.0,0.0,Consumer credit,-1875,
101003,5002417,Closed,currency 1,-533,0,1487.0,1487.0,3342.0,0,37000.0,0.0,12000.0,0.0,Credit card,-1868,
101004,5002418,Active,currency 1,-2771,0,-1656.0,,,0,650000.0,346000.0,245000.0,0.0,Mortgage,-125,
101004,5002419,Active,currency 1,-2033,0,-448.0,,,0,119000.0,99000.0,16000.0,0.0,Consumer credit,-1638,3600.0
101005,5002420,Active,currency 1,-1998,0,-435.0,,,0,780000.0,209000.0,207000.0,0.0,Another type of loan,-672,
101005,5002421,Closed,currency 1,-2067,0,-253.0,-253.0,1629.0,0,55000.0,0.0,8000.0,0.0,Consumer credit,-240,
101005,5002422,Closed,currency 1,-621,0,895.0,895.0,,0,1482000.0,0.0,215000.0,0.0,Consumer credit,-1597,
101005,5002423,Active,currency 1,-1120,0,643.0,,,0,175000.0,160000.0,64000.0,0.0,Credit card,-184,5200.0
101006,5002424,Active,currency 1,-2433,0,-351.0,,2531.0,0,337000.0,82000.0,22000.0,0.0,Consumer credit,-2301,
101006,5002425,Closed,currency 1,-939,0,164.0,164.0,,0,51000.0,0.0,3000.0,0.0,Consumer credit,-1119,
101007,5002426,Closed,currency 1,-2008,0,-831.0,-831.0,,0,735000.0,0.0,38000.0,0.0,Another type of loan,-732,
101007,5002427,Closed,currency 1,-379,0,-177.0,-177.0,,0,23000.0,0.0,8000.0,0.0,Credit card,-2361,
101010,5002428,Closed,currency 1,-2855,0,-1951.0,-1951.0,719.0,0,129000.0,0.0,20000.0,0.0,Credit card,-1784,
101010,5002429,Closed,currency 1,-990,0,138.0,138.0,,0,125000.0,0.0,25000.0,0.0,Microloan,-2419,2600.0
101011,5002430,Closed,currency 1,-1442,0,-464.0,-464.0,,0,490000.0,0.0,151000.0,0.0,Consumer credit,-1290,
101011,5002431,Closed,currency 1,-167,0,228.0,228.0,,0,82000.0,0.0,2000.0,0.0,Consumer credit,-755,
101011,5002432,Active,currency 1,-324,0,36.0,,483.0,0,33000.0,21000.0,4000.0,0.0,Consumer credit,-382,
101011,5002433,Active,currency 1,-229,0,861.0,,,0,38000.0,33000.0,8000.0,0.0,Credit card,-2248,
101011,5002434,Closed,currency 1,-777,0,148.0,148.0,,0,482000.0,0.0,85000.0,0.0,Credit card,-1574,
101012,5002435,Closed,currency 1,-2412,0,-262.0,-262.0,,0,355000.0,0.0,19000.0,0.0,Credit card,-2010,
101012,5002436,Closed,currency 1,-622,0,-204.0,-204.0,2006.0,0,196000.0,0.0,74000.0,0.0,Credit card,-1393,
101012,5002437,Closed,currency 1,-1615,0,-1043.0,-1043.0,,0,176000.0,0.0,49000.0,0.0,Consumer credit,-588,
101012,5002438,Closed,currency 1,-2572,0,-500.0,-500.0,,0,407000.0,0.0,98000.0,0.0,Consumer credit,-207,
101013,5002439,Closed,currency 1,-999,0,389.0,389.0,48746.0,0,460000.0,0.0,126000.0,0.0,Credit card,-2443,
101013,5002440,Active,currency 1,-890,0,-569.0,,4375.0,0,209000.0,190000.0,7000.0,0.0,Consumer credit,-1265,
101014,5002441,Closed,currency 1,-433,0,395.0,395.0,,0,4000.0,0.0,0.0,0.0,Credit card,-603,100.0
101015,5002442,Closed,currency 1,-2711,0,-859.0,-859.0,,0,162000.0,0.0,34000.0,0.0,Consumer credit,-1010,
101016,5002443,Closed,currency 1,-1616,0,-198.0,-198.0,,0,315000.0,0.0,72000.0,0.0,Credit card,-277,
101016,5002444,Closed,currency 1,-626,0,1448.0,1448.0,2143.0,0,68000.0,0.0,17000.0,0.0,Another type of loan,-1123,
101016,5002445,Closed,currency 1,-374,0,730.0,730.0,,0,115000.0,0.0,4000.0,0.0,Consumer credit,-931,2400.0
101016,5002446,Active,currency 1,-270,0,747.0,,116744.0,0,94000.0,60000.0,8000.0,0.0,Credit card,-39,
101016,5002447,Closed,currency 1,-1123,0,-293.0,-293.0,,0,158000.0,0.0,50000.0,0.0,Car loan,-981,
101017,5002448,Active,currency 1,-1832,0,-1514.0,,,0,1265000.0,736000.0,358000.0,0.0,Consumer credit,-1703,32900.0
101017,5002449,Closed,currency 1,-2308,0,-1647.0,-1647.0,1192.0,0,106000.0,0.0,32000.0,0.0,Credit card,-1856,2100.0
101017,5002450,Active,currency 1,-586,0,1215.0,,,0,413000.0,317000.0,106000.0,0.0,Consumer credit,-429,
101017,5002451,Closed,currency 1,-2082,0,56.0,56.0,,0,752000.0,0.0,250000.0,0.0,Consumer credit,-1760,
101020,5002452,Active,currency 1,-552,0,1544.0,,,0,169000.0,117000.0,17000.0,0.0,Credit card,-164,
101020,5002453,Closed,currency 1,-2513,0,-1978.0,-1978.0,678.0,0,164000.0,0.0,11000.0,0.0,Car loan,-503,
101021,5002454,Active,currency 1,-118,0,434.0,,,0,37000.0,7000.0,0.0,0.0,Consumer credit,-1246,
101022,5002455,Active,currency 1,-2548,0,-820.0,,,0,410000.0,380000.0,115000.0,0.0,Credit card,-621,
101022,5002456,Closed,currency 1,-2101,0,-1448.0,-1448.0,,0,177000.0,0.0,35000.0,0.0,Mortgage,-1786,
101023,5002457,Active,currency 1,-1255,0,-980.0,,,0,125000.0,50000.0,26000.0,0.0,Consumer credit,-1210,
101023,5002458,Closed,currency 1,-715,0,160.0,160.0,,0,262000.0,0.0,3000.0,0.0,Consumer credit,-1724,
101023,5002459,Closed,currency 1,-2234,0,-693.0,-693.0,,0,2746000.0,0.0,41000.0,0.0,Consumer credit,-1893,
101023,5002460,Active,currency 1,-97,0,1146.0,,,0,48000.0,36000.0,18000.0,0.0,Consumer credit,-615,
101024,5002461,Closed,currency 1,-740,0,1262.0,1262.0,,0,38000.0,0.0,12000.0,0.0,Consumer credit,-1490,
101024,5002462,Closed,currency 1,-2576,0,-903.0,-903.0,,0,94000.0,0.0,0.0,0.0,Loan for business development,-20,
101024,5002463,Active,currency 1,-1651,0,410.0,,1164.0,0,39000.0,8000.0,2000.0,0.0,Consumer credit,-1058,
101024,5002464,Closed,currency 1,-2053,0,-1692.0,-1692.0,,0,184000.0,0.0,30000.0,0.0,Car loan,-2021,
101024,5002465,Closed,currency 1,-998,33,890.0,890.0,,0,20000.0,0.0,2000.0,1000.0,Credit card,-2044,
101024,5002466,Closed,currency 1,-1664,0,-561.0,-561.0,10036.0,0,101000.0,0.0,31000.0,0.0,Consumer credit,-1141,
101025,5002467,Closed,currency 1,-115,0,1771.0,1771.0,,0,24000.0,0.0,1000.0,0.0,Credit card,-1863,1000.0
101026,5002468,Active,currency 1,-1290,0,-734.0,,4552.0,0,56000.0,8000.0,7000.0,0.0,Consumer credit,-1499,
101026,5002469,Active,currency 1,-5,0,1990.0,,,0,229000.0,149000.0,29000.0,0.0,Consumer credit,-1813,5700.0
101026,5002470,Closed,currency 1,-2392,0,-2053.0,-2053.0,2897.0,0,201000.0,0.0,7000.0,0.0,Consumer credit,-1098,4500.0
101026,5002471,Active,currency 1,-2655,36,-864.0,,3493.0,0,138000.0,92000.0,20000.0,6900.0,Credit card,-897,
101026,5002472,Closed,currency 1,-1788,0,174.0,174.0,3242.0,0,24000.0,0.0,7000.0,0.0,Consumer credit,-1553,600.0
101027,5002473,Active,currency 1,-2761,0,-1995.0,,,0,247000.0,22000.0,95000.0,0.0,Consumer credit,-1194,
101027,5002474,Closed,currency 1,-6,0,1422.0,1422.0,7601.0,0,96000.0,0.0,28000.0,0.0,Consumer credit,-2335,2200.0
101028,5002475,Closed,currency 1,-1705,0,346.0,346.0,2959.0,0,200000.0,0.0,55000.0,0.0,Credit card,-920,
101028,5002476,Active,currency 1,-1297,0,335.0,,,0,104000.0,61000.0,22000.0,0.0,Consumer credit,-576,5600.0
101030,5002477,Active,currency 1,-1927,0,-1201.0,,,0,106000.0,52000.0,38000.0,0.0,Credit card,-1098,1900.0
101030,5002478,Closed,currency 1,-1185,0,-990.0,-990.0,3193.0,0,66000.0,0.0,19000.0,0.0,Consumer credit,-2463,
101031,5002479,Active,currency 1,-1373,0,658.0,,,0,143000.0,88000.0,50000.0,0.0,Consumer credit,-1713,10500.0
101031,5002480,Closed,currency 1,-906,0,1107.0,1107.0,,0,28000.0,0.0,7000.0,0.0,Car loan,-433,700.0
101032,5002481,Active,currency 1,-2801,0,-626.0,,,0,378000.0,87000.0,128000.0,0.0,Consumer credit,-1935,
101033,5002482,Closed,currency 1,-1644,0,-77.0,-77.0,,0,323000.0,0.0,72000.0,0.0,Credit card,-866,9800.0
101033,5002483,Closed,currency 1,-1339,0,-882.0,-882.0,,0,217000.0,0.0,74000.0,0.0,Credit card,-27,
101033,5002484,Closed,currency 1,-2327,0,-1407.0,-1407.0,,0,146000.0,0.0,58000.0,0.0,Consumer credit,-1142,9400.0
101033,5002485,Active,currency 1,-30,0,765.0,,,0,244000.0,197000.0,2000.0,0.0,Credit card,-1579,
101034,5002486,Active,currency 1,-360,0,-70.0,,6689.0,0,94000.0,77000.0,11000.0,0.0,Consumer credit,-1626,2400.0
101034,5002487,Closed,currency 1,-83,0,1225.0,1225.0,,0,69000.0,0.0,21000.0,0.0,Car loan,-1523,
101035,5002488,Active,currency 1,-2352,107,-247.0,,,0,3079000.0,1560000.0,625000.0,153950.0,Car loan,-2413,
101035,5002489,Active,currency 1,-2713,0,-1833.0,,,0,520000.0,28000.0,81000.0,0.0,Credit card,-2193,12500.0
101036,5002490,Closed,currency 1,-843,0,-242.0,-242.0,,0,104000.0,0.0,7000.0,0.0,Consumer credit,-1502,8500.0
101036,5002491,Closed,currency 1,-733,0,1291.0,1291.0,,0,177000.0,0.0,63000.0,0.0,Credit card,-1488,
101036,5002492,Closed,currency 1,-1086,0,998.0,998.0,,0,92000.0,0.0,14000.0,0.0,Consumer credit,-1693,
101037,5002493,Closed,currency 1,-689,0,482.0,482.0,,0,158000.0,0.0,36000.0,0.0,Consumer credit,-1667,3500.0
101037,5002494,Closed,currency 1,-1535,0,9.0,9.0,2097.0,0,215000.0,0.0,24000.0,0.0,Credit card,-2099,
101037,5002495,Closed,currency 1,-1855,0,298.0,298.0,,0,212000.0,0.0,52000.0,0.0,Microloan,-445,
101038,5002496,Active,currency 1,-1069,0,475.0,,,0,1424000.0,812000.0,427000.0,0.0,Credit card,-475,
101039,5002497,Closed,currency 1,-911,0,227.0,227.0,19085.0,0,1066000.0,0.0,132000.0,0.0,Credit card,-776,
101039,5002498,Active,currency 1,-1789,0,59.0,,,0,49000.0,4000.0,6000.0,0.0,Credit card,-368,1500.0
101039,5002499,Closed,currency 1,-1217,0,-931.0,-931.0,,0,35000.0,0.0,12000.0,0.0,Consumer credit,-442,
101040,5002500,Closed,currency 1,-2076,0,-323.0,-323.0,,0,147000.0,0.0,36000.0,0.0,Consumer credit,-217,
101040,5002501,Closed,currency 1,-2765,0,-2010.0,-2010.0,2525.0,0,200000.0,0.0,60000.0,0.0,Credit card,-1477,
101040,5002502,Closed,currency 1,-1938,0,-646.0,-646.0,130865.0,0,252000.0,0.0,92000.0,0.0,Consumer credit,-1171,6900.0
101040,5002503,Closed,currency 1,-1800,0,-857.0,-857.0,1490.0,0,56000.0,0.0,7000.0,0.0,Consumer credit,-1697,
101040,5002504,Closed,currency 1,-2268,0,-1995.0,-1995.0,,0,1914000.0,0.0,63000.0,0.0,Microloan,-615,
101041,5002505,Closed,currency 1,-1551,0,-600.0,-600.0,,0,254000.0,0.0,15000.0,0.0,Credit card,-59,
101041,5002506,Closed,currency 1,-2563,0,-1066.0,-1066.0,28846.0,0,407000.0,0.0,116000.0,0.0,Consumer credit,-1131,
101041,5002507,Closed,currency 1,-2345,0,-1963.0,-1963.0,,0,1064000.0,0.0,98000.0,0.0,Car loan,-1800,
101042,5002508,Active,currency 1,-1828,0,-834.0,,,0,116000.0,76000.0,44000.0,0.0,Consumer credit,-1874,
101042,5002509,Closed,currency 1,-1678,0,-362.0,-362.0,2100.0,0,80000.0,0.0,13000.0,0.0,Consumer credit,-2250,
101042,5002510,Closed,currency 1,-1611,0,-766.0,-766.0,,0,173000.0,0.0,5000.0,0.0,Consumer credit,-626,
101042,5002511,Closed,currency 1,-960,0,-69.0,-69.0,,0,146000.0,0.0,34000.0,0.0,Consumer credit,-1126,3600.0
101043,5002512,Active,currency 1,-1619,0,-17.0,,,0,114000.0,102000.0,9000.0,0.0,Consumer credit,-294,
101043,5002513,Closed,currency 1,-1548,0,586.0,586.0,2487.0,0,39000.0,0.0,13000.0,0.0,Consumer credit,-582,700.0
101043,5002514,Closed,currency 1,-2018,0,-1572.0,-1572.0,,0,189000.0,0.0,38000.0,0.0,Microloan,-1453,
101043,5002515,Active,currency 1,-1275,0,282.0,,194.0,0,33000.0,14000.0,0.0,0.0,Consumer credit,-2147,
101044,5002516,Closed,currency 1,-2874,0,-1072.0,-1072.0,,0,490000.0,0.0,145000.0,0.0,Consumer credit,-1472,
101044,5002517,Active,currency 1,-1013,0,-650.0,,,0,23000.0,3000.0,6000.0,0.0,Consumer credit,-2052,
101045,5002518,Closed,currency 1,-2357,0,-1664.0,-1664.0,7975.0,1,458000.0,0.0,123000.0,0.0,Consumer credit,-140,
101046,5002519,Active,currency 1,-692,0,1116.0,,,0,650000.0,159000.0,113000.0,0.0,Consumer credit,-595,
101046,5002520,Closed,currency 1,-2684,0,-1216.0,-1216.0,,0,298000.0,0.0,58000.0,0.0,Credit card,-1429,
101047,5002521,Closed,currency 1,-365,0,1500.0,1500.0,,0,22000.0,0.0,4000.0,0.0,Consumer credit,-952,
101047,5002522,Closed,currency 1,-879,0,-113.0,-113.0,4159.0,0,752000.0,0.0,266000.0,0.0,Loan for business development,-1056,
101047,5002523,Closed,currency 1,-1009,0,1052.0,1052.0,,0,209000.0,0.0,31000.0,0.0,Consumer credit,-94,
101048,5002524,Closed,currency 1,-1481,0,382.0,382.0,,0,151000.0,0.0,43000.0,0.0,Car loan,-520,
101048,5002525,Closed,currency 1,-555,0,521.0,521.0,8762.0,0,992000.0,0.0,117000.0,0.0,Consumer credit,-1490,
101049,5002526,Closed,currency 1,-1282,0,-608.0,-608.0,12605.0,0,803000.0,0.0,34000.0,0.0,Microloan,-2009,
101050,5002527,Active,currency 1,-1778,0,-283.0,,,0,60000.0,14000.0,11000.0,0.0,Consumer credit,-232,
101051,5002528,Closed,currency 1,-2773,88,-2266.0,-2266.0,,0,342000.0,0.0,40000.0,17100.0,Microloan,-770,
101051,5002529,Active,currency 1,-388,0,394.0,,10591.0,0,47000.0,8000.0,8000.0,0.0,Consumer credit,-1203,
101051,5002530,Closed,currency 1,-2117,0,-659.0,-659.0,1101.0,0,35000.0,0.0,7000.0,0.0,Consumer credit,-1526,
101053,5002531,Closed,currency 1,-1845,0,-1490.0,-1490.0,,0,83000.0,0.0,0.0,0.0,Credit card,-214,
101054,5002532,Closed,currency 1,-1533,0,137.0,137.0,386.0,0,38000.0,0.0,10000.0,0.0,Credit card,-524,1200.0
101054,5002533,Active,currency 1,-1647,0,-1311.0,,,0,188000.0,75000.0,46000.0,0.0,Loan for business development,-420,9000.0
101054,5002534,Closed,currency 1,-2471,0,-1836.0,-1836.0,,0,414000.0,0.0,56000.0,0.0,Consumer credit,-918,
101055,5002535,Active,currency 1,-2223,0,-680.0,,,0,92000.0,23000.0,36000.0,0.0,Car loan,-329,2200.0
101056,5002536,Closed,currency 1,-2554,0,-547.0,-547.0,,0,234000.0,0.0,82000.0,0.0,Consumer credit,-745,
101056,5002537,Closed,currency 1,-2139,0,-131.0,-131.0,,0,316000.0,0.0,17000.0,0.0,Car loan,-1316,
101057,5002538,Closed,currency 1,-2507,0,-1602.0,-1602.0,,0,619000.0,0.0,57000.0,0.0,Credit card,-29,
101057,5002539,Active,currency 1,-1205,0,-397.0,,1866.0,0,147000.0,47000.0,24000.0,0.0,Consumer credit,-2145,
101057,5002540,Closed,currency 1,-1140,0,-227.0,-227.0,,0,241000.0,0.0,93000.0,0.0,Consumer credit,-238,
101058,5002541,Closed,currency 1,-1885,0,103.0,103.0,,0,58000.0,0.0,21000.0,0.0,Consumer credit,-2075,
101058,5002542,Active,currency 1,-808,0,-302.0,,589.0,0,309000.0,56000.0,28000.0,0.0,Consumer credit,-1857,
101058,5002543,Closed,currency 1,-2154,0,-862.0,-862.0,,0,113000.0,0.0,23000.0,0.0,Consumer credit,-1065,4300.0
101058,5002544,Closed,currency 1,-1166,0,510.0,510.0,,0,74000.0,0.0,25000.0,0.0,Credit card,-413,
101059,5002545,Closed,currency 1,-356,0,1335.0,1335.0,,0,182000.0,0.0,15000.0,0.0,Microloan,-53,
101059,5002546,Active,currency 1,-2351,0,-547.0,,,0,332000.0,62000.0,19000.0,0.0,Consumer credit,-1344,
101059,5002547,Closed,currency 1,-1338,0,-260.0,-260.0,,0,105000.0,0.0,18000.0,0.0,Credit card,-48,4900.0
101060,5002548,Active,currency 1,-1393,0,-608.0,,,0,102000.0,71000.0,4000.0,0.0,Credit card,-1112,
101061,5002549,Active,currency 1,-421,0,838.0,,2705.0,0,205000.0,85000.0,45000.0,0.0,Credit card,-1203,
101061,5002550,Closed,currency 1,-2601,0,-1816.0,-1816.0,,0,137000.0,0.0,20000.0,0.0,Consumer credit,-1316,
101061,5002551,Active,currency 1,-179,0,1565.0,,,0,429000.0,290000.0,64000.0,0.0,Credit card,-280,7400.0
101061,5002552,Closed,currency 1,-781,0,204.0,204.0,,0,425000.0,0.0,163000.0,0.0,Consumer credit,-570,
101061,5002553,Closed,currency 1,-2201,0,-1099.0,-1099.0,,0,252000.0,0.0,24000.0,0.0,Mortgage,-262,
101062,5002554,Closed,currency 1,-1771,0,-48.0,-48.0,,0,653000.0,0.0,222000.0,0.0,Consumer credit,-78,13000.0
101062,5002555,Closed,currency 1,-791,0,1149.0,1149.0,4399.0,0,104000.0,0.0,29000.0,0.0,Credit card,-867,
101063,5002556,Active,currency 1,-211,0,1317.0,,,0,214000.0,28000.0,68000.0,0.0,Consumer credit,-643,
101063,5002557,Closed,currency 1,-1537,0,-645.0,-645.0,6084.0,0,315000.0,0.0,53000.0,0.0,Consumer credit,-86,
101063,5002558,Active,currency 1,-1316,0,806.0,,,0,107000.0,63000.0,29000.0,0.0,Consumer credit,-1216,
101063,5002559,Active,currency 1,-1112,0,-282.0,,,0,124000.0,7000.0,23000.0,0.0,Credit card,-2287,
101064,5002560,Closed,currency 1,-2046,0,-1540.0,-1540.0,,0,411000.0,0.0,154000.0,0.0,Credit card,-2233,24400.0
101064,5002561,Active,currency 1,-1414,0,-518.0,,,0,1408000.0,1030000.0,354000.0,0.0,Credit card,-1762,
101064,5002562,Closed,currency 1,-1902,0,-292.0,-292.0,205.0,0,130000.0,0.0,18000.0,0.0,Loan for business development,-1142,6400.0
101065,5002563,Active,currency 1,-676,0,-472.0,,1646.0,0,644000.0,273000.0,122000.0,0.0,Car loan,-2209,
101065,5002564,Closed,currency 1,-433,0,1086.0,1086.0,,0,78000.0,0.0,29000.0,0.0,Credit card,-1835,
101065,5002565,Active,currency 1,-2438,0,-589.0,,,0,22000.0,4000.0,4000.0,0.0,Consumer credit,-2187,
101065,5002566,Closed,currency 1,-2034,0,-928.0,-928.0,526.0,0,56000.0,0.0,10000.0,0.0,Consumer credit,-1751,1400.0
101065,5002567,Active,currency 1,-2660,0,-2023.0,,,0,569000.0,395000.0,77000.0,0.0,Consumer credit,-1491,
101066,5002568,Closed,currency 1,-1534,0,-1132.0,-1132.0,6841.0,0,18000.0,0.0,2000.0,0.0,Consumer credit,-2387,1400.0
101066,5002569,Active,currency 1,-1731,0,-983.0,,,0,804000.0,724000.0,73000.0,0.0,Consumer credit,-2019,16100.0
101066,5002570,Closed,currency 1,-2411,0,-659.0,-659.0,,0,1067000.0,0.0,74000.0,0.0,Car loan,-932,
101066,5002571,Closed,currency 1,-2857,0,-2664.0,-2664.0,,0,225000.0,0.0,12000.0,0.0,Consumer credit,-308,
101067,5002572,Closed,currency 1,-509,0,-209.0,-209.0,,0,278000.0,0.0,18000.0,0.0,Car loan,-774,
101067,5002573,Closed,currency 1,-2050,0,-1599.0,-1599.0,1947.0,0,104000.0,0.0,11000.0,0.0,Consumer credit,-278,3300.0
101068,5002574,Closed,currency 1,-1147,0,-934.0,-934.0,642.0,0,906000.0,0.0,198000.0,0.0,Credit card,-1771,
101068,5002575,Closed,currency 1,-2859,0,-834.0,-834.0,,0,140000.0,0.0,39000.0,0.0,Credit card,-1267,
101068,5002576,Closed,currency 1,-1675,0,-1273.0,-1273.0,22376.0,0,85000.0,0.0,19000.0,0.0,Consumer credit,-1118,
101068,5002577,Active,currency 1,-1790,0,-822.0,,1288.0,0,137000.0,16000.0,0.0,0.0,Credit card,-1992,
101068,5002578,Closed,currency 1,-2044,0,-1264.0,-1264.0,,0,199000.0,0.0,67000.0,0.0,Microloan,-1576,
101068,5002579,Active,currency 1,-1455,0,-672.0,,211180.0,0,106000.0,64000.0,42000.0,0.0,Consumer credit,-465,
101068,5002580,Closed,currency 1,-1203,0,721.0,721.0,,0,624000.0,0.0,182000.0,0.0,Consumer credit,-298,
101069,5002581,Active,currency 1,-1328,0,-148.0,,,0,102000.0,29000.0,32000.0,0.0,Microloan,-591,1900.0
101069,5002582,Active,currency 1,-2140,0,-1354.0,,,0,78000.0,74000.0,7000.0,0.0,Consumer credit,-881,4800.0
101070,5002583,Closed,currency 1,-2088,0,58.0,58.0,14420.0,0,60000.0,0.0,22000.0,0.0,Consumer credit,-1341,1400.0
101070,5002584,Active,currency 1,-1174,0,-372.0,,,0,278000.0,159000.0,89000.0,0.0,Consumer credit,-681,
101070,5002585,Active,currency 1,-564,0,394.0,,,0,58000.0,51000.0,5000.0,0.0,Consumer credit,-2486,
101070,5002586,Active,currency 1,-56,0,1245.0,,8805.0,0,27000.0,16000.0,4000.0,0.0,Microloan,-1155,
101071,5002587,Closed,currency 1,-578,0,1579.0,1579.0,22232.0,0,181000.0,0.0,32000.0,0.0,Consumer credit,-1009,3600.0
101073,5002588,Active,currency 1,-719,0,-348.0,,,0,247000.0,206000.0,21000.0,0.0,Consumer credit,-618,
101073,5002589,Closed,currency 1,-61,0,1671.0,1671.0,,0,147000.0,0.0,39000.0,0.0,Credit card,-1006,
101073,5002590,Active,currency 1,-2014,0,-1034.0,,,0,117000.0,98000.0,7000.0,0.0,Consumer credit,-1015,
101074,5002591,Active,currency 1,-85,0,823.0,,,0,94000.0,68000.0,20000.0,0.0,Car loan,-10,2400.0
101074,5002592,Closed,currency 1,-1113,0,-662.0,-662.0,1407.0,0,56000.0,0.0,17000.0,0.0,Credit card,-1783,
101074,5002593,Active,currency 1,-910,0,658.0,,2899.0,0,38000.0,24000.0,14000.0,0.0,Mortgage,-2482,
101075,5002594,Closed,currency 1,-455,0,1628.0,1628.0,,0,563000.0,0.0,222000.0,0.0,Credit card,-2260,
101075,5002595,Active,currency 1,-844,0,1296.0,,,0,22000.0,3000.0,2000.0,0.0,Consumer credit,-453,400.0
101075,5002596,Closed,currency 1,-2740,0,-2011.0,-2011.0,,0,321000.0,0.0,32000.0,0.0,Microloan,-1895,
101076,5002597,Closed,currency 1,-1094,0,-146.0,-146.0,3896.0,0,142000.0,0.0,6000.0,0.0,Credit card,-1850,
101076,5002598,Active,currency 1,-2188,0,-970.0,,5077.0,0,68000.0,15000.0,19000.0,0.0,Credit card,-1349,
101076,5002599,Closed,currency 1,-657,0,1535.0,1535.0,,0,202000.0,0.0,48000.0,0.0,Credit card,-2481,
101076,5002600,Active,currency 1,-1703,0,-1272.0,,,0,676000.0,73000.0,213000.0,0.0,Consumer credit,-1944,
101076,5002601,Closed,currency 1,-1115,0,-616.0,-616.0,3746.0,0,286000.0,0.0,28000.0,0.0,Consumer credit,-815,
101076,5002602,Closed,currency 1,-946,0,1070.0,1070.0,,0,466000.0,0.0,53000.0,0.0,Consumer credit,-1382,
101076,5002603,Closed,currency 1,-1632,0,-1145.0,-1145.0,,0,520000.0,0.0,113000.0,0.0,Consumer credit,-122,
101076,5002604,Active,currency 1,-690,0,-176.0,,5025.0,0,2133000.0,227000.0,367000.0,0.0,Credit card,0,
101077,5002605,Closed,currency 1,-306,0,-97.0,-97.0,,0,283000.0,0.0,39000.0,0.0,Consumer credit,-113,
101077,5002606,Closed,currency 1,-1194,0,180.0,180.0,,0,144000.0,0.0,23000.0,0.0,Credit card,-2185,
101078,5002607,Active,currency 1,-2149,0,-958.0,,,0,195000.0,75000.0,69000.0,0.0,Consumer credit,-2151,5800.0
101078,5002608,Active,currency 1,-2194,0,-629.0,,,0,73000.0,15000.0,18000.0,0.0,Credit card,-1086,2200.0
101079,5002609,Active,currency 1,-2240,0,-1259.0,,,0,74000.0,30000.0,15000.0,0.0,Consumer credit,-1905,
101079,5002610,Closed,currency 1,-2599,0,-1913.0,-1913.0,,0,429000.0,0.0,159000.0,0.0,Credit card,-2118,
101079,5002611,Closed,currency 1,-1764,48,-262.0,-262.0,,0,71000.0,0.0,25000.0,3550.0,Consumer credit,-2382,
101079,5002612,Closed,currency 1,-245,0,-49.0,-49.0,2180.0,0,103000.0,0.0,27000.0,0.0,Consumer credit,-1871,
101080,5002613,Active,currency 1,-911,0,206.0,,1726.0,0,265000.0,186000.0,41000.0,0.0,Consumer credit,-368,
101080,5002614,Closed,currency 1,-745,0,-161.0,-161.0,,0,206000.0,0.0,58000.0,0.0,Credit card,-2154,
101082,5002615,Closed,currency 1,-939,0,906.0,906.0,,0,195000.0,0.0,46000.0,0.0,Consumer credit,-1289,8100.0
101082,5002616,Closed,currency 1,-69,0,850.0,850.0,,0,26000.0,0.0,9000.0,0.0,Consumer credit,-1280,
101082,5002617,Closed,currency 1,-1622,0,-165.0,-165.0,,0,442000.0,0.0,96000.0,0.0,Consumer credit,-1553,
101083,5002618,Closed,currency 1,-2499,0,-2091.0,-2091.0,1425.0,0,217000.0,0.0,7000.0,0.0,Microloan,-1540,3800.0
101083,5002619,Closed,currency 1,-778,0,-22.0,-22.0,,0,192000.0,0.0,42000.0,0.0,Consumer credit,-462,3800.0
101084,5002620,Closed,currency 1,-28,0,1992.0,1992.0,,0,281000.0,0.0,28000.0,0.0,Consumer credit,-955,
101085,5002621,Active,currency 1,-717,0,908.0,,,0,94000.0,43000.0,24000.0,0.0,Consumer credit,-2454,3000.0
101085,5002622,Closed,currency 1,-1949,0,-583.0,-583.0,,0,476000.0,0.0,42000.0,0.0,Consumer credit,-1229,
101086,5002623,Active,currency 1,-2699,0,-1328.0,,,0,100000.0,89000.0,23000.0,0.0,Credit card,-518,3400.0
101086,5002624,Active,currency 1,-138,0,762.0,,27667.0,0,860000.0,766000.0,25000.0,0.0,Microloan,-1175,
101086,5002625,Closed,currency 1,-2806,0,-918.0,-918.0,5692.0,0,246000.0,0.0,51000.0,0.0,Consumer credit,-753,15700.0
101086,5002626,Closed,currency 1,-2128,0,-1789.0,-1789.0,1248.0,0,376000.0,0.0,130000.0,0.0,Consumer credit,-913,
101086,5002627,Closed,currency 1,-285,0,1127.0,1127.0,5960.0,0,154000.0,0.0,40000.0,0.0,Consumer credit,-668,6000.0
101087,5002628,Active,currency 1,-96,0,1336.0,,2204.0,0,2547000.0,2114000.0,54000.0,0.0,Credit card,-1370,
101087,5002629,Active,currency 1,-980,0,622.0,,,0,186000.0,169000.0,33000.0,0.0,Another type of loan,-184,
101088,5002630,Active,currency 1,-447,0,839.0,,,0,45000.0,38000.0,16000.0,0.0,Consumer credit,-643,
101088,5002631,Closed,currency 1,-1170,0,-956.0,-956.0,,0,124000.0,0.0,49000.0,0.0,Consumer credit,-1264,
101089,5002632,Active,currency 1,-2558,0,-1665.0,,,0,615000.0,448000.0,18000.0,0.0,Consumer credit,-2115,
101089,5002633,Closed,currency 1,-112,0,299.0,299.0,,0,94000.0,0.0,3000.0,0.0,Credit card,-1606,6500.0
101089,5002634,Closed,currency 1,-2205,0,-1121.0,-1121.0,7074.0,0,1330000.0,0.0,475000.0,0.0,Consumer credit,-1896,
101089,5002635,Active,currency 1,-2237,0,-524.0,,,0,63000.0,50000.0,14000.0,0.0,Credit card,-1695,
101089,5002636,Closed,currency 1,-204,0,1377.0,1377.0,1280.0,0,3104000.0,0.0,316000.0,0.0,Consumer credit,-518,
101089,5002637,Closed,currency 1,-2624,0,-622.0,-622.0,,0,734000.0,0.0,157000.0,0.0,Consumer credit,-1378,
101089,5002638,Closed,currency 1,-52,0,495.0,495.0,,0,347000.0,0.0,12000.0,0.0,Consumer credit,-1974,
101090,5002639,Closed,currency 1,-483,0,811.0,811.0,,0,219000.0,0.0,66000.0,0.0,Consumer credit,-2394,
101092,5002640,Active,currency 1,-2812,0,-696.0,,,0,26000.0,9000.0,1000.0,0.0,Car loan,-653,
101092,5002641,Active,currency 1,-1978,0,-1272.0,,13262.0,0,270000.0,185000.0,14000.0,0.0,Microloan,-1612,
101092,5002642,Closed,currency 1,-464,0,1578.0,1578.0,,0,81000.0,0.0,16000.0,0.0,Consumer credit,-1478,1800.0
101092,5002643,Closed,currency 1,-1310,0,-295.0,-295.0,,0,221000.0,0.0,11000.0,0.0,Car loan,-2289,4300.0
101093,5002644,Closed,currency 1,-2311,0,-1009.0,-1009.0,4423.0,0,454000.0,0.0,180000.0,0.0,Consumer credit,-110,
101097,5002645,Active,currency 1,-923,0,242.0,,942.0,0,481000.0,232000.0,145000.0,0.0,Car loan,-1002,
101097,5002646,Closed,currency 1,-852,0,-109.0,-109.0,418.0,0,771000.0,0.0,16000.0,0.0,Car loan,-2354,
101097,5002647,Closed,currency 1,-2074,0,-1616.0,-1616.0,,0,428000.0,0.0,115000.0,0.0,Credit card,-210,9700.0
101097,5002648,Active,currency 1,-1729,0,-97.0,,,0,182000.0,53000.0,47000.0,0.0,Car loan,-2101,
101099,5002649,Active,currency 1,-2510,0,-489.0,,1154.0,0,966000.0,178000.0,376000.0,0.0,Consumer credit,-1814,
101099,5002650,Active,currency 1,-1627,0,-839.0,,,0,427000.0,301000.0,108000.0,0.0,Credit card,-904,
101100,5002651,Active,currency 1,-896,0,1277.0,,,0,1619000.0,538000.0,444000.0,0.0,Consumer credit,-662,
101100,5002652,Active,currency 1,-2673,0,-859.0,,1519.0,0,109000.0,100000.0,11000.0,0.0,Credit card,-1907,
101100,5002653,Closed,currency 1,-1229,0,-103.0,-103.0,,0,101000.0,0.0,25000.0,0.0,Consumer credit,-1440,
101100,5002654,Closed,currency 1,-270,0,192.0,192.0,,0,258000.0,0.0,59000.0,0.0,Consumer credit,-171,
101100,5002655,Closed,currency 1,-610,0,467.0,467.0,,0,85000.0,0.0,15000.0,0.0,Consumer credit,-359,
101100,5002656,Active,currency 1,-1488,0,-888.0,,,0,240000.0,211000.0,40000.0,0.0,Consumer credit,-1093,
101101,5002657,Closed,currency 1,-2078,0,-500.0,-500.0,,0,124000.0,0.0,49000.0,0.0,Consumer credit,-613,
101101,5002658,Active,currency 1,-2756,0,-2213.0,,,0,445000.0,121000.0,82000.0,0.0,Credit card,-724,
101101,5002659,Closed,currency 1,-1734,0,393.0,393.0,,0,113000.0,0.0,7000.0,0.0,Consumer credit,-1414,
101103,5002660,Active,currency 1,-130,0,1146.0,,,0,182000.0,155000.0,18000.0,0.0,Consumer credit,-1817,
101103,5002661,Closed,currency 1,-2858,0,-1450.0,-1450.0,,0,395000.0,0.0,123000.0,0.0,Consumer credit,-457,6600.0
101103,5002662,Closed,currency 1,-486,0,1371.0,1371.0,,0,961000.0,0.0,293000.0,0.0,Credit card,-1487,55600.0
101104,5002663,Closed,currency 1,-1276,0,-164.0,-164.0,,0,21000.0,0.0,4000.0,0.0,Consumer credit,-945,
101104,5002664,Active,currency 1,-2023,0,-487.0,,3373.0,0,323000.0,88000.0,60000.0,0.0,Consumer credit,-1834,11200.0
101105,5002665,Closed,currency 1,-1886,0,-548.0,-548.0,5340.0,0,325000.0,0.0,60000.0,0.0,Consumer credit,-1741,
101105,5002666,Closed,currency 1,-1727,0,-350.0,-350.0,3188.0,0,174000.0,0.0,66000.0,0.0,Consumer credit,-2013,2900.0
101106,5002667,Closed,currency 1,-1576,0,-1310.0,-1310.0,2826.0,0,79000.0,0.0,27000.0,0.0,Consumer credit,-753,
101106,5002668,Active,currency 1,-1140,0,-751.0,,,0,522000.0,295000.0,13000.0,0.0,Credit card,-648,
101106,5002669,Active,currency 1,-1273,0,-13.0,,,0,381000.0,323000.0,12000.0,0.0,Loan for business development,-1125,
101106,5002670,Closed,currency 1,-2690,0,-1620.0,-1620.0,,0,113000.0,0.0,29000.0,0.0,Credit card,-2303,
101107,5002671,Active,currency 1,-649,0,547.0,,,0,340000.0,81000.0,48000.0,0.0,Credit card,-1338,26100.0
101107,5002672,Closed,currency 1,-666,0,782.0,782.0,,0,322000.0,0.0,81000.0,0.0,Consumer credit,-1947,
101107,5002673,Closed,currency 1,-1164,0,417.0,417.0,,0,183000.0,0.0,30000.0,0.0,Credit card,-5,
101107,5002674,Active,currency 1,-553,0,9.0,,9915.0,0,540000.0,338000.0,87000.0,0.0,Credit card,-1879,10200.0
101108,5002675,Closed,currency 1,-985,0,-624.0,-624.0,,0,388000.0,0.0,141000.0,0.0,Consumer credit,0,
101109,5002676,Active,currency 1,-1204,0,-478.0,,,0,57000.0,10000.0,10000.0,0.0,Consumer credit,-537,1100.0
101109,5002677,Active,currency 1,-751,0,755.0,,,0,112000.0,106000.0,10000.0,0.0,Consumer credit,-1505,
101110,5002678,Closed,currency 1,-1550,0,2.0,2.0,5271.0,0,142000.0,0.0,12000.0,0.0,Consumer credit,-2149,
101111,5002679,Closed,currency 1,-2780,0,-1072.0,-1072.0,,0,54000.0,0.0,3000.0,0.0,Consumer credit,-700,
101112,5002680,Closed,currency 1,-207,0,1393.0,1393.0,,0,161000.0,0.0,63000.0,0.0,Consumer credit,-838,
101112,5002681,Closed,currency 1,-2463,0,-918.0,-918.0,14737.0,0,38000.0,0.0,8000.0,0.0,Credit card,-976,
101112,5002682,Closed,currency 1,-2895,0,-841.0,-841.0,665.0,0,38000.0,0.0,4000.0,0.0,Credit card,-94,
101113,5002683,Closed,currency 1,-233,0,1206.0,1206.0,,0,62000.0,0.0,24000.0,0.0,Car loan,-958,3100.0
101115,5002684,Closed,currency 1,-1460,0,-584.0,-584.0,407.0,0,423000.0,0.0,78000.0,0.0,Consumer credit,-332,8500.0
101115,5002685,Active,currency 1,-2656,0,-1977.0,,,0,368000.0,226000.0,50000.0,0.0,Credit card,-995,
101115,5002686,Active,currency 1,-1322,0,-312.0,,,0,76000.0,23000.0,14000.0,0.0,Consumer credit,-574,
101117,5002687,Active,currency 1,-2347,0,-825.0,,,0,556000.0,202000.0,11000.0,0.0,Consumer credit,-182,
101117,5002688,Active,currency 1,-1168,0,1006.0,,,0,325000.0,206000.0,126000.0,0.0,Consumer credit,-60,5900.0
101117,5002689,Active,currency 1,-280,61,948.0,,383.0,0,803000.0,429000.0,188000.0,40150.0,Car loan,-2089,
101117,5002690,Closed,currency 1,-2872,0,-1840.0,-1840.0,,0,153000.0,0.0,15000.0,0.0,Credit card,-2072,
101119,5002691,Active,currency 1,-1506,0,-515.0,,,0,192000.0,105000.0,21000.0,0.0,Consumer credit,-2365,3700.0
101119,5002692,Closed,currency 1,-75,0,1602.0,1602.0,,0,58000.0,0.0,17000.0,0.0,Credit card,-449,
101119,5002693,Closed,currency 1,-2400,0,-538.0,-538.0,,0,158000.0,0.0,58000.0,0.0,Mortgage,-2038,
101119,5002694,Closed,currency 1,-1196,0,-250.0,-250.0,,0,343000.0,0.0,37000.0,0.0,Credit card,-2426,
101121,5002695,Closed,currency 1,-2799,0,-1993.0,-1993.0,,0,426000.0,0.0,68000.0,0.0,Credit card,-365,
101123,5002696,Active,currency 1,-2504,0,-1226.0,,4507.0,0,17000.0,2000.0,5000.0,0.0,Consumer credit,-2367,
101123,5002697,Closed,currency 1,-1339,0,128.0,128.0,,0,607000.0,0.0,54000.0,0.0,Credit card,-1122,
101125,5002698,Active,currency 1,-2889,0,-1374.0,,,0,653000.0,152000.0,200000.0,0.0,Consumer credit,-1912,12700.0
101125,5002699,Closed,currency 1,-2336,0,-1743.0,-1743.0,3111.0,0,62000.0,0.0,14000.0,0.0,Consumer credit,-481,
101126,5002700,Closed,currency 1,-2152,0,-1727.0,-1727.0,,0,195000.0,0.0,4000.0,0.0,Consumer credit,-1965,
101126,5002701,Closed,currency 1,-625,0,516.0,516.0,1123.0,0,174000.0,0.0,59000.0,0.0,Consumer credit,-2280,
101126,5002702,Closed,currency 1,-1782,0,205.0,205.0,,0,1352000.0,0.0,241000.0,0.0,Credit card,-1535,
101126,5002703,Active,currency 1,-467,0,622.0,,,0,644000.0,328000.0,132000.0,0.0,Consumer credit,-374,
101126,5002704,Closed,currency 1,-1382,0,431.0,431.0,3616.0,0,22000.0,0.0,8000.0,0.0,Consumer credit,-33,
101127,5002705,Closed,currency 1,-2766,0,-2467.0,-2467.0,,0,1070000.0,0.0,340000.0,0.0,Consumer credit,-2263,
101127,5002706,Closed,currency 1,-637,0,300.0,300.0,,0,53000.0,0.0,0.0,0.0,Microloan,-332,
101128,5002707,Closed,currency 1,-2519,0,-1449.0,-1449.0,712.0,0,132000.0,0.0,4000.0,0.0,Credit card,-269,2800.0
101130,5002708,Active,currency 1,-336,0,249.0,,4789.0,0,272000.0,106000.0,24000.0,0.0,Consumer credit,-1760,7700.0
101130,5002709,Closed,currency 1,-1700,0,0.0,0.0,10224.0,0,125000.0,0.0,30000.0,0.0,Car loan,-632,
101130,5002710,Closed,currency 1,-2122,0,-1689.0,-1689.0,1925.0,0,52000.0,0.0,0.0,0.0,Credit card,-461,
101130,5002711,Closed,currency 1,-89,0,851.0,851.0,,0,28000.0,0.0,1000.0,0.0,Consumer credit,-1180,
101131,5002712,Closed,currency 1,-833,0,-244.0,-244.0,,0,290000.0,0.0,51000.0,0.0,Consumer credit,-1301,9000.0
101131,5002713,Closed,currency 1,-968,0,901.0,901.0,12867.0,0,54000.0,0.0,12000.0,0.0,Consumer credit,-577,
101131,5002714,Active,currency 1,-2091,0,-1555.0,,11844.0,0,260000.0,26000.0,83000.0,0.0,Credit card,-1494,5900.0
101131,5002715,Closed,currency 1,-385,0,1243.0,1243.0,,0,31000.0,0.0,6000.0,0.0,Consumer credit,-2447,
101131,5002716,Closed,currency 1,-2131,0,-436.0,-436.0,,0,176000.0,0.0,16000.0,0.0,Consumer credit,-2413,
101132,5002717,Active,currency 1,-1093,0,-243.0,,,0,94000.0,42000.0,5000.0,0.0,Credit card,-2183,
101132,5002718,Closed,currency 1,-1482,0,254.0,254.0,11216.0,0,32000.0,0.0,8000.0,0.0,Consumer credit,-747,
101132,5002719,Active,currency 1,-2213,0,-914.0,,,0,624000.0,122000.0,35000.0,0.0,Consumer credit,-300,
101132,5002720,Active,currency 1,-2569,0,-456.0,,,0,274000.0,57000.0,96000.0,0.0,Credit card,-1305,8500.0
101132,5002721,Closed,currency 1,-1899,0,-209.0,-209.0,,0,35000.0,0.0,7000.0,0.0,Consumer credit,-978,
101133,5002722,Closed,currency 1,-1028,0,-501.0,-501.0,,0,86000.0,0.0,30000.0,0.0,Credit card,-543,
101133,5002723,Closed,currency 1,-516,0,757.0,757.0,,0,114000.0,0.0,43000.0,0.0,Credit card,-2101,
101133,5002724,Closed,currency 1,-2113,0,-1075.0,-1075.0,,0,91000.0,0.0,15000.0,0.0,Consumer credit,-1187,
101133,5002725,Active,currency 1,-2739,0,-768.0,,,0,507000.0,384000.0,50000.0,0.0,Consumer credit,-1646,
101134,5002726,Closed,currency 1,-487,0,-171.0,-171.0,,0,73000.0,0.0,12000.0,0.0,Microloan,-1478,
101134,5002727,Closed,currency 1,-892,0,568.0,568.0,,0,85000.0,0.0,8000.0,0.0,Consumer credit,-2456,
101134,5002728,Closed,currency 1,-1560,0,-1206.0,-1206.0,,0,27000.0,0.0,3000.0,0.0,Consumer credit,-956,
101135,5002729,Closed,currency 1,-638,0,1003.0,1003.0,,0,222000.0,0.0,72000.0,0.0,Consumer credit,-1481,
101135,5002730,Closed,currency 1,-1736,0,55.0,55.0,,0,67000.0,0.0,14000.0,0.0,Credit card,-520,
101135,5002731,Closed,currency 1,-788,0,524.0,524.0,1282.0,0,184000.0,0.0,25000.0,0.0,Credit card,-1610,5600.0
101135,5002732,Closed,currency 1,-2103,0,-1104.0,-1104.0,,0,461000.0,0.0,57000.0,0.0,Consumer credit,-1715,
101137,5002733,Active,currency 1,-2683,0,-1697.0,,9856.0,0,1090000.0,469000.0,350000.0,0.0,Consumer credit,-1999,34700.0
101137,5002734,Closed,currency 1,-1376,0,-898.0,-898.0,20946.0,0,99000.0,0.0,20000.0,0.0,Consumer credit,-1388,4800.0
101137,5002735,Closed,currency 1,-813,0,809.0,809.0,,0,99000.0,0.0,3000.0,0.0,Car loan,-926,
101137,5002736,Closed,currency 1,-2444,0,-965.0,-965.0,,0,145000.0,0.0,41000.0,0.0,Consumer credit,-1572,
101137,5002737,Closed,currency 1,-1266,0,515.0,515.0,3833.0,0,353000.0,0.0,24000.0,0.0,Consumer credit,-850,24700.0
101139,5002738,Closed,currency 1,-1844,0,-468.0,-468.0,453.0,0,351000.0,0.0,70000.0,0.0,Credit card,-1829,17400.0
101139,5002739,Active,currency 1,-2573,0,-1948.0,,,0,153000.0,106000.0,60000.0,0.0,Consumer credit,-1074,
101140,5002740,Active,currency 1,-2448,0,-650.0,,,0,76000.0,56000.0,15000.0,0.0,Consumer credit,-2107,1800.0
101140,5002741,Active,currency 1,-300,0,1754.0,,,0,25000.0,16000.0,7000.0,0.0,Mortgage,-601,
101141,5002742,Closed,currency 1,-2045,0,-1633.0,-1633.0,844.0,0,132000.0,0.0,35000.0,0.0,Consumer credit,-1070,
101141,5002743,Closed,currency 1,-1,0,518.0,518.0,,0,197000.0,0.0,61000.0,0.0,Consumer credit,-2120,
101142,5002744,Closed,currency 1,-2567,0,-419.0,-419.0,,0,38000.0,0.0,4000.0,0.0,Consumer credit,-1485,
101143,5002745,Closed,currency 1,-477,0,941.0,941.0,,1,23000.0,0.0,7000.0,0.0,Consumer credit,-1316,
101144,5002746,Closed,currency 1,-2354,0,-812.0,-812.0,,0,173000.0,0.0,20000.0,0.0,Microloan,-889,
101144,5002747,Closed,currency 1,-2693,0,-2098.0,-2098.0,,0,39000.0,0.0,10000.0,0.0,Credit card,-1861,
101144,5002748,Closed,currency 1,-1471,0,-849.0,-849.0,,0,739000.0,0.0,194000.0,0.0,Consumer credit,-1784,44200.0
101144,5002749,Closed,currency 1,-2559,0,-733.0,-733.0,,0,216000.0,0.0,81000.0,0.0,Consumer credit,-342,
101145,5002750,Closed,currency 1,-2877,0,-1601.0,-1601.0,1675.0,0,21000.0,0.0,5000.0,0.0,Mortgage,-224,400.0
101145,5002751,Active,currency 1,-572,0,537.0,,733.0,0,148000.0,68000.0,53000.0,0.0,Consumer credit,-1669,
101148,5002752,Active,currency 1,-227,0,164.0,,13674.0,0,505000.0,31000.0,108000.0,0.0,Consumer credit,-1195,
101148,5002753,Closed,currency 1,-413,0,-57.0,-57.0,6529.0,0,594000.0,0.0,105000.0,0.0,Credit card,-1046,
101150,5002754,Closed,currency 1,-2146,0,-1651.0,-1651.0,3218.0,0,360000.0,0.0,63000.0,0.0,Credit card,-2452,
101150,5002755,Active,currency 1,-1318,0,546.0,,1252.0,0,46000.0,27000.0,5000.0,0.0,Consumer credit,-1170,
101151,5002756,Closed,currency 1,-842,0,4.0,4.0,3708.0,0,107000.0,0.0,3000.0,0.0,Consumer credit,-1477,
101151,5002757,Closed,currency 1,-2025,0,-164.0,-164.0,837.0,0,144000.0,0.0,53000.0,0.0,Consumer credit,-176,5300.0
101151,5002758,Active,currency 1,-1818,0,-1306.0,,,0,508000.0,90000.0,183000.0,0.0,Credit card,-1969,
101153,5002759,Closed,currency 1,-1666,0,10.0,10.0,,0,252000.0,0.0,33000.0,0.0,Consumer credit,-141,18600.0
101153,5002760,Closed,currency 1,-1917,0,-676.0,-676.0,,0,622000.0,0.0,145000.0,0.0,Credit card,-1108,
101153,5002761,Active,currency 1,-1661,0,449.0,,,0,544000.0,32000.0,56000.0,0.0,Credit card,-1485,
101153,5002762,Closed,currency 1,-1721,0,-674.0,-674.0,,0,264000.0,0.0,52000.0,0.0,Credit card,-849,
101154,5002763,Closed,currency 1,-1515,0,-306.0,-306.0,,0,1652000.0,0.0,386000.0,0.0,Credit card,-524,
101154,5002764,Closed,currency 1,-2736,0,-675.0,-675.0,3660.0,0,76000.0,0.0,7000.0,0.0,Consumer credit,-1809,1500.0
101155,5002765,Closed,currency 1,-2513,0,-1372.0,-1372.0,,0,172000.0,0.0,3000.0,0.0,Consumer credit,-1504,
101155,5002766,Active,currency 1,-1135,0,-603.0,,10816.0,0,119000.0,50000.0,17000.0,0.0,Consumer credit,-2369,
101155,5002767,Active,currency 1,-126,0,1805.0,,,0,84000.0,68000.0,8000.0,0.0,Car loan,-267,
101156,5002768,Active,currency 1,-1723,0,-721.0,,8162.0,0,164000.0,109000.0,14000.0,0.0,Credit card,-45,
101156,5002769,Closed,currency 1,-1324,0,-155.0,-155.0,,0,1956000.0,0.0,768000.0,0.0,Credit card,-544,
101157,5002770,Closed,currency 1,-43,0,1978.0,1978.0,,0,164000.0,0.0,3000.0,0.0,Consumer credit,-821,4600.0
101158,5002771,Closed,currency 1,-2736,0,-637.0,-637.0,3436.0,0,95000.0,0.0,17000.0,0.0,Credit card,-999,
101158,5002772,Closed,currency 1,-705,0,349.0,349.0,,0,122000.0,0.0,11000.0,0.0,Consumer credit,-2009,
101158,5002773,Active,currency 1,-1873,0,-1371.0,,,0,105000.0,11000.0,6000.0,0.0,Consumer credit,-1388,
101159,5002774,Active,currency 1,-1155,0,561.0,,,0,963000.0,795000.0,209000.0,0.0,Credit card,-474,17200.0
101159,5002775,Active,currency 1,-1477,0,-676.0,,,0,198000.0,118000.0,31000.0,0.0,Consumer credit,-2208,
101159,5002776,Closed,currency 1,-2331,15,-930.0,-930.0,,0,381000.0,0.0,17000.0,19050.0,Consumer credit,-762,9500.0
101159,5002777,Active,currency 1,-304,0,184.0,,,0,110000.0,76000.0,12000.0,0.0,Consumer credit,-1230,2600.0
101160,5002778,Active,currency 1,-1096,0,576.0,,2646.0,0,79000.0,7000.0,11000.0,0.0,Consumer credit,-181,
101160,5002779,Closed,currency 1,-2591,0,-1128.0,-1128.0,,0,441000.0,0.0,25000.0,0.0,Consumer credit,-1879,
101160,5002780,Closed,currency 1,-1718,0,-1088.0,-1088.0,,0,344000.0,0.0,70000.0,0.0,Consumer credit,-311,
101160,5002781,Active,currency 1,-1764,0,-161.0,,,0,32000.0,29000.0,0.0,0.0,Consumer credit,-1643,
101160,5002782,Closed,currency 1,-219,0,45.0,45.0,,0,95000.0,0.0,23000.0,0.0,Mortgage,-2057,
101161,5002783,Closed,currency 1,-2460,0,-1982.0,-1982.0,3773.0,0,298000.0,0.0,116000.0,0.0,Consumer credit,-1692,5900.0
101161,5002784,Closed,currency 1,-526,0,209.0,209.0,,0,307000.0,0.0,9000.0,0.0,Credit card,-2223,
101161,5002785,Closed,currency 1,-1319,0,137.0,137.0,,0,521000.0,0.0,112000.0,0.0,Consumer credit,-2059,
101162,5002786,Closed,currency 1,-649,0,734.0,734.0,1876.0,0,268000.0,0.0,90000.0,0.0,Credit card,-2402,
101163,5002787,Active,currency 1,-1002,0,1065.0,,737.0,0,91000.0,77000.0,34000.0,0.0,Consumer credit,-252,
101163,5002788,Closed,currency 1,-1370,0,510.0,510.0,5382.0,0,20000.0,0.0,1000.0,0.0,Microloan,-730,400.0
101164,5002789,Active,currency 1,-2313,0,-1923.0,,,0,223000.0,26000.0,40000.0,0.0,Consumer credit,-371,
101165,5002790,Closed,currency 1,-1865,0,-725.0,-725.0,1346.0,0,56000.0,0.0,17000.0,0.0,Credit card,-836,
101165,5002791,Active,currency 1,-1757,0,-1577.0,,,0,92000.0,73000.0,10000.0,0.0,Consumer credit,-791,
101165,5002792,Closed,currency 1,-2151,0,-1803.0,-1803.0,13498.0,0,13000.0,0.0,2000.0,0.0,Consumer credit,-1295,
101166,5002793,Active,currency 1,-1392,0,-423.0,,,0,131000.0,11000.0,44000.0,0.0,Consumer credit,-721,2200.0
101167,5002794,Active,currency 1,-1431,0,-664.0,,,0,159000.0,23000.0,30000.0,0.0,Consumer credit,-2359,
101167,5002795,Closed,currency 1,-1733,0,-61.0,-61.0,,0,94000.0,0.0,20000.0,0.0,Consumer credit,-1862,
101167,5002796,Closed,currency 1,-1070,0,-275.0,-275.0,,0,446000.0,0.0,169000.0,0.0,Car loan,-2165,15800.0
101168,5002797,Active,currency 1,-734,0,213.0,,,0,101000.0,63000.0,32000.0,0.0,Mortgage,-317,
101168,5002798,Active,currency 1,-395,0,1365.0,,19430.0,0,63000.0,11000.0,25000.0,0.0,Car loan,-1254,1200.0
101168,5002799,Active,currency 1,-2776,0,-652.0,,,0,46000.0,34000.0,13000.0,0.0,Credit card,-80,
101168,5002800,Closed,currency 1,-1233,0,-302.0,-302.0,,0,416000.0,0.0,132000.0,0.0,Consumer credit,-648,
101168,5002801,Closed,currency 1,-1661,0,495.0,495.0,,0,176000.0,0.0,8000.0,0.0,Consumer credit,-1797,4300.0
101168,5002802,Active,currency 1,-255,0,324.0,,,0,344000.0,237000.0,70000.0,0.0,Car loan,-1122,
101169,5002803,Closed,currency 1,-1080,0,959.0,959.0,,0,389000.0,0.0,105000.0,0.0,Consumer credit,-2053,
101170,5002804,Active,currency 1,-2167,0,-1916.0,,2476.0,0,399000.0,85000.0,60000.0,0.0,Credit card,-2380,
101171,5002805,Active,currency 1,-2110,0,-1923.0,,,0,252000.0,193000.0,42000.0,0.0,Consumer credit,-2053,5200.0
101171,5002806,Active,currency 1,-860,0,618.0,,,0,217000.0,195000.0,52000.0,0.0,Consumer credit,-948,10700.0
101171,5002807,Closed,currency 1,-1548,0,-491.0,-491.0,,0,79000.0,0.0,4000.0,0.0,Consumer credit,-1201,
101172,5002808,Closed,currency 1,-2535,87,-1770.0,-1770.0,2203.0,0,152000.0,0.0,21000.0,7600.0,Consumer credit,-2282,
101173,5002809,Closed,currency 1,-2328,0,-975.0,-975.0,,0,1077000.0,0.0,200000.0,0.0,Consumer credit,-1429,
101173,5002810,Closed,currency 1,-2059,0,24.0,24.0,15331.0,0,430000.0,0.0,60000.0,0.0,Consumer credit,-1467,
101174,5002811,Active,currency 1,-2461,0,-2045.0,,,0,232000.0,122000.0,64000.0,0.0,Mortgage,-398,
101174,5002812,Active,currency 1,-553,0,268.0,,,0,678000.0,347000.0,133000.0,0.0,Credit card,-6,
101174,5002813,Closed,currency 1,-1396,0,-258.0,-258.0,,0,462000.0,0.0,174000.0,0.0,Consumer credit,-2260,
101174,5002814,Closed,currency 1,-813,0,732.0,732.0,,0,37000.0,0.0,8000.0,0.0,Microloan,-293,
101176,5002815,Active,currency 1,-1189,0,758.0,,,0,93000.0,60000.0,25000.0,0.0,Consumer credit,-1205,
101176,5002816,Closed,currency 1,-2279,0,-1571.0,-1571.0,,0,40000.0,0.0,6000.0,0.0,Credit card,-1288,1100.0
101176,5002817,Active,currency 1,-88,0,132.0,,285.0,0,41000.0,27000.0,6000.0,0.0,Car loan,-1762,
101176,5002818,Closed,currency 1,-947,0,-709.0,-709.0,11751.0,0,294000.0,0.0,69000.0,0.0,Consumer credit,-189,
101176,5002819,Active,currency 1,-426,0,1563.0,,5533.0,0,179000.0,79000.0,60000.0,0.0,Consumer credit,-1060,
101176,5002820,Active,currency 1,-1745,0,202.0,,,0,179000.0,161000.0,15000.0,0.0,Consumer credit,-1022,9800.0
101176,5002821,Closed,currency 1,-508,0,1411.0,1411.0,,0,1459000.0,0.0,165000.0,0.0,Consumer credit,-1649,
101177,5002822,Active,currency 1,-2542,0,-1439.0,,350.0,0,21000.0,8000.0,8000.0,0.0,Consumer credit,-770,
101177,5002823,Closed,currency 1,-2576,0,-1442.0,-1442.0,,0,138000.0,0.0,19000.0,0.0,Consumer credit,-917,
101178,5002824,Closed,currency 1,-2066,0,35.0,35.0,,0,43000.0,0.0,5000.0,0.0,Loan for business development,-1352,1400.0
101179,5002825,Active,currency 1,-684,0,749.0,,,0,758000.0,236000.0,98000.0,0.0,Credit card,-1442,15200.0
101179,5002826,Closed,currency 1,-1362,0,667.0,667.0,,0,282000.0,0.0,11000.0,0.0,Consumer credit,-1337,
101179,5002827,Closed,currency 1,-80,0,561.0,561.0,21103.0,0,223000.0,0.0,68000.0,0.0,Consumer credit,-626,
101180,5002828,Closed,currency 1,-1217,0,782.0,782.0,,0,150000.0,0.0,18000.0,0.0,Credit card,-1455,
101180,5002829,Closed,currency 1,-741,0,1271.0,1271.0,38762.0,0,493000.0,0.0,89000.0,0.0,Credit card,-469,
101180,5002830,Active,currency 1,-2766,0,-1799.0,,,0,98000.0,34000.0,27000.0,0.0,Consumer credit,-1688,
101180,5002831,Closed,currency 1,-1916,0,65.0,65.0,34633.0,0,748000.0,0.0,112000.0,0.0,Consumer credit,-1556,12900.0
101180,5002832,Closed,currency 1,-470,0,1644.0,1644.0,,0,11000.0,0.0,2000.0,0.0,Consumer credit,-1805,
101180,5002833,Active,currency 1,-1935,0,-604.0,,34960.0,0,391000.0,159000.0,10000.0,0.0,Consumer credit,-14,
101181,5002834,Closed,currency 1,-1226,0,-195.0,-195.0,,0,63000.0,0.0,7000.0,0.0,Credit card,-2179,
101181,5002835,Closed,currency 1,-1547,0,-143.0,-143.0,1449.0,0,291000.0,0.0,103000.0,0.0,Consumer credit,-182,
101181,5002836,Closed,currency 1,-2863,0,-2522.0,-2522.0,16187.0,0,97000.0,0.0,29000.0,0.0,Credit card,-957,
101181,5002837,Closed,currency 1,-1530,0,-615.0,-615.0,668.0,0,39000.0,0.0,8000.0,0.0,Consumer credit,-1809,
101182,5002838,Closed,currency 1,-2262,0,-1899.0,-1899.0,,0,510000.0,0.0,142000.0,0.0,Consumer credit,-285,
101182,5002839,Closed,currency 1,-1009,0,964.0,964.0,,0,186000.0,0.0,38000.0,0.0,Consumer credit,-347,3600.0
101183,5002840,Closed,currency 1,-1593,0,-27.0,-27.0,,0,108000.0,0.0,38000.0,0.0,Credit card,-1393,2100.0
101183,5002841,Active,currency 1,-2758,0,-2578.0,,2157.0,0,357000.0,47000.0,130000.0,0.0,Car loan,-13,
101184,5002842,Active,currency 1,-2251,0,-741.0,,10717.0,0,32000.0,25000.0,6000.0,0.0,Credit card,-1199,
101185,5002843,Active,currency 1,-1229,0,-786.0,,,0,189000.0,32000.0,39000.0,0.0,Credit card,-2389,
101185,5002844,Closed,currency 1,-543,0,1412.0,1412.0,,0,360000.0,0.0,129000.0,0.0,Consumer credit,-215,
101185,5002845,Closed,currency 1,-272,0,-23.0,-23.0,,0,668000.0,0.0,45000.0,0.0,Consumer credit,-375,
101185,5002846,Closed,currency 1,-268,0,1920.0,1920.0,,0,148000.0,0.0,58000.0,0.0,Consumer credit,-811,
101185,5002847,Closed,currency 1,-331,0,37.0,37.0,633.0,0,35000.0,0.0,8000.0,0.0,Consumer credit,-306,
101185,5002848,Closed,currency 1,-145,0,1896.0,1896.0,,0,873000.0,0.0,2000.0,0.0,Credit card,-1039,39700.0
101186,5002849,Closed,currency 1,-1396,163,145.0,145.0,,1,1055000.0,0.0,95000.0,52750.0,Consumer credit,-1750,
101186,5002850,Active,currency 1,-453,0,-60.0,,3102.0,0,14000.0,2000.0,5000.0,0.0,Consumer credit,-375,
101187,5002851,Closed,currency 1,-2894,0,-1599.0,-1599.0,,0,109000.0,0.0,40000.0,0.0,Car loan,-1329,
101187,5002852,Active,currency 1,-324,0,432.0,,,0,31000.0,27000.0,7000.0,0.0,Credit card,-2268,900.0
101187,5002853,Closed,currency 1,-1628,0,-292.0,-292.0,,0,809000.0,0.0,54000.0,0.0,Consumer credit,-1768,43400.0
101187,5002854,Active,currency 1,-507,0,576.0,,,0,122000.0,73000.0,38000.0,0.0,Mortgage,-1583,
101187,5002855,Active,currency 1,-191,0,1479.0,,,0,27000.0,2000.0,9000.0,0.0,Car loan,-1363,
101189,5002856,Closed,currency 1,-2158,0,-759.0,-759.0,30447.0,0,234000.0,0.0,66000.0,0.0,Consumer credit,-104,8100.0
101189,5002857,Closed,currency 1,-1138,0,-210.0,-210.0,,0,691000.0,0.0,191000.0,0.0,Mortgage,-556,24200.0
101189,5002858,Active,currency 1,-2451,0,-1610.0,,4114.0,0,553000.0,446000.0,71000.0,0.0,Credit card,-1172,
101189,5002859,Closed,currency 1,-1913,0,-1326.0,-1326.0,,0,115000.0,0.0,12000.0,0.0,Consumer credit,-2373,
101190,5002860,Active,currency 1,-554,0,268.0,,,0,105000.0,16000.0,16000.0,0.0,Consumer credit,-683,
101190,5002861,Closed,currency 1,-348,0,1566.0,1566.0,,0,131000.0,0.0,3000.0,0.0,Another type of loan,-2372,
101190,5002862,Closed,currency 1,-1577,0,460.0,460.0,,0,143000.0,0.0,43000.0,0.0,Consumer credit,-216,
101190,5002863,Closed,currency 1,-2523,0,-2242.0,-2242.0,473.0,0,500000.0,0.0,61000.0,0.0,Car loan,-839,
101191,5002864,Closed,currency 1,-1682,0,-601.0,-601.0,5195.0,0,277000.0,0.0,95000.0,0.0,Consumer credit,-1155,
101191,5002865,Closed,currency 1,-276,0,1642.0,1642.0,12817.0,0,24000.0,0.0,3000.0,0.0,Consumer credit,-82,800.0
101191,5002866,Closed,currency 1,-1508,0,527.0,527.0,,0,496000.0,0.0,74000.0,0.0,Consumer credit,-1100,
101191,5002867,Active,currency 1,-1469,0,522.0,,,0,477000.0,379000.0,163000.0,0.0,Consumer credit,-740,
101192,5002868,Closed,currency 1,-1015,0,1179.0,1179.0,3775.0,0,422000.0,0.0,66000.0,0.0,Consumer credit,-1537,15400.0
101192,5002869,Closed,currency 1,-2001,0,-22.0,-22.0,,0,140000.0,0.0,53000.0,0.0,Consumer credit,-1111,
101192,5002870,Active,currency 1,-2741,0,-1770.0,,,0,67000.0,34000.0,9000.0,0.0,Consumer credit,-171,
101192,5002871,Closed,currency 1,-1,0,1545.0,1545.0,,0,34000.0,0.0,4000.0,0.0,Credit card,-1246,700.0
101193,5002872,Closed,currency 1,-913,0,1213.0,1213.0,,0,1162000.0,0.0,99000.0,0.0,Car loan,-1248,21700.0
101193,5002873,Active,currency 1,-2152,0,-363.0,,4625.0,0,199000.0,171000.0,69000.0,0.0,Credit card,-1145,
101193,5002874,Closed,currency 1,-1005,0,335.0,335.0,2354.0,0,56000.0,0.0,22000.0,0.0,Credit card,-690,
101194,5002875,Active,currency 1,-2869,0,-1665.0,,,0,88000.0,35000.0,4000.0,0.0,Consumer credit,-318,
101194,5002876,Closed,currency 1,-240,0,1710.0,1710.0,403.0,0,195000.0,0.0,61000.0,0.0,Consumer credit,-121,
101197,5002877,Active,currency 1,-2828,0,-1302.0,,,0,139000.0,27000.0,35000.0,0.0,Consumer credit,-923,2600.0
101197,5002878,Closed,currency 1,-400,0,844.0,844.0,,0,49000.0,0.0,6000.0,0.0,Consumer credit,-504,900.0
101198,5002879,Closed,currency 1,-1492,0,-1290.0,-1290.0,,0,174000.0,0.0,7000.0,0.0,Consumer credit,-443,
101198,5002880,Active,currency 1,-1529,0,223.0,,,0,179000.0,46000.0,68000.0,0.0,Car loan,-2334,5400.0
101198,5002881,Closed,currency 1,-1515,0,-32.0,-32.0,,0,37000.0,0.0,15000.0,0.0,Car loan,-532,
101198,5002882,Closed,currency 1,-540,0,1252.0,1252.0,19258.0,0,67000.0,0.0,16000.0,0.0,Credit card,-855,3600.0
101198,5002883,Closed,currency 1,-1138,0,350.0,350.0,6465.0,0,68000.0,0.0,25000.0,0.0,Consumer credit,-118,1900.0
101199,5002884,Closed,currency 1,-2613,0,-771.0,-771.0,,0,128000.0,0.0,50000.0,0.0,Consumer credit,-2245,
101200,5002885,Active,currency 1,-2797,0,-1481.0,,,0,227000.0,32000.0,36000.0,0.0,Credit card,-350,
101200,5002886,Active,currency 1,-1250,0,-529.0,,,0,308000.0,121000.0,6000.0,0.0,Consumer credit,-2249,
101200,5002887,Closed,currency 1,-2895,0,-1663.0,-1663.0,,0,227000.0,0.0,64000.0,0.0,Credit card,-1128,
101200,5002888,Closed,currency 1,-1053,0,-760.0,-760.0,,0,102000.0,0.0,34000.0,0.0,Consumer credit,-1664,
101200,5002889,Closed,currency 1,-133,0,470.0,470.0,,0,59000.0,0.0,2000.0,0.0,Credit card,-66,
101200,5002890,Closed,currency 1,-1739,0,-558.0,-558.0,,0,249000.0,0.0,47000.0,0.0,Consumer credit,-1728,8900.0
101204,5002891,Closed,currency 1,-2023,0,-655.0,-655.0,,0,23000.0,0.0,8000.0,0.0,Consumer credit,-770,500.0
101204,5002892,Closed,currency 1,-1396,0,-973.0,-973.0,5097.0,0,391000.0,0.0,48000.0,0.0,Consumer credit,-2134,
101206,5002893,Active,currency 1,-149,0,351.0,,990.0,0,337000.0,312000.0,17000.0,0.0,Credit card,-1053,
101206,5002894,Closed,currency 1,-366,0,313.0,313.0,,0,20000.0,0.0,5000.0,0.0,Consumer credit,-2324,
101206,5002895,Closed,currency 1,-2028,0,-150.0,-150.0,,0,77000.0,0.0,2000.0,0.0,Credit card,-723,
101206,5002896,Closed,currency 1,-900,0,533.0,533.0,,0,57000.0,0.0,19000.0,0.0,Consumer credit,-1440,
101207,5002897,Active,currency 1,-1717,0,-363.0,,,0,110000.0,94000.0,7000.0,0.0,Loan for business development,-1683,
101207,5002898,Closed,currency 1,-1102,0,-443.0,-443.0,1000.0,0,52000.0,0.0,5000.0,0.0,Consumer credit,-1312,1200.0
101207,5002899,Closed,currency 1,-2105,0,-149.0,-149.0,806.0,0,91000.0,0.0,16000.0,0.0,Consumer credit,-1022,
101207,5002900,Closed,currency 1,-2217,0,-1225.0,-1225.0,,0,313000.0,0.0,29000.0,0.0,Consumer credit,-1011,
101208,5002901,Closed,currency 1,-1488,0,-568.0,-568.0,,0,396000.0,0.0,108000.0,0.0,Mortgage,-2363,
101208,5002902,Closed,currency 1,-1946,0,156.0,156.0,,0,173000.0,0.0,23000.0,0.0,Credit card,-1125,8200.0
101208,5002903,Closed,currency 1,-1825,0,-675.0,-675.0,,0,56000.0,0.0,20000.0,0.0,Credit card,-995,
101208,5002904,Closed,currency 1,-704,0,-166.0,-166.0,,0,348000.0,0.0,34000.0,0.0,Consumer credit,-1959,
101209,5002905,Closed,currency 1,-447,0,1019.0,1019.0,2678.0,0,134000.0,0.0,50000.0,0.0,Mortgage,-1998,
101209,5002906,Closed,currency 1,-1236,0,-236.0,-236.0,,0,90000.0,0.0,16000.0,0.0,Consumer credit,-388,
101209,5002907,Closed,currency 1,-697,0,1135.0,1135.0,,0,330000.0,0.0,68000.0,0.0,Credit card,-1186,5800.0
101210,5002908,Active,currency 1,-385,0,135.0,,,0,194000.0,168000.0,46000.0,0.0,Another type of loan,-1989,6200.0
101210,5002909,Active,currency 1,-2611,40,-2401.0,,3140.0,0,180000.0,104000.0,45000.0,9000.0,Consumer credit,-646,
101210,5002910,Active,currency 1,-1385,0,585.0,,,0,64000.0,4000.0,15000.0,0.0,Consumer credit,-1940,
101210,5002911,Active,currency 1,-2514,0,-1632.0,,,0,161000.0,105000.0,33000.0,0.0,Credit card,-1333,
101211,5002912,Active,currency 1,-2872,0,-2140.0,,,0,43000.0,29000.0,14000.0,0.0,Consumer credit,-1660,
101211,5002913,Closed,currency 1,-2377,0,-2175.0,-2175.0,3040.0,0,175000.0,0.0,46000.0,0.0,Consumer credit,-2214,
101211,5002914,Active,currency 1,-2478,0,-1155.0,,,0,211000.0,177000.0,34000.0,0.0,Car loan,-2316,
101211,5002915,Closed,currency 1,-285,0,-28.0,-28.0,,0,54000.0,0.0,11000.0,0.0,Consumer credit,-912,1600.0
101211,5002916,Active,currency 1,-1972,0,-783.0,,2151.0,0,728000.0,568000.0,127000.0,0.0,Consumer credit,-23,
101212,5002917,Closed,currency 1,-86,0,1893.0,1893.0,1347.0,0,1470000.0,0.0,448000.0,0.0,Credit card,-969,
101212,5002918,Active,currency 1,-1645,0,-287.0,,,0,51000.0,26000.0,10000.0,0.0,Consumer credit,-2169,
101213,5002919,Closed,currency 1,-691,0,518.0,518.0,,0,78000.0,0.0,5000.0,0.0,Credit card,-1141,2700.0
101215,5002920,Active,currency 1,-2513,0,-1057.0,,,0,112000.0,104000.0,41000.0,0.0,Consumer credit,-2080,8800.0
101215,5002921,Active,currency 1,-362,104,847.0,,,0,423000.0,341000.0,169000.0,21150.0,Consumer credit,-1684,
101215,5002922,Closed,currency 1,-125,0,1270.0,1270.0,79178.0,0,890000.0,0.0,282000.0,0.0,Car loan,-1373,
101216,5002923,Active,currency 1,-2376,0,-781.0,,,0,142000.0,11000.0,41000.0,0.0,Car loan,-933,
101216,5002924,Closed,currency 1,-103,0,1268.0,1268.0,,0,33000.0,0.0,7000.0,0.0,Consumer credit,-1059,1000.0
101221,5002925,Active,currency 1,-1128,0,-199.0,,,0,101000.0,50000.0,34000.0,0.0,Car loan,-2270,
101222,5002926,Closed,currency 1,-1535,0,-894.0,-894.0,959.0,0,150000.0,0.0,47000.0,0.0,Consumer credit,-1731,
101223,5002927,Closed,currency 1,-2864,0,-2188.0,-2188.0,882.0,0,119000.0,0.0,7000.0,0.0,Consumer credit,-2014,2000.0
101223,5002928,Active,currency 1,-1640,0,-51.0,,,0,147000.0,137000.0,39000.0,0.0,Credit card,-19,
101224,5002929,Closed,currency 1,-704,0,894.0,894.0,,0,95000.0,0.0,5000.0,0.0,Credit card,-1748,1700.0
101224,5002930,Active,currency 1,-2792,0,-934.0,,4305.0,0,56000.0,43000.0,19000.0,0.0,Car loan,-549,1400.0
101224,5002931,Active,currency 1,-1075,0,200.0,,,0,44000.0,13000.0,3000.0,0.0,Consumer credit,-1273,1200.0
101225,5002932,Closed,currency 1,-816,0,882.0,882.0,,0,177000.0,0.0,38000.0,0.0,Car loan,-1426,
101225,5002933,Active,currency 1,-2691,0,-527.0,,,0,59000.0,38000.0,0.0,0.0,Consumer credit,-177,
101225,5002934,Active,currency 1,-700,0,1474.0,,,0,97000.0,7000.0,32000.0,0.0,Consumer credit,-1207,2200.0
101226,5002935,Closed,currency 1,-2875,0,-1062.0,-1062.0,,0,29000.0,0.0,6000.0,0.0,Consumer credit,-1356,600.0
101226,5002936,Closed,currency 1,-1970,0,-173.0,-173.0,,0,236000.0,0.0,93000.0,0.0,Credit card,-505,
101226,5002937,Closed,currency 1,-787,0,-474.0,-474.0,,0,66000.0,0.0,9000.0,0.0,Consumer credit,-628,
101227,5002938,Closed,currency 1,-220,0,856.0,856.0,381.0,0,175000.0,0.0,46000.0,0.0,Car loan,-1306,6300.0
101227,5002939,Closed,currency 1,-2608,0,-2274.0,-2274.0,,0,1339000.0,0.0,453000.0,0.0,Consumer credit,-2341,
101227,5002940,Closed,currency 1,-1116,0,304.0,304.0,,0,37000.0,0.0,5000.0,0.0,Car loan,-532,
101227,5002941,Closed,currency 1,-2568,0,-1035.0,-1035.0,,0,583000.0,0.0,80000.0,0.0,Car loan,-2088,
101229,5002942,Closed,currency 1,-1737,0,-501.0,-501.0,,0,77000.0,0.0,11000.0,0.0,Consumer credit,-40,1900.0
101229,5002943,Active,currency 1,-876,0,925.0,,,0,490000.0,357000.0,159000.0,0.0,Credit card,-2155,
101231,5002944,Closed,currency 1,-2740,0,-2515.0,-2515.0,41203.0,0,284000.0,0.0,96000.0,0.0,Credit card,-1297,14700.0
101231,5002945,Closed,currency 1,-1870,0,-792.0,-792.0,,0,274000.0,0.0,81000.0,0.0,Consumer credit,-1716,
101231,5002946,Active,currency 1,-1608,0,241.0,,2902.0,0,173000.0,159000.0,10000.0,0.0,Consumer credit,-708,
101232,5002947,Closed,currency 1,-400,0,1645.0,1645.0,,0,327000.0,0.0,29000.0,0.0,Credit card,-723,18700.0
101232,5002948,Active,currency 1,-917,0,-550.0,,,0,320000.0,176000.0,29000.0,0.0,Consumer credit,-930,
101233,5002949,Active,currency 1,-635,0,1222.0,,1473.0,0,431000.0,103000.0,108000.0,0.0,Consumer credit,-1709,32200.0
101233,5002950,Closed,currency 1,-1405,0,81.0,81.0,21167.0,0,175000.0,0.0,70000.0,0.0,Consumer credit,-43,4800.0
101233,5002951,Closed,currency 1,-2247,0,-1998.0,-1998.0,,0,208000.0,0.0,67000.0,0.0,Consumer credit,-1461,16200.0
101233,5002952,Closed,currency 1,-2587,0,-2201.0,-2201.0,,0,253000.0,0.0,17000.0,0.0,Consumer credit,-2428,
101234,5002953,Active,currency 1,-541,0,657.0,,,1,251000.0,179000.0,24000.0,0.0,Consumer credit,-178,
101234,5002954,Closed,currency 1,-148,0,1111.0,1111.0,,0,821000.0,0.0,287000.0,0.0,Consumer credit,-446,21000.0
101234,5002955,Active,currency 1,-1925,0,-169.0,,2955.0,0,91000.0,83000.0,24000.0,0.0,Consumer credit,-702,
101235,5002956,Active,currency 1,-452,0,585.0,,,0,7333000.0,2198000.0,2221000.0,0.0,Another type of loan,-383,
101235,5002957,Active,currency 1,-1658,0,-47.0,,2515.0,0,44000.0,3000.0,5000.0,0.0,Credit card,-1928,
101235,5002958,Closed,currency 1,-1485,0,29.0,29.0,,0,66000.0,0.0,23000.0,0.0,Consumer credit,-1445,
101235,5002959,Closed,currency 1,-2152,0,-3.0,-3.0,463.0,0,361000.0,0.0,88000.0,0.0,Consumer credit,-1660,
101235,5002960,Closed,currency 1,-1501,0,-54.0,-54.0,,0,196000.0,0.0,28000.0,0.0,Credit card,-2073,3600.0
101235,5002961,Closed,currency 1,-2169,0,-28.0,-28.0,,0,81000.0,0.0,2000.0,0.0,Consumer credit,-1503,
101236,5002962,Closed,currency 1,-1002,0,755.0,755.0,,0,351000.0,0.0,126000.0,0.0,Consumer credit,-277,6100.0
101236,5002963,Active,currency 1,-1066,0,446.0,,,0,17000.0,8000.0,3000.0,0.0,Consumer credit,-1357,
101236,5002964,Active,currency 1,-881,0,669.0,,,0,198000.0,112000.0,36000.0,0.0,Credit card,-2151,
101236,5002965,Closed,currency 1,-2157,0,-764.0,-764.0,9270.0,0,124000.0,0.0,43000.0,0.0,Consumer credit,-2483,2400.0
101237,5002966,Closed,currency 1,-826,0,-91.0,-91.0,,0,1740000.0,0.0,247000.0,0.0,Credit card,-5,62400.0
101237,5002967,Active,currency 1,-1990,0,-423.0,,4374.0,0,349000.0,313000.0,41000.0,0.0,Car loan,-608,18700.0
101238,5002968,Active,currency 1,-233,0,1528.0,,12541.0,0,256000.0,204000.0,3000.0,0.0,Microloan,-2469,
101238,5002969,Closed,currency 1,-739,0,-286.0,-286.0,,0,17000.0,0.0,1000.0,0.0,Credit card,-2499,
101238,5002970,Active,currency 1,-1247,0,-177.0,,,0,121000.0,35000.0,36000.0,0.0,Car loan,-739,8300.0
101238,5002971,Closed,currency 1,-2486,0,-793.0,-793.0,,0,24000.0,0.0,3000.0,0.0,Credit card,-1715,
101239,5002972,Active,currency 1,-1181,0,-115.0,,,0,147000.0,92000.0,36000.0,0.0,Consumer credit,-2247,
101239,5002973,Closed,currency 1,-2117,0,-1728.0,-1728.0,,0,1348000.0,0.0,190000.0,0.0,Credit card,-87,58600.0
101239,5002974,Closed,currency 1,-1882,0,-1653.0,-1653.0,,0,627000.0,0.0,208000.0,0.0,Credit card,-2468,
101239,5002975,Closed,currency 1,-1746,0,6.0,6.0,,0,224000.0,0.0,33000.0,0.0,Credit card,-51,
101239,5002976,Closed,currency 1,-1645,0,542.0,542.0,,0,71000.0,0.0,0.0,0.0,Mortgage,-662,
101240,5002977,Active,currency 1,-317,0,1410.0,,,0,165000.0,121000.0,6000.0,0.0,Car loan,-651,
101240,5002978,Active,currency 1,-1684,0,-887.0,,,0,151000.0,40000.0,21000.0,0.0,Consumer credit,-2186,
101241,5002979,Closed,currency 1,-2588,0,-1219.0,-1219.0,,0,170000.0,0.0,58000.0,0.0,Credit card,-2389,8600.0
101241,5002980,Active,currency 1,-943,0,452.0,,1494.0,0,292000.0,59000.0,74000.0,0.0,Loan for business development,-655,
101241,5002981,Closed,currency 1,-1600,3,37.0,37.0,7449.0,0,477000.0,0.0,171000.0,23850.0,Consumer credit,-1571,
101241,5002982,Active,currency 1,-171,0,1311.0,,,0,117000.0,99000.0,38000.0,0.0,Consumer credit,-1729,
101242,5002983,Closed,currency 1,-699,0,999.0,999.0,3371.0,0,366000.0,0.0,38000.0,0.0,Credit card,-2294,
101242,5002984,Closed,currency 1,-1655,0,-662.0,-662.0,,0,231000.0,0.0,71000.0,0.0,Consumer credit,-342,
101243,5002985,Active,currency 1,-84,0,465.0,,,0,136000.0,120000.0,46000.0,0.0,Car loan,-2085,
101243,5002986,Closed,currency 1,-2150,0,-181.0,-181.0,,0,570000.0,0.0,123000.0,0.0,Consumer credit,-84,
101244,5002987,Closed,currency 1,-944,0,1025.0,1025.0,,0,476000.0,0.0,161000.0,0.0,Consumer credit,-1671,
101244,5002988,Active,currency 1,-307,0,1180.0,,,0,537000.0,75000.0,82000.0,0.0,Car loan,-2385,
101244,5002989,Closed,currency 1,-612,0,239.0,239.0,,0,106000.0,0.0,31000.0,0.0,Credit card,-2135,
101244,5002990,Active,currency 1,-579,0,264.0,,,0,47000.0,25000.0,17000.0,0.0,Consumer credit,-599,
101244,5002991,Closed,currency 1,-1698,0,318.0,318.0,543.0,0,99000.0,0.0,2000.0,0.0,Loan for business development,-2038,
101245,5002992,Closed,currency 1,-763,0,380.0,380.0,4018.0,0,513000.0,0.0,159000.0,0.0,Credit card,-1077,10400.0
101245,5002993,Closed,currency 1,-1416,0,657.0,657.0,,0,34000.0,0.0,1000.0,0.0,Credit card,-65,
101245,5002994,Closed,currency 1,-1669,0,-1468.0,-1468.0,,0,31000.0,0.0,2000.0,0.0,Consumer credit,-1750,
101245,5002995,Closed,currency 1,-1973,0,-371.0,-371.0,6540.0,0,256000.0,0.0,9000.0,0.0,Consumer credit,-838,5200.0
101246,5002996,Active,currency 1,-2075,0,-67.0,,,0,85000.0,54000.0,28000.0,0.0,Consumer credit,-1147,
101246,5002997,Closed,currency 1,-1791,0,-610.0,-610.0,,0,3657000.0,0.0,918000.0,0.0,Consumer credit,-297,
101247,5002998,Active,currency 1,-1883,0,-1657.0,,,0,263000.0,247000.0,86000.0,0.0,Car loan,-735,
101247,5002999,Active,currency 1,-1056,0,1041.0,,,0,1332000.0,764000.0,419000.0,0.0,Another type of loan,-2376,
101247,5003000,Active,currency 1,-808,0,745.0,,,0,334000.0,300000.0,52000.0,0.0,Consumer credit,-1715,
101247,5003001,Closed,currency 1,-1643,0,-1304.0,-1304.0,,0,1714000.0,0.0,622000.0,0.0,Consumer credit,-1606,
101247,5003002,Closed,currency 1,-2103,0,-585.0,-585.0,,0,30000.0,0.0,3000.0,0.0,Consumer credit,-1736,1000.0
101247,5003003,Closed,currency 1,-88,0,1586.0,1586.0,20239.0,0,513000.0,0.0,3000.0,0.0,Consumer credit,-2322,11300.0
101248,5003004,Active,currency 1,-1247,0,-299.0,,,0,98000.0,65000.0,10000.0,0.0,Credit card,-463,
101248,5003005,Closed,currency 1,-135,0,1830.0,1830.0,,0,455000.0,0.0,12000.0,0.0,Consumer credit,-1963,
101248,5003006,Closed,currency 1,-2157,0,-987.0,-987.0,,0,469000.0,0.0,136000.0,0.0,Consumer credit,-2045,8000.0
101249,5003007,Closed,currency 1,-717,0,1464.0,1464.0,44721.0,0,49000.0,0.0,19000.0,0.0,Credit card,-680,1700.0
101249,5003008,Closed,currency 1,-346,0,1136.0,1136.0,,0,45000.0,0.0,8000.0,0.0,Consumer credit,-2333,
101249,5003009,Active,currency 1,-1491,0,-92.0,,,0,27000.0,6000.0,6000.0,0.0,Mortgage,-1739,
101249,5003010,Active,currency 1,-2319,0,-1126.0,,1311.0,0,324000.0,33000.0,7000.0,0.0,Credit card,-1929,
101249,5003011,Active,currency 1,-1287,0,-770.0,,19155.0,0,431000.0,197000.0,98000.0,0.0,Consumer credit,-1792,
101249,5003012,Closed,currency 1,-308,0,1718.0,1718.0,,0,523000.0,0.0,15000.0,0.0,Consumer credit,-457,
101249,5003013,Closed,currency 1,-1041,0,587.0,587.0,,0,34000.0,0.0,3000.0,0.0,Consumer credit,-1091,
101249,5003014,Active,currency 1,-1979,0,-340.0,,,0,979000.0,806000.0,291000.0,0.0,Microloan,-1777,
101250,5003015,Closed,currency 1,-2098,0,-1820.0,-1820.0,1244.0,0,204000.0,0.0,25000.0,0.0,Consumer credit,-918,
101250,5003016,Active,currency 1,-1398,0,-675.0,,,0,12000.0,5000.0,1000.0,0.0,Credit card,-1877,200.0
101250,5003017,Closed,currency 1,-1176,0,-763.0,-763.0,,0,463000.0,0.0,81000.0,0.0,Credit card,-1571,34900.0
101250,5003018,Closed,currency 1,-1227,0,216.0,216.0,,0,829000.0,0.0,123000.0,0.0,Consumer credit,-503,
101251,5003019,Closed,currency 1,-2247,0,-1437.0,-1437.0,,0,321000.0,0.0,89000.0,0.0,Consumer credit,-80,
101251,5003020,Active,currency 1,-1490,0,-615.0,,,0,92000.0,27000.0,16000.0,0.0,Consumer credit,-248,
101251,5003021,Closed,currency 1,-101,0,822.0,822.0,,0,399000.0,0.0,158000.0,0.0,Consumer credit,-1192,
101251,5003022,Closed,currency 1,-2696,0,-1034.0,-1034.0,41042.0,0,137000.0,0.0,10000.0,0.0,Mortgage,-1709,
101251,5003023,Closed,currency 1,-2205,0,-1411.0,-1411.0,,0,1466000.0,0.0,473000.0,0.0,Credit card,-1243,
101251,5003024,Closed,currency 1,-1105,0,472.0,472.0,,0,477000.0,0.0,7000.0,0.0,Consumer credit,-2233,18700.0
101251,5003025,Active,currency 1,-2199,0,-1579.0,,7963.0,0,310000.0,271000.0,50000.0,0.0,Car loan,-281,
101252,5003026,Active,currency 1,-2429,0,-639.0,,,0,143000.0,106000.0,10000.0,0.0,Consumer credit,-484,
101252,5003027,Closed,currency 1,-1382,0,115.0,115.0,,0,38000.0,0.0,10000.0,0.0,Consumer credit,-2435,3100.0
101252,5003028,Active,currency 1,-2720,0,-1718.0,,21100.0,0,63000.0,23000.0,4000.0,0.0,Consumer credit,-2122,
101253,5003029,Closed,currency 1,-107,0,1084.0,1084.0,,0,201000.0,0.0,75000.0,0.0,Credit card,-713,4900.0
101253,5003030,Closed,currency 1,-1638,0,-1277.0,-1277.0,,0,101000.0,0.0,35000.0,0.0,Mortgage,-1795,
101255,5003031,Closed,currency 1,-2481,0,-1908.0,-1908.0,,0,172000.0,0.0,16000.0,0.0,Consumer credit,-800,5400.0
101255,5003032,Closed,currency 1,-1142,0,326.0,326.0,23445.0,0,70000.0,0.0,23000.0,0.0,Consumer credit,-1252,
101255,5003033,Active,currency 1,-214,0,837.0,,,0,29000.0,4000.0,5000.0,0.0,Consumer credit,-756,
101255,5003034,Closed,currency 1,-991,0,205.0,205.0,,0,60000.0,0.0,23000.0,0.0,Consumer credit,-790,4900.0
101256,5003035,Closed,currency 1,-123,0,839.0,839.0,,0,116000.0,0.0,9000.0,0.0,Consumer credit,-1908,
101256,5003036,Active,currency 1,-2096,0,-782.0,,,0,195000.0,177000.0,27000.0,0.0,Car loan,-137,7400.0
101256,5003037,Closed,currency 1,-563,0,1029.0,1029.0,,0,108000.0,0.0,6000.0,0.0,Consumer credit,-1504,
101256,5003038,Closed,currency 1,-1447,0,-715.0,-715.0,,0,199000.0,0.0,3000.0,0.0,Consumer credit,-2002,
101256,5003039,Active,currency 1,-1405,0,-553.0,,2876.0,0,391000.0,176000.0,132000.0,0.0,Consumer credit,-1337,
101257,5003040,Closed,currency 1,-385,0,759.0,759.0,,0,326000.0,0.0,62000.0,0.0,Consumer credit,-257,7900.0
101257,5003041,Active,currency 1,-574,0,1082.0,,,0,341000.0,215000.0,83000.0,0.0,Consumer credit,-1446,
101257,5003042,Closed,currency 1,-2873,0,-1468.0,-1468.0,8994.0,0,61000.0,0.0,18000.0,0.0,Consumer credit,-1329,
101257,5003043,Closed,currency 1,-1192,0,-505.0,-505.0,,0,85000.0,0.0,23000.0,0.0,Consumer credit,-2484,
101257,5003044,Closed,currency 1,-2712,38,-1289.0,-1289.0,,0,543000.0,0.0,96000.0,27150.0,Credit card,-1878,
101258,5003045,Closed,currency 1,-2095,0,-1834.0,-1834.0,,0,101000.0,0.0,30000.0,0.0,Consumer credit,-239,
101259,5003046,Active,currency 1,-1282,0,-921.0,,,0,68000.0,8000.0,23000.0,0.0,Credit card,-2216,
101259,5003047,Closed,currency 1,-764,0,1286.0,1286.0,,0,746000.0,0.0,279000.0,0.0,Consumer credit,-766,
101259,5003048,Closed,currency 1,-876,0,83.0,83.0,,0,30000.0,0.0,0.0,0.0,Car loan,-520,
101259,5003049,Active,currency 1,-2810,0,-1802.0,,,0,59000.0,54000.0,18000.0,0.0,Car loan,-876,
101260,5003050,Closed,currency 1,-2136,0,-1224.0,-1224.0,,0,100000.0,0.0,0.0,0.0,Consumer credit,-445,
101261,5003051,Active,currency 1,-496,0,653.0,,,0,871000.0,374000.0,55000.0,0.0,Consumer credit,-1356,
101262,5003052,Closed,currency 1,-1603,0,11.0,11.0,18518.0,0,504000.0,0.0,21000.0,0.0,Consumer credit,-878,10700.0
101263,5003053,Closed,currency 1,-1953,0,-1201.0,-1201.0,,0,19000.0,0.0,4000.0,0.0,Consumer credit,-2304,300.0
101263,5003054,Active,currency 1,-569,0,1319.0,,,0,105000.0,17000.0,37000.0,0.0,Consumer credit,-2439,
101264,5003055,Closed,currency 1,-1984,0,-73.0,-73.0,,0,212000.0,0.0,27000.0,0.0,Consumer credit,-299,5000.0
101264,5003056,Active,currency 1,-617,0,-118.0,,,0,94000.0,30000.0,14000.0,0.0,Consumer credit,-1379,
101264,5003057,Active,currency 1,-1120,0,-401.0,,,0,246000.0,228000.0,63000.0,0.0,Credit card,-1072,
101264,5003058,Closed,currency 1,-289,0,1140.0,1140.0,,0,14000.0,0.0,5000.0,0.0,Consumer credit,-866,
101264,5003059,Closed,currency 1,-260,0,1362.0,1362.0,375.0,0,521000.0,0.0,0.0,0.0,Consumer credit,-1705,
101265,5003060,Closed,currency 1,-1004,0,-471.0,-471.0,,0,40000.0,0.0,2000.0,0.0,Consumer credit,-383,
101265,5003061,Active,currency 1,-2840,0,-1248.0,,,0,373000.0,45000.0,102000.0,0.0,Car loan,-826,
101266,5003062,Closed,currency 1,-1115,0,689.0,689.0,,0,76000.0,0.0,29000.0,0.0,Consumer credit,-156,
101267,5003063,Active,currency 1,-405,0,702.0,,24335.0,0,289000.0,134000.0,5000.0,0.0,Credit card,-1088,
101267,5003064,Closed,currency 1,-1918,0,-1201.0,-1201.0,,0,319000.0,0.0,9000.0,0.0,Consumer credit,-97,
101268,5003065,Active,currency 1,-683,0,1210.0,,,0,52000.0,14000.0,13000.0,0.0,Consumer credit,-2346,
101269,5003066,Closed,currency 1,-2199,0,-1343.0,-1343.0,,0,298000.0,0.0,42000.0,0.0,Consumer credit,-588,
101269,5003067,Active,currency 1,-1694,0,-939.0,,8913.0,0,109000.0,18000.0,39000.0,0.0,Consumer credit,-946,
101271,5003068,Active,currency 1,-2306,0,-1635.0,,18579.0,0,178000.0,40000.0,30000.0,0.0,Credit card,-2293,
101271,5003069,Closed,currency 1,-236,0,414.0,414.0,,0,68000.0,0.0,10000.0,0.0,Credit card,-1787,
101271,5003070,Closed,currency 1,-2556,0,-1295.0,-1295.0,1971.0,0,219000.0,0.0,36000.0,0.0,Microloan,-711,
101271,5003071,Closed,currency 1,-1732,0,-305.0,-305.0,,0,345000.0,0.0,40000.0,0.0,Consumer credit,-1739,
101272,5003072,Closed,currency 1,-2358,0,-1093.0,-1093.0,,0,116000.0,0.0,31000.0,0.0,Consumer credit,-1908,
101272,5003073,Closed,currency 1,-2859,0,-1440.0,-1440.0,619.0,0,413000.0,0.0,93000.0,0.0,Consumer credit,-1027,27300.0
101272,5003074,Active,currency 1,-2035,0,-1749.0,,,0,95000.0,62000.0,32000.0,0.0,Consumer credit,-1887,
101272,5003075,Closed,currency 1,-1635,0,-1342.0,-1342.0,,0,1008000.0,0.0,142000.0,0.0,Car loan,-1514,
101273,5003076,Closed,currency 1,-1505,0,-26.0,-26.0,3094.0,0,79000.0,0.0,30000.0,0.0,Credit card,-1782,
101273,5003077,Active,currency 1,-1152,0,-424.0,,,0,158000.0,144000.0,1000.0,0.0,Consumer credit,-1809,
101273,5003078,Active,currency 1,-1566,0,-228.0,,,0,418000.0,257000.0,165000.0,0.0,Credit card,-1707,
101274,5003079,Closed,currency 1,-2285,0,-2028.0,-2028.0,,0,54000.0,0.0,16000.0,0.0,Credit card,-1762,2100.0
101275,5003080,Active,currency 1,-765,0,498.0,,,0,76000.0,6000.0,20000.0,0.0,Consumer credit,-1296,
101275,5003081,Closed,currency 1,-1404,0,-188.0,-188.0,,0,44000.0,0.0,16000.0,0.0,Consumer credit,-663,
101275,5003082,Active,currency 1,-2321,0,-1563.0,,,0,184000.0,42000.0,64000.0,0.0,Consumer credit,-964,8600.0
101275,5003083,Active,currency 1,-891,0,498.0,,,0,236000.0,137000.0,3000.0,0.0,Another type of loan,-1551,
101276,5003084,Closed,currency 1,-1907,0,-1608.0,-1608.0,77419.0,0,150000.0,0.0,24000.0,0.0,Another type of loan,-1601,8900.0
101276,5003085,Active,currency 1,-2872,0,-2170.0,,,0,22000.0,16000.0,8000.0,0.0,Consumer credit,-332,
101278,5003086,Closed,currency 1,-2618,0,-1168.0,-1168.0,12981.0,1,638000.0,0.0,35000.0,0.0,Consumer credit,-281,
101278,5003087,Closed,currency 1,-2118,0,-1605.0,-1605.0,,0,140000.0,0.0,21000.0,0.0,Consumer credit,-1986,
101278,5003088,Active,currency 1,-1028,0,-252.0,,3539.0,0,73000.0,68000.0,22000.0,0.0,Consumer credit,-2449,1800.0
101279,5003089,Closed,currency 1,-2611,35,-694.0,-694.0,,0,43000.0,0.0,17000.0,2150.0,Consumer credit,-1786,
101279,5003090,Active,currency 1,-2755,0,-865.0,,6085.0,0,166000.0,30000.0,47000.0,0.0,Consumer credit,-2242,2900.0
101281,5003091,Active,currency 1,-1555,0,-871.0,,,0,213000.0,44000.0,12000.0,0.0,Credit card,-748,
101282,5003092,Closed,currency 1,-2822,0,-2009.0,-2009.0,,0,2998000.0,0.0,910000.0,0.0,Credit card,-1152,51200.0
101282,5003093,Closed,currency 1,-1318,0,59.0,59.0,,0,951000.0,0.0,31000.0,0.0,Consumer credit,-2153,
101282,5003094,Closed,currency 1,-161,0,833.0,833.0,1967.0,0,37000.0,0.0,6000.0,0.0,Credit card,-1236,
101282,5003095,Active,currency 1,-310,0,-3.0,,3851.0,0,34000.0,5000.0,6000.0,0.0,Consumer credit,-1778,2300.0
101282,5003096,Active,currency 1,-952,124,-296.0,,3466.0,0,164000.0,137000.0,5000.0,8200.0,Consumer credit,-359,
101283,5003097,Closed,currency 1,-2069,0,-1173.0,-1173.0,,0,79000.0,0.0,26000.0,0.0,Consumer credit,-622,
101284,5003098,Closed,currency 1,-1183,0,231.0,231.0,,0,151000.0,0.0,7000.0,0.0,Credit card,-2265,11000.0
101284,5003099,Closed,currency 1,-1941,0,-757.0,-757.0,,0,59000.0,0.0,7000.0,0.0,Consumer credit,-1082,
101286,5003100,Closed,currency 1,-2239,0,-596.0,-596.0,,0,921000.0,0.0,172000.0,0.0,Consumer credit,-2233,
101286,5003101,Closed,currency 1,-2516,0,-556.0,-556.0,1525.0,0,84000.0,0.0,15000.0,0.0,Consumer credit,-180,1700.0
101286,5003102,Active,currency 1,-811,0,1214.0,,,0,170000.0,152000.0,49000.0,0.0,Credit card,-6,3800.0
101286,5003103,Closed,currency 1,-96,0,1297.0,1297.0,10760.0,1,35000.0,0.0,10000.0,0.0,Car loan,-1952,
101286,5003104,Closed,currency 1,-30,0,196.0,196.0,,0,607000.0,0.0,59000.0,0.0,Mortgage,-1062,
101287,5003105,Active,currency 1,-1121,0,793.0,,,0,97000.0,18000.0,11000.0,0.0,Consumer credit,-751,3700.0
101287,5003106,Closed,currency 1,-2064,0,-277.0,-277.0,,0,2540000.0,0.0,20000.0,0.0,Car loan,-2474,
101288,5003107,Closed,currency 1,-1715,0,-811.0,-811.0,1980.0,0,310000.0,0.0,71000.0,0.0,Credit card,-49,
101288,5003108,Closed,currency 1,-1683,0,-1071.0,-1071.0,,0,233000.0,0.0,4000.0,0.0,Credit card,-2156,
101288,5003109,Closed,currency 1,-174,0,1984.0,1984.0,168.0,0,7000.0,0.0,0.0,0.0,Credit card,-244,
101289,5003110,Active,currency 1,-322,0,532.0,,,0,2800000.0,716000.0,1053000.0,0.0,Loan for business development,-1494,
101289,5003111,Closed,currency 1,-2572,0,-1004.0,-1004.0,,0,260000.0,0.0,1000.0,0.0,Credit card,-787,
101289,5003112,Active,currency 1,-2061,0,-1037.0,,,0,91000.0,51000.0,29000.0,0.0,Consumer credit,-1202,2100.0
101290,5003113,Active,currency 1,-173,0,514.0,,,0,98000.0,31000.0,5000.0,0.0,Consumer credit,-422,
101290,5003114,Active,currency 1,-2078,0,-1809.0,,,0,132000.0,56000.0,8000.0,0.0,Car loan,-178,
101291,5003115,Active,currency 1,-897,0,-277.0,,,0,437000.0,321000.0,21000.0,0.0,Consumer credit,-1926,28700.0
101292,5003116,Closed,currency 1,-1956,0,-567.0,-567.0,,0,1153000.0,0.0,384000.0,0.0,Consumer credit,-969,
101292,5003117,Active,currency 1,-1813,0,-844.0,,,0,121000.0,11000.0,39000.0,0.0,Consumer credit,-1882,
101292,5003118,Active,currency 1,-686,0,1008.0,,,0,745000.0,287000.0,183000.0,0.0,Credit card,-1634,44700.0
101294,5003119,Active,currency 1,-567,0,60.0,,,0,146000.0,73000.0,33000.0,0.0,Consumer credit,-858,
101294,5003120,Closed,currency 1,-1360,0,323.0,323.0,,0,435000.0,0.0,20000.0,0.0,Consumer credit,-917,
101294,5003121,Closed,currency 1,-949,0,-712.0,-712.0,6795.0,0,84000.0,0.0,7000.0,0.0,Consumer credit,-549,
101295,5003122,Closed,currency 1,-820,0,90.0,90.0,,0,214000.0,0.0,2000.0,0.0,Consumer credit,-934,3700.0
101295,5003123,Closed,currency 1,-2368,0,-2062.0,-2062.0,,0,256000.0,0.0,58000.0,0.0,Consumer credit,-150,4700.0
101295,5003124,Closed,currency 1,-1345,0,-711.0,-711.0,,0,62000.0,0.0,21000.0,0.0,Credit card,-1013,
101296,5003125,Closed,currency 1,-2671,0,-2273.0,-2273.0,,0,111000.0,0.0,25000.0,0.0,Credit card,-598,
101298,5003126,Closed,currency 1,-2496,112,-523.0,-523.0,,0,47000.0,0.0,15000.0,2350.0,Mortgage,-2295,900.0
101299,5003127,Active,currency 1,-2164,0,-844.0,,,0,660000.0,58000.0,166000.0,0.0,Car loan,-79,
101299,5003128,Closed,currency 1,-177,0,354.0,354.0,,0,249000.0,0.0,23000.0,0.0,Consumer credit,-1262,
101300,5003129,Active,currency 1,-1237,0,884.0,,,0,376000.0,169000.0,129000.0,0.0,Consumer credit,-1537,
101300,5003130,Active,currency 1,-2035,0,-1119.0,,,0,1214000.0,866000.0,287000.0,0.0,Credit card,-1629,26000.0
101301,5003131,Closed,currency 1,-1403,0,-209.0,-209.0,,0,21000.0,0.0,7000.0,0.0,Consumer credit,-1638,
101301,5003132,Active,currency 1,-1589,0,282.0,,,0,320000.0,264000.0,115000.0,0.0,Consumer credit,-1485,
101301,5003133,Closed,currency 1,-268,0,1831.0,1831.0,,0,167000.0,0.0,14000.0,0.0,Consumer credit,-957,
101301,5003134,Active,currency 1,-336,0,1438.0,,,0,491000.0,404000.0,75000.0,0.0,Consumer credit,-950,
101301,5003135,Active,currency 1,-60,0,1823.0,,2773.0,0,295000.0,193000.0,109000.0,0.0,Consumer credit,-248,
101301,5003136,Active,currency 1,-1987,0,-1766.0,,,0,300000.0,229000.0,11000.0,0.0,Consumer credit,-2209,
101303,5003137,Active,currency 1,-2081,0,-786.0,,,0,396000.0,121000.0,21000.0,0.0,Consumer credit,-292,
101303,5003138,Closed,currency 1,-2408,0,-648.0,-648.0,2580.0,0,673000.0,0.0,28000.0,0.0,Consumer credit,-1961,
101303,5003139,Closed,currency 1,-2819,0,-2534.0,-2534.0,12218.0,0,589000.0,0.0,177000.0,0.0,Consumer credit,-153,12500.0
101303,5003140,Active,currency 1,-1636,0,485.0,,,0,73000.0,34000.0,14000.0,0.0,Car loan,-244,
101303,5003141,Closed,currency 1,-2876,0,-889.0,-889.0,,0,127000.0,0.0,12000.0,0.0,Consumer credit,-1938,
101303,5003142,Closed,currency 1,-2786,0,-1085.0,-1085.0,2490.0,0,297000.0,0.0,15000.0,0.0,Consumer credit,-2203,6200.0
101303,5003143,Closed,currency 1,-1845,0,-218.0,-218.0,,0,229000.0,0.0,21000.0,0.0,Consumer credit,-1855,5700.0
101304,5003144,Closed,currency 1,-713,0,1268.0,1268.0,,0,61000.0,0.0,4000.0,0.0,Consumer credit,-942,
101306,5003145,Active,currency 1,-681,0,175.0,,,0,40000.0,23000.0,2000.0,0.0,Consumer credit,-69,
101306,5003146,Closed,currency 1,-1545,0,-747.0,-747.0,,0,32000.0,0.0,6000.0,0.0,Consumer credit,-1085,
101308,5003147,Closed,currency 1,-1270,0,902.0,902.0,,0,94000.0,0.0,5000.0,0.0,Credit card,-1074,
101308,5003148,Closed,currency 1,-409,0,-176.0,-176.0,,0,337000.0,0.0,70000.0,0.0,Consumer credit,-1488,
101308,5003149,Active,currency 1,-2289,0,-1433.0,,,0,149000.0,59000.0,43000.0,0.0,Another type of loan,-1775,
101308,5003150,Active,currency 1,-2689,0,-500.0,,,0,16000.0,5000.0,3000.0,0.0,Consumer credit,-1334,
101308,5003151,Closed,currency 1,-221,0,1355.0,1355.0,1452.0,0,44000.0,0.0,11000.0,0.0,Credit card,-2040,
101309,5003152,Closed,currency 1,-394,0,1074.0,1074.0,,0,128000.0,0.0,28000.0,0.0,Consumer credit,-1991,
101309,5003153,Active,currency 1,-625,0,1195.0,,3850.0,0,401000.0,72000.0,57000.0,0.0,Car loan,-57,21000.0
101309,5003154,Closed,currency 1,-419,0,590.0,590.0,,0,104000.0,0.0,21000.0,0.0,Consumer credit,-253,
101310,5003155,Active,currency 1,-204,0,209.0,,,0,106000.0,93000.0,32000.0,0.0,Consumer credit,-386,
101310,5003156,Active,currency 1,-922,0,-196.0,,,0,58000.0,19000.0,3000.0,0.0,Loan for business development,-1543,
101310,5003157,Active,currency 1,-2144,0,-1548.0,,,0,549000.0,256000.0,202000.0,0.0,Consumer credit,-492,9200.0
101310,5003158,Active,currency 1,-2728,0,-1973.0,,,0,221000.0,74000.0,31000.0,0.0,Consumer credit,-433,
101310,5003159,Closed,currency 1,-822,0,-385.0,-385.0,54630.0,0,2246000.0,0.0,96000.0,0.0,Consumer credit,-390,37800.0
101311,5003160,Active,currency 1,-2159,0,-1315.0,,,0,305000.0,73000.0,93000.0,0.0,Consumer credit,-632,
101312,5003161,Active,currency 1,-1456,0,-844.0,,8795.0,0,509000.0,447000.0,105000.0,0.0,Consumer credit,-1553,21800.0
101313,5003162,Active,currency 1,-616,0,-259.0,,,0,282000.0,229000.0,109000.0,0.0,Consumer credit,-583,
101313,5003163,Closed,currency 1,-888,0,-374.0,-374.0,2009.0,0,417000.0,0.0,72000.0,0.0,Consumer credit,-2118,
101314,5003164,Active,currency 1,-1677,0,-9.0,,18468.0,0,43000.0,30000.0,15000.0,0.0,Consumer credit,-1565,
101314,5003165,Closed,currency 1,-1274,0,-147.0,-147.0,,0,40000.0,0.0,13000.0,0.0,Credit card,-1146,
101314,5003166,Closed,currency 1,-521,0,1339.0,1339.0,,0,171000.0,0.0,13000.0,0.0,Consumer credit,-1198,
101314,5003167,Closed,currency 1,-1699,0,-768.0,-768.0,1814.0,0,82000.0,0.0,22000.0,0.0,Consumer credit,-2481,
101314,5003168,Active,currency 1,-750,0,93.0,,4542.0,0,747000.0,223000.0,241000.0,0.0,Car loan,-203,
101314,5003169,Closed,currency 1,-890,104,488.0,488.0,,0,80000.0,0.0,20000.0,4000.0,Credit card,-408,
101314,5003170,Active,currency 1,-2123,0,-1802.0,,,0,310000.0,218000.0,27000.0,0.0,Consumer credit,-2499,12700.0
101315,5003171,Active,currency 1,-2379,0,-929.0,,,0,96000.0,63000.0,25000.0,0.0,Consumer credit,-415,
101316,5003172,Closed,currency 1,-1137,0,371.0,371.0,,0,90000.0,0.0,27000.0,0.0,Consumer credit,-792,
101316,5003173,Closed,currency 1,-1021,0,-734.0,-734.0,,0,7000.0,0.0,2000.0,0.0,Credit card,-1720,300.0
101316,5003174,Closed,currency 1,-2220,0,-1825.0,-1825.0,,0,174000.0,0.0,55000.0,0.0,Microloan,-960,
101317,5003175,Active,currency 1,-2065,0,-542.0,,17296.0,0,115000.0,22000.0,20000.0,0.0,Consumer credit,-588,
101317,5003176,Active,currency 1,-1411,0,-206.0,,,0,96000.0,49000.0,0.0,0.0,Consumer credit,-1105,
101318,5003177,Active,currency 1,-1702,0,329.0,,88713.0,0,100000.0,58000.0,2000.0,0.0,Consumer credit,-2060,
101318,5003178,Active,currency 1,-1083,0,-251.0,,142.0,0,152000.0,101000.0,43000.0,0.0,Consumer credit,-1939,
101318,5003179,Closed,currency 1,-1579,0,-689.0,-689.0,3838.0,0,763000.0,0.0,143000.0,0.0,Credit card,-1031,
101318,5003180,Closed,currency 1,-2153,0,-1652.0,-1652.0,9469.0,0,42000.0,0.0,8000.0,0.0,Credit card,-611,
101319,5003181,Active,currency 1,-833,0,576.0,,,0,367000.0,41000.0,46000.0,0.0,Credit card,-1706,
101319,5003182,Closed,currency 1,-2701,0,-1780.0,-1780.0,,0,1384000.0,0.0,507000.0,0.0,Consumer credit,-775,
101319,5003183,Active,currency 1,-340,0,1472.0,,,0,326000.0,24000.0,68000.0,0.0,Consumer credit,-114,
101320,5003184,Closed,currency 1,-2050,0,-1122.0,-1122.0,,0,199000.0,0.0,45000.0,0.0,Consumer credit,-1856,
101320,5003185,Closed,currency 1,-564,0,467.0,467.0,,0,107000.0,0.0,18000.0,0.0,Consumer credit,-1877,
101320,5003186,Active,currency 1,-1668,0,212.0,,37095.0,0,941000.0,582000.0,229000.0,0.0,Consumer credit,-1695,
101321,5003187,Active,currency 1,-2845,0,-2321.0,,,0,188000.0,11000.0,44000.0,0.0,Consumer credit,0,
101321,5003188,Active,currency 1,-1155,0,360.0,,12161.0,0,99000.0,70000.0,21000.0,0.0,Consumer credit,-2323,
101321,5003189,Closed,currency 1,-1543,0,-346.0,-346.0,,0,29000.0,0.0,3000.0,0.0,Credit card,-765,700.0
101321,5003190,Active,currency 1,-2762,0,-1951.0,,,0,556000.0,465000.0,57000.0,0.0,Loan for business development,-536,11700.0
101321,5003191,Closed,currency 1,-2623,0,-686.0,-686.0,,0,52000.0,0.0,14000.0,0.0,Consumer credit,-2483,1200.0
101322,5003192,Closed,currency 1,-1075,0,-675.0,-675.0,,1,235000.0,0.0,1000.0,0.0,Mortgage,-64,
101322,5003193,Active,currency 1,-805,0,1090.0,,,0,720000.0,671000.0,1000.0,0.0,Consumer credit,-960,
101322,5003194,Closed,currency 1,-156,0,704.0,704.0,3097.0,0,68000.0,0.0,4000.0,0.0,Consumer credit,-2006,
101323,5003195,Active,currency 1,-106,0,1864.0,,4512.0,0,265000.0,15000.0,50000.0,0.0,Car loan,-1788,19900.0
101323,5003196,Closed,currency 1,-1961,0,-1173.0,-1173.0,4448.0,0,102000.0,0.0,39000.0,0.0,Mortgage,-2170,
101325,5003197,Active,currency 1,-415,0,525.0,,2997.0,0,139000.0,40000.0,7000.0,0.0,Consumer credit,-1796,
101325,5003198,Closed,currency 1,-123,0,1680.0,1680.0,,0,338000.0,0.0,111000.0,0.0,Consumer credit,-1430,6900.0
101325,5003199,Active,currency 1,-2638,100,-512.0,,,0,176000.0,39000.0,51000.0,8800.0,Microloan,-1692,
101325,5003200,Closed,currency 1,-947,0,-358.0,-358.0,,0,423000.0,0.0,150000.0,0.0,Credit card,-2057,
101325,5003201,Closed,currency 1,-2339,0,-685.0,-685.0,,0,229000.0,0.0,65000.0,0.0,Another type of loan,-2316,
101325,5003202,Closed,currency 1,-2725,0,-991.0,-991.0,11659.0,0,425000.0,0.0,113000.0,0.0,Credit card,-1071,
101326,5003203,Active,currency 1,-1404,0,544.0,,,0,595000.0,180000.0,51000.0,0.0,Consumer credit,-709,
101326,5003204,Active,currency 1,-1819,0,-484.0,,,0,296000.0,106000.0,62000.0,0.0,Credit card,-952,
101326,5003205,Active,currency 1,-207,0,1933.0,,,0,42000.0,35000.0,6000.0,0.0,Consumer credit,-381,
101327,5003206,Active,currency 1,-2621,0,-2114.0,,,0,198000.0,122000.0,12000.0,0.0,Credit card,-855,
101327,5003207,Closed,currency 1,-1143,0,128.0,128.0,,0,141000.0,0.0,0.0,0.0,Credit card,-977,
101330,5003208,Closed,currency 1,-638,0,1339.0,1339.0,28399.0,0,529000.0,0.0,95000.0,0.0,Consumer credit,-2407,
101330,5003209,Closed,currency 1,-2583,0,-657.0,-657.0,,0,165000.0,0.0,31000.0,0.0,Consumer credit,-1883,3400.0
101330,5003210,Active,currency 1,-2600,0,-899.0,,,0,285000.0,110000.0,34000.0,0.0,Consumer credit,-1462,
101330,5003211,Closed,currency 1,-2081,0,86.0,86.0,,0,268000.0,0.0,51000.0,0.0,Mortgage,-292,4900.0
101330,5003212,Closed,currency 1,-2548,0,-2358.0,-2358.0,,0,124000.0,0.0,15000.0,0.0,Mortgage,-447,
101331,5003213,Active,currency 1,-2034,0,-29.0,,,0,88000.0,71000.0,7000.0,0.0,Consumer credit,-33,
101331,5003214,Closed,currency 1,-264,0,849.0,849.0,,0,187000.0,0.0,28000.0,0.0,Consumer credit,-844,
101331,5003215,Closed,currency 1,-1908,0,-734.0,-734.0,8825.0,0,47000.0,0.0,12000.0,0.0,Consumer credit,-72,
101332,5003216,Closed,currency 1,-1207,0,-26.0,-26.0,15457.0,0,44000.0,0.0,9000.0,0.0,Consumer credit,-1375,
101332,5003217,Closed,currency 1,-2359,0,-1267.0,-1267.0,,0,702000.0,0.0,281000.0,0.0,Credit card,-1299,26100.0
101332,5003218,Closed,currency 1,-1410,0,-487.0,-487.0,,0,196000.0,0.0,48000.0,0.0,Microloan,-2107,10700.0
101332,5003219,Active,currency 1,-731,0,1177.0,,,0,192000.0,10000.0,32000.0,0.0,Consumer credit,-60,4000.0
101332,5003220,Active,currency 1,-1183,0,-132.0,,,0,1180000.0,164000.0,306000.0,0.0,Credit card,-300,47600.0
101332,5003221,Closed,currency 1,-2200,0,-1305.0,-1305.0,3608.0,0,68000.0,0.0,19000.0,0.0,Microloan,-26,
101332,5003222,Closed,currency 1,-582,0,-319.0,-319.0,,0,440000.0,0.0,160000.0,0.0,Consumer credit,-1418,10100.0
101332,5003223,Closed,currency 1,-1181,0,-816.0,-816.0,,0,230000.0,0.0,61000.0,0.0,Consumer credit,-2316,
101335,5003224,Active,currency 1,-23,0,390.0,,,0,1657000.0,1571000.0,635000.0,0.0,Car loan,-485,
101335,5003225,Closed,currency 1,-1737,0,-1159.0,-1159.0,,0,787000.0,0.0,162000.0,0.0,Consumer credit,-776,
101335,5003226,Closed,currency 1,-2838,0,-1399.0,-1399.0,,0,95000.0,0.0,7000.0,0.0,Car loan,-2166,
101335,5003227,Closed,currency 1,-1277,0,-1024.0,-1024.0,,0,255000.0,0.0,97000.0,0.0,Consumer credit,-2179,
101336,5003228,Active,currency 1,-610,0,811.0,,,0,73000.0,68000.0,4000.0,0.0,Another type of loan,-1379,
101336,5003229,Closed,currency 1,-2673,0,-1887.0,-1887.0,1735.0,0,54000.0,0.0,15000.0,0.0,Credit card,-1727,
101337,5003230,Closed,currency 1,-1498,0,-822.0,-822.0,,0,63000.0,0.0,20000.0,0.0,Consumer credit,-910,
101337,5003231,Active,currency 1,-2058,0,-224.0,,,0,180000.0,83000.0,43000.0,0.0,Credit card,-2390,
101338,5003232,Closed,currency 1,-2602,0,-1837.0,-1837.0,,0,159000.0,0.0,20000.0,0.0,Consumer credit,-893,11400.0
101338,5003233,Active,currency 1,-2886,0,-2081.0,,,0,62000.0,43000.0,8000.0,0.0,Consumer credit,-1570,
101338,5003234,Active,currency 1,-2655,0,-1673.0,,,0,1785000.0,483000.0,585000.0,0.0,Credit card,-853,
101338,5003235,Closed,currency 1,-282,0,1514.0,1514.0,,0,95000.0,0.0,21000.0,0.0,Credit card,-1464,
101338,5003236,Active,currency 1,-251,0,1597.0,,3654.0,0,42000.0,5000.0,2000.0,0.0,Consumer credit,-1102,1400.0
101339,5003237,Active,currency 1,-1586,0,-713.0,,,0,304000.0,182000.0,12000.0,0.0,Credit card,-520,
101339,5003238,Closed,currency 1,-707,0,536.0,536.0,,0,116000.0,0.0,23000.0,0.0,Credit card,-135,
101339,5003239,Closed,currency 1,-305,0,779.0,779.0,1376.0,0,67000.0,0.0,15000.0,0.0,Mortgage,-1241,
101339,5003240,Active,currency 1,-2686,0,-1632.0,,21140.0,0,209000.0,128000.0,24000.0,0.0,Another type of loan,-371,
101340,5003241,Active,currency 1,-738,0,569.0,,,1,274000.0,25000.0,102000.0,0.0,Consumer credit,-772,
101340,5003242,Closed,currency 1,-1961,0,-913.0,-913.0,,0,113000.0,0.0,34000.0,0.0,Car loan,-125,
101340,5003243,Closed,currency 1,-172,0,373.0,373.0,13417.0,0,60000.0,0.0,21000.0,0.0,Car loan,-1091,
101341,5003244,Closed,currency 1,-2029,0,66.0,66.0,,0,62000.0,0.0,3000.0,0.0,Credit card,-1760,1300.0
101341,5003245,Active,currency 1,-16,0,1715.0,,,0,166000.0,97000.0,14000.0,0.0,Consumer credit,-1753,11200.0
101341,5003246,Closed,currency 1,-2390,0,-1348.0,-1348.0,2023.0,0,1258000.0,0.0,216000.0,0.0,Consumer credit,-602,21100.0
101342,5003247,Closed,currency 1,-498,0,-201.0,-201.0,,0,114000.0,0.0,3000.0,0.0,Credit card,-1320,
101343,5003248,Closed,currency 1,-88,0,1281.0,1281.0,,0,708000.0,0.0,142000.0,0.0,Car loan,-1784,
101344,5003249,Active,currency 1,-2021,0,-1490.0,,,0,271000.0,144000.0,5000.0,0.0,Credit card,-2427,
101344,5003250,Closed,currency 1,-3,0,516.0,516.0,,0,267000.0,0.0,75000.0,0.0,Consumer credit,-416,
101344,5003251,Active,currency 1,-1134,17,-420.0,,,0,859000.0,120000.0,245000.0,42950.0,Consumer credit,-1408,
101345,5003252,Active,currency 1,-1431,0,-916.0,,4599.0,0,112000.0,21000.0,28000.0,0.0,Consumer credit,-2138,
101345,5003253,Closed,currency 1,-428,0,1327.0,1327.0,,1,139000.0,0.0,3000.0,0.0,Consumer credit,-1027,
101345,5003254,Closed,currency 1,-1562,0,-482.0,-482.0,20963.0,0,321000.0,0.0,4000.0,0.0,Consumer credit,-1145,
101345,5003255,Closed,currency 1,-1869,91,261.0,261.0,,0,119000.0,0.0,9000.0,5950.0,Consumer credit,-755,
101345,5003256,Active,currency 1,-2791,0,-1390.0,,,0,50000.0,19000.0,7000.0,0.0,Credit card,-162,1100.0
101346,5003257,Closed,currency 1,-2451,0,-1722.0,-1722.0,,0,755000.0,0.0,148000.0,0.0,Consumer credit,-698,
101346,5003258,Closed,currency 1,-57,0,1102.0,1102.0,,0,320000.0,0.0,88000.0,0.0,Credit card,-1025,
101346,5003259,Closed,currency 1,-1376,0,532.0,532.0,7479.0,0,74000.0,0.0,0.0,0.0,Consumer credit,-2339,
101346,5003260,Closed,currency 1,-164,0,345.0,345.0,,0,216000.0,0.0,60000.0,0.0,Credit card,-1674,
101346,5003261,Active,currency 1,-2644,0,-1391.0,,30011.0,0,196000.0,136000.0,32000.0,0.0,Consumer credit,-1612,5900.0
101348,5003262,Closed,currency 1,-2734,0,-1147.0,-1147.0,,0,305000.0,0.0,77000.0,0.0,Consumer credit,-118,
101348,5003263,Active,currency 1,-2803,0,-1141.0,,,0,319000.0,160000.0,73000.0,0.0,Consumer credit,-1246,
101348,5003264,Closed,currency 1,-1235,0,-896.0,-896.0,,0,825000.0,0.0,133000.0,0.0,Loan for business development,-350,
101348,5003265,Closed,currency 1,-1942,0,-422.0,-422.0,,0,144000.0,0.0,50000.0,0.0,Consumer credit,-956,
101348,5003266,Closed,currency 1,-1946,0,-1331.0,-1331.0,,0,205000.0,0.0,58000.0,0.0,Consumer credit,-1039,
101348,5003267,Active,currency 1,-1103,0,-710.0,,7923.0,0,586000.0,346000.0,39000.0,0.0,Credit card,-823,
101349,5003268,Closed,currency 1,-376,0,851.0,851.0,10805.0,0,154000.0,0.0,16000.0,0.0,Consumer credit,-968,10500.0
101349,5003269,Active,currency 1,-2346,0,-379.0,,,0,730000.0,657000.0,135000.0,0.0,Credit card,-1565,
101350,5003270,Active,currency 1,-799,0,-281.0,,,0,134000.0,39000.0,14000.0,0.0,Credit card,-1179,
101351,5003271,Closed,currency 1,-110,0,135.0,135.0,,0,78000.0,0.0,7000.0,0.0,Consumer credit,-174,
101352,5003272,Active,currency 1,-110,0,833.0,,,0,25000.0,18000.0,8000.0,0.0,Car loan,-105,
101352,5003273,Closed,currency 1,-1476,0,-1227.0,-1227.0,,0,683000.0,0.0,266000.0,0.0,Credit card,-951,
101352,5003274,Closed,currency 1,-1483,0,-55.0,-55.0,9235.0,0,183000.0,0.0,51000.0,0.0,Mortgage,-725,
101352,5003275,Closed,currency 1,-1847,0,-776.0,-776.0,11575.0,0,1092000.0,0.0,394000.0,0.0,Credit card,-37,
101353,5003276,Closed,currency 1,-2535,0,-629.0,-629.0,312.0,0,234000.0,0.0,5000.0,0.0,Consumer credit,-704,11900.0
101353,5003277,Closed,currency 1,-2565,0,-1357.0,-1357.0,,0,60000.0,0.0,19000.0,0.0,Consumer credit,-901,
101354,5003278,Active,currency 1,-1196,0,-852.0,,,0,246000.0,87000.0,85000.0,0.0,Consumer credit,-63,5200.0
101354,5003279,Closed,currency 1,-1967,0,-266.0,-266.0,829.0,0,39000.0,0.0,10000.0,0.0,Consumer credit,-1523,
101354,5003280,Closed,currency 1,-94,0,168.0,168.0,,0,638000.0,0.0,252000.0,0.0,Consumer credit,-1962,11200.0
101354,5003281,Closed,currency 1,-1142,0,915.0,915.0,,0,425000.0,0.0,141000.0,0.0,Consumer credit,-1299,22200.0
101355,5003282,Closed,currency 1,-43,0,703.0,703.0,7395.0,0,59000.0,0.0,3000.0,0.0,Credit card,-447,1000.0
101355,5003283,Active,currency 1,-2025,90,-585.0,,,0,260000.0,177000.0,87000.0,13000.0,Consumer credit,-755,
101355,5003284,Closed,currency 1,-870,0,647.0,647.0,1894.0,0,83000.0,0.0,2000.0,0.0,Credit card,-2274,
101355,5003285,Active,currency 1,-2690,0,-2314.0,,,0,776000.0,633000.0,128000.0,0.0,Consumer credit,-2064,
101355,5003286,Active,currency 1,-1017,170,721.0,,,0,67000.0,43000.0,12000.0,3350.0,Credit card,-592,
101355,5003287,Closed,currency 1,-1710,0,-261.0,-261.0,,0,144000.0,0.0,18000.0,0.0,Consumer credit,-1583,
101355,5003288,Active,currency 1,-431,0,1095.0,,,0,215000.0,56000.0,42000.0,0.0,Consumer credit,-1488,
101356,5003289,Closed,currency 1,-315,0,37.0,37.0,,0,1063000.0,0.0,26000.0,0.0,Credit card,-183,32200.0
101356,5003290,Closed,currency 1,-1665,46,-1340.0,-1340.0,,0,466000.0,0.0,36000.0,23300.0,Credit card,-332,
101356,5003291,Closed,currency 1,-2276,0,-1481.0,-1481.0,,0,89000.0,0.0,19000.0,0.0,Consumer credit,-19,
101356,5003292,Active,currency 1,-1412,0,555.0,,,0,233000.0,216000.0,88000.0,0.0,Mortgage,-756,4900.0
101356,5003293,Closed,currency 1,-1169,0,-775.0,-775.0,,0,220000.0,0.0,50000.0,0.0,Consumer credit,-724,
101356,5003294,Active,currency 1,-2887,0,-1388.0,,25456.0,0,215000.0,194000.0,43000.0,0.0,Consumer credit,-625,5500.0
101356,5003295,Closed,currency 1,-1144,0,596.0,596.0,,0,142000.0,0.0,19000.0,0.0,Consumer credit,-805,3900.0
101357,5003296,Active,currency 1,-1607,0,-1109.0,,,0,28000.0,2000.0,8000.0,0.0,Consumer credit,-1946,
101358,5003297,Closed,currency 1,-921,0,-577.0,-577.0,,0,378000.0,0.0,8000.0,0.0,Credit card,-888,
101358,5003298,Closed,currency 1,-806,0,558.0,558.0,2835.0,0,590000.0,0.0,17000.0,0.0,Consumer credit,-344,
101358,5003299,Closed,currency 1,-1077,0,-585.0,-585.0,438.0,0,240000.0,0.0,68000.0,0.0,Consumer credit,-1479,
101361,5003300,Closed,currency 1,-684,0,656.0,656.0,35117.0,0,35000.0,0.0,6000.0,0.0,Credit card,-450,
101361,5003301,Closed,currency 1,-2190,0,-1122.0,-1122.0,,0,308000.0,0.0,101000.0,0.0,Consumer credit,-133,
101362,5003302,Closed,currency 1,-1503,0,-380.0,-380.0,,0,58000.0,0.0,8000.0,0.0,Consumer credit,-1210,
101362,5003303,Active,currency 1,-1297,0,-1044.0,,3990.0,0,287000.0,251000.0,86000.0,0.0,Consumer credit,-1644,9800.0
101364,5003304,Active,currency 1,-10,0,1767.0,,,0,314000.0,93000.0,37000.0,0.0,Consumer credit,-1281,21700.0
101364,5003305,Active,currency 1,-1908,0,-1679.0,,,0,151000.0,129000.0,49000.0,0.0,Consumer credit,-1706,
101364,5003306,Closed,currency 1,-2347,0,-1494.0,-1494.0,3035.0,0,418000.0,0.0,65000.0,0.0,Mortgage,-2139,
101364,5003307,Closed,currency 1,-1304,0,299.0,299.0,,0,30000.0,0.0,12000.0,0.0,Credit card,-1396,
101365,5003308,Active,currency 1,-185,0,713.0,,,0,26000.0,25000.0,6000.0,0.0,Car loan,-1123,
101365,5003309,Active,currency 1,-2699,0,-2128.0,,,0,103000.0,71000.0,22000.0,0.0,Consumer credit,-316,
101365,5003310,Active,currency 1,-2384,0,-1476.0,,1090.0,0,232000.0,144000.0,14000.0,0.0,Consumer credit,-894,
101365,5003311,Closed,currency 1,-170,0,1911.0,1911.0,903.0,0,1240000.0,0.0,228000.0,0.0,Consumer credit,-1612,
101365,5003312,Active,currency 1,-2592,0,-682.0,,,0,31000.0,3000.0,2000.0,0.0,Consumer credit,-1223,
101365,5003313,Closed,currency 1,-635,0,-10.0,-10.0,,0,951000.0,0.0,323000.0,0.0,Credit card,-1551,
101365,5003314,Active,currency 1,-1241,0,566.0,,,0,626000.0,418000.0,28000.0,0.0,Consumer credit,-2142,
101366,5003315,Active,currency 1,-2016,0,-1608.0,,6844.0,0,107000.0,66000.0,19000.0,0.0,Consumer credit,-1250,
101366,5003316,Closed,currency 1,-1617,0,-577.0,-577.0,645.0,0,9000.0,0.0,2000.0,0.0,Credit card,-881,
101366,5003317,Closed,currency 1,-2356,0,-1651.0,-1651.0,,0,1033000.0,0.0,216000.0,0.0,Consumer credit,-2012,
101366,5003318,Active,currency 1,-824,0,757.0,,,0,143000.0,116000.0,13000.0,0.0,Car loan,-1172,4100.0
101366,5003319,Closed,currency 1,-2435,0,-470.0,-470.0,,0,465000.0,0.0,118000.0,0.0,Microloan,-68,17000.0
101366,5003320,Active,currency 1,-2545,0,-1027.0,,,0,179000.0,43000.0,43000.0,0.0,Consumer credit,-258,
101366,5003321,Closed,currency 1,-1370,0,205.0,205.0,60386.0,0,62000.0,0.0,23000.0,0.0,Credit card,-760,
101368,5003322,Closed,currency 1,-468,0,32.0,32.0,,0,229000.0,0.0,5000.0,0.0,Consumer credit,-278,
101368,5003323,Closed,currency 1,-1624,0,-58.0,-58.0,839.0,0,85000.0,0.0,26000.0,0.0,Credit card,-449,1400.0
101368,5003324,Closed,currency 1,-1366,0,773.0,773.0,2483.0,0,443000.0,0.0,140000.0,0.0,Credit card,-1495,
101368,5003325,Active,currency 1,-2311,0,-1277.0,,6591.0,0,222000.0,55000.0,87000.0,0.0,Loan for business development,-2188,4900.0
101369,5003326,Active,currency 1,-1668,0,261.0,,,0,676000.0,155000.0,198000.0,0.0,Consumer credit,-2373,
101370,5003327,Active,currency 1,-2546,0,-1188.0,,2140.0,0,214000.0,131000.0,3000.0,0.0,Consumer credit,-1742,
101370,5003328,Active,currency 1,-2741,0,-2529.0,,8199.0,0,5184000.0,4346000.0,462000.0,0.0,Consumer credit,-1228,155500.0
101371,5003329,Active,currency 1,-2134,0,-310.0,,,0,111000.0,44000.0,12000.0,0.0,Consumer credit,-2298,
101372,5003330,Closed,currency 1,-344,0,-116.0,-116.0,,0,420000.0,0.0,100000.0,0.0,Credit card,-986,
101372,5003331,Closed,currency 1,-2726,0,-1001.0,-1001.0,5153.0,0,49000.0,0.0,16000.0,0.0,Consumer credit,-736,
101372,5003332,Closed,currency 1,-15,123,1573.0,1573.0,,0,19000.0,0.0,2000.0,950.0,Credit card,-2185,1500.0
101375,5003333,Closed,currency 1,-2442,0,-1138.0,-1138.0,,0,24000.0,0.0,9000.0,0.0,Consumer credit,-148,600.0
101375,5003334,Closed,currency 1,-2421,0,-919.0,-919.0,,0,50000.0,0.0,0.0,0.0,Another type of loan,-232,
101375,5003335,Active,currency 1,-2094,0,-721.0,,,0,841000.0,693000.0,242000.0,0.0,Microloan,-1663,
101376,5003336,Closed,currency 1,-728,0,-382.0,-382.0,,0,106000.0,0.0,27000.0,0.0,Consumer credit,-350,1900.0
101376,5003337,Closed,currency 1,-1126,0,696.0,696.0,,0,1282000.0,0.0,134000.0,0.0,Consumer credit,-1806,
101377,5003338,Active,currency 1,-400,18,1624.0,,2468.0,0,1336000.0,520000.0,348000.0,66800.0,Consumer credit,-2319,88400.0
101377,5003339,Active,currency 1,-517,0,1051.0,,,0,354000.0,193000.0,3000.0,0.0,Consumer credit,-2118,
101378,5003340,Closed,currency 1,-1881,0,-579.0,-579.0,,0,105000.0,0.0,6000.0,0.0,Consumer credit,-1215,
101378,5003341,Active,currency 1,-1002,0,773.0,,,0,123000.0,38000.0,33000.0,0.0,Consumer credit,-1343,
101378,5003342,Active,currency 1,-268,45,1723.0,,,0,92000.0,74000.0,11000.0,4600.0,Consumer credit,-791,
101379,5003343,Active,currency 1,-842,0,11.0,,,0,340000.0,31000.0,59000.0,0.0,Credit card,-1080,11900.0
101379,5003344,Active,currency 1,-1366,0,171.0,,,0,376000.0,295000.0,147000.0,0.0,Microloan,-2385,11200.0
101379,5003345,Closed,currency 1,-1570,0,233.0,233.0,,0,45000.0,0.0,5000.0,0.0,Consumer credit,-119,
101379,5003346,Closed,currency 1,-2085,0,-1372.0,-1372.0,8742.0,0,183000.0,0.0,26000.0,0.0,Consumer credit,-693,
101380,5003347,Closed,currency 1,-2200,0,-1033.0,-1033.0,15404.0,0,681000.0,0.0,124000.0,0.0,Consumer credit,-1117,14400.0
101380,5003348,Closed,currency 1,-1887,0,-1616.0,-1616.0,2327.0,0,618000.0,0.0,119000.0,0.0,Consumer credit,-987,14900.0
101380,5003349,Closed,currency 1,-1894,0,-251.0,-251.0,,0,76000.0,0.0,8000.0,0.0,Consumer credit,-1322,
101380,5003350,Closed,currency 1,-1931,0,-1148.0,-1148.0,1798.0,0,112000.0,0.0,3000.0,0.0,Credit card,-1597,
101382,5003351,Active,currency 1,-2280,0,-1660.0,,,0,65000.0,55000.0,20000.0,0.0,Credit card,-1320,
101382,5003352,Active,currency 1,-1590,0,-990.0,,3408.0,0,439000.0,146000.0,61000.0,0.0,Credit card,-163,
101382,5003353,Closed,currency 1,-1663,0,-1018.0,-1018.0,38927.0,0,130000.0,0.0,25000.0,0.0,Consumer credit,-2266,
101383,5003354,Closed,currency 1,-2514,0,-2265.0,-2265.0,1042.0,0,524000.0,0.0,90000.0,0.0,Consumer credit,-2084,
101383,5003355,Active,currency 1,-2189,141,-61.0,,,0,1600000.0,1037000.0,148000.0,80000.0,Consumer credit,-2466,108800.0
101383,5003356,Closed,currency 1,-2359,0,-299.0,-299.0,,0,161000.0,0.0,18000.0,0.0,Mortgage,-1143,4600.0
101383,5003357,Active,currency 1,-436,0,763.0,,,0,144000.0,136000.0,26000.0,0.0,Consumer credit,-962,
101383,5003358,Closed,currency 1,-1137,0,-333.0,-333.0,7568.0,0,34000.0,0.0,2000.0,0.0,Consumer credit,-2295,
101384,5003359,Active,currency 1,-1628,0,-569.0,,,0,1070000.0,638000.0,35000.0,0.0,Consumer credit,-2343,28100.0
101385,5003360,Closed,currency 1,-2323,0,-1480.0,-1480.0,,0,199000.0,0.0,42000.0,0.0,Car loan,-2323,4800.0
101385,5003361,Closed,currency 1,-2735,0,-2051.0,-2051.0,,0,591000.0,0.0,93000.0,0.0,Consumer credit,-613,
101385,5003362,Closed,currency 1,-2094,0,-301.0,-301.0,,0,2713000.0,0.0,803000.0,0.0,Consumer credit,-1767,
101386,5003363,Closed,currency 1,-2707,0,-2191.0,-2191.0,,0,83000.0,0.0,4000.0,0.0,Consumer credit,-57,
101386,5003364,Closed,currency 1,-427,0,-95.0,-95.0,,0,284000.0,0.0,85000.0,0.0,Consumer credit,-2360,
101387,5003365,Active,currency 1,-2286,97,-1045.0,,,0,315000.0,120000.0,74000.0,15750.0,Consumer credit,-2234,
101387,5003366,Closed,currency 1,-28,0,1763.0,1763.0,,0,50000.0,0.0,7000.0,0.0,Consumer credit,-2425,1600.0
101388,5003367,Active,currency 1,-333,0,-11.0,,,0,308000.0,37000.0,62000.0,0.0,Credit card,-253,
101388,5003368,Closed,currency 1,-598,0,145.0,145.0,,0,313000.0,0.0,120000.0,0.0,Consumer credit,-1643,10500.0
101388,5003369,Active,currency 1,-289,0,933.0,,,0,55000.0,19000.0,15000.0,0.0,Consumer credit,-1101,
101388,5003370,Active,currency 1,-517,0,127.0,,,0,39000.0,28000.0,5000.0,0.0,Credit card,-2336,
101388,5003371,Closed,currency 1,-2149,0,-1401.0,-1401.0,,0,59000.0,0.0,9000.0,0.0,Consumer credit,-382,
101388,5003372,Active,currency 1,-2663,0,-775.0,,24114.0,0,1133000.0,331000.0,19000.0,0.0,Credit card,-598,
101388,5003373,Active,currency 1,-2472,0,-1828.0,,18298.0,0,457000.0,432000.0,160000.0,0.0,Consumer credit,-2140,
101389,5003374,Closed,currency 1,-126,0,889.0,889.0,,0,792000.0,0.0,301000.0,0.0,Car loan,-262,
101390,5003375,Active,currency 1,-2223,0,-1000.0,,,0,934000.0,267000.0,57000.0,0.0,Consumer credit,-2269,46100.0
101390,5003376,Closed,currency 1,-1686,0,25.0,25.0,10952.0,0,49000.0,0.0,0.0,0.0,Consumer credit,-2186,
101390,5003377,Active,currency 1,-296,0,466.0,,,0,169000.0,136000.0,38000.0,0.0,Consumer credit,-2492,
101391,5003378,Closed,currency 1,-964,0,-215.0,-215.0,,0,83000.0,0.0,5000.0,0.0,Consumer credit,-1389,
101391,5003379,Closed,currency 1,-940,0,1033.0,1033.0,1204.0,0,484000.0,0.0,38000.0,0.0,Credit card,-388,
101391,5003380,Active,currency 1,-373,0,1353.0,,21899.0,0,674000.0,229000.0,185000.0,0.0,Car loan,-1679,
101391,5003381,Active,currency 1,-2425,0,-1364.0,,,0,98000.0,38000.0,30000.0,0.0,Consumer credit,-2298,
101392,5003382,Closed,currency 1,-1754,0,236.0,236.0,,0,414000.0,0.0,10000.0,0.0,Consumer credit,-1670,
101392,5003383,Closed,currency 1,-1398,0,-431.0,-431.0,,0,167000.0,0.0,59000.0,0.0,Consumer credit,-895,3000.0
101392,5003384,Closed,currency 1,-5,0,409.0,409.0,,0,79000.0,0.0,28000.0,0.0,Credit card,-501,
101392,5003385,Active,currency 1,-237,0,460.0,,1782.0,0,1067000.0,882000.0,348000.0,0.0,Consumer credit,-669,
101392,5003386,Closed,currency 1,-1200,0,374.0,374.0,,0,1592000.0,0.0,203000.0,0.0,Consumer credit,-969,
101393,5003387,Closed,currency 1,-143,0,849.0,849.0,,0,118000.0,0.0,8000.0,0.0,Consumer credit,-1813,
101393,5003388,Closed,currency 1,-1509,0,-158.0,-158.0,,0,215000.0,0.0,53000.0,0.0,Consumer credit,-46,
101393,5003389,Closed,currency 1,-1764,0,-797.0,-797.0,,0,248000.0,0.0,80000.0,0.0,Consumer credit,-649,
101393,5003390,Closed,currency 1,-1750,0,-897.0,-897.0,,0,387000.0,0.0,75000.0,0.0,Consumer credit,-145,
101393,5003391,Active,currency 1,-630,0,310.0,,,0,152000.0,90000.0,10000.0,0.0,Consumer credit,-1239,5200.0
101394,5003392,Active,currency 1,-2215,0,-1875.0,,,0,796000.0,245000.0,218000.0,0.0,Consumer credit,-2425,33000.0
101394,5003393,Closed,currency 1,-2585,0,-816.0,-816.0,,0,635000.0,0.0,83000.0,0.0,Consumer credit,-2209,
101394,5003394,Closed,currency 1,-1254,0,-901.0,-901.0,,0,362000.0,0.0,37000.0,0.0,Credit card,-1954,
101395,5003395,Closed,currency 1,-1805,0,82.0,82.0,,0,278000.0,0.0,91000.0,0.0,Car loan,-386,
101395,5003396,Active,currency 1,-2653,0,-836.0,,,0,148000.0,128000.0,58000.0,0.0,Consumer credit,-316,
101397,5003397,Active,currency 1,-322,57,544.0,,,0,98000.0,67000.0,36000.0,4900.0,Consumer credit,-1301,4000.0
101397,5003398,Active,currency 1,-2231,0,-1180.0,,,0,569000.0,38000.0,121000.0,0.0,Consumer credit,-762,
101397,5003399,Closed,currency 1,-183,0,726.0,726.0,4743.0,0,66000.0,0.0,12000.0,0.0,Mortgage,-2400,
101397,5003400,Active,currency 1,-2247,0,-434.0,,566.0,1,148000.0,7000.0,50000.0,0.0,Consumer credit,-932,
101398,5003401,Closed,currency 1,-1995,0,-796.0,-796.0,,0,7000.0,0.0,2000.0,0.0,Credit card,-934,200.0
101399,5003402,Closed,currency 1,-1834,0,-1128.0,-1128.0,1026.0,0,234000.0,0.0,76000.0,0.0,Credit card,-438,
101399,5003403,Closed,currency 1,-2569,0,-504.0,-504.0,,0,78000.0,0.0,30000.0,0.0,Credit card,-2313,1400.0
101399,5003404,Closed,currency 1,-968,0,329.0,329.0,,0,87000.0,0.0,27000.0,0.0,Credit card,-2273,1800.0
101400,5003405,Closed,currency 1,-2756,0,-2549.0,-2549.0,2588.0,0,35000.0,0.0,13000.0,0.0,Credit card,-1832,
101400,5003406,Active,currency 1,-142,0,1314.0,,1395.0,0,516000.0,195000.0,177000.0,0.0,Credit card,-1841,
101400,5003407,Closed,currency 1,-796,0,524.0,524.0,1858.0,0,247000.0,0.0,94000.0,0.0,Consumer credit,-507,
101400,5003408,Closed,currency 1,-2137,0,-1808.0,-1808.0,,0,600000.0,0.0,170000.0,0.0,Consumer credit,-622,
101400,5003409,Active,currency 1,-1140,0,944.0,,,0,55000.0,25000.0,19000.0,0.0,Consumer credit,-1004,1500.0
101401,5003410,Closed,currency 1,-501,0,203.0,203.0,,0,35000.0,0.0,1000.0,0.0,Car loan,-490,
101401,5003411,Active,currency 1,-353,0,539.0,,2437.0,0,85000.0,39000.0,20000.0,0.0,Credit card,-2262,
101401,5003412,Closed,currency 1,-1554,0,-475.0,-475.0,,0,82000.0,0.0,16000.0,0.0,Credit card,-1399,1800.0
101402,5003413,Active,currency 1,-1044,0,1096.0,,,0,129000.0,24000.0,48000.0,0.0,Consumer credit,-414,
101402,5003414,Active,currency 1,-1301,0,-38.0,,,0,288000.0,47000.0,39000.0,0.0,Consumer credit,-1214,
101402,5003415,Closed,currency 1,-1805,0,-566.0,-566.0,,0,48000.0,0.0,2000.0,0.0,Consumer credit,-2074,
101402,5003416,Active,currency 1,-2186,0,-406.0,,,0,288000.0,61000.0,17000.0,0.0,Consumer credit,-211,
101403,5003417,Closed,currency 1,-1236,0,-757.0,-757.0,4318.0,0,129000.0,0.0,48000.0,0.0,Car loan,-2423,2700.0
101403,5003418,Active,currency 1,-1145,0,-281.0,,2718.0,0,23000.0,8000.0,9000.0,0.0,Credit card,-2339,
101404,5003419,Closed,currency 1,-2763,0,-1800.0,-1800.0,,0,164000.0,0.0,36000.0,0.0,Credit card,-2232,
101404,5003420,Closed,currency 1,-841,0,-117.0,-117.0,,0,10000.0,0.0,2000.0,0.0,Credit card,-984,
101404,5003421,Closed,currency 1,-2804,0,-2427.0,-2427.0,2125.0,0,745000.0,0.0,196000.0,0.0,Consumer credit,-1521,41800.0
101406,5003422,Active,currency 1,-1023,0,-280.0,,,0,311000.0,277000.0,98000.0,0.0,Credit card,-1655,
101406,5003423,Active,currency 1,-769,0,1358.0,,283.0,0,44000.0,4000.0,12000.0,0.0,Consumer credit,-844,
101406,5003424,Closed,currency 1,-1282,0,-376.0,-376.0,,0,624000.0,0.0,146000.0,0.0,Credit card,-1315,
101406,5003425,Closed,currency 1,-990,0,862.0,862.0,5478.0,0,318000.0,0.0,75000.0,0.0,Credit card,-478,
101407,5003426,Active,currency 1,-966,0,863.0,,8829.0,0,104000.0,46000.0,21000.0,0.0,Credit card,-1999,
101407,5003427,Closed,currency 1,-291,0,168.0,168.0,1612.0,0,627000.0,0.0,228000.0,0.0,Consumer credit,-1039,
101407,5003428,Closed,currency 1,-1951,0,-1186.0,-1186.0,,0,109000.0,0.0,11000.0,0.0,Consumer credit,-1750,
101407,5003429,Closed,currency 1,-886,0,384.0,384.0,,0,639000.0,0.0,47000.0,0.0,Consumer credit,-988,
101408,5003430,Closed,currency 1,-2282,0,-1956.0,-1956.0,,0,268000.0,0.0,35000.0,0.0,Credit card,-1979,5500.0
101408,5003431,Closed,currency 1,-34,0,1745.0,1745.0,,0,117000.0,0.0,19000.0,0.0,Consumer credit,-2291,
101408,5003432,Closed,currency 1,-1586,0,-537.0,-537.0,,0,39000.0,0.0,11000.0,0.0,Consumer credit,-1481,
101408,5003433,Closed,currency 1,-909,0,150.0,150.0,,0,244000.0,0.0,73000.0,0.0,Consumer credit,-1399,
101408,5003434,Active,currency 1,-963,0,320.0,,,0,156000.0,61000.0,30000.0,0.0,Credit card,-2333,
101409,5003435,Active,currency 1,-1744,0,-328.0,,,0,703000.0,534000.0,141000.0,0.0,Credit card,-2225,
101409,5003436,Closed,currency 1,-2847,0,-2523.0,-2523.0,2148.0,0,268000.0,0.0,77000.0,0.0,Consumer credit,-1414,19200.0
101410,5003437,Active,currency 1,-572,0,1478.0,,,0,1280000.0,674000.0,429000.0,0.0,Consumer credit,-2262,30300.0
101410,5003438,Active,currency 1,-2815,0,-2537.0,,,0,27000.0,22000.0,7000.0,0.0,Consumer credit,-1265,500.0
101410,5003439,Closed,currency 1,-2041,0,-889.0,-889.0,,0,195000.0,0.0,70000.0,0.0,Consumer credit,-133,
101410,5003440,Closed,currency 1,-437,0,874.0,874.0,,0,163000.0,0.0,11000.0,0.0,Consumer credit,-595,
101410,5003441,Closed,currency 1,-1623,0,-1065.0,-1065.0,,0,207000.0,0.0,51000.0,0.0,Consumer credit,-1984,
101411,5003442,Active,currency 1,-1360,0,-910.0,,,0,1173000.0,62000.0,36000.0,0.0,Consumer credit,-856,
101411,5003443,Active,currency 1,-1435,0,-252.0,,,0,82000.0,66000.0,30000.0,0.0,Consumer credit,-1997,
101411,5003444,Active,currency 1,-2374,0,-1898.0,,,0,48000.0,5000.0,16000.0,0.0,Consumer credit,-2177,
101412,5003445,Closed,currency 1,-988,0,-212.0,-212.0,,0,372000.0,0.0,93000.0,0.0,Car loan,-1892,
101412,5003446,Closed,currency 1,-2822,0,-1108.0,-1108.0,3759.0,0,91000.0,0.0,10000.0,0.0,Loan for business development,-1648,
101414,5003447,Active,currency 1,-1245,0,-431.0,,,0,179000.0,102000.0,6000.0,0.0,Consumer credit,-1816,
101414,5003448,Closed,currency 1,-2714,170,-1165.0,-1165.0,,0,20000.0,0.0,4000.0,1000.0,Consumer credit,-2163,
101415,5003449,Closed,currency 1,-1233,0,769.0,769.0,,0,715000.0,0.0,188000.0,0.0,Consumer credit,-1670,50900.0
101415,5003450,Active,currency 1,-1355,0,-161.0,,,0,25000.0,8000.0,8000.0,0.0,Microloan,-2346,800.0
101415,5003451,Closed,currency 1,-1595,0,379.0,379.0,,0,440000.0,0.0,66000.0,0.0,Consumer credit,-95,
101416,5003452,Closed,currency 1,-891,0,812.0,812.0,,0,31000.0,0.0,6000.0,0.0,Mortgage,-2491,
101416,5003453,Closed,currency 1,-1269,0,355.0,355.0,,0,972000.0,0.0,383000.0,0.0,Credit card,-1640,
101416,5003454,Active,currency 1,-2154,0,-1444.0,,,0,124000.0,49000.0,17000.0,0.0,Consumer credit,-578,
101416,5003455,Active,currency 1,-224,0,1820.0,,,0,787000.0,615000.0,22000.0,0.0,Consumer credit,-442,
101416,5003456,Active,currency 1,-2643,0,-1580.0,,,0,149000.0,79000.0,10000.0,0.0,Microloan,-606,
101417,5003457,Active,currency 1,-507,0,1459.0,,,0,860000.0,597000.0,199000.0,0.0,Credit card,-2068,39200.0
101417,5003458,Active,currency 1,-2003,0,-1237.0,,,0,75000.0,58000.0,21000.0,0.0,Consumer credit,-2128,2100.0
101418,5003459,Closed,currency 1,-1926,0,230.0,230.0,,0,160000.0,0.0,64000.0,0.0,Consumer credit,-1473,
101418,5003460,Closed,currency 1,-2430,0,-1560.0,-1560.0,,0,944000.0,0.0,146000.0,0.0,Consumer credit,-1499,
101418,5003461,Closed,currency 1,-411,80,25.0,25.0,10504.0,0,150000.0,0.0,53000.0,7500.0,Mortgage,-2411,
101420,5003462,Closed,currency 1,-622,0,336.0,336.0,,0,119000.0,0.0,27000.0,0.0,Car loan,-1469,3000.0
101421,5003463,Closed,currency 1,-2757,0,-1987.0,-1987.0,,0,813000.0,0.0,169000.0,0.0,Consumer credit,-1181,13900.0
101421,5003464,Closed,currency 1,-53,0,2106.0,2106.0,,0,1031000.0,0.0,407000.0,0.0,Credit card,-2053,23900.0
101421,5003465,Active,currency 1,-1100,0,743.0,,725.0,0,91000.0,27000.0,36000.0,0.0,Consumer credit,-1848,
101421,5003466,Closed,currency 1,-2432,0,-1567.0,-1567.0,,0,569000.0,0.0,203000.0,0.0,Consumer credit,-1214,
101422,5003467,Closed,currency 1,-2690,0,-1991.0,-1991.0,,0,344000.0,0.0,65000.0,0.0,Consumer credit,-749,
101422,5003468,Closed,currency 1,-1608,0,-935.0,-935.0,5249.0,0,154000.0,0.0,32000.0,0.0,Consumer credit,-1240,
101422,5003469,Active,currency 1,-216,0,1409.0,,,0,55000.0,8000.0,5000.0,0.0,Consumer credit,-1611,
101422,5003470,Closed,currency 1,-2049,0,-1349.0,-1349.0,,0,533000.0,0.0,135000.0,0.0,Credit card,-804,
101422,5003471,Closed,currency 1,-647,0,1422.0,1422.0,6026.0,0,512000.0,0.0,196000.0,0.0,Consumer credit,-2193,13600.0
101422,5003472,Closed,currency 1,-531,0,119.0,119.0,,0,499000.0,0.0,163000.0,0.0,Consumer credit,-167,28500.0
101423,5003473,Active,currency 1,-151,0,588.0,,,0,131000.0,21000.0,15000.0,0.0,Consumer credit,-1457,
101423,5003474,Closed,currency 1,-2587,0,-1438.0,-1438.0,,0,144000.0,0.0,17000.0,0.0,Consumer credit,-803,
101423,5003475,Closed,currency 1,-1159,0,-81.0,-81.0,10754.0,0,33000.0,0.0,7000.0,0.0,Consumer credit,-1512,
101423,5003476,Closed,currency 1,-1771,0,-1210.0,-1210.0,,0,118000.0,0.0,33000.0,0.0,Consumer credit,-1094,
101426,5003477,Active,currency 1,-1558,0,-552.0,,,0,545000.0,282000.0,25000.0,0.0,Car loan,-418,
101426,5003478,Active,currency 1,-1618,0,458.0,,,0,307000.0,263000.0,49000.0,0.0,Credit card,-1298,
101427,5003479,Active,currency 1,-2525,0,-1257.0,,,0,120000.0,50000.0,8000.0,0.0,Credit card,-1940,
101427,5003480,Closed,currency 1,-1650,0,-864.0,-864.0,,0,129000.0,0.0,31000.0,0.0,Credit card,-1104,3900.0
101427,5003481,Closed,currency 1,-2307,0,-846.0,-846.0,,0,438000.0,0.0,156000.0,0.0,Consumer credit,-1143,
101428,5003482,Closed,currency 1,-141,0,230.0,230.0,,0,384000.0,0.0,81000.0,0.0,Consumer credit,-2041,
101428,5003483,Closed,currency 1,-2095,0,-539.0,-539.0,,0,1982000.0,0.0,666000.0,0.0,Consumer credit,-1271,
101428,5003484,Closed,currency 1,-502,0,1556.0,1556.0,,0,131000.0,0.0,20000.0,0.0,Consumer credit,-83,3100.0
101428,5003485,Active,currency 1,-1338,0,-746.0,,12921.0,0,64000.0,37000.0,21000.0,0.0,Credit card,-958,
101429,5003486,Closed,currency 1,-27,0,1439.0,1439.0,,0,851000.0,0.0,274000.0,0.0,Consumer credit,-1882,
101429,5003487,Active,currency 1,-926,0,-564.0,,,0,93000.0,73000.0,27000.0,0.0,Consumer credit,-2201,
101429,5003488,Closed,currency 1,-991,0,-209.0,-209.0,,0,1875000.0,0.0,420000.0,0.0,Consumer credit,-1017,
101429,5003489,Closed,currency 1,-1490,0,-522.0,-522.0,,0,260000.0,0.0,22000.0,0.0,Consumer credit,-2165,
101430,5003490,Closed,currency 1,-678,0,-82.0,-82.0,,0,429000.0,0.0,35000.0,0.0,Consumer credit,-176,
101430,5003491,Closed,currency 1,-2316,0,-1454.0,-1454.0,,0,70000.0,0.0,22000.0,0.0,Car loan,-275,1300.0
101430,5003492,Active,currency 1,-1515,0,-303.0,,,0,88000.0,49000.0,25000.0,0.0,Consumer credit,-1738,
101431,5003493,Active,currency 1,-1643,0,-185.0,,,0,60000.0,7000.0,6000.0,0.0,Car loan,-1781,
101431,5003494,Closed,currency 1,-557,0,982.0,982.0,,0,86000.0,0.0,8000.0,0.0,Car loan,-1370,
101431,5003495,Closed,currency 1,-2122,0,-702.0,-702.0,,0,120000.0,0.0,40000.0,0.0,Consumer credit,-276,
101432,5003496,Closed,currency 1,-2450,0,-830.0,-830.0,,0,477000.0,0.0,147000.0,0.0,Mortgage,-381,26300.0
101432,5003497,Closed,currency 1,-2257,0,-1394.0,-1394.0,,0,200000.0,0.0,35000.0,0.0,Credit card,-1879,9000.0
101432,5003498,Active,currency 1,-723,0,769.0,,7021.0,0,369000.0,21000.0,119000.0,0.0,Credit card,-41,
101433,5003499,Closed,currency 1,-2291,0,-797.0,-797.0,,0,23000.0,0.0,3000.0,0.0,Consumer credit,-832,
101433,5003500,Closed,currency 1,-2308,0,-1590.0,-1590.0,,0,708000.0,0.0,189000.0,0.0,Consumer credit,-1854,29400.0
101433,5003501,Closed,currency 1,-430,0,654.0,654.0,,0,1299000.0,0.0,321000.0,0.0,Consumer credit,-667,
101433,5003502,Closed,currency 1,-1792,0,-444.0,-444.0,12763.0,0,168000.0,0.0,32000.0,0.0,Another type of loan,-1797,5500.0
101434,5003503,Active,currency 1,-1279,0,550.0,,4679.0,0,37000.0,5000.0,8000.0,0.0,Consumer credit,-1556,
101434,5003504,Closed,currency 1,-2855,0,-1679.0,-1679.0,,0,308000.0,0.0,115000.0,0.0,Consumer credit,-2112,18500.0
101435,5003505,Closed,currency 1,-484,0,1179.0,1179.0,,0,258000.0,0.0,53000.0,0.0,Consumer credit,-1952,
101435,5003506,Active,currency 1,-472,0,1702.0,,9927.0,0,36000.0,29000.0,2000.0,0.0,Credit card,-1372,
101435,5003507,Closed,currency 1,-1783,0,405.0,405.0,,0,287000.0,0.0,86000.0,0.0,Credit card,-105,
101435,5003508,Closed,currency 1,-2758,0,-725.0,-725.0,16089.0,0,75000.0,0.0,12000.0,0.0,Consumer credit,-2040,
101437,5003509,Closed,currency 1,-5,0,1042.0,1042.0,,0,263000.0,0.0,52000.0,0.0,Credit card,-937,
101437,5003510,Closed,currency 1,-2169,0,-609.0,-609.0,,0,15000.0,0.0,2000.0,0.0,Credit card,-1996,
101438,5003511,Closed,currency 1,-1336,0,493.0,493.0,3358.0,0,163000.0,0.0,11000.0,0.0,Consumer credit,-2205,4900.0
101438,5003512,Closed,currency 1,-1988,0,-306.0,-306.0,,0,53000.0,0.0,16000.0,0.0,Consumer credit,-948,
101438,5003513,Closed,currency 1,-2877,0,-2241.0,-2241.0,6347.0,0,96000.0,0.0,22000.0,0.0,Consumer credit,-1545,
101439,5003514,Closed,currency 1,-1765,0,170.0,170.0,,1,44000.0,0.0,9000.0,0.0,Consumer credit,-685,
101440,5003515,Closed,currency 1,-855,0,56.0,56.0,,0,124000.0,0.0,6000.0,0.0,Consumer credit,-1044,4500.0
101441,5003516,Closed,currency 1,-1880,0,-1427.0,-1427.0,,0,117000.0,0.0,18000.0,0.0,Consumer credit,-1520,
101443,5003517,Closed,currency 1,-1777,0,-211.0,-211.0,,0,705000.0,0.0,102000.0,0.0,Consumer credit,-548,
101443,5003518,Active,currency 1,-346,0,853.0,,,0,87000.0,72000.0,9000.0,0.0,Consumer credit,-205,
101444,5003519,Closed,currency 1,-741,0,-117.0,-117.0,1641.0,0,68000.0,0.0,20000.0,0.0,Consumer credit,-346,
101445,5003520,Active,currency 1,-577,0,1292.0,,,0,53000.0,38000.0,3000.0,0.0,Consumer credit,-74,
101445,5003521,Closed,currency 1,-340,0,1233.0,1233.0,16787.0,0,206000.0,0.0,53000.0,0.0,Consumer credit,-792,
101445,5003522,Closed,currency 1,-1169,0,892.0,892.0,,0,33000.0,0.0,12000.0,0.0,Consumer credit,-908,
101446,5003523,Closed,currency 1,-620,0,603.0,603.0,,0,50000.0,0.0,11000.0,0.0,Loan for business development,-1271,2400.0
101446,5003524,Closed,currency 1,-260,0,-20.0,-20.0,,0,31000.0,0.0,8000.0,0.0,Consumer credit,-2413,
101446,5003525,Active,currency 1,-2435,0,-746.0,,,0,1492000.0,1088000.0,489000.0,0.0,Consumer credit,-1014,57500.0
101446,5003526,Closed,currency 1,-1997,0,-840.0,-840.0,,0,459000.0,0.0,132000.0,0.0,Consumer credit,-1472,
101446,5003527,Closed,currency 1,-1042,0,-203.0,-203.0,4836.0,0,116000.0,0.0,41000.0,0.0,Car loan,-796,
101446,5003528,Active,currency 1,-789,0,1160.0,,6461.0,0,134000.0,31000.0,6000.0,0.0,Consumer credit,-2477,
101446,5003529,Active,currency 1,-1577,0,-772.0,,,0,65000.0,47000.0,17000.0,0.0,Car loan,-1532,
101447,5003530,Active,currency 1,-2237,0,-1052.0,,2748.0,0,46000.0,9000.0,1000.0,0.0,Microloan,-1922,1500.0
101447,5003531,Active,currency 1,-954,0,-94.0,,,0,674000.0,592000.0,70000.0,0.0,Consumer credit,-1546,18800.0
101447,5003532,Closed,currency 1,-2671,0,-2357.0,-2357.0,,0,497000.0,0.0,15000.0,0.0,Credit card,-246,
101447,5003533,Closed,currency 1,-2032,0,-1032.0,-1032.0,,0,441000.0,0.0,154000.0,0.0,Consumer credit,-483,9500.0
101448,5003534,Active,currency 1,-1587,0,-1281.0,,,1,74000.0,34000.0,8000.0,0.0,Consumer credit,-896,1500.0
101449,5003535,Closed,currency 1,-2810,0,-1562.0,-1562.0,,0,584000.0,0.0,60000.0,0.0,Loan for business development,-1360,
101449,5003536,Closed,currency 1,-664,0,323.0,323.0,,0,186000.0,0.0,53000.0,0.0,Car loan,-1752,
101449,5003537,Active,currency 1,-1433,0,-1112.0,,2970.0,0,66000.0,31000.0,17000.0,0.0,Car loan,-108,
101450,5003538,Active,currency 1,-35,0,691.0,,,0,1813000.0,801000.0,674000.0,0.0,Consumer credit,-869,
101450,5003539,Active,currency 1,-914,0,683.0,,,0,43000.0,9000.0,12000.0,0.0,Consumer credit,-2169,
101451,5003540,Active,currency 1,-165,0,1610.0,,,0,83000.0,50000.0,14000.0,0.0,Credit card,-160,2900.0
101451,5003541,Closed,currency 1,-1935,0,-1459.0,-1459.0,,0,346000.0,0.0,126000.0,0.0,Consumer credit,-2099,
101451,5003542,Closed,currency 1,-1962,0,-992.0,-992.0,386.0,0,3462000.0,0.0,380000.0,0.0,Consumer credit,-1465,67400.0
101451,5003543,Closed,currency 1,-2753,0,-1025.0,-1025.0,,0,97000.0,0.0,8000.0,0.0,Consumer credit,-447,
101451,5003544,Closed,currency 1,-1910,0,-360.0,-360.0,7576.0,0,70000.0,0.0,15000.0,0.0,Credit card,-1273,
101452,5003545,Closed,currency 1,-747,0,1316.0,1316.0,,0,333000.0,0.0,104000.0,0.0,Credit card,-138,
101452,5003546,Active,currency 1,-2021,0,-214.0,,,0,207000.0,115000.0,32000.0,0.0,Consumer credit,-1769,4000.0
101452,5003547,Closed,currency 1,-441,66,354.0,354.0,3871.0,0,283000.0,0.0,3000.0,14150.0,Consumer credit,-2194,
101453,5003548,Closed,currency 1,-830,0,-507.0,-507.0,,0,120000.0,0.0,34000.0,0.0,Credit card,-1741,
101453,5003549,Closed,currency 1,-1440,0,-86.0,-86.0,1229.0,0,179000.0,0.0,14000.0,0.0,Consumer credit,-426,
101453,5003550,Closed,currency 1,-2072,0,-795.0,-795.0,,0,187000.0,0.0,17000.0,0.0,Credit card,-647,
101454,5003551,Active,currency 1,-248,0,198.0,,2160.0,0,239000.0,166000.0,61000.0,0.0,Consumer credit,-687,
101454,5003552,Active,currency 1,-1758,0,-1361.0,,,0,108000.0,78000.0,26000.0,0.0,Consumer credit,-1731,3200.0
101454,5003553,Closed,currency 1,-1577,0,608.0,608.0,,0,65000.0,0.0,3000.0,0.0,Consumer credit,-1132,
101455,5003554,Closed,currency 1,-2442,89,-648.0,-648.0,,0,280000.0,0.0,73000.0,14000.0,Consumer credit,-733,10900.0
101455,5003555,Active,currency 1,-1866,0,-1628.0,,,0,260000.0,173000.0,61000.0,0.0,Consumer credit,-43,
101455,5003556,Closed,currency 1,-2655,0,-1316.0,-1316.0,,0,29000.0,0.0,1000.0,0.0,Consumer credit,-2379,
101455,5003557,Closed,currency 1,-489,0,1.0,1.0,3190.0,0,313000.0,0.0,82000.0,0.0,Consumer credit,-1397,
101456,5003558,Closed,currency 1,-1113,0,-314.0,-314.0,33777.0,0,221000.0,0.0,44000.0,0.0,Credit card,-157,
101456,5003559,Closed,currency 1,-1207,0,263.0,263.0,,0,223000.0,0.0,42000.0,0.0,Loan for business development,-77,6000.0
101456,5003560,Closed,currency 1,-2671,0,-2036.0,-2036.0,,0,59000.0,0.0,22000.0,0.0,Credit card,-908,
101456,5003561,Closed,currency 1,-543,0,1150.0,1150.0,,0,117000.0,0.0,9000.0,0.0,Car loan,-1596,3100.0
101456,5003562,Closed,currency 1,-1983,0,-1066.0,-1066.0,,0,94000.0,0.0,6000.0,0.0,Consumer credit,-1163,
101457,5003563,Closed,currency 1,-1208,0,736.0,736.0,,0,159000.0,0.0,3000.0,0.0,Consumer credit,-346,2900.0
101457,5003564,Active,currency 1,-463,0,-32.0,,,0,106000.0,14000.0,18000.0,0.0,Consumer credit,-2329,3200.0
101457,5003565,Closed,currency 1,-399,0,-75.0,-75.0,942.0,0,242000.0,0.0,94000.0,0.0,Microloan,-2402,
101457,5003566,Closed,currency 1,-1118,0,318.0,318.0,9355.0,0,201000.0,0.0,55000.0,0.0,Consumer credit,-1096,
101458,5003567,Closed,currency 1,-490,0,322.0,322.0,,0,157000.0,0.0,30000.0,0.0,Credit card,-4,
101458,5003568,Closed,currency 1,-1981,0,-532.0,-532.0,,0,754000.0,0.0,190000.0,0.0,Consumer credit,-1029,13700.0
101458,5003569,Closed,currency 1,-897,0,588.0,588.0,,0,39000.0,0.0,11000.0,0.0,Consumer credit,-2101,
101459,5003570,Closed,currency 1,-1312,0,74.0,74.0,33287.0,0,286000.0,0.0,105000.0,0.0,Consumer credit,-1781,
101459,5003571,Active,currency 1,-186,0,401.0,,,0,780000.0,680000.0,48000.0,0.0,Consumer credit,-1221,
101459,5003572,Closed,currency 1,-1735,0,216.0,216.0,,0,359000.0,0.0,51000.0,0.0,Credit card,-847,
101459,5003573,Closed,currency 1,-1604,0,-319.0,-319.0,,0,21000.0,0.0,2000.0,0.0,Credit card,-457,
101460,5003574,Closed,currency 1,-1248,0,-225.0,-225.0,,0,104000.0,0.0,15000.0,0.0,Consumer credit,-1666,
101460,5003575,Active,currency 1,-415,0,1611.0,,,0,237000.0,177000.0,31000.0,0.0,Consumer credit,-2447,
101460,5003576,Closed,currency 1,-1611,0,-69.0,-69.0,,0,29000.0,0.0,5000.0,0.0,Consumer credit,-901,
101461,5003577,Closed,currency 1,-2368,0,-2067.0,-2067.0,,0,2967000.0,0.0,124000.0,0.0,Microloan,-2127,200100.0
101461,5003578,Closed,currency 1,-2574,81,-417.0,-417.0,,0,51000.0,0.0,7000.0,2550.0,Consumer credit,-864,
101461,5003579,Closed,currency 1,-1960,0,28.0,28.0,,0,124000.0,0.0,15000.0,0.0,Consumer credit,-1693,
101461,5003580,Closed,currency 1,-2170,0,-1852.0,-1852.0,,0,120000.0,0.0,31000.0,0.0,Consumer credit,-784,
101462,5003581,Active,currency 1,-14,0,484.0,,,0,561000.0,80000.0,92000.0,0.0,Credit card,-277,
101462,5003582,Closed,currency 1,-223,0,1805.0,1805.0,,0,144000.0,0.0,53000.0,0.0,Consumer credit,-952,4000.0
101466,5003583,Closed,currency 1,-1492,0,58.0,58.0,2952.0,0,172000.0,0.0,12000.0,0.0,Car loan,-1471,4200.0
101466,5003584,Closed,currency 1,-1238,0,245.0,245.0,,0,712000.0,0.0,8000.0,0.0,Consumer credit,-2194,
101466,5003585,Closed,currency 1,-999,0,641.0,641.0,,0,61000.0,0.0,21000.0,0.0,Consumer credit,-2034,
101466,5003586,Closed,currency 1,-274,0,384.0,384.0,,0,1143000.0,0.0,433000.0,0.0,Consumer credit,-460,
101466,5003587,Closed,currency 1,-2262,0,-945.0,-945.0,,0,48000.0,0.0,14000.0,0.0,Credit card,-2030,
101466,5003588,Closed,currency 1,-1342,0,226.0,226.0,,0,41000.0,0.0,10000.0,0.0,Microloan,-1968,
101467,5003589,Closed,currency 1,-2674,0,-2233.0,-2233.0,1866.0,0,48000.0,0.0,5000.0,0.0,Consumer credit,-1755,
101467,5003590,Closed,currency 1,-739,0,882.0,882.0,,0,123000.0,0.0,35000.0,0.0,Credit card,-207,
101467,5003591,Active,currency 1,-322,0,867.0,,5688.0,0,181000.0,151000.0,14000.0,0.0,Consumer credit,-1967,
101468,5003592,Closed,currency 1,-975,0,875.0,875.0,8449.0,0,279000.0,0.0,24000.0,0.0,Consumer credit,-1396,
101468,5003593,Closed,currency 1,-154,0,1916.0,1916.0,2080.0,0,120000.0,0.0,32000.0,0.0,Consumer credit,-2176,
101468,5003594,Closed,currency 1,-2387,0,-1806.0,-1806.0,,0,74000.0,0.0,2000.0,0.0,Credit card,-1535,
101468,5003595,Closed,currency 1,-826,0,742.0,742.0,7275.0,0,150000.0,0.0,43000.0,0.0,Credit card,-664,
101470,5003596,Closed,currency 1,-1430,0,261.0,261.0,,0,546000.0,0.0,180000.0,0.0,Consumer credit,-507,9600.0
101470,5003597,Closed,currency 1,-1408,0,705.0,705.0,,0,129000.0,0.0,4000.0,0.0,Credit card,-1666,
101470,5003598,Active,currency 1,-2302,0,-1535.0,,18627.0,0,269000.0,76000.0,15000.0,0.0,Consumer credit,-2330,
101470,5003599,Closed,currency 1,-2303,0,-1245.0,-1245.0,,0,529000.0,0.0,131000.0,0.0,Consumer credit,-1800,
101470,5003600,Closed,currency 1,-792,0,535.0,535.0,,0,65000.0,0.0,8000.0,0.0,Credit card,-296,
101470,5003601,Active,currency 1,-92,0,1615.0,,365.0,0,123000.0,38000.0,29000.0,0.0,Consumer credit,-696,
101473,5003602,Closed,currency 1,-1120,0,-552.0,-552.0,,0,787000.0,0.0,8000.0,0.0,Consumer credit,-189,49200.0
101473,5003603,Closed,currency 1,-2313,18,-821.0,-821.0,,0,67000.0,0.0,6000.0,3350.0,Consumer credit,-2345,
101473,5003604,Active,currency 1,-1302,0,-664.0,,,0,269000.0,31000.0,106000.0,0.0,Credit card,-1424,
101474,5003605,Closed,currency 1,-272,0,250.0,250.0,,0,1374000.0,0.0,345000.0,0.0,Consumer credit,-1611,44800.0
101474,5003606,Closed,currency 1,-22,0,647.0,647.0,,0,119000.0,0.0,5000.0,0.0,Consumer credit,-968,3300.0
101476,5003607,Closed,currency 1,-53,0,1446.0,1446.0,,0,212000.0,0.0,10000.0,0.0,Consumer credit,-801,
101476,5003608,Closed,currency 1,-317,0,1216.0,1216.0,,0,38000.0,0.0,7000.0,0.0,Consumer credit,-1572,700.0
101476,5003609,Closed,currency 1,-863,0,985.0,985.0,1152.0,0,198000.0,0.0,53000.0,0.0,Credit card,-1389,3600.0
101476,5003610,Closed,currency 1,-1986,0,-283.0,-283.0,,0,252000.0,0.0,74000.0,0.0,Consumer credit,-730,5800.0
101476,5003611,Closed,currency 1,-845,0,491.0,491.0,,0,577000.0,0.0,26000.0,0.0,Credit card,-2270,
101477,5003612,Active,currency 1,-2683,0,-2021.0,,2335.0,0,49000.0,42000.0,6000.0,0.0,Consumer credit,-2098,1000.0
101478,5003613,Active,currency 1,-1689,0,-1141.0,,,0,250000.0,157000.0,1000.0,0.0,Credit card,-1732,
101478,5003614,Closed,currency 1,-1744,0,-1378.0,-1378.0,1646.0,0,293000.0,0.0,18000.0,0.0,Consumer credit,-292,21400.0
101478,5003615,Closed,currency 1,-1990,0,-240.0,-240.0,,0,265000.0,0.0,13000.0,0.0,Consumer credit,-1480,7300.0
101478,5003616,Closed,currency 1,-8,0,945.0,945.0,,0,693000.0,0.0,162000.0,0.0,Credit card,-1455,
101479,5003617,Active,currency 1,-2863,0,-1030.0,,,0,1363000.0,720000.0,448000.0,0.0,Credit card,-1396,22900.0
101480,5003618,Closed,currency 1,-81,0,264.0,264.0,,0,395000.0,0.0,57000.0,0.0,Consumer credit,-440,
101480,5003619,Closed,currency 1,-1688,0,-1006.0,-1006.0,7038.0,0,120000.0,0.0,31000.0,0.0,Credit card,-1899,
101481,5003620,Closed,currency 1,-167,0,1359.0,1359.0,1215.0,0,1278000.0,0.0,403000.0,0.0,Consumer credit,-763,
101485,5003621,Closed,currency 1,-578,0,-178.0,-178.0,,0,983000.0,0.0,2000.0,0.0,Credit card,-676,
101485,5003622,Active,currency 1,-2010,0,-1720.0,,,0,82000.0,58000.0,17000.0,0.0,Consumer credit,-796,
101485,5003623,Active,currency 1,-1385,0,208.0,,,0,123000.0,19000.0,15000.0,0.0,Consumer credit,-1762,
101486,5003624,Closed,currency 1,-2088,0,97.0,97.0,26072.0,0,673000.0,0.0,125000.0,0.0,Credit card,-12,24000.0
101486,5003625,Active,currency 1,-891,0,-496.0,,1426.0,0,313000.0,73000.0,35000.0,0.0,Consumer credit,-1360,7000.0
101487,5003626,Active,currency 1,-377,0,1671.0,,,0,75000.0,33000.0,20000.0,0.0,Credit card,-1185,1600.0
101487,5003627,Closed,currency 1,-1620,0,416.0,416.0,,0,147000.0,0.0,28000.0,0.0,Credit card,-257,
101487,5003628,Closed,currency 1,-446,0,-266.0,-266.0,,0,3442000.0,0.0,315000.0,0.0,Consumer credit,-1863,
101487,5003629,Closed,currency 1,-1040,0,-672.0,-672.0,9887.0,0,73000.0,0.0,9000.0,0.0,Loan for business development,-944,
101488,5003630,Closed,currency 1,-750,0,-104.0,-104.0,,0,114000.0,0.0,38000.0,0.0,Consumer credit,-2034,
101488,5003631,Closed,currency 1,-2393,0,-1125.0,-1125.0,,0,258000.0,0.0,66000.0,0.0,Credit card,-611,13200.0
101489,5003632,Active,currency 1,-1756,0,-524.0,,7423.0,0,607000.0,117000.0,99000.0,0.0,Consumer credit,-1738,
101489,5003633,Active,currency 1,-247,0,1388.0,,2007.0,0,161000.0,139000.0,46000.0,0.0,Consumer credit,-2015,
101489,5003634,Closed,currency 1,-2057,0,73.0,73.0,,0,334000.0,0.0,23000.0,0.0,Credit card,-1501,10600.0
101490,5003635,Closed,currency 1,-1772,0,-198.0,-198.0,14542.0,0,334000.0,0.0,98000.0,0.0,Credit card,-2102,
101491,5003636,Closed,currency 1,-1666,0,-1029.0,-1029.0,,0,149000.0,0.0,1000.0,0.0,Consumer credit,-927,
101491,5003637,Active,currency 1,-2060,0,-1002.0,,,0,69000.0,55000.0,6000.0,0.0,Consumer credit,-946,2500.0
101492,5003638,Closed,currency 1,-2587,0,-1086.0,-1086.0,,0,369000.0,0.0,29000.0,0.0,Credit card,-2321,
101492,5003639,Active,currency 1,-1328,0,-1129.0,,2364.0,0,1651000.0,1205000.0,248000.0,0.0,Consumer credit,-1382,54300.0
101492,5003640,Closed,currency 1,-2682,0,-755.0,-755.0,5836.0,0,1217000.0,0.0,210000.0,0.0,Credit card,-775,
101493,5003641,Active,currency 1,-2228,0,-1916.0,,14622.0,0,111000.0,48000.0,13000.0,0.0,Consumer credit,-1468,
101493,5003642,Closed,currency 1,-2105,0,-1833.0,-1833.0,1200.0,0,122000.0,0.0,6000.0,0.0,Credit card,-1269,
101493,5003643,Active,currency 1,-1203,0,-461.0,,1825.0,0,947000.0,698000.0,121000.0,0.0,Consumer credit,-633,19000.0
101494,5003644,Active,currency 1,-374,0,193.0,,,0,30000.0,15000.0,11000.0,0.0,Credit card,-344,
101494,5003645,Closed,currency 1,-2768,0,-2468.0,-2468.0,,0,3973000.0,0.0,178000.0,0.0,Consumer credit,-2239,
101494,5003646,Closed,currency 1,-1631,0,-652.0,-652.0,,0,210000.0,0.0,16000.0,0.0,Consumer credit,-2176,
101494,5003647,Closed,currency 1,-470,0,559.0,559.0,,0,28000.0,0.0,4000.0,0.0,Credit card,-2120,
101494,5003648,Closed,currency 1,-1196,0,-989.0,-989.0,,0,230000.0,0.0,12000.0,0.0,Consumer credit,-1520,5100.0
101495,5003649,Closed,currency 1,-1856,0,138.0,138.0,3148.0,0,126000.0,0.0,2000.0,0.0,Car loan,-781,2600.0
101495,5003650,Active,currency 1,-2777,0,-1226.0,,,0,28000.0,4000.0,3000.0,0.0,Another type of loan,-1685,
101495,5003651,Closed,currency 1,-2786,0,-2518.0,-2518.0,,0,497000.0,0.0,171000.0,0.0,Consumer credit,-135,
101495,5003652,Closed,currency 1,-2254,0,-1883.0,-1883.0,,0,57000.0,0.0,21000.0,0.0,Consumer credit,-1428,
101496,5003653,Closed,currency 1,-587,0,-37.0,-37.0,16342.0,0,433000.0,0.0,123000.0,0.0,Consumer credit,-94,21200.0
101496,5003654,Closed,currency 1,-2010,0,-1515.0,-1515.0,,0,50000.0,0.0,10000.0,0.0,Consumer credit,-322,
101497,5003655,Active,currency 1,-633,0,935.0,,,0,26000.0,23000.0,8000.0,0.0,Consumer credit,-1168,
101497,5003656,Closed,currency 1,-1717,0,-1166.0,-1166.0,,1,320000.0,0.0,3000.0,0.0,Credit card,-1193,8500.0
101498,5003657,Closed,currency 1,-268,0,899.0,899.0,16422.0,0,710000.0,0.0,111000.0,0.0,Consumer credit,-1651,
101498,5003658,Closed,currency 1,-970,0,1149.0,1149.0,,0,667000.0,0.0,147000.0,0.0,Credit card,-2072,25500.0
101498,5003659,Closed,currency 1,-1822,0,-160.0,-160.0,,0,48000.0,0.0,8000.0,0.0,Consumer credit,-2043,1700.0
101499,5003660,Closed,currency 1,-2447,0,-1746.0,-1746.0,2435.0,0,729000.0,0.0,34000.0,0.0,Consumer credit,-1540,
101499,5003661,Active,currency 1,-1064,0,971.0,,59654.0,0,185000.0,136000.0,68000.0,0.0,Consumer credit,-1681,
101499,5003662,Closed,currency 1,-1874,0,-1075.0,-1075.0,,0,28000.0,0.0,5000.0,0.0,Credit card,-1513,
101499,5003663,Active,currency 1,-2112,0,-1087.0,,,0,188000.0,37000.0,71000.0,0.0,Consumer credit,-1195,
101499,5003664,Closed,currency 1,-1651,0,159.0,159.0,,0,101000.0,0.0,12000.0,0.0,Consumer credit,-390,2700.0
101499,5003665,Closed,currency 1,-2849,0,-1181.0,-1181.0,,0,30000.0,0.0,10000.0,0.0,Consumer credit,-1443,1200.0
101500,5003666,Closed,currency 1,-925,0,1167.0,1167.0,,0,667000.0,0.0,161000.0,0.0,Loan for business development,-763,
101500,5003667,Active,currency 1,-567,0,278.0,,1937.0,0,122000.0,115000.0,18000.0,0.0,Consumer credit,-2463,
101501,5003668,Closed,currency 1,-1841,0,-1155.0,-1155.0,3694.0,0,94000.0,0.0,34000.0,0.0,Consumer credit,-524,
101501,5003669,Closed,currency 1,-1906,0,-799.0,-799.0,,0,18000.0,0.0,6000.0,0.0,Loan for business development,-1449,
101503,5003670,Active,currency 1,-1733,0,-1085.0,,4537.0,0,1816000.0,154000.0,414000.0,0.0,Consumer credit,-898,
101503,5003671,Active,currency 1,-773,0,-113.0,,,0,71000.0,66000.0,23000.0,0.0,Consumer credit,-1138,4000.0
101503,5003672,Closed,currency 1,-601,0,19.0,19.0,5248.0,0,54000.0,0.0,16000.0,0.0,Microloan,-544,
101504,5003673,Closed,currency 1,-877,0,724.0,724.0,,0,239000.0,0.0,10000.0,0.0,Consumer credit,-1550,
101504,5003674,Closed,currency 1,-48,0,1594.0,1594.0,,0,43000.0,0.0,13000.0,0.0,Consumer credit,-309,
101504,5003675,Closed,currency 1,-716,0,846.0,846.0,8714.0,0,966000.0,0.0,197000.0,0.0,Consumer credit,-1046,
101504,5003676,Closed,currency 1,-342,0,-129.0,-129.0,,0,294000.0,0.0,116000.0,0.0,Consumer credit,-2356,
101504,5003677,Closed,currency 1,-162,0,127.0,127.0,,0,364000.0,0.0,57000.0,0.0,Consumer credit,-1869,
101504,5003678,Closed,currency 1,-1274,0,-382.0,-382.0,,0,77000.0,0.0,18000.0,0.0,Consumer credit,-1460,
101505,5003679,Closed,currency 1,-1973,0,-312.0,-312.0,,0,40000.0,0.0,10000.0,0.0,Consumer credit,-1337,
101506,5003680,Active,currency 1,-1096,0,495.0,,,0,160000.0,122000.0,48000.0,0.0,Credit card,-1835,2800.0
101506,5003681,Closed,currency 1,-275,0,1648.0,1648.0,,0,58000.0,0.0,20000.0,0.0,Consumer credit,-2336,
101506,5003682,Closed,currency 1,-1142,0,733.0,733.0,,0,744000.0,0.0,241000.0,0.0,Consumer credit,-270,33900.0
101506,5003683,Active,currency 1,-1595,0,-323.0,,,0,674000.0,290000.0,217000.0,0.0,Consumer credit,-1037,
101506,5003684,Closed,currency 1,-2836,0,-1548.0,-1548.0,,0,379000.0,0.0,11000.0,0.0,Consumer credit,-23,6500.0
101507,5003685,Closed,currency 1,-255,0,425.0,425.0,,0,1067000.0,0.0,65000.0,0.0,Consumer credit,-1685,
101508,5003686,Closed,currency 1,-1228,0,617.0,617.0,,0,68000.0,0.0,20000.0,0.0,Consumer credit,-646,3900.0
101508,5003687,Active,currency 1,-1063,0,453.0,,363.0,0,219000.0,100000.0,48000.0,0.0,Consumer credit,-62,
101508,5003688,Active,currency 1,-1911,0,-403.0,,,0,129000.0,24000.0,8000.0,0.0,Credit card,-1789,
101508,5003689,Closed,currency 1,-889,0,-220.0,-220.0,,0,413000.0,0.0,122000.0,0.0,Consumer credit,-2475,14200.0
101508,5003690,Closed,currency 1,-1883,0,-1005.0,-1005.0,846.0,0,827000.0,0.0,184000.0,0.0,Consumer credit,-691,
101508,5003691,Closed,currency 1,-421,0,847.0,847.0,,0,52000.0,0.0,13000.0,0.0,Car loan,-637,
101508,5003692,Closed,currency 1,-28,0,841.0,841.0,,0,169000.0,0.0,33000.0,0.0,Consumer credit,-2017,
101508,5003693,Closed,currency 1,-1891,0,-109.0,-109.0,,0,479000.0,0.0,2000.0,0.0,Consumer credit,-1002,
101509,5003694,Active,currency 1,-2372,0,-1765.0,,,0,93000.0,87000.0,36000.0,0.0,Consumer credit,-1009,
101509,5003695,Closed,currency 1,-2735,0,-2114.0,-2114.0,21846.0,0,85000.0,0.0,16000.0,0.0,Consumer credit,-1141,4800.0
101509,5003696,Closed,currency 1,-74,0,475.0,475.0,12235.0,0,139000.0,0.0,15000.0,0.0,Credit card,-911,
101509,5003697,Closed,currency 1,-1401,0,428.0,428.0,,0,377000.0,0.0,95000.0,0.0,Consumer credit,-509,
101509,5003698,Closed,currency 1,-1506,0,239.0,239.0,,0,518000.0,0.0,53000.0,0.0,Consumer credit,-582,
101509,5003699,Closed,currency 1,-132,0,725.0,725.0,,0,566000.0,0.0,200000.0,0.0,Consumer credit,-2174,12400.0
101510,5003700,Active,currency 1,-457,0,1510.0,,,0,285000.0,137000.0,84000.0,0.0,Consumer credit,-1177,7300.0
101511,5003701,Closed,currency 1,-2495,0,-2059.0,-2059.0,,0,28000.0,0.0,9000.0,0.0,Credit card,-1160,900.0
101511,5003702,Closed,currency 1,-473,0,1632.0,1632.0,,0,909000.0,0.0,344000.0,0.0,Consumer credit,-1372,
101511,5003703,Active,currency 1,-2569,0,-1242.0,,5473.0,0,201000.0,82000.0,24000.0,0.0,Consumer credit,-1459,
101512,5003704,Closed,currency 1,-325,0,1706.0,1706.0,,0,415000.0,0.0,55000.0,0.0,Credit card,-1413,
101512,5003705,Closed,currency 1,-1501,0,105.0,105.0,,0,272000.0,0.0,101000.0,0.0,Consumer credit,-2311,
101512,5003706,Closed,currency 1,-2444,0,-820.0,-820.0,4231.0,0,370000.0,0.0,45000.0,0.0,Consumer credit,-497,9700.0
101512,5003707,Closed,currency 1,-2851,0,-2136.0,-2136.0,8233.0,0,21000.0,0.0,6000.0,0.0,Consumer credit,-1980,400.0
101512,5003708,Closed,currency 1,-1182,0,601.0,601.0,,0,81000.0,0.0,25000.0,0.0,Consumer credit,-1461,
101514,5003709,Active,currency 1,-1643,0,-662.0,,3782.0,0,173000.0,66000.0,38000.0,0.0,Consumer credit,-2301,
101515,5003710,Closed,currency 1,-2590,0,-1236.0,-1236.0,,0,1024000.0,0.0,128000.0,0.0,Consumer credit,-1754,50800.0
101517,5003711,Closed,currency 1,-1880,0,-168.0,-168.0,,0,25000.0,0.0,4000.0,0.0,Consumer credit,-2374,
101517,5003712,Closed,currency 1,-1075,0,-256.0,-256.0,,0,177000.0,0.0,5000.0,0.0,Microloan,-1464,6200.0
101517,5003713,Closed,currency 1,-387,0,537.0,537.0,6515.0,0,90000.0,0.0,33000.0,0.0,Car loan,-1005,
101518,5003714,Active,currency 1,-587,0,964.0,,,0,186000.0,94000.0,37000.0,0.0,Consumer credit,-1807,13900.0
101518,5003715,Active,currency 1,-1360,0,753.0,,8089.0,0,578000.0,515000.0,98000.0,0.0,Consumer credit,-664,13700.0
101519,5003716,Closed,currency 1,-2289,0,-1896.0,-1896.0,50232.0,0,328000.0,0.0,52000.0,0.0,Consumer credit,-1161,
101519,5003717,Closed,currency 1,-187,0,259.0,259.0,,0,180000.0,0.0,5000.0,0.0,Car loan,-773,
101521,5003718,Active,currency 1,-2428,126,-1673.0,,,0,399000.0,112000.0,107000.0,19950.0,Consumer credit,-2318,
101521,5003719,Closed,currency 1,-739,0,-371.0,-371.0,177613.0,0,381000.0,0.0,9000.0,0.0,Consumer credit,-1261,
101521,5003720,Closed,currency 1,-1684,0,-650.0,-650.0,,0,501000.0,0.0,43000.0,0.0,Consumer credit,-310,
101522,5003721,Active,currency 1,-2804,0,-1382.0,,,0,50000.0,10000.0,18000.0,0.0,Consumer credit,-608,
101522,5003722,Active,currency 1,-1160,0,75.0,,,0,132000.0,115000.0,41000.0,0.0,Car loan,-1662,
101522,5003723,Closed,currency 1,-2892,0,-1362.0,-1362.0,,0,310000.0,0.0,93000.0,0.0,Consumer credit,-2189,
101522,5003724,Closed,currency 1,-316,0,689.0,689.0,,0,573000.0,0.0,9000.0,0.0,Consumer credit,-1820,
101522,5003725,Closed,currency 1,-699,0,1039.0,1039.0,,0,93000.0,0.0,5000.0,0.0,Credit card,-797,
101522,5003726,Active,currency 1,-1712,0,-499.0,,9141.0,0,1664000.0,1139000.0,211000.0,0.0,Consumer credit,-1370,
101522,5003727,Closed,currency 1,-513,141,1022.0,1022.0,4042.0,0,150000.0,0.0,30000.0,7500.0,Consumer credit,-1620,
101523,5003728,Closed,currency 1,-846,0,-59.0,-59.0,,0,364000.0,0.0,36000.0,0.0,Consumer credit,-492,
101525,5003729,Active,currency 1,-1747,56,-250.0,,,0,91000.0,26000.0,19000.0,4550.0,Consumer credit,-454,
101525,5003730,Closed,currency 1,-2471,0,-2143.0,-2143.0,11509.0,0,302000.0,0.0,93000.0,0.0,Car loan,-1781,
101525,5003731,Closed,currency 1,-852,0,-589.0,-589.0,,0,296000.0,0.0,23000.0,0.0,Credit card,-1427,
101526,5003732,Closed,currency 1,-771,0,1077.0,1077.0,,0,48000.0,0.0,1000.0,0.0,Consumer credit,-469,
101526,5003733,Active,currency 1,-1595,0,-830.0,,,0,388000.0,279000.0,132000.0,0.0,Consumer credit,-2301,
101527,5003734,Closed,currency 1,-1242,0,-19.0,-19.0,2946.0,0,69000.0,0.0,18000.0,0.0,Credit card,-114,1600.0
101527,5003735,Closed,currency 1,-2251,0,-411.0,-411.0,,0,571000.0,0.0,179000.0,0.0,Consumer credit,-1341,
101528,5003736,Closed,currency 1,-2152,0,-220.0,-220.0,,0,667000.0,0.0,157000.0,0.0,Consumer credit,-1569,23400.0
101528,5003737,Active,currency 1,-1641,0,-1192.0,,1914.0,0,299000.0,184000.0,85000.0,0.0,Credit card,-1991,7600.0
101528,5003738,Closed,currency 1,-269,0,1460.0,1460.0,,0,120000.0,0.0,25000.0,0.0,Consumer credit,-2148,
101528,5003739,Closed,currency 1,-1355,0,-768.0,-768.0,,0,64000.0,0.0,20000.0,0.0,Consumer credit,-2168,2400.0
101528,5003740,Closed,currency 1,-2752,0,-1681.0,-1681.0,,0,510000.0,0.0,163000.0,0.0,Credit card,-2157,
101529,5003741,Active,currency 1,-2725,0,-2343.0,,,0,398000.0,281000.0,43000.0,0.0,Consumer credit,-1139,
101529,5003742,Closed,currency 1,-1320,0,-67.0,-67.0,,0,99000.0,0.0,20000.0,0.0,Consumer credit,-1529,4700.0
101532,5003743,Active,currency 1,-686,0,365.0,,,0,52000.0,35000.0,19000.0,0.0,Consumer credit,-817,1100.0
101532,5003744,Active,currency 1,-206,0,797.0,,,0,27000.0,20000.0,8000.0,0.0,Consumer credit,-1901,
101532,5003745,Closed,currency 1,-1980,0,21.0,21.0,,0,162000.0,0.0,8000.0,0.0,Credit card,-473,
101533,5003746,Closed,currency 1,-1414,0,-1196.0,-1196.0,,0,164000.0,0.0,58000.0,0.0,Credit card,-156,9300.0
101533,5003747,Closed,currency 1,-1273,0,823.0,823.0,,0,194000.0,0.0,52000.0,0.0,Credit card,-543,
101533,5003748,Active,currency 1,-438,0,-191.0,,6068.0,0,729000.0,204000.0,284000.0,0.0,Credit card,-1824,
101533,5003749,Closed,currency 1,-1278,0,442.0,442.0,,0,378000.0,0.0,93000.0,0.0,Consumer credit,-361,27200.0
101533,5003750,Closed,currency 1,-1939,0,105.0,105.0,119668.0,0,47000.0,0.0,16000.0,0.0,Credit card,-2475,
101534,5003751,Closed,currency 1,-2651,0,-2391.0,-2391.0,,0,320000.0,0.0,40000.0,0.0,Consumer credit,-1671,
101534,5003752,Active,currency 1,-2281,0,-982.0,,20099.0,0,152000.0,85000.0,5000.0,0.0,Consumer credit,-289,
101535,5003753,Active,currency 1,-2281,0,-932.0,,,0,631000.0,595000.0,116000.0,0.0,Credit card,-1555,36000.0
101536,5003754,Closed,currency 1,-1712,0,1.0,1.0,1366.0,0,103000.0,0.0,23000.0,0.0,Consumer credit,-1225,
101536,5003755,Closed,currency 1,-437,0,495.0,495.0,,0,127000.0,0.0,22000.0,0.0,Consumer credit,-432,
101536,5003756,Closed,currency 1,-1,0,678.0,678.0,,0,211000.0,0.0,8000.0,0.0,Credit card,-645,
101536,5003757,Active,currency 1,-1969,0,-620.0,,38597.0,0,1379000.0,1118000.0,122000.0,0.0,Loan for business development,-2463,
101536,5003758,Active,currency 1,-2443,0,-2015.0,,,0,126000.0,57000.0,1000.0,0.0,Consumer credit,-783,
101536,5003759,Closed,currency 1,-1707,0,-299.0,-299.0,,0,281000.0,0.0,18000.0,0.0,Consumer credit,-1515,
101536,5003760,Closed,currency 1,-202,0,101.0,101.0,1058.0,0,697000.0,0.0,27000.0,0.0,Consumer credit,-2129,
101537,5003761,Closed,currency 1,-29,0,1599.0,1599.0,5218.0,0,134000.0,0.0,0.0,0.0,Credit card,-731,
101537,5003762,Active,currency 1,-2435,0,-1313.0,,,0,681000.0,114000.0,15000.0,0.0,Consumer credit,-2075,11500.0
101537,5003763,Closed,currency 1,-1108,0,-5.0,-5.0,,0,640000.0,0.0,22000.0,0.0,Consumer credit,-289,
101538,5003764,Active,currency 1,-2609,0,-737.0,,565.0,0,260000.0,234000.0,72000.0,0.0,Consumer credit,-488,
101538,5003765,Active,currency 1,-2242,0,-167.0,,,0,202000.0,173000.0,69000.0,0.0,Credit card,-429,8400.0
101538,5003766,Closed,currency 1,-2884,0,-2152.0,-2152.0,6589.0,0,87000.0,0.0,20000.0,0.0,Consumer credit,-2377,
101538,5003767,Closed,currency 1,-2209,0,-546.0,-546.0,,0,373000.0,0.0,121000.0,0.0,Consumer credit,-1202,7600.0
101539,5003768,Closed,currency 1,-1823,0,175.0,175.0,,0,136000.0,0.0,15000.0,0.0,Consumer credit,-2273,
101539,5003769,Closed,currency 1,-726,0,50.0,50.0,,0,137000.0,0.0,17000.0,0.0,Credit card,-639,
101540,5003770,Closed,currency 1,-969,0,86.0,86.0,3817.0,0,105000.0,0.0,24000.0,0.0,Consumer credit,-2415,
101541,5003771,Closed,currency 1,-1982,0,-25.0,-25.0,,0,112000.0,0.0,28000.0,0.0,Credit card,-1980,6100.0
101541,5003772,Closed,currency 1,-825,0,8.0,8.0,,0,261000.0,0.0,86000.0,0.0,Consumer credit,-1773,12300.0
101542,5003773,Active,currency 1,-963,0,884.0,,,0,229000.0,168000.0,79000.0,0.0,Consumer credit,-1403,
101542,5003774,Active,currency 1,-2271,0,-854.0,,,0,73000.0,29000.0,24000.0,0.0,Consumer credit,-199,
101543,5003775,Active,currency 1,-1660,0,-1019.0,,15612.0,0,80000.0,19000.0,21000.0,0.0,Credit card,-1495,
101543,5003776,Closed,currency 1,-2608,0,-2418.0,-2418.0,,0,565000.0,0.0,104000.0,0.0,Consumer credit,-1940,
101543,5003777,Active,currency 1,-1813,0,-1307.0,,,0,496000.0,341000.0,61000.0,0.0,Microloan,-44,
101543,5003778,Closed,currency 1,-2298,0,-710.0,-710.0,,0,151000.0,0.0,59000.0,0.0,Credit card,-244,
101544,5003779,Closed,currency 1,-1025,0,230.0,230.0,,0,325000.0,0.0,33000.0,0.0,Consumer credit,-2173,
101544,5003780,Closed,currency 1,-820,0,-625.0,-625.0,51339.0,0,140000.0,0.0,8000.0,0.0,Consumer credit,-864,2600.0
101547,5003781,Closed,currency 1,-2806,0,-2253.0,-2253.0,,0,1385000.0,0.0,534000.0,0.0,Credit card,-932,
101547,5003782,Closed,currency 1,-801,0,757.0,757.0,,0,56000.0,0.0,9000.0,0.0,Mortgage,-716,
101547,5003783,Closed,currency 1,-116,0,1209.0,1209.0,,0,2216000.0,0.0,2000.0,0.0,Consumer credit,-2203,
101548,5003784,Active,currency 1,-1168,0,-592.0,,1187.0,0,211000.0,194000.0,83000.0,0.0,Credit card,-294,
101548,5003785,Closed,currency 1,-75,0,1488.0,1488.0,,0,37000.0,0.0,7000.0,0.0,Consumer credit,-799,1000.0
101549,5003786,Closed,currency 1,-2008,0,-477.0,-477.0,,0,184000.0,0.0,29000.0,0.0,Consumer credit,-2142,5900.0
101552,5003787,Closed,currency 1,-1491,0,-263.0,-263.0,,0,273000.0,0.0,18000.0,0.0,Consumer credit,-718,
101552,5003788,Closed,currency 1,-613,0,544.0,544.0,,0,95000.0,0.0,34000.0,0.0,Consumer credit,-1485,
101552,5003789,Active,currency 1,-1659,0,-1115.0,,,0,39000.0,12000.0,0.0,0.0,Consumer credit,-602,
101552,5003790,Closed,currency 1,-1367,0,-193.0,-193.0,,0,143000.0,0.0,39000.0,0.0,Credit card,-2160,
101552,5003791,Closed,currency 1,-1873,0,201.0,201.0,,0,419000.0,0.0,80000.0,0.0,Credit card,-839,
101552,5003792,Active,currency 1,-492,0,1587.0,,,0,474000.0,194000.0,153000.0,0.0,Consumer credit,-2475,
101553,5003793,Closed,currency 1,-299,0,418.0,418.0,,0,171000.0,0.0,33000.0,0.0,Credit card,-1958,
101553,5003794,Closed,currency 1,-359,0,1251.0,1251.0,,0,111000.0,0.0,40000.0,0.0,Credit card,-564,
101553,5003795,Closed,currency 1,-1925,0,-1673.0,-1673.0,,0,150000.0,0.0,44000.0,0.0,Car loan,-244,7400.0
101553,5003796,Active,currency 1,-305,0,1397.0,,,0,66000.0,52000.0,2000.0,0.0,Consumer credit,-1454,4100.0
101554,5003797,Active,currency 1,-2731,0,-1187.0,,,0,439000.0,229000.0,127000.0,0.0,Consumer credit,-1188,
101554,5003798,Active,currency 1,-671,0,-454.0,,6883.0,0,81000.0,5000.0,23000.0,0.0,Credit card,-2297,1900.0
101554,5003799,Active,currency 1,-2749,0,-777.0,,,0,327000.0,136000.0,28000.0,0.0,Consumer credit,-1043,
101554,5003800,Active,currency 1,-1122,0,-810.0,,1154.0,0,118000.0,21000.0,25000.0,0.0,Consumer credit,-1936,
101554,5003801,Closed,currency 1,-2459,0,-1760.0,-1760.0,,0,240000.0,0.0,80000.0,0.0,Consumer credit,-514,
101554,5003802,Active,currency 1,-416,51,-52.0,,,0,106000.0,21000.0,35000.0,5300.0,Consumer credit,-590,
101555,5003803,Active,currency 1,-960,0,781.0,,,0,46000.0,40000.0,9000.0,0.0,Consumer credit,-2014,
101555,5003804,Closed,currency 1,-1891,0,-738.0,-738.0,,0,187000.0,0.0,59000.0,0.0,Consumer credit,-2171,3300.0
101555,5003805,Closed,currency 1,-1538,0,259.0,259.0,,0,120000.0,0.0,2000.0,0.0,Consumer credit,-1889,3900.0
101555,5003806,Active,currency 1,-2306,0,-396.0,,,0,108000.0,12000.0,38000.0,0.0,Consumer credit,-785,
101555,5003807,Active,currency 1,-226,0,1573.0,,,0,103000.0,8000.0,6000.0,0.0,Credit card,-737,5900.0
101555,5003808,Closed,currency 1,-2880,0,-2476.0,-2476.0,4379.0,0,116000.0,0.0,40000.0,0.0,Consumer credit,-50,
101556,5003809,Closed,currency 1,-794,0,982.0,982.0,,0,278000.0,0.0,87000.0,0.0,Consumer credit,-2091,
101556,5003810,Active,currency 1,-593,0,85.0,,4073.0,0,218000.0,157000.0,26000.0,0.0,Consumer credit,-484,10300.0
101556,5003811,Closed,currency 1,-149,0,861.0,861.0,448.0,1,35000.0,0.0,14000.0,0.0,Consumer credit,-1080,
101556,5003812,Active,currency 1,-1797,0,-110.0,,334.0,0,150000.0,118000.0,22000.0,0.0,Credit card,-473,
101557,5003813,Active,currency 1,-1362,0,393.0,,,0,76000.0,24000.0,0.0,0.0,Consumer credit,-613,2400.0
101557,5003814,Closed,currency 1,-1152,0,444.0,444.0,,0,13000.0,0.0,1000.0,0.0,Credit card,-936,
101557,5003815,Closed,currency 1,-1468,0,-48.0,-48.0,4478.0,0,54000.0,0.0,12000.0,0.0,Consumer credit,-1367,
101558,5003816,Active,currency 1,-382,0,1287.0,,,0,381000.0,282000.0,145000.0,0.0,Car loan,-2054,
101558,5003817,Closed,currency 1,-2385,0,-1316.0,-1316.0,,0,373000.0,0.0,42000.0,0.0,Credit card,-354,
101558,5003818,Active,currency 1,-2253,0,-1908.0,,,0,2849000.0,1626000.0,120000.0,0.0,Microloan,-888,98500.0
101558,5003819,Active,currency 1,-1501,0,377.0,,,0,108000.0,92000.0,4000.0,0.0,Consumer credit,-1585,
101559,5003820,Closed,currency 1,-805,116,910.0,910.0,1640.0,0,169000.0,0.0,13000.0,8450.0,Consumer credit,-1814,
101559,5003821,Active,currency 1,-204,0,100.0,,34232.0,0,48000.0,7000.0,11000.0,0.0,Credit card,-1843,1600.0
101559,5003822,Active,currency 1,-2884,0,-2133.0,,,0,115000.0,109000.0,38000.0,0.0,Consumer credit,-765,
101560,5003823,Closed,currency 1,-708,0,1368.0,1368.0,,0,304000.0,0.0,13000.0,0.0,Consumer credit,-510,6400.0
101560,5003824,Closed,currency 1,-2831,0,-676.0,-676.0,,0,381000.0,0.0,59000.0,0.0,Consumer credit,-1738,
101561,5003825,Closed,currency 1,-506,0,1416.0,1416.0,,0,347000.0,0.0,82000.0,0.0,Consumer credit,-614,
101561,5003826,Closed,currency 1,-1719,0,-803.0,-803.0,,0,185000.0,0.0,46000.0,0.0,Consumer credit,-1525,
101561,5003827,Active,currency 1,-782,0,-32.0,,852.0,0,207000.0,175000.0,12000.0,0.0,Car loan,-2204,5100.0
101561,5003828,Closed,currency 1,-1348,0,-925.0,-925.0,3001.0,0,322000.0,0.0,39000.0,0.0,Consumer credit,-1506,
101562,5003829,Closed,currency 1,-431,0,20.0,20.0,,0,37000.0,0.0,3000.0,0.0,Consumer credit,-307,
101562,5003830,Closed,currency 1,-1295,0,279.0,279.0,,0,83000.0,0.0,24000.0,0.0,Microloan,-701,
101563,5003831,Closed,currency 1,-1356,0,-1113.0,-1113.0,,0,172000.0,0.0,58000.0,0.0,Consumer credit,-1171,
101563,5003832,Closed,currency 1,-2166,0,-1407.0,-1407.0,,0,51000.0,0.0,18000.0,0.0,Microloan,-1047,
101563,5003833,Active,currency 1,-1403,0,-914.0,,1573.0,1,16000.0,2000.0,1000.0,0.0,Consumer credit,-1792,
101564,5003834,Active,currency 1,-630,0,11.0,,6643.0,0,103000.0,23000.0,40000.0,0.0,Consumer credit,-373,
101564,5003835,Active,currency 1,-1886,0,-1551.0,,,0,58000.0,36000.0,13000.0,0.0,Consumer credit,-275,4700.0
101566,5003836,Closed,currency 1,-540,0,773.0,773.0,4366.0,0,52000.0,0.0,18000.0,0.0,Consumer credit,-2293,
101567,5003837,Active,currency 1,-2550,0,-2168.0,,,0,155000.0,66000.0,48000.0,0.0,Car loan,-1335,
101568,5003838,Closed,currency 1,-1045,0,-725.0,-725.0,,0,262000.0,0.0,25000.0,0.0,Consumer credit,-740,4500.0
101568,5003839,Closed,currency 1,-992,0,-33.0,-33.0,,0,373000.0,0.0,78000.0,0.0,Car loan,-604,6400.0
101569,5003840,Closed,currency 1,-572,0,155.0,155.0,5174.0,0,768000.0,0.0,52000.0,0.0,Credit card,-2134,
101569,5003841,Active,currency 1,-2771,0,-894.0,,,0,52000.0,17000.0,13000.0,0.0,Consumer credit,-14,
101570,5003842,Closed,currency 1,-1385,0,-523.0,-523.0,,0,76000.0,0.0,11000.0,0.0,Credit card,-2424,
101570,5003843,Closed,currency 1,-36,0,1318.0,1318.0,,0,128000.0,0.0,36000.0,0.0,Consumer credit,-2053,3500.0
101570,5003844,Closed,currency 1,-1728,0,-502.0,-502.0,1160.0,0,83000.0,0.0,4000.0,0.0,Car loan,-566,
101571,5003845,Active,currency 1,-2452,0,-619.0,,1557.0,0,190000.0,85000.0,49000.0,0.0,Consumer credit,-2404,
101572,5003846,Active,currency 1,-381,0,1536.0,,,0,124000.0,54000.0,21000.0,0.0,Credit card,-1337,2900.0
101572,5003847,Closed,currency 1,-1424,0,-384.0,-384.0,,0,148000.0,0.0,38000.0,0.0,Consumer credit,-2318,
101572,5003848,Closed,currency 1,-2216,0,-436.0,-436.0,,0,270000.0,0.0,103000.0,0.0,Consumer credit,-499,
101573,5003849,Active,currency 1,-2387,0,-1449.0,,1052.0,0,21000.0,14000.0,4000.0,0.0,Consumer credit,-1792,
101573,5003850,Closed,currency 1,-1825,0,-386.0,-386.0,,0,723000.0,0.0,106000.0,0.0,Consumer credit,-2279,
101574,5003851,Closed,currency 1,-1689,0,-1214.0,-1214.0,765.0,0,163000.0,0.0,60000.0,0.0,Consumer credit,-3,
101574,5003852,Active,currency 1,-2590,0,-541.0,,,0,475000.0,331000.0,21000.0,0.0,Consumer credit,-1988,17100.0
101576,5003853,Active,currency 1,-860,0,364.0,,,0,358000.0,163000.0,4000.0,0.0,Car loan,-830,
101576,5003854,Closed,currency 1,-2713,0,-1033.0,-1033.0,,0,58000.0,0.0,9000.0,0.0,Consumer credit,-2108,1400.0
101578,5003855,Closed,currency 1,-1104,0,-775.0,-775.0,,0,349000.0,0.0,103000.0,0.0,Consumer credit,-1216,
101582,5003856,Active,currency 1,-1309,0,-512.0,,,0,167000.0,27000.0,14000.0,0.0,Consumer credit,-785,
101582,5003857,Closed,currency 1,-1641,0,-435.0,-435.0,,1,125000.0,0.0,35000.0,0.0,Consumer credit,-1339,
101582,5003858,Active,currency 1,-2287,0,-1847.0,,18429.0,0,160000.0,55000.0,50000.0,0.0,Car loan,-863,5300.0
101584,5003859,Closed,currency 1,-2778,0,-1636.0,-1636.0,798.0,0,101000.0,0.0,6000.0,0.0,Consumer credit,-2359,
101584,5003860,Closed,currency 1,-647,0,537.0,537.0,,0,41000.0,0.0,3000.0,0.0,Consumer credit,-122,
101584,5003861,Active,currency 1,-261,0,1498.0,,,0,1420000.0,1289000.0,236000.0,0.0,Credit card,-53,29200.0
101585,5003862,Active,currency 1,-1169,0,0.0,,,0,852000.0,504000.0,293000.0,0.0,Credit card,-1300,
101586,5003863,Closed,currency 1,-1365,0,-342.0,-342.0,,0,149000.0,0.0,33000.0,0.0,Consumer credit,-1504,
101586,5003864,Closed,currency 1,-35,0,712.0,712.0,128473.0,0,115000.0,0.0,21000.0,0.0,Consumer credit,-455,
101586,5003865,Active,currency 1,-2392,0,-1036.0,,209.0,0,83000.0,40000.0,9000.0,0.0,Credit card,-294,
101586,5003866,Active,currency 1,-874,0,-174.0,,,0,58000.0,51000.0,19000.0,0.0,Consumer credit,-1295,
101586,5003867,Closed,currency 1,-1821,0,-893.0,-893.0,,0,1069000.0,0.0,11000.0,0.0,Car loan,-1436,
101586,5003868,Active,currency 1,-1210,0,23.0,,,0,298000.0,43000.0,16000.0,0.0,Consumer credit,-1882,21300.0
101588,5003869,Active,currency 1,-741,0,1335.0,,,0,78000.0,8000.0,18000.0,0.0,Consumer credit,-645,4000.0
101588,5003870,Active,currency 1,-1036,0,1131.0,,,0,292000.0,60000.0,63000.0,0.0,Consumer credit,-2429,6200.0
101588,5003871,Active,currency 1,-2761,0,-808.0,,,0,352000.0,138000.0,13000.0,0.0,Consumer credit,-449,
101588,5003872,Active,currency 1,-2417,0,-1165.0,,1321.0,0,75000.0,24000.0,25000.0,0.0,Consumer credit,-1765,
101588,5003873,Active,currency 1,-358,0,486.0,,,0,221000.0,192000.0,26000.0,0.0,Credit card,-2284,
101591,5003874,Closed,currency 1,-1450,0,415.0,415.0,,0,92000.0,0.0,19000.0,0.0,Credit card,-2298,
101592,5003875,Active,currency 1,-2689,0,-2403.0,,,0,3142000.0,1021000.0,282000.0,0.0,Consumer credit,-1566,53800.0
101592,5003876,Closed,currency 1,-1403,0,-135.0,-135.0,,0,41000.0,0.0,13000.0,0.0,Consumer credit,-399,
101593,5003877,Active,currency 1,-1186,134,549.0,,,0,88000.0,42000.0,18000.0,4400.0,Consumer credit,-2372,
101594,5003878,Closed,currency 1,-1868,12,-803.0,-803.0,,0,181000.0,0.0,20000.0,9050.0,Consumer credit,-2460,
101594,5003879,Closed,currency 1,-1493,0,193.0,193.0,,0,1556000.0,0.0,586000.0,0.0,Consumer credit,-1846,
101594,5003880,Closed,currency 1,-2472,0,-1948.0,-1948.0,,0,162000.0,0.0,62000.0,0.0,Credit card,-104,
101594,5003881,Closed,currency 1,-1735,0,-1510.0,-1510.0,3486.0,0,117000.0,0.0,43000.0,0.0,Mortgage,-441,
101594,5003882,Closed,currency 1,-1585,0,-1321.0,-1321.0,,0,261000.0,0.0,31000.0,0.0,Consumer credit,-2105,5500.0
101594,5003883,Closed,currency 1,-1469,0,209.0,209.0,,0,209000.0,0.0,71000.0,0.0,Credit card,-2074,
101595,5003884,Active,currency 1,-2301,0,-1876.0,,6637.0,0,49000.0,4000.0,15000.0,0.0,Consumer credit,-2202,
101595,5003885,Closed,currency 1,-1076,0,-450.0,-450.0,,0,25000.0,0.0,3000.0,0.0,Consumer credit,-1081,
101595,5003886,Closed,currency 1,-1893,0,-714.0,-714.0,,0,195000.0,0.0,68000.0,0.0,Consumer credit,-304,
101595,5003887,Active,currency 1,-2300,0,-1679.0,,,0,335000.0,99000.0,132000.0,0.0,Credit card,-2314,7100.0
101595,5003888,Closed,currency 1,-1873,0,-457.0,-457.0,,0,90000.0,0.0,25000.0,0.0,Mortgage,-895,
101596,5003889,Active,currency 1,-2555,0,-1884.0,,,0,31000.0,27000.0,9000.0,0.0,Car loan,-801,
101596,5003890,Closed,currency 1,-2735,0,-2288.0,-2288.0,4292.0,0,833000.0,0.0,113000.0,0.0,Consumer credit,-795,
101596,5003891,Closed,currency 1,-1765,0,-174.0,-174.0,,0,113000.0,0.0,44000.0,0.0,Consumer credit,-1281,
101596,5003892,Closed,currency 1,-271,0,1395.0,1395.0,2792.0,0,193000.0,0.0,4000.0,0.0,Consumer credit,-984,
101596,5003893,Closed,currency 1,-1543,0,422.0,422.0,,0,72000.0,0.0,26000.0,0.0,Microloan,-314,
101597,5003894,Active,currency 1,-1638,0,-1131.0,,13626.0,0,339000.0,283000.0,58000.0,0.0,Consumer credit,-61,
101597,5003895,Closed,currency 1,-1304,0,249.0,249.0,12962.0,0,156000.0,0.0,40000.0,0.0,Microloan,-2396,
101598,5003896,Closed,currency 1,-1353,0,-1145.0,-1145.0,,0,117000.0,0.0,29000.0,0.0,Consumer credit,-298,
101600,5003897,Closed,currency 1,-2061,0,-1780.0,-1780.0,164.0,0,9000.0,0.0,1000.0,0.0,Credit card,-1329,
101600,5003898,Active,currency 1,-2043,0,-824.0,,,0,223000.0,123000.0,3000.0,0.0,Another type of loan,-2057,
101600,5003899,Closed,currency 1,-467,0,1322.0,1322.0,2020.0,0,312000.0,0.0,86000.0,0.0,Consumer credit,-952,
101601,5003900,Closed,currency 1,-20,0,1203.0,1203.0,,0,41000.0,0.0,2000.0,0.0,Consumer credit,-1280,
101601,5003901,Closed,currency 1,-2362,0,-1072.0,-1072.0,,0,212000.0,0.0,43000.0,0.0,Consumer credit,-1757,3900.0
101601,5003902,Closed,currency 1,-2120,0,20.0,20.0,,0,590000.0,0.0,76000.0,0.0,Consumer credit,-1209,
101601,5003903,Active,currency 1,-67,0,1881.0,,,0,234000.0,49000.0,47000.0,0.0,Consumer credit,-1885,5500.0
101601,5003904,Active,currency 1,-2364,0,-1272.0,,10071.0,0,1410000.0,665000.0,200000.0,0.0,Credit card,-1745,
101601,5003905,Closed,currency 1,-674,0,47.0,47.0,,0,486000.0,0.0,37000.0,0.0,Microloan,-1072,
101601,5003906,Closed,currency 1,-312,0,285.0,285.0,,0,103000.0,0.0,22000.0,0.0,Credit card,-1681,
101602,5003907,Closed,currency 1,-265,0,866.0,866.0,,0,7000.0,0.0,0.0,0.0,Credit card,-1157,100.0
101602,5003908,Closed,currency 1,-1474,0,-257.0,-257.0,,0,780000.0,0.0,268000.0,0.0,Consumer credit,-1675,
101603,5003909,Closed,currency 1,-737,0,1417.0,1417.0,,0,74000.0,0.0,12000.0,0.0,Consumer credit,-468,
101603,5003910,Active,currency 1,-1028,0,679.0,,,0,106000.0,100000.0,6000.0,0.0,Consumer credit,-650,
101603,5003911,Active,currency 1,-977,0,516.0,,4259.0,0,324000.0,126000.0,58000.0,0.0,Consumer credit,-1623,
101603,5003912,Active,currency 1,-2887,0,-1337.0,,,0,114000.0,22000.0,22000.0,0.0,Consumer credit,-1233,
101603,5003913,Closed,currency 1,-2516,0,-2319.0,-2319.0,4425.0,0,362000.0,0.0,28000.0,0.0,Consumer credit,-945,
101604,5003914,Closed,currency 1,-2409,0,-1761.0,-1761.0,,0,358000.0,0.0,143000.0,0.0,Consumer credit,-1470,
101604,5003915,Closed,currency 1,-2780,0,-747.0,-747.0,,0,226000.0,0.0,84000.0,0.0,Consumer credit,-2137,
101604,5003916,Closed,currency 1,-265,0,1529.0,1529.0,8763.0,0,79000.0,0.0,19000.0,0.0,Credit card,-632,1700.0
101605,5003917,Closed,currency 1,-2599,0,-903.0,-903.0,,0,111000.0,0.0,26000.0,0.0,Consumer credit,-185,
101605,5003918,Active,currency 1,-1204,0,-189.0,,21818.0,0,128000.0,99000.0,19000.0,0.0,Consumer credit,-443,
101605,5003919,Active,currency 1,-1688,0,-1327.0,,35341.0,0,324000.0,251000.0,64000.0,0.0,Consumer credit,-230,
101605,5003920,Closed,currency 1,-1106,0,529.0,529.0,,0,473000.0,0.0,142000.0,0.0,Credit card,-507,
101606,5003921,Active,currency 1,-1442,0,-1166.0,,,0,172000.0,23000.0,34000.0,0.0,Mortgage,-416,8900.0
101606,5003922,Active,currency 1,-2579,0,-1755.0,,,0,212000.0,91000.0,74000.0,0.0,Consumer credit,-748,
101606,5003923,Closed,currency 1,-546,0,-163.0,-163.0,,0,912000.0,0.0,104000.0,0.0,Consumer credit,-561,
101607,5003924,Active,currency 1,-630,0,80.0,,,0,396000.0,341000.0,45000.0,0.0,Consumer credit,-2364,
101608,5003925,Closed,currency 1,-1304,0,-963.0,-963.0,,0,777000.0,0.0,261000.0,0.0,Credit card,-2348,
101608,5003926,Closed,currency 1,-824,0,-476.0,-476.0,,0,343000.0,0.0,78000.0,0.0,Credit card,-2175,15600.0
101608,5003927,Active,currency 1,-1874,0,-1056.0,,,0,318000.0,200000.0,84000.0,0.0,Consumer credit,-2061,
101609,5003928,Closed,currency 1,-672,0,741.0,741.0,,0,285000.0,0.0,110000.0,0.0,Consumer credit,-2310,
101609,5003929,Active,currency 1,-2086,0,-1069.0,,2726.0,0,779000.0,140000.0,231000.0,0.0,Consumer credit,-897,
101609,5003930,Closed,currency 1,-65,0,624.0,624.0,2134.0,0,114000.0,0.0,12000.0,0.0,Consumer credit,-403,
101610,5003931,Closed,currency 1,-2356,0,-589.0,-589.0,,0,297000.0,0.0,83000.0,0.0,Consumer credit,-1022,
101610,5003932,Closed,currency 1,-1868,0,-535.0,-535.0,,0,395000.0,0.0,112000.0,0.0,Consumer credit,-2389,
101610,5003933,Closed,currency 1,-2591,0,-1538.0,-1538.0,,0,583000.0,0.0,93000.0,0.0,Consumer credit,-956,
101610,5003934,Active,currency 1,-540,179,1070.0,,,0,226000.0,82000.0,27000.0,11300.0,Another type of loan,-2368,5100.0
101610,5003935,Closed,currency 1,-2293,0,-703.0,-703.0,950.0,0,75000.0,0.0,12000.0,0.0,Consumer credit,-2248,4200.0
101610,5003936,Closed,currency 1,-2528,0,-2011.0,-2011.0,1521.0,0,1368000.0,0.0,354000.0,0.0,Car loan,-2232,29600.0
101611,5003937,Closed,currency 1,-1450,0,-777.0,-777.0,,0,35000.0,0.0,4000.0,0.0,Consumer credit,-1762,
101611,5003938,Closed,currency 1,-2337,0,-1458.0,-1458.0,4385.0,0,265000.0,0.0,38000.0,0.0,Consumer credit,-1749,21100.0
101611,5003939,Closed,currency 1,-343,0,-125.0,-125.0,,0,331000.0,0.0,131000.0,0.0,Credit card,-1020,13500.0
101611,5003940,Closed,currency 1,-2669,0,-1278.0,-1278.0,,0,121000.0,0.0,15000.0,0.0,Credit card,-318,
101611,5003941,Closed,currency 1,-1495,0,-920.0,-920.0,,1,574000.0,0.0,96000.0,0.0,Consumer credit,-492,
101612,5003942,Closed,currency 1,-1134,0,-64.0,-64.0,,0,91000.0,0.0,36000.0,0.0,Consumer credit,-333,
101612,5003943,Active,currency 1,-2141,0,-534.0,,667.0,0,69000.0,8000.0,15000.0,0.0,Credit card,-1850,1600.0
101613,5003944,Active,currency 1,-786,0,1406.0,,,0,467000.0,290000.0,44000.0,0.0,Consumer credit,-2496,
101617,5003945,Active,currency 1,-1562,0,-40.0,,82126.0,0,1180000.0,1005000.0,457000.0,0.0,Mortgage,-2074,
101618,5003946,Active,currency 1,-394,0,994.0,,233.0,0,104000.0,31000.0,33000.0,0.0,Consumer credit,-207,
101618,5003947,Active,currency 1,-1345,0,-765.0,,,0,44000.0,38000.0,13000.0,0.0,Credit card,-2451,
101618,5003948,Closed,currency 1,-1982,0,-1216.0,-1216.0,,0,473000.0,0.0,13000.0,0.0,Consumer credit,-1721,
101618,5003949,Closed,currency 1,-477,0,27.0,27.0,,0,342000.0,0.0,1000.0,0.0,Consumer credit,-1197,
101618,5003950,Active,currency 1,-1491,0,-11.0,,,0,737000.0,536000.0,163000.0,0.0,Consumer credit,-995,14500.0
101618,5003951,Active,currency 1,-1438,0,-890.0,,,0,291000.0,43000.0,33000.0,0.0,Mortgage,-209,
101618,5003952,Closed,currency 1,-1819,0,-528.0,-528.0,,0,42000.0,0.0,11000.0,0.0,Consumer credit,-1798,
101619,5003953,Active,currency 1,-2322,0,-1517.0,,,0,173000.0,147000.0,46000.0,0.0,Credit card,-1673,
101619,5003954,Closed,currency 1,-2215,0,-1162.0,-1162.0,,0,152000.0,0.0,40000.0,0.0,Car loan,-2090,
101619,5003955,Closed,currency 1,-2300,0,-910.0,-910.0,1461.0,0,1224000.0,0.0,139000.0,0.0,Consumer credit,-1195,
101620,5003956,Closed,currency 1,-2576,0,-653.0,-653.0,3609.0,0,1463000.0,0.0,447000.0,0.0,Consumer credit,-2189,57900.0
101620,5003957,Closed,currency 1,-1120,0,519.0,519.0,1812.0,0,688000.0,0.0,268000.0,0.0,Credit card,-2382,
101620,5003958,Closed,currency 1,-1244,0,654.0,654.0,,0,189000.0,0.0,61000.0,0.0,Credit card,-2235,4400.0
101622,5003959,Active,currency 1,-1013,0,10.0,,,0,189000.0,165000.0,8000.0,0.0,Consumer credit,-1002,
101622,5003960,Closed,currency 1,-2705,0,-814.0,-814.0,,0,397000.0,0.0,47000.0,0.0,Consumer credit,-2002,
101622,5003961,Active,currency 1,-397,0,1057.0,,,0,1319000.0,586000.0,50000.0,0.0,Loan for business development,-212,
101622,5003962,Active,currency 1,-1494,0,-285.0,,2250.0,0,191000.0,35000.0,61000.0,0.0,Consumer credit,-1578,
101623,5003963,Active,currency 1,-703,0,176.0,,4433.0,0,127000.0,120000.0,3000.0,0.0,Car loan,-47,
101623,5003964,Closed,currency 1,-1256,0,-690.0,-690.0,,0,304000.0,0.0,86000.0,0.0,Consumer credit,-2227,
101623,5003965,Closed,currency 1,-1001,0,212.0,212.0,,0,49000.0,0.0,15000.0,0.0,Mortgage,-1215,
101624,5003966,Closed,currency 1,-39,0,556.0,556.0,,0,150000.0,0.0,7000.0,0.0,Consumer credit,-496,
101624,5003967,Active,currency 1,-593,0,966.0,,8216.0,0,343000.0,168000.0,137000.0,0.0,Credit card,-819,
101624,5003968,Closed,currency 1,-828,0,-363.0,-363.0,,0,71000.0,0.0,11000.0,0.0,Consumer credit,-320,
101624,5003969,Closed,currency 1,-2022,0,133.0,133.0,,0,505000.0,0.0,70000.0,0.0,Consumer credit,-2345,13000.0
101625,5003970,Active,currency 1,-1561,0,492.0,,,0,11000.0,1000.0,1000.0,0.0,Consumer credit,-1088,800.0
101625,5003971,Active,currency 1,-1257,0,786.0,,,0,1252000.0,894000.0,153000.0,0.0,Consumer credit,-1836,
101625,5003972,Closed,currency 1,-203,0,1660.0,1660.0,185.0,0,318000.0,0.0,45000.0,0.0,Consumer credit,-922,
101626,5003973,Closed,currency 1,-223,0,622.0,622.0,,0,14000.0,0.0,1000.0,0.0,Consumer credit,-646,
101626,5003974,Closed,currency 1,-2242,0,-1111.0,-1111.0,,0,368000.0,0.0,123000.0,0.0,Credit card,-1118,
101626,5003975,Closed,currency 1,-2320,0,-137.0,-137.0,2915.0,0,106000.0,0.0,2000.0,0.0,Consumer credit,-57,
101626,5003976,Closed,currency 1,-1686,0,-341.0,-341.0,5039.0,0,230000.0,0.0,5000.0,0.0,Consumer credit,-858,6300.0
101626,5003977,Active,currency 1,-290,0,1575.0,,,0,146000.0,110000.0,2000.0,0.0,Credit card,-568,
101626,5003978,Closed,currency 1,-1403,0,-250.0,-250.0,6976.0,0,1913000.0,0.0,564000.0,0.0,Consumer credit,-1423,
101627,5003979,Active,currency 1,-1612,0,-1104.0,,279.0,0,53000.0,8000.0,13000.0,0.0,Consumer credit,-788,
101628,5003980,Closed,currency 1,-2111,0,-1646.0,-1646.0,,0,249000.0,0.0,48000.0,0.0,Consumer credit,-50,
101628,5003981,Active,currency 1,-2276,0,-1644.0,,,0,212000.0,100000.0,14000.0,0.0,Consumer credit,-1780,
101628,5003982,Closed,currency 1,-1228,0,-570.0,-570.0,,0,125000.0,0.0,45000.0,0.0,Credit card,-959,
101628,5003983,Closed,currency 1,-853,0,547.0,547.0,,0,196000.0,0.0,2000.0,0.0,Credit card,-2418,4800.0
101629,5003984,Closed,currency 1,-1663,105,-379.0,-379.0,,0,303000.0,0.0,11000.0,15150.0,Consumer credit,-1318,
101629,5003985,Closed,currency 1,-623,0,658.0,658.0,1549.0,0,1737000.0,0.0,222000.0,0.0,Credit card,-1645,
101629,5003986,Closed,currency 1,-884,0,281.0,281.0,2700.0,0,19000.0,0.0,1000.0,0.0,Consumer credit,-985,
101630,5003987,Closed,currency 1,-967,0,-330.0,-330.0,,0,142000.0,0.0,29000.0,0.0,Credit card,-486,
101630,5003988,Closed,currency 1,-977,0,1153.0,1153.0,1598.0,0,658000.0,0.0,263000.0,0.0,Consumer credit,-155,
101630,5003989,Closed,currency 1,-2308,0,-769.0,-769.0,,0,475000.0,0.0,30000.0,0.0,Credit card,-1103,
101630,5003990,Active,currency 1,-311,0,-9.0,,,0,65000.0,39000.0,6000.0,0.0,Consumer credit,-541,2400.0
101630,5003991,Closed,currency 1,-2216,0,-1547.0,-1547.0,7560.0,0,262000.0,0.0,12000.0,0.0,Consumer credit,-21,
101630,5003992,Closed,currency 1,-195,0,1695.0,1695.0,,0,182000.0,0.0,9000.0,0.0,Credit card,-2088,
101631,5003993,Closed,currency 1,-1680,0,-1086.0,-1086.0,,0,115000.0,0.0,24000.0,0.0,Credit card,-2182,3600.0
101631,5003994,Active,currency 1,-202,0,1273.0,,7272.0,0,106000.0,55000.0,36000.0,0.0,Consumer credit,-1335,
101632,5003995,Closed,currency 1,-725,0,-266.0,-266.0,,0,300000.0,0.0,46000.0,0.0,Consumer credit,-2185,
101632,5003996,Closed,currency 1,-1590,0,-324.0,-324.0,,0,275000.0,0.0,48000.0,0.0,Consumer credit,-1780,
101632,5003997,Active,currency 1,-707,0,1448.0,,,0,375000.0,230000.0,73000.0,0.0,Consumer credit,-2217,8300.0
101633,5003998,Closed,currency 1,-250,0,64.0,64.0,,0,115000.0,0.0,24000.0,0.0,Credit card,-346,
101633,5003999,Closed,currency 1,-1176,0,-52.0,-52.0,,0,533000.0,0.0,175000.0,0.0,Consumer credit,-174,20300.0
101633,5004000,Closed,currency 1,-2081,0,-899.0,-899.0,7051.0,0,38000.0,0.0,11000.0,0.0,Credit card,-2103,
101633,5004001,Closed,currency 1,-1172,0,-988.0,-988.0,,0,272000.0,0.0,83000.0,0.0,Consumer credit,-373,5500.0
101633,5004002,Closed,currency 1,-722,0,1337.0,1337.0,,0,289000.0,0.0,78000.0,0.0,Consumer credit,-221,
101635,5004003,Closed,currency 1,-2116,0,-1187.0,-1187.0,,0,96000.0,0.0,28000.0,0.0,Consumer credit,-2484,
101635,5004004,Closed,currency 1,-828,0,652.0,652.0,,0,732000.0,0.0,249000.0,0.0,Credit card,-411,
101636,5004005,Closed,currency 1,-2828,0,-1551.0,-1551.0,,0,54000.0,0.0,6000.0,0.0,Consumer credit,-657,1400.0
101636,5004006,Closed,currency 1,-1227,0,461.0,461.0,,0,44000.0,0.0,13000.0,0.0,Credit card,-1333,
101637,5004007,Closed,currency 1,-1417,0,769.0,769.0,,0,1227000.0,0.0,369000.0,0.0,Credit card,-1630,
101637,5004008,Active,currency 1,-2459,0,-1132.0,,2495.0,0,25000.0,22000.0,10000.0,0.0,Consumer credit,-540,1100.0
101637,5004009,Closed,currency 1,-1340,0,247.0,247.0,,0,656000.0,0.0,39000.0,0.0,Consumer credit,-1237,29000.0
101640,5004010,Closed,currency 1,-2063,0,-137.0,-137.0,,0,432000.0,0.0,45000.0,0.0,Credit card,-2321,
101641,5004011,Closed,currency 1,-489,0,1013.0,1013.0,,0,99000.0,0.0,5000.0,0.0,Consumer credit,-2434,2000.0
101641,5004012,Active,currency 1,-534,0,1209.0,,923.0,1,357000.0,185000.0,23000.0,0.0,Consumer credit,-2159,
101641,5004013,Active,currency 1,-527,0,985.0,,,0,358000.0,20000.0,29000.0,0.0,Credit card,-1820,
101642,5004014,Closed,currency 1,-2514,0,-2040.0,-2040.0,,0,412000.0,0.0,82000.0,0.0,Consumer credit,-1980,
101643,5004015,Closed,currency 1,-2589,0,-2244.0,-2244.0,,0,118000.0,0.0,14000.0,0.0,Consumer credit,-327,
101644,5004016,Active,currency 1,-2324,0,-1887.0,,,0,182000.0,168000.0,30000.0,0.0,Consumer credit,-2210,
101644,5004017,Active,currency 1,-2315,0,-769.0,,,0,76000.0,19000.0,7000.0,0.0,Consumer credit,-1235,
101645,5004018,Closed,currency 1,-206,0,1584.0,1584.0,,0,15000.0,0.0,2000.0,0.0,Consumer credit,-2415,
101645,5004019,Closed,currency 1,-2214,0,-2025.0,-2025.0,17586.0,0,441000.0,0.0,171000.0,0.0,Credit card,-250,8400.0
101645,5004020,Closed,currency 1,-249,0,1644.0,1644.0,,0,149000.0,0.0,16000.0,0.0,Consumer credit,-185,3700.0
101645,5004021,Active,currency 1,-2116,150,-1559.0,,3923.0,0,157000.0,111000.0,2000.0,7850.0,Credit card,-1472,
101645,5004022,Active,currency 1,-2335,0,-795.0,,,0,214000.0,57000.0,23000.0,0.0,Credit card,-1491,3600.0
101647,5004023,Closed,currency 1,-1155,0,335.0,335.0,,0,282000.0,0.0,19000.0,0.0,Credit card,-807,
101647,5004024,Closed,currency 1,-387,0,387.0,387.0,,0,5871000.0,0.0,2030000.0,0.0,Consumer credit,-957,
101648,5004025,Closed,currency 1,-555,0,1115.0,1115.0,,0,1233000.0,0.0,195000.0,0.0,Consumer credit,-558,
101648,5004026,Active,currency 1,-646,0,589.0,,,0,164000.0,122000.0,19000.0,0.0,Credit card,-2449,3400.0
101648,5004027,Active,currency 1,-347,0,-84.0,,1871.0,0,77000.0,41000.0,9000.0,0.0,Consumer credit,-2221,1400.0
101648,5004028,Active,currency 1,-807,0,-215.0,,7870.0,0,210000.0,139000.0,4000.0,0.0,Consumer credit,-1389,
101648,5004029,Closed,currency 1,-1310,0,331.0,331.0,4958.0,0,73000.0,0.0,7000.0,0.0,Consumer credit,-2265,
101649,5004030,Closed,currency 1,-23,0,1843.0,1843.0,,0,387000.0,0.0,123000.0,0.0,Consumer credit,-510,
101650,5004031,Active,currency 1,-1768,0,-39.0,,,0,360000.0,187000.0,90000.0,0.0,Consumer credit,-1193,
101650,5004032,Active,currency 1,-34,0,2014.0,,,0,25000.0,15000.0,3000.0,0.0,Consumer credit,-37,
101650,5004033,Active,currency 1,-888,0,-8.0,,,0,149000.0,56000.0,32000.0,0.0,Mortgage,-120,
101650,5004034,Closed,currency 1,-2607,0,-1082.0,-1082.0,,0,356000.0,0.0,82000.0,0.0,Consumer credit,-1424,
101650,5004035,Active,currency 1,-665,0,-113.0,,,0,320000.0,183000.0,8000.0,0.0,Consumer credit,-558,
101652,5004036,Closed,currency 1,-2151,0,-1449.0,-1449.0,,0,129000.0,0.0,50000.0,0.0,Credit card,-1355,
101652,5004037,Closed,currency 1,-1181,0,-729.0,-729.0,,0,313000.0,0.0,119000.0,0.0,Credit card,-2136,
101652,5004038,Closed,currency 1,-1902,0,-1157.0,-1157.0,,0,68000.0,0.0,20000.0,0.0,Consumer credit,-228,1300.0
101652,5004039,Active,currency 1,-1250,0,-189.0,,,0,653000.0,364000.0,223000.0,0.0,Consumer credit,-1174,
101653,5004040,Closed,currency 1,-1611,0,-425.0,-425.0,12653.0,0,534000.0,0.0,153000.0,0.0,Another type of loan,-1651,
101653,5004041,Active,currency 1,-1661,0,-1002.0,,,0,673000.0,629000.0,44000.0,0.0,Consumer credit,-982,14200.0
101653,5004042,Closed,currency 1,-844,0,-69.0,-69.0,4749.0,0,123000.0,0.0,36000.0,0.0,Consumer credit,-192,9400.0
101653,5004043,Closed,currency 1,-575,0,912.0,912.0,1402.0,0,26000.0,0.0,7000.0,0.0,Credit card,-2195,
101654,5004044,Active,currency 1,-585,0,485.0,,,0,30000.0,11000.0,9000.0,0.0,Consumer credit,-148,
101654,5004045,Closed,currency 1,-2093,0,-533.0,-533.0,,0,33000.0,0.0,10000.0,0.0,Consumer credit,-882,
101654,5004046,Active,currency 1,-2090,0,-803.0,,,0,445000.0,203000.0,171000.0,0.0,Consumer credit,-2330,14500.0
101655,5004047,Closed,currency 1,-2333,0,-1147.0,-1147.0,,0,26000.0,0.0,2000.0,0.0,Consumer credit,-1360,
101655,5004048,Active,currency 1,-509,0,407.0,,,0,539000.0,53000.0,51000.0,0.0,Consumer credit,-835,
101655,5004049,Active,currency 1,-1906,0,-858.0,,2457.0,0,1326000.0,1182000.0,515000.0,0.0,Consumer credit,-1468,
101655,5004050,Closed,currency 1,-2607,0,-446.0,-446.0,1984.0,0,257000.0,0.0,41000.0,0.0,Consumer credit,-429,
101656,5004051,Closed,currency 1,-1266,0,-502.0,-502.0,,0,32000.0,0.0,10000.0,0.0,Consumer credit,-471,
101656,5004052,Closed,currency 1,-243,0,999.0,999.0,,0,94000.0,0.0,34000.0,0.0,Car loan,-809,
101657,5004053,Closed,currency 1,-2884,0,-1255.0,-1255.0,,0,41000.0,0.0,14000.0,0.0,Consumer credit,-1562,
101658,5004054,Closed,currency 1,-2659,0,-2146.0,-2146.0,5228.0,0,561000.0,0.0,26000.0,0.0,Consumer credit,-1797,13400.0
101659,5004055,Closed,currency 1,-2577,0,-2057.0,-2057.0,,0,304000.0,0.0,33000.0,0.0,Consumer credit,-2027,
101659,5004056,Closed,currency 1,-1839,0,-140.0,-140.0,,0,166000.0,0.0,11000.0,0.0,Consumer credit,-881,
101659,5004057,Active,currency 1,-776,0,892.0,,,0,364000.0,121000.0,54000.0,0.0,Consumer credit,-887,
101659,5004058,Closed,currency 1,-1077,0,-739.0,-739.0,7287.0,0,367000.0,0.0,75000.0,0.0,Consumer credit,-1512,10100.0
101660,5004059,Active,currency 1,-2514,0,-1346.0,,,0,208000.0,21000.0,61000.0,0.0,Credit card,-2317,
101660,5004060,Active,currency 1,-736,0,763.0,,,0,614000.0,406000.0,187000.0,0.0,Consumer credit,-1690,
101660,5004061,Active,currency 1,-274,0,1574.0,,14993.0,0,244000.0,124000.0,63000.0,0.0,Consumer credit,-621,
101660,5004062,Active,currency 1,-1873,0,-1482.0,,,0,1490000.0,551000.0,122000.0,0.0,Consumer credit,-2116,
101661,5004063,Active,currency 1,-325,0,320.0,,10321.0,0,185000.0,74000.0,1000.0,0.0,Credit card,-1771,3500.0
101661,5004064,Closed,currency 1,-1169,0,338.0,338.0,344.0,0,358000.0,0.0,62000.0,0.0,Mortgage,-106,
101661,5004065,Closed,currency 1,-1649,0,-1413.0,-1413.0,,1,46000.0,0.0,17000.0,0.0,Consumer credit,-2491,
101661,5004066,Closed,currency 1,-664,0,1311.0,1311.0,,0,66000.0,0.0,7000.0,0.0,Consumer credit,-848,2200.0
101661,5004067,Closed,currency 1,-1977,0,-252.0,-252.0,32270.0,0,489000.0,0.0,149000.0,0.0,Credit card,-257,
101662,5004068,Closed,currency 1,-297,0,781.0,781.0,,0,85000.0,0.0,32000.0,0.0,Consumer credit,-478,
101662,5004069,Active,currency 1,-2713,0,-1368.0,,,0,716000.0,49000.0,264000.0,0.0,Car loan,-1277,
101663,5004070,Active,currency 1,-2428,0,-744.0,,6515.0,0,94000.0,36000.0,10000.0,0.0,Consumer credit,-2178,
101663,5004071,Closed,currency 1,-1884,0,-1605.0,-1605.0,14060.0,0,53000.0,0.0,14000.0,0.0,Consumer credit,-425,
101663,5004072,Closed,currency 1,-1456,0,360.0,360.0,1252.0,0,105000.0,0.0,32000.0,0.0,Consumer credit,-402,
101663,5004073,Closed,currency 1,-2589,0,-1531.0,-1531.0,16650.0,0,69000.0,0.0,12000.0,0.0,Consumer credit,-466,
101664,5004074,Active,currency 1,-1370,0,-135.0,,4704.0,0,231000.0,201000.0,27000.0,0.0,Consumer credit,-721,9300.0
101664,5004075,Closed,currency 1,-2319,0,-428.0,-428.0,289.0,0,294000.0,0.0,15000.0,0.0,Car loan,-2229,8600.0
101664,5004076,Closed,currency 1,-2656,0,-2415.0,-2415.0,,0,38000.0,0.0,6000.0,0.0,Credit card,-923,700.0
101664,5004077,Active,currency 1,-1755,0,-1172.0,,,0,259000.0,168000.0,1000.0,0.0,Credit card,-1262,
101665,5004078,Closed,currency 1,-1352,0,-694.0,-694.0,,0,272000.0,0.0,94000.0,0.0,Credit card,-1229,
101667,5004079,Closed,currency 1,-501,0,1664.0,1664.0,,0,62000.0,0.0,1000.0,0.0,Consumer credit,-1845,
101667,5004080,Closed,currency 1,-2512,0,-855.0,-855.0,,0,271000.0,0.0,20000.0,0.0,Consumer credit,-2155,
101667,5004081,Closed,currency 1,-651,0,204.0,204.0,,0,63000.0,0.0,21000.0,0.0,Consumer credit,-2189,1400.0
101668,5004082,Active,currency 1,-6,0,697.0,,,0,69000.0,61000.0,6000.0,0.0,Mortgage,-1603,
101669,5004083,Active,currency 1,-2822,0,-2189.0,,4433.0,0,257000.0,172000.0,67000.0,0.0,Credit card,-1312,5700.0
101669,5004084,Closed,currency 1,-2897,0,-1063.0,-1063.0,8754.0,0,384000.0,0.0,149000.0,0.0,Microloan,-2459,6500.0
101669,5004085,Closed,currency 1,-587,0,340.0,340.0,,0,52000.0,0.0,1000.0,0.0,Consumer credit,-2429,
101669,5004086,Closed,currency 1,-1804,0,40.0,40.0,4632.0,0,47000.0,0.0,13000.0,0.0,Credit card,-369,
101670,5004087,Active,currency 1,-133,0,205.0,,,0,437000.0,261000.0,4000.0,0.0,Credit card,-791,
101670,5004088,Closed,currency 1,-343,0,-158.0,-158.0,,0,312000.0,0.0,40000.0,0.0,Credit card,-1074,
101670,5004089,Active,currency 1,-391,0,1483.0,,7278.0,0,135000.0,19000.0,45000.0,0.0,Consumer credit,-390,
101671,5004090,Closed,currency 1,-938,0,323.0,323.0,,0,784000.0,0.0,213000.0,0.0,Consumer credit,-273,
101672,5004091,Closed,currency 1,-443,0,-39.0,-39.0,804.0,0,236000.0,0.0,26000.0,0.0,Consumer credit,-601,4600.0
101673,5004092,Active,currency 1,-2024,0,-1638.0,,,0,208000.0,177000.0,45000.0,0.0,Credit card,-635,7400.0
101673,5004093,Active,currency 1,-1141,0,66.0,,2098.0,0,73000.0,22000.0,15000.0,0.0,Consumer credit,-2252,
101677,5004094,Closed,currency 1,-2234,0,-1643.0,-1643.0,,0,24000.0,0.0,1000.0,0.0,Consumer credit,-700,
101677,5004095,Active,currency 1,-1932,0,-1606.0,,,0,24000.0,20000.0,7000.0,0.0,Consumer credit,-754,
101677,5004096,Closed,currency 1,-1681,0,-1257.0,-1257.0,,0,752000.0,0.0,243000.0,0.0,Credit card,-1242,
101678,5004097,Closed,currency 1,-2109,0,-1735.0,-1735.0,,0,276000.0,0.0,8000.0,0.0,Consumer credit,-1675,6100.0
101678,5004098,Closed,currency 1,-2317,125,-620.0,-620.0,,0,26000.0,0.0,2000.0,1300.0,Another type of loan,-1676,
101678,5004099,Active,currency 1,-1363,0,-244.0,,,0,481000.0,285000.0,51000.0,0.0,Consumer credit,-772,
101678,5004100,Active,currency 1,-1035,0,3.0,,1841.0,0,561000.0,486000.0,101000.0,0.0,Car loan,-424,
101679,5004101,Closed,currency 1,-2561,0,-868.0,-868.0,16059.0,0,750000.0,0.0,29000.0,0.0,Consumer credit,-2168,
101679,5004102,Closed,currency 1,-1042,0,-607.0,-607.0,1918.0,0,80000.0,0.0,11000.0,0.0,Consumer credit,-2445,
101679,5004103,Closed,currency 1,-2461,0,-2105.0,-2105.0,,0,511000.0,0.0,19000.0,0.0,Consumer credit,-928,
101679,5004104,Closed,currency 1,-1632,0,0.0,0.0,,1,216000.0,0.0,54000.0,0.0,Consumer credit,-1242,
101680,5004105,Closed,currency 1,-2756,0,-1736.0,-1736.0,148.0,0,210000.0,0.0,2000.0,0.0,Consumer credit,-921,
101680,5004106,Active,currency 1,-2455,0,-335.0,,858.0,0,86000.0,57000.0,22000.0,0.0,Consumer credit,-2345,2800.0
101680,5004107,Active,currency 1,-2653,0,-1314.0,,,0,107000.0,93000.0,12000.0,0.0,Consumer credit,-1693,1800.0
101681,5004108,Active,currency 1,-1583,0,337.0,,1626.0,0,53000.0,48000.0,4000.0,0.0,Credit card,-492,
101681,5004109,Active,currency 1,-392,0,553.0,,180.0,0,68000.0,11000.0,21000.0,0.0,Consumer credit,-348,
101681,5004110,Active,currency 1,-1471,0,122.0,,,0,1284000.0,248000.0,166000.0,0.0,Microloan,-446,
101681,5004111,Active,currency 1,-141,0,408.0,,,0,273000.0,191000.0,85000.0,0.0,Consumer credit,-600,9300.0
101681,5004112,Closed,currency 1,-1225,0,-715.0,-715.0,,0,73000.0,0.0,9000.0,0.0,Credit card,-1809,1500.0
101681,5004113,Active,currency 1,-1379,0,-315.0,,,0,166000.0,67000.0,64000.0,0.0,Consumer credit,-2356,
101681,5004114,Closed,currency 1,-2507,0,-1879.0,-1879.0,,0,454000.0,0.0,25000.0,0.0,Credit card,-577,16800.0
101682,5004115,Closed,currency 1,-2155,0,-181.0,-181.0,,0,514000.0,0.0,141000.0,0.0,Car loan,-65,21700.0
101683,5004116,Closed,currency 1,-421,0,1374.0,1374.0,,0,220000.0,0.0,49000.0,0.0,Microloan,-93,
101683,5004117,Closed,currency 1,-1897,0,-1127.0,-1127.0,,0,132000.0,0.0,48000.0,0.0,Credit card,-324,
101683,5004118,Closed,currency 1,-2889,0,-2390.0,-2390.0,,0,433000.0,0.0,166000.0,0.0,Consumer credit,-2072,
101683,5004119,Closed,currency 1,-1155,0,605.0,605.0,,0,216000.0,0.0,14000.0,0.0,Consumer credit,-687,17400.0
101684,5004120,Active,currency 1,-2066,0,-1412.0,,,0,565000.0,234000.0,172000.0,0.0,Credit card,-1689,
101684,5004121,Closed,currency 1,-1388,101,-504.0,-504.0,66253.0,0,138000.0,0.0,2000.0,6900.0,Consumer credit,-1364,
101684,5004122,Active,currency 1,-1696,0,-838.0,,,0,128000.0,75000.0,44000.0,0.0,Consumer credit,-2338,
101684,5004123,Active,currency 1,-733,0,-467.0,,,0,1546000.0,1406000.0,435000.0,0.0,Consumer credit,-1026,29300.0
101684,5004124,Closed,currency 1,-1990,0,-530.0,-530.0,24197.0,0,554000.0,0.0,208000.0,0.0,Credit card,-741,
101685,5004125,Closed,currency 1,-555,0,904.0,904.0,911.0,0,473000.0,0.0,178000.0,0.0,Consumer credit,-1785,
101685,5004126,Closed,currency 1,-512,0,1465.0,1465.0,,0,89000.0,0.0,6000.0,0.0,Consumer credit,-955,1800.0
101686,5004127,Closed,currency 1,-1672,0,442.0,442.0,,0,288000.0,0.0,57000.0,0.0,Credit card,-172,
101686,5004128,Closed,currency 1,-1919,0,-909.0,-909.0,,0,226000.0,0.0,44000.0,0.0,Consumer credit,-1003,6700.0
101686,5004129,Closed,currency 1,-1863,0,-34.0,-34.0,,0,89000.0,0.0,10000.0,0.0,Consumer credit,-2416,
101686,5004130,Closed,currency 1,-1970,0,-620.0,-620.0,1341.0,0,144000.0,0.0,12000.0,0.0,Consumer credit,-1323,
101686,5004131,Closed,currency 1,-411,0,969.0,969.0,,0,367000.0,0.0,35000.0,0.0,Credit card,-102,
101686,5004132,Closed,currency 1,-38,0,254.0,254.0,,0,38000.0,0.0,10000.0,0.0,Consumer credit,-1469,
101686,5004133,Closed,currency 1,-1295,0,-665.0,-665.0,,0,193000.0,0.0,39000.0,0.0,Consumer credit,-691,
101687,5004134,Closed,currency 1,-2419,0,-727.0,-727.0,,0,90000.0,0.0,2000.0,0.0,Credit card,-487,
101687,5004135,Closed,currency 1,-2050,0,-696.0,-696.0,,0,456000.0,0.0,124000.0,0.0,Consumer credit,-1061,10900.0
101688,5004136,Active,currency 1,-1728,0,-667.0,,393.0,0,588000.0,252000.0,41000.0,0.0,Consumer credit,-654,
101688,5004137,Closed,currency 1,-373,0,-120.0,-120.0,,0,574000.0,0.0,49000.0,0.0,Consumer credit,-1675,
101688,5004138,Closed,currency 1,-1201,0,-986.0,-986.0,,0,153000.0,0.0,56000.0,0.0,Credit card,-442,
101688,5004139,Closed,currency 1,-1022,0,386.0,386.0,,0,344000.0,0.0,129000.0,0.0,Consumer credit,-2272,6200.0
101688,5004140,Closed,currency 1,-1139,0,-515.0,-515.0,5302.0,0,473000.0,0.0,119000.0,0.0,Consumer credit,-1975,13800.0
101689,5004141,Closed,currency 1,-1025,0,-467.0,-467.0,,0,577000.0,0.0,15000.0,0.0,Mortgage,-864,
101689,5004142,Active,currency 1,-662,0,667.0,,564.0,0,59000.0,19000.0,21000.0,0.0,Consumer credit,-2099,
101689,5004143,Closed,currency 1,-722,0,896.0,896.0,1364.0,0,85000.0,0.0,19000.0,0.0,Consumer credit,-846,
101690,5004144,Closed,currency 1,-849,0,-232.0,-232.0,,0,187000.0,0.0,23000.0,0.0,Mortgage,-1438,
101690,5004145,Closed,currency 1,-414,0,-95.0,-95.0,,0,544000.0,0.0,110000.0,0.0,Consumer credit,-591,
101690,5004146,Active,currency 1,-2217,0,-538.0,,,0,101000.0,23000.0,8000.0,0.0,Credit card,-611,
101691,5004147,Closed,currency 1,-2730,0,-893.0,-893.0,,0,243000.0,0.0,69000.0,0.0,Car loan,-989,
101691,5004148,Closed,currency 1,-964,0,-247.0,-247.0,1528.0,0,369000.0,0.0,90000.0,0.0,Credit card,-2254,
101692,5004149,Closed,currency 1,-252,0,1109.0,1109.0,,0,28000.0,0.0,2000.0,0.0,Credit card,-1557,
101692,5004150,Closed,currency 1,-1712,0,-758.0,-758.0,,0,563000.0,0.0,201000.0,0.0,Credit card,-1372,19600.0
101692,5004151,Active,currency 1,-763,0,-134.0,,5322.0,0,211000.0,108000.0,10000.0,0.0,Credit card,-2238,7900.0
101692,5004152,Active,currency 1,-685,0,-207.0,,12646.0,0,174000.0,146000.0,50000.0,0.0,Credit card,-2466,
101692,5004153,Closed,currency 1,-75,0,1213.0,1213.0,9593.0,0,887000.0,0.0,189000.0,0.0,Consumer credit,-105,
101694,5004154,Active,currency 1,-1337,0,-758.0,,21797.0,0,83000.0,8000.0,9000.0,0.0,Consumer credit,-855,
101694,5004155,Closed,currency 1,-1379,0,439.0,439.0,,0,24000.0,0.0,0.0,0.0,Credit card,-544,
101694,5004156,Closed,currency 1,-839,0,775.0,775.0,,0,1070000.0,0.0,343000.0,0.0,Consumer credit,-1075,
101696,5004157,Closed,currency 1,-1277,0,-1017.0,-1017.0,16139.0,0,1104000.0,0.0,420000.0,0.0,Consumer credit,-345,52100.0
101696,5004158,Active,currency 1,-1435,0,-536.0,,,0,355000.0,219000.0,30000.0,0.0,Consumer credit,-2213,
101696,5004159,Active,currency 1,-1096,0,288.0,,,0,232000.0,152000.0,84000.0,0.0,Consumer credit,-978,
101696,5004160,Closed,currency 1,-207,0,30.0,30.0,,0,121000.0,0.0,24000.0,0.0,Consumer credit,-1175,4200.0
101696,5004161,Closed,currency 1,-1004,0,635.0,635.0,,0,83000.0,0.0,14000.0,0.0,Consumer credit,-742,
101697,5004162,Active,currency 1,-298,0,993.0,,,0,2236000.0,1038000.0,14000.0,0.0,Consumer credit,-956,
101697,5004163,Closed,currency 1,-2048,0,-1156.0,-1156.0,,0,92000.0,0.0,23000.0,0.0,Consumer credit,-40,
101697,5004164,Active,currency 1,-2342,0,-1994.0,,,0,78000.0,40000.0,21000.0,0.0,Consumer credit,-1497,
101698,5004165,Active,currency 1,-1659,0,-658.0,,,0,317000.0,168000.0,29000.0,0.0,Mortgage,-1785,12300.0
101698,5004166,Active,currency 1,-335,0,682.0,,5015.0,0,123000.0,43000.0,3000.0,0.0,Consumer credit,-2405,
101698,5004167,Closed,currency 1,-484,0,-211.0,-211.0,,0,638000.0,0.0,190000.0,0.0,Consumer credit,-119,15400.0
101698,5004168,Active,currency 1,-2630,0,-1978.0,,7725.0,0,306000.0,165000.0,34000.0,0.0,Consumer credit,-1186,
101699,5004169,Active,currency 1,-1445,0,748.0,,,0,143000.0,54000.0,20000.0,0.0,Mortgage,-949,
101701,5004170,Active,currency 1,-287,0,792.0,,,0,905000.0,106000.0,121000.0,0.0,Credit card,-639,
101701,5004171,Closed,currency 1,-2083,0,-484.0,-484.0,,0,1189000.0,0.0,81000.0,0.0,Credit card,-1863,
101701,5004172,Closed,currency 1,-1209,131,252.0,252.0,,0,1743000.0,0.0,57000.0,87150.0,Consumer credit,-743,
101701,5004173,Closed,currency 1,-720,0,1053.0,1053.0,,0,40000.0,0.0,1000.0,0.0,Microloan,-2296,
101701,5004174,Closed,currency 1,-493,0,272.0,272.0,,0,223000.0,0.0,22000.0,0.0,Credit card,-76,5900.0
101701,5004175,Closed,currency 1,-1955,0,-1281.0,-1281.0,,0,28000.0,0.0,4000.0,0.0,Consumer credit,-2320,
101701,5004176,Closed,currency 1,-2201,0,-597.0,-597.0,,0,69000.0,0.0,22000.0,0.0,Consumer credit,-1326,2800.0
101702,5004177,Closed,currency 1,-1409,0,710.0,710.0,620.0,0,1053000.0,0.0,92000.0,0.0,Credit card,-2433,21000.0
101702,5004178,Closed,currency 1,-1024,0,-494.0,-494.0,,0,390000.0,0.0,88000.0,0.0,Consumer credit,-1226,
101702,5004179,Closed,currency 1,-327,0,1035.0,1035.0,,0,173000.0,0.0,13000.0,0.0,Consumer credit,-1519,
101703,5004180,Active,currency 1,-1219,0,-557.0,,4209.0,0,2186000.0,571000.0,748000.0,0.0,Consumer credit,-1330,
101703,5004181,Closed,currency 1,-282,0,952.0,952.0,,0,65000.0,0.0,15000.0,0.0,Consumer credit,-322,
101704,5004182,Closed,currency 1,-2469,0,-463.0,-463.0,,0,66000.0,0.0,18000.0,0.0,Another type of loan,-364,
101705,5004183,Closed,currency 1,-1565,0,-1001.0,-1001.0,3036.0,0,59000.0,0.0,12000.0,0.0,Consumer credit,-704,1300.0
101705,5004184,Closed,currency 1,-1999,0,-629.0,-629.0,,0,232000.0,0.0,60000.0,0.0,Consumer credit,-863,10300.0
101706,5004185,Closed,currency 1,-1641,0,-605.0,-605.0,26325.0,0,302000.0,0.0,92000.0,0.0,Credit card,-729,
101706,5004186,Closed,currency 1,-91,0,2083.0,2083.0,,0,88000.0,0.0,4000.0,0.0,Credit card,-818,3600.0
101706,5004187,Active,currency 1,-407,0,1211.0,,,0,97000.0,8000.0,19000.0,0.0,Credit card,-728,
101706,5004188,Active,currency 1,-1445,0,-721.0,,,0,979000.0,792000.0,337000.0,0.0,Car loan,-1792,
101707,5004189,Closed,currency 1,-1879,0,25.0,25.0,25659.0,0,93000.0,0.0,5000.0,0.0,Credit card,-268,
101707,5004190,Active,currency 1,-1388,0,3.0,,,0,145000.0,114000.0,17000.0,0.0,Consumer credit,-638,2600.0
101707,5004191,Closed,currency 1,-2062,0,-1706.0,-1706.0,,0,10000.0,0.0,3000.0,0.0,Consumer credit,-992,200.0
101707,5004192,Active,currency 1,-1355,130,529.0,,,0,185000.0,19000.0,53000.0,9250.0,Credit card,-2117,
101708,5004193,Closed,currency 1,-2133,0,-1712.0,-1712.0,,0,325000.0,0.0,34000.0,0.0,Credit card,-2176,
101708,5004194,Active,currency 1,-1373,0,-1186.0,,7249.0,0,89000.0,16000.0,15000.0,0.0,Consumer credit,-2193,
101708,5004195,Closed,currency 1,-1370,97,28.0,28.0,,0,26000.0,0.0,5000.0,1300.0,Consumer credit,-1201,
101708,5004196,Closed,currency 1,-95,0,425.0,425.0,,0,388000.0,0.0,48000.0,0.0,Consumer credit,-1199,
101708,5004197,Closed,currency 1,-1,0,751.0,751.0,,0,39000.0,0.0,13000.0,0.0,Mortgage,-1858,
101708,5004198,Active,currency 1,-1565,0,-613.0,,,0,141000.0,31000.0,54000.0,0.0,Consumer credit,-1475,
101709,5004199,Closed,currency 1,-1493,0,440.0,440.0,,0,432000.0,0.0,164000.0,0.0,Consumer credit,-428,17300.0
101711,5004200,Active,currency 1,-2244,0,-758.0,,,0,212000.0,117000.0,11000.0,0.0,Consumer credit,-1648,3700.0
101711,5004201,Closed,currency 1,-1391,53,77.0,77.0,12205.0,0,16000.0,0.0,4000.0,800.0,Consumer credit,-201,
101711,5004202,Active,currency 1,-63,0,1596.0,,3402.0,0,90000.0,18000.0,10000.0,0.0,Consumer credit,-1647,
101711,5004203,Active,currency 1,-936,0,1238.0,,,0,340000.0,30000.0,120000.0,0.0,Consumer credit,-2289,
101711,5004204,Closed,currency 1,-2198,0,-1044.0,-1044.0,,1,169000.0,0.0,47000.0,0.0,Credit card,-1522,
101714,5004205,Active,currency 1,-1160,0,842.0,,5852.0,0,72000.0,36000.0,22000.0,0.0,Consumer credit,-1907,
101715,5004206,Closed,currency 1,-2868,0,-1782.0,-1782.0,2127.0,0,681000.0,0.0,266000.0,0.0,Consumer credit,-1026,
101715,5004207,Closed,currency 1,-1617,0,-859.0,-859.0,,0,68000.0,0.0,19000.0,0.0,Consumer credit,-911,
101716,5004208,Closed,currency 1,-1162,0,443.0,443.0,,0,484000.0,0.0,68000.0,0.0,Consumer credit,-344,10700.0
101716,5004209,Closed,currency 1,-1347,0,-38.0,-38.0,,0,285000.0,0.0,62000.0,0.0,Another type of loan,-1744,11200.0
101716,5004210,Closed,currency 1,-180,0,1069.0,1069.0,19094.0,0,22000.0,0.0,8000.0,0.0,Consumer credit,-331,
101716,5004211,Closed,currency 1,-2894,0,-2238.0,-2238.0,,0,728000.0,0.0,231000.0,0.0,Consumer credit,-1042,17900.0
101716,5004212,Closed,currency 1,-602,0,451.0,451.0,41535.0,0,93000.0,0.0,5000.0,0.0,Consumer credit,-56,
101718,5004213,Closed,currency 1,-1248,0,304.0,304.0,2058.0,0,100000.0,0.0,9000.0,0.0,Credit card,-1697,
101718,5004214,Closed,currency 1,-1995,0,-605.0,-605.0,490.0,0,273000.0,0.0,5000.0,0.0,Credit card,-2291,
101718,5004215,Closed,currency 1,-353,0,1119.0,1119.0,,0,64000.0,0.0,23000.0,0.0,Consumer credit,-2085,
101718,5004216,Closed,currency 1,-670,7,428.0,428.0,,0,407000.0,0.0,120000.0,20350.0,Credit card,-1935,7200.0
101718,5004217,Closed,currency 1,-2720,0,-1392.0,-1392.0,,0,39000.0,0.0,11000.0,0.0,Consumer credit,-727,
101719,5004218,Closed,currency 1,-1557,0,-211.0,-211.0,,0,593000.0,0.0,174000.0,0.0,Credit card,-732,11500.0
101719,5004219,Active,currency 1,-1935,0,-939.0,,2811.0,0,371000.0,276000.0,92000.0,0.0,Consumer credit,-1530,
101720,5004220,Active,currency 1,-2172,0,-564.0,,1481.0,0,60000.0,36000.0,16000.0,0.0,Car loan,-2465,4900.0
101720,5004221,Closed,currency 1,-2713,0,-1858.0,-1858.0,7430.0,0,719000.0,0.0,179000.0,0.0,Consumer credit,-2496,
101720,5004222,Active,currency 1,-708,0,-378.0,,,0,377000.0,84000.0,38000.0,0.0,Car loan,-32,
101720,5004223,Closed,currency 1,-1974,0,-728.0,-728.0,1004.0,0,275000.0,0.0,107000.0,0.0,Consumer credit,-964,
101720,5004224,Closed,currency 1,-1449,0,-1094.0,-1094.0,48335.0,0,126000.0,0.0,10000.0,0.0,Consumer credit,-1387,
101720,5004225,Closed,currency 1,-2659,0,-1729.0,-1729.0,3623.0,1,78000.0,0.0,25000.0,0.0,Consumer credit,-1787,
101722,5004226,Closed,currency 1,-33,0,1654.0,1654.0,,0,95000.0,0.0,36000.0,0.0,Consumer credit,-2286,1700.0
101724,5004227,Closed,currency 1,-175,0,1749.0,1749.0,,0,57000.0,0.0,1000.0,0.0,Consumer credit,-135,1600.0
101724,5004228,Closed,currency 1,-1134,0,686.0,686.0,,0,226000.0,0.0,9000.0,0.0,Microloan,-2323,
101724,5004229,Closed,currency 1,-2354,0,-313.0,-313.0,,0,77000.0,0.0,19000.0,0.0,Car loan,-102,1800.0
101728,5004230,Active,currency 1,-639,0,-359.0,,7640.0,0,70000.0,64000.0,22000.0,0.0,Consumer credit,-888,
101728,5004231,Closed,currency 1,-980,0,120.0,120.0,,0,765000.0,0.0,21000.0,0.0,Credit card,-1789,
101729,5004232,Active,currency 1,-2131,0,-1221.0,,,0,48000.0,22000.0,7000.0,0.0,Consumer credit,-1180,
101729,5004233,Closed,currency 1,-1174,0,-778.0,-778.0,,0,120000.0,0.0,3000.0,0.0,Microloan,-1419,3200.0
101729,5004234,Closed,currency 1,-2366,0,-1323.0,-1323.0,,0,84000.0,0.0,23000.0,0.0,Credit card,-1012,
101729,5004235,Closed,currency 1,-943,0,-108.0,-108.0,193.0,0,585000.0,0.0,130000.0,0.0,Consumer credit,-1417,
101730,5004236,Active,currency 1,-2632,0,-582.0,,6863.0,0,220000.0,20000.0,55000.0,0.0,Consumer credit,-1838,
101730,5004237,Closed,currency 1,-186,0,1270.0,1270.0,526.0,0,103000.0,0.0,35000.0,0.0,Mortgage,-376,
101731,5004238,Closed,currency 1,-151,0,1851.0,1851.0,,0,307000.0,0.0,96000.0,0.0,Consumer credit,-2349,
101731,5004239,Closed,currency 1,-1950,0,-1052.0,-1052.0,2969.0,0,997000.0,0.0,253000.0,0.0,Credit card,-1556,
101731,5004240,Active,currency 1,-1474,0,710.0,,,0,1942000.0,473000.0,572000.0,0.0,Consumer credit,-569,
101731,5004241,Active,currency 1,-2784,0,-1729.0,,,0,46000.0,13000.0,18000.0,0.0,Consumer credit,-737,
101732,5004242,Closed,currency 1,-571,0,436.0,436.0,21768.0,0,25000.0,0.0,3000.0,0.0,Consumer credit,-1357,
101732,5004243,Active,currency 1,-1920,0,-999.0,,794.0,0,62000.0,4000.0,5000.0,0.0,Consumer credit,-1448,
101732,5004244,Active,currency 1,-295,0,241.0,,36149.0,0,641000.0,243000.0,100000.0,0.0,Consumer credit,-300,
101732,5004245,Closed,currency 1,-1488,0,-348.0,-348.0,1588.0,0,90000.0,0.0,9000.0,0.0,Consumer credit,-2233,
101732,5004246,Closed,currency 1,-17,0,924.0,924.0,,0,253000.0,0.0,43000.0,0.0,Car loan,-2238,10600.0
101732,5004247,Closed,currency 1,-1453,0,-361.0,-361.0,,0,175000.0,0.0,8000.0,0.0,Consumer credit,-127,3000.0
101733,5004248,Closed,currency 1,-2329,0,-681.0,-681.0,,0,46000.0,0.0,13000.0,0.0,Consumer credit,-1568,
101733,5004249,Closed,currency 1,-2730,0,-2340.0,-2340.0,7115.0,0,180000.0,0.0,13000.0,0.0,Credit card,-576,
101735,5004250,Closed,currency 1,-991,0,357.0,357.0,34380.0,0,1942000.0,0.0,390000.0,0.0,Consumer credit,-18,
101735,5004251,Active,currency 1,-1599,0,87.0,,,0,210000.0,153000.0,38000.0,0.0,Mortgage,-1190,
101735,5004252,Closed,currency 1,-2200,0,-369.0,-369.0,,0,163000.0,0.0,44000.0,0.0,Consumer credit,-2431,
101735,5004253,Closed,currency 1,-765,0,1269.0,1269.0,,0,282000.0,0.0,100000.0,0.0,Consumer credit,-2365,
101737,5004254,Closed,currency 1,-2856,0,-1356.0,-1356.0,,0,157000.0,0.0,56000.0,0.0,Credit card,-1573,
101737,5004255,Active,currency 1,-661,0,989.0,,,0,287000.0,28000.0,104000.0,0.0,Consumer credit,-1081,
101737,5004256,Closed,currency 1,-737,0,1360.0,1360.0,,0,325000.0,0.0,6000.0,0.0,Consumer credit,-1774,
101737,5004257,Closed,currency 1,-201,0,1028.0,1028.0,695.0,0,185000.0,0.0,53000.0,0.0,Credit card,-641,
101739,5004258,Closed,currency 1,-2532,0,-761.0,-761.0,,0,137000.0,0.0,39000.0,0.0,Consumer credit,-307,3300.0
101739,5004259,Closed,currency 1,-661,0,-444.0,-444.0,2353.0,0,206000.0,0.0,55000.0,0.0,Consumer credit,-2054,
101739,5004260,Closed,currency 1,-606,0,312.0,312.0,,0,990000.0,0.0,202000.0,0.0,Consumer credit,-507,
101739,5004261,Closed,currency 1,-5,0,743.0,743.0,,0,23000.0,0.0,7000.0,0.0,Consumer credit,-2070,600.0
101739,5004262,Closed,currency 1,-490,0,1590.0,1590.0,1954.0,0,34000.0,0.0,2000.0,0.0,Credit card,-779,
101740,5004263,Active,currency 1,-675,170,631.0,,1248.0,0,105000.0,28000.0,26000.0,5250.0,Credit card,-1720,
101740,5004264,Closed,currency 1,-2782,0,-1984.0,-1984.0,,0,449000.0,0.0,143000.0,0.0,Car loan,-940,
101740,5004265,Closed,currency 1,-1440,0,-148.0,-148.0,,0,448000.0,0.0,2000.0,0.0,Mortgage,-1158,
101741,5004266,Closed,currency 1,-1999,0,-274.0,-274.0,19185.0,0,930000.0,0.0,151000.0,0.0,Mortgage,-412,17000.0
101741,5004267,Closed,currency 1,-2091,0,-1461.0,-1461.0,14250.0,0,154000.0,0.0,38000.0,0.0,Consumer credit,-2162,
101742,5004268,Closed,currency 1,-1955,0,-1380.0,-1380.0,,0,210000.0,0.0,67000.0,0.0,Car loan,-1158,
101742,5004269,Closed,currency 1,-166,0,1413.0,1413.0,1903.0,0,53000.0,0.0,15000.0,0.0,Credit card,-2249,
101742,5004270,Closed,currency 1,-2348,0,-1509.0,-1509.0,,0,22000.0,0.0,7000.0,0.0,Loan for business development,-42,
101742,5004271,Closed,currency 1,-2207,0,-1649.0,-1649.0,,0,474000.0,0.0,173000.0,0.0,Consumer credit,-591,
101743,5004272,Closed,currency 1,-2317,0,-1266.0,-1266.0,,0,39000.0,0.0,7000.0,0.0,Consumer credit,-1967,
101743,5004273,Closed,currency 1,-1049,73,860.0,860.0,11074.0,0,84000.0,0.0,29000.0,4200.0,Consumer credit,-175,
101743,5004274,Closed,currency 1,-2691,0,-886.0,-886.0,3369.0,0,61000.0,0.0,0.0,0.0,Consumer credit,-65,1100.0
101747,5004275,Closed,currency 1,-747,0,727.0,727.0,928.0,0,42000.0,0.0,7000.0,0.0,Consumer credit,-2305,1000.0
101747,5004276,Closed,currency 1,-1671,0,-828.0,-828.0,14442.0,0,334000.0,0.0,98000.0,0.0,Credit card,-436,
101747,5004277,Closed,currency 1,-1173,0,248.0,248.0,,0,51000.0,0.0,11000.0,0.0,Consumer credit,-1059,
101748,5004278,Active,currency 1,-1016,0,499.0,,,0,83000.0,46000.0,28000.0,0.0,Consumer credit,-702,1400.0
101748,5004279,Active,currency 1,-878,0,-523.0,,,0,121000.0,94000.0,19000.0,0.0,Consumer credit,-1806,
101749,5004280,Active,currency 1,-832,0,-11.0,,,0,498000.0,461000.0,72000.0,0.0,Another type of loan,-931,
101749,5004281,Closed,currency 1,-2774,0,-1656.0,-1656.0,,0,79000.0,0.0,28000.0,0.0,Consumer credit,-801,
101749,5004282,Active,currency 1,-124,0,1385.0,,,0,225000.0,173000.0,6000.0,0.0,Consumer credit,-557,
101750,5004283,Active,currency 1,-2295,0,-1534.0,,,1,175000.0,74000.0,65000.0,0.0,Consumer credit,-2383,
101750,5004284,Active,currency 1,-157,0,1392.0,,,0,246000.0,53000.0,75000.0,0.0,Consumer credit,-1144,
101750,5004285,Active,currency 1,-2851,0,-2390.0,,,0,66000.0,31000.0,26000.0,0.0,Credit card,-613,2100.0
101750,5004286,Closed,currency 1,-575,0,130.0,130.0,,0,707000.0,0.0,20000.0,0.0,Consumer credit,-1278,
101750,5004287,Closed,currency 1,-1716,0,166.0,166.0,,0,209000.0,0.0,48000.0,0.0,Consumer credit,-252,
101751,5004288,Active,currency 1,-1811,0,-613.0,,,0,98000.0,62000.0,5000.0,0.0,Consumer credit,-1249,
101751,5004289,Active,currency 1,-1337,0,474.0,,,0,162000.0,98000.0,47000.0,0.0,Credit card,-775,
101752,5004290,Closed,currency 1,-2453,0,-665.0,-665.0,,0,93000.0,0.0,31000.0,0.0,Microloan,-519,1900.0
101752,5004291,Active,currency 1,-1221,0,-723.0,,4521.0,0,735000.0,570000.0,270000.0,0.0,Credit card,-2004,
101752,5004292,Closed,currency 1,-1312,0,-743.0,-743.0,,0,95000.0,0.0,7000.0,0.0,Consumer credit,-304,
101753,5004293,Closed,currency 1,-2057,0,-1426.0,-1426.0,,0,384000.0,0.0,1000.0,0.0,Consumer credit,-149,18100.0
101753,5004294,Active,currency 1,-2047,0,-797.0,,,0,87000.0,51000.0,11000.0,0.0,Consumer credit,-2202,1600.0
101754,5004295,Closed,currency 1,-1910,0,-1258.0,-1258.0,,0,102000.0,0.0,20000.0,0.0,Credit card,-1640,
101754,5004296,Closed,currency 1,-925,0,-673.0,-673.0,,0,149000.0,0.0,32000.0,0.0,Consumer credit,-1047,
101754,5004297,Closed,currency 1,-2621,0,-2338.0,-2338.0,,0,2472000.0,0.0,638000.0,0.0,Consumer credit,-376,
101754,5004298,Closed,currency 1,-2063,0,17.0,17.0,12877.0,0,58000.0,0.0,14000.0,0.0,Consumer credit,-1885,
101754,5004299,Closed,currency 1,-842,0,22.0,22.0,14002.0,0,255000.0,0.0,28000.0,0.0,Consumer credit,-33,
101755,5004300,Closed,currency 1,-2016,0,48.0,48.0,,0,151000.0,0.0,42000.0,0.0,Consumer credit,-901,
101755,5004301,Active,currency 1,-1800,0,-1454.0,,,0,132000.0,51000.0,52000.0,0.0,Consumer credit,-2418,3500.0
101755,5004302,Closed,currency 1,-889,0,-441.0,-441.0,3107.0,0,139000.0,0.0,4000.0,0.0,Consumer credit,-1045,
101755,5004303,Closed,currency 1,-642,0,197.0,197.0,,0,580000.0,0.0,58000.0,0.0,Consumer credit,-804,14500.0
101755,5004304,Closed,currency 1,-355,0,1700.0,1700.0,,0,427000.0,0.0,37000.0,0.0,Consumer credit,-336,8100.0
101755,5004305,Active,currency 1,-2749,0,-1991.0,,,0,110000.0,84000.0,44000.0,0.0,Consumer credit,-529,3800.0
101755,5004306,Closed,currency 1,-1202,0,-773.0,-773.0,,0,53000.0,0.0,5000.0,0.0,Microloan,-471,
101756,5004307,Closed,currency 1,-2333,0,-1314.0,-1314.0,,0,82000.0,0.0,15000.0,0.0,Consumer credit,-2426,2100.0
101756,5004308,Closed,currency 1,-1297,0,510.0,510.0,,0,21000.0,0.0,6000.0,0.0,Credit card,-1904,
101756,5004309,Active,currency 1,-2374,0,-1777.0,,7201.0,0,549000.0,112000.0,70000.0,0.0,Consumer credit,-282,11800.0
101757,5004310,Closed,currency 1,-461,0,21.0,21.0,,0,225000.0,0.0,45000.0,0.0,Consumer credit,-1018,5200.0
101757,5004311,Closed,currency 1,-2153,0,-1526.0,-1526.0,,0,769000.0,0.0,14000.0,0.0,Consumer credit,-266,16000.0
101757,5004312,Closed,currency 1,-1905,0,-576.0,-576.0,,0,124000.0,0.0,23000.0,0.0,Consumer credit,-2331,
101757,5004313,Active,currency 1,-1611,0,47.0,,,0,53000.0,36000.0,12000.0,0.0,Credit card,-832,
101757,5004314,Active,currency 1,-2064,0,-600.0,,1085.0,0,348000.0,105000.0,95000.0,0.0,Consumer credit,-1534,
101758,5004315,Closed,currency 1,-89,0,515.0,515.0,,0,47000.0,0.0,6000.0,0.0,Car loan,-2112,
101758,5004316,Closed,currency 1,-512,0,-145.0,-145.0,2357.0,0,845000.0,0.0,173000.0,0.0,Credit card,-463,
101758,5004317,Active,currency 1,-1995,0,-1068.0,,,0,22000.0,20000.0,2000.0,0.0,Consumer credit,-1210,
101759,5004318,Active,currency 1,-1799,0,-650.0,,,0,564000.0,58000.0,147000.0,0.0,Consumer credit,-309,17600.0
101760,5004319,Active,currency 1,-2790,0,-1077.0,,,0,98000.0,48000.0,38000.0,0.0,Credit card,-1019,
101760,5004320,Closed,currency 1,-2551,0,-1698.0,-1698.0,,0,58000.0,0.0,16000.0,0.0,Consumer credit,-839,1200.0
101760,5004321,Closed,currency 1,-2257,0,-803.0,-803.0,,0,465000.0,0.0,47000.0,0.0,Consumer credit,-658,
101761,5004322,Active,currency 1,-995,0,-583.0,,,0,316000.0,147000.0,75000.0,0.0,Microloan,-524,
101761,5004323,Closed,currency 1,-2641,0,-1811.0,-1811.0,,0,1168000.0,0.0,129000.0,0.0,Consumer credit,-510,
101761,5004324,Active,currency 1,-2567,0,-817.0,,,0,192000.0,174000.0,40000.0,0.0,Consumer credit,-816,
101762,5004325,Active,currency 1,-1581,0,-1232.0,,,0,274000.0,128000.0,12000.0,0.0,Consumer credit,-1397,5200.0
101762,5004326,Closed,currency 1,-2538,0,-2134.0,-2134.0,,0,111000.0,0.0,41000.0,0.0,Car loan,-2310,
101762,5004327,Closed,currency 1,-1261,0,407.0,407.0,,0,246000.0,0.0,52000.0,0.0,Consumer credit,-2178,
101763,5004328,Closed,currency 1,-594,0,890.0,890.0,,0,104000.0,0.0,11000.0,0.0,Consumer credit,-2043,
101763,5004329,Active,currency 1,-942,0,-541.0,,,0,195000.0,159000.0,36000.0,0.0,Credit card,-169,
101764,5004330,Closed,currency 1,-276,0,671.0,671.0,,0,92000.0,0.0,13000.0,0.0,Car loan,-1688,5100.0
101765,5004331,Closed,currency 1,-2126,0,-1143.0,-1143.0,,0,139000.0,0.0,22000.0,0.0,Credit card,-1067,
101765,5004332,Closed,currency 1,-2416,0,-951.0,-951.0,,0,53000.0,0.0,16000.0,0.0,Consumer credit,-1130,
101766,5004333,Active,currency 1,-1735,0,-1144.0,,,0,124000.0,50000.0,49000.0,0.0,Consumer credit,-649,
101766,5004334,Closed,currency 1,-2750,0,-1634.0,-1634.0,6672.0,0,102000.0,0.0,0.0,0.0,Consumer credit,-978,3600.0
101766,5004335,Active,currency 1,-2227,0,-1066.0,,,0,647000.0,405000.0,198000.0,0.0,Credit card,-2337,
101769,5004336,Active,currency 1,-2810,0,-2034.0,,,0,1095000.0,875000.0,118000.0,0.0,Credit card,-1926,
101769,5004337,Closed,currency 1,-2588,0,-1915.0,-1915.0,1869.0,0,748000.0,0.0,254000.0,0.0,Microloan,-2416,
101769,5004338,Closed,currency 1,-1896,0,-1234.0,-1234.0,,0,1333000.0,0.0,515000.0,0.0,Consumer credit,-254,39700.0
101769,5004339,Closed,currency 1,-1358,0,-157.0,-157.0,,0,42000.0,0.0,10000.0,0.0,Car loan,-2454,
101770,5004340,Closed,currency 1,-1475,0,-355.0,-355.0,11841.0,0,209000.0,0.0,34000.0,0.0,Consumer credit,-18,
101770,5004341,Closed,currency 1,-2525,0,-1164.0,-1164.0,,0,168000.0,0.0,49000.0,0.0,Credit card,-2429,3300.0
101770,5004342,Closed,currency 1,-468,0,1587.0,1587.0,4547.0,0,698000.0,0.0,48000.0,0.0,Consumer credit,-1747,
101770,5004343,Closed,currency 1,-1140,0,145.0,145.0,,0,640000.0,0.0,65000.0,0.0,Credit card,-706,
101771,5004344,Closed,currency 1,-1512,0,-361.0,-361.0,,0,543000.0,0.0,93000.0,0.0,Credit card,-1040,
101771,5004345,Active,currency 1,-1495,0,-1301.0,,4845.0,0,693000.0,253000.0,146000.0,0.0,Consumer credit,-1101,22800.0
101771,5004346,Closed,currency 1,-2403,0,-661.0,-661.0,,0,1091000.0,0.0,30000.0,0.0,Credit card,-1317,
101772,5004347,Closed,currency 1,-2273,0,-2034.0,-2034.0,5117.0,0,177000.0,0.0,20000.0,0.0,Microloan,-1693,
101772,5004348,Active,currency 1,-1948,0,-426.0,,,0,45000.0,32000.0,15000.0,0.0,Credit card,-1422,
101772,5004349,Closed,currency 1,-7,0,250.0,250.0,,0,430000.0,0.0,111000.0,0.0,Microloan,-2372,
101773,5004350,Active,currency 1,-1868,0,-1653.0,,,0,740000.0,180000.0,291000.0,0.0,Consumer credit,-2417,42900.0
101773,5004351,Active,currency 1,-2183,0,-1473.0,,,0,318000.0,27000.0,27000.0,0.0,Consumer credit,-1070,11800.0
101775,5004352,Active,currency 1,-2352,0,-427.0,,,0,740000.0,337000.0,55000.0,0.0,Consumer credit,-2096,
101775,5004353,Closed,currency 1,-624,0,294.0,294.0,,0,441000.0,0.0,174000.0,0.0,Consumer credit,-329,
101775,5004354,Closed,currency 1,-926,0,-289.0,-289.0,,0,75000.0,0.0,8000.0,0.0,Credit card,-81,
101776,5004355,Active,currency 1,-576,0,99.0,,,0,61000.0,28000.0,4000.0,0.0,Credit card,-2080,2500.0
101776,5004356,Closed,currency 1,-1254,0,247.0,247.0,,0,472000.0,0.0,94000.0,0.0,Consumer credit,-2385,
101776,5004357,Closed,currency 1,-1098,0,-906.0,-906.0,,0,320000.0,0.0,48000.0,0.0,Credit card,-1614,
101776,5004358,Closed,currency 1,-2664,0,-1812.0,-1812.0,,0,101000.0,0.0,15000.0,0.0,Credit card,-1346,
101777,5004359,Active,currency 1,-144,0,1919.0,,,0,42000.0,38000.0,3000.0,0.0,Consumer credit,-66,
101777,5004360,Active,currency 1,-2169,0,-1814.0,,,0,43000.0,26000.0,4000.0,0.0,Consumer credit,-1340,
101778,5004361,Active,currency 1,-2212,0,-1994.0,,,0,83000.0,65000.0,21000.0,0.0,Consumer credit,-347,
101778,5004362,Closed,currency 1,-80,0,767.0,767.0,17592.0,0,309000.0,0.0,123000.0,0.0,Consumer credit,-1363,
101778,5004363,Closed,currency 1,-981,0,589.0,589.0,,0,725000.0,0.0,238000.0,0.0,Credit card,-1368,18200.0
101778,5004364,Active,currency 1,-654,0,149.0,,,0,248000.0,191000.0,14000.0,0.0,Microloan,-28,16500.0
101779,5004365,Closed,currency 1,-2613,0,-875.0,-875.0,1005.0,0,461000.0,0.0,108000.0,0.0,Consumer credit,-1459,
101780,5004366,Active,currency 1,-2301,0,-685.0,,,0,423000.0,153000.0,52000.0,0.0,Credit card,-1073,
101780,5004367,Closed,currency 1,-199,99,1670.0,1670.0,,0,107000.0,0.0,1000.0,5350.0,Consumer credit,-815,
101780,5004368,Active,currency 1,-544,0,1459.0,,,0,96000.0,19000.0,9000.0,0.0,Consumer credit,-814,
101781,5004369,Closed,currency 1,-562,0,1539.0,1539.0,,0,29000.0,0.0,0.0,0.0,Consumer credit,-893,
101781,5004370,Closed,currency 1,-573,0,678.0,678.0,,0,57000.0,0.0,5000.0,0.0,Credit card,-1171,
101781,5004371,Closed,currency 1,-2773,0,-1733.0,-1733.0,,0,654000.0,0.0,5000.0,0.0,Credit card,-809,
101781,5004372,Active,currency 1,-909,0,154.0,,2339.0,0,689000.0,463000.0,185000.0,0.0,Consumer credit,-2472,
101781,5004373,Closed,currency 1,-1741,0,-1459.0,-1459.0,9350.0,0,129000.0,0.0,29000.0,0.0,Consumer credit,-1754,
101781,5004374,Closed,currency 1,-91,0,135.0,135.0,,0,133000.0,0.0,22000.0,0.0,Consumer credit,-558,
101782,5004375,Closed,currency 1,-1543,0,-1210.0,-1210.0,,0,113000.0,0.0,6000.0,0.0,Consumer credit,-755,1900.0
101783,5004376,Closed,currency 1,-189,0,819.0,819.0,36011.0,0,311000.0,0.0,104000.0,0.0,Credit card,-1442,
101783,5004377,Closed,currency 1,-2281,0,-1772.0,-1772.0,,0,187000.0,0.0,30000.0,0.0,Consumer credit,-2271,
101783,5004378,Active,currency 1,-319,0,1758.0,,152.0,0,439000.0,307000.0,56000.0,0.0,Car loan,-683,7500.0
101783,5004379,Closed,currency 1,-2617,0,-1046.0,-1046.0,,0,72000.0,0.0,21000.0,0.0,Consumer credit,-1279,
101785,5004380,Closed,currency 1,-966,0,-344.0,-344.0,,0,197000.0,0.0,5000.0,0.0,Credit card,-1723,
101785,5004381,Active,currency 1,-2482,0,-1934.0,,,0,163000.0,119000.0,19000.0,0.0,Consumer credit,-526,
101786,5004382,Active,currency 1,-1054,0,439.0,,,0,338000.0,28000.0,16000.0,0.0,Consumer credit,-1239,7200.0
101786,5004383,Closed,currency 1,-794,0,580.0,580.0,,0,421000.0,0.0,102000.0,0.0,Another type of loan,-2308,
101786,5004384,Closed,currency 1,-1189,0,252.0,252.0,,0,151000.0,0.0,58000.0,0.0,Consumer credit,-1396,
101786,5004385,Closed,currency 1,-1891,0,-965.0,-965.0,,0,1726000.0,0.0,677000.0,0.0,Consumer credit,-553,
101788,5004386,Closed,currency 1,-15,0,2000.0,2000.0,483.0,0,384000.0,0.0,135000.0,0.0,Consumer credit,-2120,13600.0
101788,5004387,Active,currency 1,-151,30,483.0,,,0,55000.0,17000.0,3000.0,2750.0,Consumer credit,-1945,
101788,5004388,Active,currency 1,-2801,0,-1400.0,,,0,353000.0,71000.0,17000.0,0.0,Consumer credit,-2215,
101789,5004389,Active,currency 1,-1211,0,384.0,,2166.0,0,244000.0,106000.0,77000.0,0.0,Credit card,-1428,
101789,5004390,Closed,currency 1,-2383,0,-1946.0,-1946.0,,0,260000.0,0.0,68000.0,0.0,Consumer credit,-852,
101790,5004391,Closed,currency 1,-1004,118,130.0,130.0,8641.0,0,707000.0,0.0,203000.0,35350.0,Consumer credit,-1664,
101790,5004392,Closed,currency 1,-273,0,544.0,544.0,,0,1129000.0,0.0,110000.0,0.0,Consumer credit,-352,22900.0
101790,5004393,Closed,currency 1,-1097,0,-277.0,-277.0,,0,140000.0,0.0,5000.0,0.0,Consumer credit,-10,
101791,5004394,Closed,currency 1,-912,0,-220.0,-220.0,,0,74000.0,0.0,17000.0,0.0,Car loan,-123,
101791,5004395,Active,currency 1,-2575,0,-2240.0,,,0,44000.0,31000.0,9000.0,0.0,Consumer credit,-1077,2500.0
101792,5004396,Closed,currency 1,-1123,0,60.0,60.0,,0,166000.0,0.0,4000.0,0.0,Consumer credit,-2306,
101792,5004397,Closed,currency 1,-2704,0,-598.0,-598.0,,0,190000.0,0.0,30000.0,0.0,Credit card,-2296,
101792,5004398,Closed,currency 1,-1082,0,-774.0,-774.0,578.0,0,32000.0,0.0,10000.0,0.0,Consumer credit,-380,1600.0
101792,5004399,Active,currency 1,-1014,0,-529.0,,,0,227000.0,33000.0,38000.0,0.0,Consumer credit,-1496,8500.0
101792,5004400,Closed,currency 1,-744,0,760.0,760.0,,0,178000.0,0.0,44000.0,0.0,Consumer credit,-38,
101793,5004401,Closed,currency 1,-1960,0,-595.0,-595.0,,0,263000.0,0.0,33000.0,0.0,Car loan,-698,
101793,5004402,Active,currency 1,-506,0,1448.0,,,0,353000.0,241000.0,69000.0,0.0,Consumer credit,-2496,
101794,5004403,Closed,currency 1,-101,0,927.0,927.0,,0,59000.0,0.0,23000.0,0.0,Consumer credit,-662,
101794,5004404,Closed,currency 1,-1050,0,-23.0,-23.0,,0,158000.0,0.0,4000.0,0.0,Credit card,-2132,
101795,5004405,Closed,currency 1,-2078,0,-612.0,-612.0,8218.0,0,82000.0,0.0,19000.0,0.0,Credit card,-1260,
101795,5004406,Closed,currency 1,-1467,0,693.0,693.0,,0,1306000.0,0.0,43000.0,0.0,Consumer credit,-127,
101795,5004407,Closed,currency 1,-2207,0,-1892.0,-1892.0,,0,83000.0,0.0,0.0,0.0,Consumer credit,-204,
101795,5004408,Closed,currency 1,-1920,0,-773.0,-773.0,14492.0,0,150000.0,0.0,57000.0,0.0,Consumer credit,-1394,
101796,5004409,Active,currency 1,-1973,0,-507.0,,,0,824000.0,332000.0,274000.0,0.0,Credit card,-905,
101796,5004410,Active,currency 1,-2757,0,-2026.0,,,0,506000.0,109000.0,114000.0,0.0,Credit card,-2263,
101797,5004411,Active,currency 1,-1255,0,391.0,,,0,517000.0,227000.0,42000.0,0.0,Consumer credit,-1682,
101799,5004412,Active,currency 1,-364,0,1767.0,,,0,2109000.0,195000.0,129000.0,0.0,Consumer credit,-520,
101799,5004413,Closed,currency 1,-530,0,222.0,222.0,3530.0,0,11000.0,0.0,3000.0,0.0,Credit card,-350,
101799,5004414,Closed,currency 1,-17,0,366.0,366.0,7291.0,0,64000.0,0.0,15000.0,0.0,Car loan,-724,1100.0
101799,5004415,Closed,currency 1,-478,0,504.0,504.0,,0,318000.0,0.0,41000.0,0.0,Consumer credit,-496,
101800,5004416,Active,currency 1,-2116,0,-1537.0,,,0,64000.0,43000.0,4000.0,0.0,Consumer credit,-64,
101800,5004417,Closed,currency 1,-604,0,1284.0,1284.0,,0,291000.0,0.0,11000.0,0.0,Consumer credit,-1243,
101800,5004418,Closed,currency 1,-98,0,577.0,577.0,,0,113000.0,0.0,43000.0,0.0,Credit card,-329,3700.0
101800,5004419,Active,currency 1,-982,0,76.0,,1030.0,0,85000.0,78000.0,14000.0,0.0,Car loan,-2311,
101800,5004420,Closed,currency 1,-1235,0,447.0,447.0,4813.0,0,650000.0,0.0,113000.0,0.0,Credit card,-1130,26500.0
101800,5004421,Active,currency 1,-2620,0,-2098.0,,762.0,0,462000.0,437000.0,40000.0,0.0,Consumer credit,-1963,
101800,5004422,Closed,currency 1,-1462,0,-839.0,-839.0,,0,76000.0,0.0,11000.0,0.0,Credit card,-904,
101800,5004423,Closed,currency 1,-1890,27,-538.0,-538.0,,0,105000.0,0.0,22000.0,5250.0,Credit card,-1318,2500.0
